POSSIBLE_SECRET_WORDING	20260708_vvip_tiger_profiles_remove_legacy_auth_uid_policies.sql	2
POSSIBLE_SECRET_WORDING	20260708_vvip_tiger_public_profiles_clerk_runtime_fix.sql	47
POSSIBLE_SECRET_WORDING	20260708_vvip_tiger_public_profiles_clerk_runtime_fix.sql	65
POSSIBLE_SECRET_WORDING	20260708_vvip_tiger_public_profiles_clerk_runtime_fix.sql	83
POSSIBLE_SECRET_WORDING	20260708_vvip_tiger_public_profiles_clerk_runtime_fix.sql	84
POSSIBLE_SECRET_WORDING	ACCOUNT-CHOOSER-SPEC.md	45
POSSIBLE_SECRET_WORDING	ACCOUNT-CHOOSER-SPEC.md	46
POSSIBLE_SECRET_WORDING	ACCOUNT-CHOOSER-SPEC.md	48
POSSIBLE_SECRET_WORDING	ADMIN-SETUP-GUIDE.md	33
POSSIBLE_SECRET_WORDING	ADMIN-SETUP.sql	7
POSSIBLE_SECRET_WORDING	AGENTS.md	25
POSSIBLE_SECRET_WORDING	DOCUMENTATION-INDEX.md	19
POSSIBLE_SECRET_WORDING	EMAIL-TEMPLATE-VARIABLES.md	19
POSSIBLE_SECRET_WORDING	EMAIL-TEMPLATE-VARIABLES.md	57
POSSIBLE_SECRET_WORDING	EMAIL-TEMPLATE-VARIABLES.md	98
POSSIBLE_SECRET_WORDING	EMAIL-VERIFICATION-SETUP.md	253
POSSIBLE_SECRET_WORDING	GOOGLE-ONE-TAP-SETUP.md	40
POSSIBLE_SECRET_WORDING	PRODUCT-REQUIREMENTS-ADDENDUM.md	56
POSSIBLE_SECRET_WORDING	PRODUCT-REQUIREMENTS-ADDENDUM.md	71
POSSIBLE_SECRET_WORDING	PRODUCT-REQUIREMENTS-ADDENDUM.md	72
POSSIBLE_SECRET_WORDING	QA-FINAL-REPORT.md	101
POSSIBLE_SECRET_WORDING	README.md	15
POSSIBLE_SECRET_WORDING	README.md	46
POSSIBLE_SECRET_WORDING	README.md	76
POSSIBLE_SECRET_WORDING	RLS-EMAIL-VERIFICATION-POLICIES.sql	41
POSSIBLE_SECRET_WORDING	RLS-EMAIL-VERIFICATION-POLICIES.sql	43
POSSIBLE_SECRET_WORDING	RLS-EMAIL-VERIFICATION-POLICIES.sql	53
POSSIBLE_SECRET_WORDING	RLS-EMAIL-VERIFICATION-POLICIES.sql	55
POSSIBLE_SECRET_WORDING	RLS-EMAIL-VERIFICATION-POLICIES.sql	65
POSSIBLE_SECRET_WORDING	RLS-EMAIL-VERIFICATION-POLICIES.sql	67
POSSIBLE_SECRET_WORDING	RLS-EMAIL-VERIFICATION-POLICIES.sql	122
POSSIBLE_SECRET_WORDING	RLS-EMAIL-VERIFICATION-POLICIES.sql	123
POSSIBLE_SECRET_WORDING	RLS-QUICK-REFERENCE.md	80
POSSIBLE_SECRET_WORDING	RLS-QUICK-REFERENCE.md	90
POSSIBLE_SECRET_WORDING	RLS-QUICK-REFERENCE.md	100
POSSIBLE_SECRET_WORDING	RLS-QUICK-REFERENCE.md	132
POSSIBLE_SECRET_WORDING	RLS-QUICK-REFERENCE.md	134
POSSIBLE_SECRET_WORDING	SETUP-GUIDE.md	23
POSSIBLE_SECRET_WORDING	SETUP-GUIDE.md	24
POSSIBLE_SECRET_WORDING	SETUP-GUIDE.md	31
POSSIBLE_SECRET_WORDING	SETUP-GUIDE.md	102
POSSIBLE_SECRET_WORDING	SETUP-GUIDE.md	104
POSSIBLE_SECRET_WORDING	SUPABASE-EDGE-OTP-GUIDE.md	43
POSSIBLE_SECRET_WORDING	TIGER-AutoParts-Prompts.md	26
POSSIBLE_SECRET_WORDING	UNIFIED-PLATFORM-STATUS.md	19
POSSIBLE_SECRET_WORDING	VVIP-AUTH-SYSTEM-SPEC.md	52
POSSIBLE_SECRET_WORDING	VVIP-AUTH-SYSTEM-SPEC.md	53
POSSIBLE_SECRET_WORDING	VVIP-AUTH-SYSTEM-SPEC.md	62
POSSIBLE_SECRET_WORDING	approved/index-before-supabase-auth-20260704-191914.html	59
POSSIBLE_SECRET_WORDING	approved/index-before-supabase-auth-20260704-191914.html	61
POSSIBLE_SECRET_WORDING	approved/index-before-supabase-auth-20260704-191914.html	66
POSSIBLE_SECRET_WORDING	approved/index-before-supabase-auth-20260704-191914.html	67
POSSIBLE_SECRET_WORDING	approved/index-before-supabase-auth-20260704-191914.html	111
POSSIBLE_SECRET_WORDING	approved/index-before-supabase-auth-20260704-192024.html	59
POSSIBLE_SECRET_WORDING	approved/index-before-supabase-auth-20260704-192024.html	61
POSSIBLE_SECRET_WORDING	approved/index-before-supabase-auth-20260704-192024.html	66
POSSIBLE_SECRET_WORDING	approved/index-before-supabase-auth-20260704-192024.html	67
POSSIBLE_SECRET_WORDING	approved/index-before-supabase-auth-20260704-192024.html	111
POSSIBLE_SECRET_WORDING	approved/index-before-vvip-gate-login-20260707.html	59
POSSIBLE_SECRET_WORDING	approved/index-before-vvip-gate-login-20260707.html	61
POSSIBLE_SECRET_WORDING	approved/index-before-vvip-gate-login-20260707.html	66
POSSIBLE_SECRET_WORDING	approved/index-before-vvip-gate-login-20260707.html	67
POSSIBLE_SECRET_WORDING	approved/index-before-vvip-gate-login-20260707.html	111
POSSIBLE_SECRET_WORDING	approved/index-supabase-auth-approved.html	59
POSSIBLE_SECRET_WORDING	approved/index-supabase-auth-approved.html	61
POSSIBLE_SECRET_WORDING	approved/index-supabase-auth-approved.html	66
POSSIBLE_SECRET_WORDING	approved/index-supabase-auth-approved.html	67
POSSIBLE_SECRET_WORDING	approved/index-supabase-auth-approved.html	111
POSSIBLE_SECRET_WORDING	approved/index-supabase-auth-final.html	59
POSSIBLE_SECRET_WORDING	approved/index-supabase-auth-final.html	61
POSSIBLE_SECRET_WORDING	approved/index-supabase-auth-final.html	66
POSSIBLE_SECRET_WORDING	approved/index-supabase-auth-final.html	67
POSSIBLE_SECRET_WORDING	approved/index-supabase-auth-final.html	111
POSSIBLE_SECRET_WORDING	approved/legacy-auth-redirect-7-1/sw-before-legacy-auth-audit-20260708.js	8
POSSIBLE_SECRET_WORDING	approved/legacy-auth-redirect-7-1/sw-before-legacy-auth-audit-20260708.js	12
POSSIBLE_SECRET_WORDING	approved/nav-cleanup-7-1/vvip-identity-before-clarity-patch-20260708.css	31
POSSIBLE_SECRET_WORDING	approved/service-worker-clerk-cache-7-1/sw-before-clerk-cache-cleanup-20260708.js	8
POSSIBLE_SECRET_WORDING	approved/service-worker-clerk-cache-7-1/sw-before-clerk-cache-cleanup-20260708.js	12
POSSIBLE_SECRET_WORDING	approved/social-ui-before-force-post-options-menu-20260708.js	890
POSSIBLE_SECRET_WORDING	approved/social-ui-before-force-post-options-menu-20260708.js	891
POSSIBLE_SECRET_WORDING	approved/social-ui-before-force-post-options-menu-20260708.js	892
POSSIBLE_SECRET_WORDING	approved/social-ui-before-post-options-menu-tiger-care-20260707.js	671
POSSIBLE_SECRET_WORDING	approved/social-ui-before-post-options-menu-tiger-care-20260707.js	672
POSSIBLE_SECRET_WORDING	approved/social-ui-before-post-options-menu-tiger-care-20260707.js	673
POSSIBLE_SECRET_WORDING	approved/social-ui-before-tiger-care-feedback-fix-20260708.js	920
POSSIBLE_SECRET_WORDING	approved/social-ui-before-tiger-care-feedback-fix-20260708.js	921
POSSIBLE_SECRET_WORDING	approved/social-ui-before-tiger-care-feedback-fix-20260708.js	922
POSSIBLE_SECRET_WORDING	approved/styles-before-post-options-menu-tiger-care-20260707.css	203
POSSIBLE_SECRET_WORDING	approved/styles-before-tiger-care-feedback-fix-20260708.css	203
POSSIBLE_SECRET_WORDING	approved/styles-before-vvip-gate-login-20260707.css	203
POSSIBLE_SECRET_WORDING	approved/supabase-auth-bridge-approved.js	33
POSSIBLE_SECRET_WORDING	approved/supabase-auth-bridge-approved.js	71
POSSIBLE_SECRET_WORDING	approved/supabase-auth-bridge-approved.js	79
POSSIBLE_SECRET_WORDING	approved/supabase-auth-bridge-approved.js	85
POSSIBLE_SECRET_WORDING	approved/supabase-auth-bridge-approved.js	87
POSSIBLE_SECRET_WORDING	approved/supabase-auth-bridge-approved.js	109
POSSIBLE_SECRET_WORDING	approved/supabase-auth-bridge-approved.js	153
POSSIBLE_SECRET_WORDING	approved/supabase-auth-bridge-final.js	33
POSSIBLE_SECRET_WORDING	approved/supabase-auth-bridge-final.js	71
POSSIBLE_SECRET_WORDING	approved/supabase-auth-bridge-final.js	79
POSSIBLE_SECRET_WORDING	approved/supabase-auth-bridge-final.js	85
POSSIBLE_SECRET_WORDING	approved/supabase-auth-bridge-final.js	87
POSSIBLE_SECRET_WORDING	approved/supabase-auth-bridge-final.js	109
POSSIBLE_SECRET_WORDING	approved/supabase-auth-bridge-final.js	153
POSSIBLE_SECRET_WORDING	approved/supabase-config-approved.js	3
POSSIBLE_SECRET_WORDING	approved/supabase-config-final.js	3
POSSIBLE_SECRET_WORDING	approved/sw-before-post-options-cache-fix-20260708.js	8
POSSIBLE_SECRET_WORDING	approved/sw-before-post-options-cache-fix-20260708.js	12
POSSIBLE_SECRET_WORDING	approved/visual-identity-pass-7-1/index-before-visual-identity-20260708.html	82
POSSIBLE_SECRET_WORDING	approved/visual-identity-pass-7-1/index-before-visual-identity-20260708.html	84
POSSIBLE_SECRET_WORDING	approved/visual-identity-pass-7-1/index-before-visual-identity-20260708.html	89
POSSIBLE_SECRET_WORDING	approved/visual-identity-pass-7-1/index-before-visual-identity-20260708.html	90
POSSIBLE_SECRET_WORDING	approved/visual-identity-pass-7-1/index-before-visual-identity-20260708.html	134
POSSIBLE_SECRET_WORDING	approved/visual-identity-pass-7-1/styles-before-visual-identity-20260708.css	203
POSSIBLE_SECRET_WORDING	auth-supabase.js	53
POSSIBLE_SECRET_WORDING	auth-supabase.js	61
POSSIBLE_SECRET_WORDING	auth-supabase.js	102
POSSIBLE_SECRET_WORDING	auth-supabase.js	110
POSSIBLE_SECRET_WORDING	auth-supabase.js	127
POSSIBLE_SECRET_WORDING	auth-supabase.js	171
POSSIBLE_SECRET_WORDING	auth-supabase.js	174
POSSIBLE_SECRET_WORDING	auth-supabase.js	187
POSSIBLE_SECRET_WORDING	auth-supabase.js	192
POSSIBLE_SECRET_WORDING	auth.js	70
POSSIBLE_SECRET_WORDING	auth.js	84
POSSIBLE_SECRET_WORDING	auth.js	88
POSSIBLE_SECRET_WORDING	auth.js	91
POSSIBLE_SECRET_WORDING	auth.js	183
POSSIBLE_SECRET_WORDING	auth.js	421
POSSIBLE_SECRET_WORDING	auth.js	422
POSSIBLE_SECRET_WORDING	auth.js	423
POSSIBLE_SECRET_WORDING	auth.js	428
POSSIBLE_SECRET_WORDING	auth.js	451
POSSIBLE_SECRET_WORDING	auth.js	452
POSSIBLE_SECRET_WORDING	auth.js	457
POSSIBLE_SECRET_WORDING	backups/clerk-private-profile.before-atomic-profile-resolver.html	707
POSSIBLE_SECRET_WORDING	backups/clerk-private-profile.before-atomic-profile-resolver.html	712
POSSIBLE_SECRET_WORDING	backups/clerk-private-profile.before-atomic-profile-resolver.html	713
POSSIBLE_SECRET_WORDING	backups/clerk-private-profile.before-atomic-profile-resolver.html	714
POSSIBLE_SECRET_WORDING	backups/clerk-private-profile.before-atomic-profile-resolver.html	716
POSSIBLE_SECRET_WORDING	backups/clerk-private-profile.before-atomic-profile-resolver.html	752
POSSIBLE_SECRET_WORDING	backups/clerk-private-profile.before-atomic-profile-resolver.html	757
POSSIBLE_SECRET_WORDING	backups/clerk-private-profile.before-atomic-profile-resolver.html	759
POSSIBLE_SECRET_WORDING	backups/clerk-private-profile.before-atomic-profile-resolver.html	765
POSSIBLE_SECRET_WORDING	backups/clerk-private-profile.before-atomic-profile-resolver.html	775
POSSIBLE_SECRET_WORDING	backups/clerk-private-profile.before-atomic-profile-resolver.html	776
POSSIBLE_SECRET_WORDING	backups/clerk-private-profile.before-atomic-profile-resolver.html	852
POSSIBLE_SECRET_WORDING	backups/clerk-private-profile.before-profile-resilience-shell.html	663
POSSIBLE_SECRET_WORDING	backups/clerk-private-profile.before-profile-resilience-shell.html	708
POSSIBLE_SECRET_WORDING	backups/clerk-private-profile.before-profile-resilience-shell.html	713
POSSIBLE_SECRET_WORDING	backups/clerk-private-profile.before-profile-resilience-shell.html	714
POSSIBLE_SECRET_WORDING	backups/clerk-private-profile.before-profile-resilience-shell.html	715
POSSIBLE_SECRET_WORDING	backups/clerk-private-profile.before-profile-resilience-shell.html	717
POSSIBLE_SECRET_WORDING	backups/clerk-private-profile.before-profile-resilience-shell.html	753
POSSIBLE_SECRET_WORDING	backups/clerk-private-profile.before-profile-resilience-shell.html	758
POSSIBLE_SECRET_WORDING	backups/clerk-private-profile.before-profile-resilience-shell.html	760
POSSIBLE_SECRET_WORDING	backups/clerk-private-profile.before-profile-resilience-shell.html	766
POSSIBLE_SECRET_WORDING	backups/clerk-private-profile.before-profile-resilience-shell.html	776
POSSIBLE_SECRET_WORDING	backups/clerk-private-profile.before-profile-resilience-shell.html	777
POSSIBLE_SECRET_WORDING	backups/clerk-private-profile.before-profile-resilience-shell.html	857
POSSIBLE_SECRET_WORDING	backups/visual-trust-layer/phase-2-2/vvip-visual-trust-layer.before-readable-lock.20260709-184736.css	7
POSSIBLE_SECRET_WORDING	clerk-private-profile.html	664
POSSIBLE_SECRET_WORDING	clerk-private-profile.html	709
POSSIBLE_SECRET_WORDING	clerk-private-profile.html	714
POSSIBLE_SECRET_WORDING	clerk-private-profile.html	715
POSSIBLE_SECRET_WORDING	clerk-private-profile.html	716
POSSIBLE_SECRET_WORDING	clerk-private-profile.html	718
POSSIBLE_SECRET_WORDING	clerk-private-profile.html	754
POSSIBLE_SECRET_WORDING	clerk-private-profile.html	759
POSSIBLE_SECRET_WORDING	clerk-private-profile.html	761
POSSIBLE_SECRET_WORDING	clerk-private-profile.html	767
POSSIBLE_SECRET_WORDING	clerk-private-profile.html	777
POSSIBLE_SECRET_WORDING	clerk-private-profile.html	778
POSSIBLE_SECRET_WORDING	clerk-private-profile.html	1015
POSSIBLE_SECRET_WORDING	docs/PROFILE_RESILIENCE_SHELL_CLOSURE.md	51
POSSIBLE_SECRET_WORDING	docs/PROFILE_RESILIENCE_SHELL_CLOSURE.md	76
POSSIBLE_SECRET_WORDING	docs/VVIP_TIGER_CLERK_PROFILE_TABLE_LOG.md	46
POSSIBLE_SECRET_WORDING	docs/VVIP_TIGER_CLERK_RLS_APPLY_LOG.md	39
POSSIBLE_SECRET_WORDING	docs/VVIP_TIGER_FINAL_FRONTEND_SAFETY_SWEEP.md	7
POSSIBLE_SECRET_WORDING	docs/VVIP_TIGER_FINAL_FRONTEND_SAFETY_SWEEP.md	9
POSSIBLE_SECRET_WORDING	docs/VVIP_TIGER_FINAL_FRONTEND_SAFETY_SWEEP.md	22
POSSIBLE_SECRET_WORDING	docs/VVIP_TIGER_FINAL_FRONTEND_SAFETY_SWEEP.md	90
POSSIBLE_SECRET_WORDING	docs/VVIP_TIGER_FINAL_FRONTEND_SAFETY_SWEEP.md	129
POSSIBLE_SECRET_WORDING	docs/VVIP_TIGER_FINAL_FRONTEND_SAFETY_SWEEP.md	130
POSSIBLE_SECRET_WORDING	docs/VVIP_TIGER_FINAL_FRONTEND_SAFETY_SWEEP.md	131
POSSIBLE_SECRET_WORDING	docs/VVIP_TIGER_FINAL_FRONTEND_SAFETY_SWEEP.md	132
POSSIBLE_SECRET_WORDING	docs/VVIP_TIGER_FINAL_FRONTEND_SAFETY_SWEEP.md	175
POSSIBLE_SECRET_WORDING	docs/VVIP_TIGER_FINAL_FRONTEND_SAFETY_SWEEP.md	176
POSSIBLE_SECRET_WORDING	docs/VVIP_TIGER_FINAL_FRONTEND_SAFETY_SWEEP.md	177
POSSIBLE_SECRET_WORDING	docs/VVIP_TIGER_FINAL_FRONTEND_SAFETY_SWEEP.md	178
POSSIBLE_SECRET_WORDING	docs/VVIP_TIGER_FINAL_FRONTEND_SAFETY_SWEEP.md	179
POSSIBLE_SECRET_WORDING	docs/VVIP_TIGER_FINAL_FRONTEND_SAFETY_SWEEP.md	180
POSSIBLE_SECRET_WORDING	docs/VVIP_TIGER_FINAL_FRONTEND_SAFETY_SWEEP.md	181
POSSIBLE_SECRET_WORDING	docs/VVIP_TIGER_FINAL_FRONTEND_SAFETY_SWEEP.md	182
POSSIBLE_SECRET_WORDING	docs/VVIP_TIGER_FINAL_FRONTEND_SAFETY_SWEEP.md	183
POSSIBLE_SECRET_WORDING	docs/VVIP_TIGER_FINAL_FRONTEND_SAFETY_SWEEP.md	189
POSSIBLE_SECRET_WORDING	docs/VVIP_TIGER_FINAL_FRONTEND_SAFETY_SWEEP_REVIEW.md	21
POSSIBLE_SECRET_WORDING	docs/VVIP_TIGER_FINAL_FRONTEND_SAFETY_SWEEP_REVIEW.md	23
POSSIBLE_SECRET_WORDING	docs/VVIP_TIGER_FINAL_FRONTEND_SAFETY_SWEEP_REVIEW.md	26
POSSIBLE_SECRET_WORDING	docs/VVIP_TIGER_FINAL_FRONTEND_SAFETY_SWEEP_REVIEW.md	29
POSSIBLE_SECRET_WORDING	docs/VVIP_TIGER_FINAL_FRONTEND_SAFETY_SWEEP_REVIEW.md	37
POSSIBLE_SECRET_WORDING	docs/VVIP_TIGER_FRONTEND_SAFE_BASELINE.md	66
POSSIBLE_SECRET_WORDING	docs/VVIP_TIGER_MEMORY_MAP.md	67
POSSIBLE_SECRET_WORDING	docs/VVIP_TIGER_MEMORY_MAP.md	75
POSSIBLE_SECRET_WORDING	docs/VVIP_TIGER_MEMORY_MAP.md	121
POSSIBLE_SECRET_WORDING	docs/VVIP_TIGER_MEMORY_MAP.md	149
POSSIBLE_SECRET_WORDING	docs/VVIP_TIGER_MEMORY_MAP.md	167
POSSIBLE_SECRET_WORDING	docs/VVIP_TIGER_MEMORY_MAP.md	377
POSSIBLE_SECRET_WORDING	docs/VVIP_TIGER_MEMORY_MAP.md	380
POSSIBLE_SECRET_WORDING	docs/VVIP_TIGER_MEMORY_MAP.md	434
POSSIBLE_SECRET_WORDING	docs/VVIP_TIGER_NAVIGATION_BUTTON_AUDIT.md	27
POSSIBLE_SECRET_WORDING	docs/VVIP_TIGER_NAVIGATION_BUTTON_AUDIT.md	54
POSSIBLE_SECRET_WORDING	docs/VVIP_TIGER_NAVIGATION_BUTTON_AUDIT.md	62
POSSIBLE_SECRET_WORDING	docs/VVIP_TIGER_NAVIGATION_BUTTON_AUDIT.md	73
POSSIBLE_SECRET_WORDING	docs/VVIP_TIGER_NAVIGATION_BUTTON_AUDIT.md	74
POSSIBLE_SECRET_WORDING	docs/VVIP_TIGER_NAVIGATION_BUTTON_AUDIT.md	75
POSSIBLE_SECRET_WORDING	docs/VVIP_TIGER_NAVIGATION_BUTTON_AUDIT.md	80
POSSIBLE_SECRET_WORDING	docs/VVIP_TIGER_NAVIGATION_BUTTON_AUDIT.md	81
POSSIBLE_SECRET_WORDING	docs/VVIP_TIGER_OFFICIAL_PRODUCT_BLUEPRINT.md	39
POSSIBLE_SECRET_WORDING	docs/VVIP_TIGER_PAGE_FLOW_USER_JOURNEY_AUDIT.md	24
POSSIBLE_SECRET_WORDING	docs/VVIP_TIGER_PAGE_FLOW_USER_JOURNEY_AUDIT.md	100
POSSIBLE_SECRET_WORDING	docs/VVIP_TIGER_PAGE_FLOW_USER_JOURNEY_AUDIT.md	147
POSSIBLE_SECRET_WORDING	docs/VVIP_TIGER_PAGE_FLOW_USER_JOURNEY_AUDIT.md	148
POSSIBLE_SECRET_WORDING	docs/VVIP_TIGER_PAGE_FLOW_USER_JOURNEY_AUDIT.md	149
POSSIBLE_SECRET_WORDING	docs/VVIP_TIGER_PAGE_FLOW_USER_JOURNEY_AUDIT.md	164
POSSIBLE_SECRET_WORDING	docs/VVIP_TIGER_PAGE_FLOW_USER_JOURNEY_AUDIT.md	168
POSSIBLE_SECRET_WORDING	docs/VVIP_TIGER_PAGE_FLOW_USER_JOURNEY_AUDIT.md	179
POSSIBLE_SECRET_WORDING	docs/VVIP_TIGER_PAGE_FLOW_USER_JOURNEY_AUDIT.md	271
POSSIBLE_SECRET_WORDING	docs/VVIP_TIGER_PAGE_FLOW_USER_JOURNEY_AUDIT.md	278
POSSIBLE_SECRET_WORDING	docs/VVIP_TIGER_PAGE_FLOW_USER_JOURNEY_AUDIT.md	321
POSSIBLE_SECRET_WORDING	docs/VVIP_TIGER_PAGE_FLOW_USER_JOURNEY_AUDIT.md	322
POSSIBLE_SECRET_WORDING	docs/VVIP_TIGER_PAGE_FLOW_USER_JOURNEY_AUDIT.md	323
POSSIBLE_SECRET_WORDING	docs/VVIP_TIGER_PAGE_FLOW_USER_JOURNEY_AUDIT.md	324
POSSIBLE_SECRET_WORDING	docs/VVIP_TIGER_PAGE_FLOW_USER_JOURNEY_AUDIT.md	325
POSSIBLE_SECRET_WORDING	docs/VVIP_TIGER_PAGE_FLOW_USER_JOURNEY_AUDIT.md	326
POSSIBLE_SECRET_WORDING	docs/VVIP_TIGER_PAGE_FLOW_USER_JOURNEY_AUDIT.md	327
POSSIBLE_SECRET_WORDING	docs/VVIP_TIGER_PAGE_FLOW_USER_JOURNEY_AUDIT.md	328
POSSIBLE_SECRET_WORDING	docs/VVIP_TIGER_PAGE_FLOW_USER_JOURNEY_AUDIT.md	329
POSSIBLE_SECRET_WORDING	docs/VVIP_TIGER_PUBLIC_PAGES_CONSISTENCY_AUDIT.md	14
POSSIBLE_SECRET_WORDING	docs/VVIP_TIGER_PUBLIC_PAGES_CONSISTENCY_AUDIT.md	51
POSSIBLE_SECRET_WORDING	docs/VVIP_TIGER_PUBLIC_PAGES_CONSISTENCY_AUDIT.md	74
POSSIBLE_SECRET_WORDING	docs/VVIP_TIGER_REPOSITORY_HOUSEKEEPING_AUDIT.md	7
POSSIBLE_SECRET_WORDING	docs/VVIP_TIGER_REPOSITORY_HOUSEKEEPING_AUDIT.md	41
POSSIBLE_SECRET_WORDING	docs/VVIP_TIGER_REPOSITORY_HOUSEKEEPING_AUDIT.md	89
POSSIBLE_SECRET_WORDING	docs/VVIP_TIGER_VISUAL_TRUST_LAYER.md	21
POSSIBLE_SECRET_WORDING	docs/VVIP_TIGER_ZERO_VISIBLE_ERROR_EXPERIENCE.md	94
POSSIBLE_SECRET_WORDING	docs/VVIP_TIGER_ZERO_VISIBLE_ERROR_EXPERIENCE.md	95
POSSIBLE_SECRET_WORDING	docs/VVIP_TIGER_ZERO_VISIBLE_ERROR_EXPERIENCE.md	102
POSSIBLE_SECRET_WORDING	docs/VVIP_TIGER_ZERO_VISIBLE_ERROR_EXPERIENCE.md	103
POSSIBLE_SECRET_WORDING	docs/VVIP_TIGER_ZERO_VISIBLE_ERROR_EXPERIENCE.md	105
POSSIBLE_SECRET_WORDING	docs/governance/VVIP_TIGER_SURGICAL_EXECUTION_RULE.md	39
POSSIBLE_SECRET_WORDING	docs/governance/VVIP_TIGER_SURGICAL_EXECUTION_RULE.md	112
POSSIBLE_SECRET_WORDING	docs/governance/VVIP_TIGER_SURGICAL_EXECUTION_RULE.md	173
POSSIBLE_SECRET_WORDING	docs/governance/VVIP_TIGER_SURGICAL_EXECUTION_RULE.md	210
POSSIBLE_SECRET_WORDING	docs/governance/VVIP_TIGER_SURGICAL_EXECUTION_RULE.md	213
POSSIBLE_SECRET_WORDING	docs/governance/VVIP_TIGER_SURGICAL_EXECUTION_RULE.md	262
POSSIBLE_SECRET_WORDING	docs/security/RPC_HARDENED_SECURITY_SCENARIOS_20260709.md	27
POSSIBLE_SECRET_WORDING	docs/security/RPC_HARDENED_SECURITY_SCENARIOS_20260709.md	48
POSSIBLE_SECRET_WORDING	docs/security/RPC_HARDENED_SECURITY_SCENARIOS_20260709.md	49
POSSIBLE_SECRET_WORDING	docs/security/RPC_HARDENED_SECURITY_SCENARIOS_20260709.md	56
POSSIBLE_SECRET_WORDING	docs/security/RPC_HARDENED_SECURITY_SCENARIOS_20260709.md	61
POSSIBLE_SECRET_WORDING	docs/security/RPC_HARDENED_SECURITY_SCENARIOS_20260709.md	76
POSSIBLE_SECRET_WORDING	docs/security/RPC_HARDENED_SECURITY_SCENARIOS_20260709.md	84
POSSIBLE_SECRET_WORDING	docs/security/RPC_HARDENED_SECURITY_SCENARIOS_20260709.md	90
POSSIBLE_SECRET_WORDING	docs/security/RPC_HARDENED_SECURITY_SCENARIOS_20260709.md	205
POSSIBLE_SECRET_WORDING	docs/security/RPC_HARDENED_SECURITY_SCENARIOS_20260709.md	218
POSSIBLE_SECRET_WORDING	docs/security/RPC_REVIEW_FINDINGS_20260709.md	17
POSSIBLE_SECRET_WORDING	docs/security/RPC_REVIEW_FINDINGS_20260709.md	23
POSSIBLE_SECRET_WORDING	docs/security/RPC_REVIEW_FINDINGS_20260709.md	48
POSSIBLE_SECRET_WORDING	docs/security/SUPABASE_CLERK_SECURITY_AUDIT_LOCK_20260709.md	24
POSSIBLE_SECRET_WORDING	docs/security/SUPABASE_CLERK_SECURITY_AUDIT_LOCK_20260709.md	48
POSSIBLE_SECRET_WORDING	docs/security/production-apply/SUPABASE_MANUAL_BACKUP_PRODUCTION_APPLY_PLAN_DRAFT.md	38
POSSIBLE_SECRET_WORDING	docs/security/production-apply/SUPABASE_MANUAL_BACKUP_PRODUCTION_APPLY_PLAN_DRAFT.md	136
POSSIBLE_SECRET_WORDING	docs/security/production-apply/SUPABASE_MANUAL_BACKUP_PRODUCTION_APPLY_PLAN_DRAFT.md	158
POSSIBLE_SECRET_WORDING	docs/security/production-apply/SUPABASE_MANUAL_BACKUP_PRODUCTION_APPLY_PLAN_DRAFT.md	161
POSSIBLE_SECRET_WORDING	docs/security/sql-review/20260709_vvip_tiger_atomic_profile_resolver_rpc_hardened_review.sql	12
POSSIBLE_SECRET_WORDING	docs/security/sql-review/20260709_vvip_tiger_atomic_profile_resolver_rpc_hardened_review.sql	76
POSSIBLE_SECRET_WORDING	docs/security/sql-review/20260709_vvip_tiger_atomic_profile_resolver_rpc_hardened_review.sql	90
POSSIBLE_SECRET_WORDING	docs/security/sql-review/20260709_vvip_tiger_atomic_profile_resolver_rpc_hardened_review.sql	92
POSSIBLE_SECRET_WORDING	docs/security/sql-review/20260709_vvip_tiger_atomic_profile_resolver_rpc_hardened_review.sql	94
POSSIBLE_SECRET_WORDING	docs/security/sql-review/20260709_vvip_tiger_atomic_profile_resolver_rpc_hardened_review.sql	95
POSSIBLE_SECRET_WORDING	docs/security/sql-review/20260709_vvip_tiger_atomic_profile_resolver_rpc_hardened_review.sql	96
POSSIBLE_SECRET_WORDING	docs/security/sql-review/20260709_vvip_tiger_atomic_profile_resolver_rpc_hardened_review.sql	97
POSSIBLE_SECRET_WORDING	docs/security/sql-review/20260709_vvip_tiger_atomic_profile_resolver_rpc_hardened_review.sql	98
POSSIBLE_SECRET_WORDING	docs/security/sql-review/20260709_vvip_tiger_atomic_profile_resolver_rpc_hardened_review.sql	154
POSSIBLE_SECRET_WORDING	docs/security/sql-review/20260709_vvip_tiger_atomic_profile_resolver_rpc_hardened_review.sql	156
POSSIBLE_SECRET_WORDING	docs/security/sql-review/20260709_vvip_tiger_atomic_profile_resolver_rpc_hardened_review.sql	161
POSSIBLE_SECRET_WORDING	docs/security/sql-review/20260709_vvip_tiger_atomic_profile_resolver_rpc_hardened_review.sql	193
POSSIBLE_SECRET_WORDING	docs/security/sql-review/20260709_vvip_tiger_atomic_profile_resolver_rpc_hardened_review.sql	194
POSSIBLE_SECRET_WORDING	docs/security/sql-review/20260709_vvip_tiger_atomic_profile_resolver_rpc_hardened_review.sql	203
POSSIBLE_SECRET_WORDING	docs/security/sql-review/20260709_vvip_tiger_atomic_profile_resolver_rpc_hardened_review.sql	215
POSSIBLE_SECRET_WORDING	index.html	84
POSSIBLE_SECRET_WORDING	index.html	86
POSSIBLE_SECRET_WORDING	index.html	91
POSSIBLE_SECRET_WORDING	index.html	92
POSSIBLE_SECRET_WORDING	index.html	136
POSSIBLE_SECRET_WORDING	reset-password.html	44
POSSIBLE_SECRET_WORDING	scripts/supabase-auth-bridge.js	33
POSSIBLE_SECRET_WORDING	scripts/supabase-auth-bridge.js	71
POSSIBLE_SECRET_WORDING	scripts/supabase-auth-bridge.js	79
POSSIBLE_SECRET_WORDING	scripts/supabase-auth-bridge.js	85
POSSIBLE_SECRET_WORDING	scripts/supabase-auth-bridge.js	87
POSSIBLE_SECRET_WORDING	scripts/supabase-auth-bridge.js	109
POSSIBLE_SECRET_WORDING	scripts/supabase-auth-bridge.js	153
POSSIBLE_SECRET_WORDING	scripts/supabase-config.js	3
POSSIBLE_SECRET_WORDING	scripts/vvip-safe-ux-guard.js	15
POSSIBLE_SECRET_WORDING	social-ui.js	943
POSSIBLE_SECRET_WORDING	social-ui.js	944
POSSIBLE_SECRET_WORDING	social-ui.js	945
POSSIBLE_SECRET_WORDING	styles.css	203
POSSIBLE_SECRET_WORDING	styles/vvip-visual-trust-layer.css	7
POSSIBLE_SECRET_WORDING	supabase/functions/phone-verification/index.ts	5
POSSIBLE_SECRET_WORDING	supabase/functions/send-verification-email/index.ts	6
POSSIBLE_SECRET_WORDING	supabase/functions/send-verification-email/index.ts	17
POSSIBLE_SECRET_WORDING	supabase/functions/send-verification-email/index.ts	82
POSSIBLE_SECRET_WORDING	supabase/functions/send-verification-email/index.ts	85
POSSIBLE_SECRET_WORDING	supabase/functions/send-verification-email/index.ts	135
POSSIBLE_SECRET_WORDING	supabase/functions/send-verification-email/index.ts	196
POSSIBLE_SECRET_WORDING	supabase/functions/send-verification-email/index.ts	202
POSSIBLE_SECRET_WORDING	supabase/functions/send-verification-email/index.ts	314
POSSIBLE_SECRET_WORDING	supabase/functions/send-verification-email/index.ts	321
POSSIBLE_SECRET_WORDING	supabase/functions/send-verification-email/index.ts	352
POSSIBLE_SECRET_WORDING	supabase/functions/send-verification-email/index.ts	360
POSSIBLE_SECRET_WORDING	supabase/functions/send-verification-email/index.ts	365
POSSIBLE_SECRET_WORDING	supabase/functions/send-verification-email/index.ts	390
POSSIBLE_SECRET_WORDING	supabase/functions/send-verification-email/index.ts	407
POSSIBLE_SECRET_WORDING	supabase/functions/send-verification-email/index.ts	417
POSSIBLE_SECRET_WORDING	supabase/functions/send-verification-email/index.ts	450
POSSIBLE_SECRET_WORDING	supabase/migrations/20260707_vvip_tiger_clerk_profiles_table.sql	35
POSSIBLE_SECRET_WORDING	supabase/migrations/20260707_vvip_tiger_clerk_profiles_table.sql	43
POSSIBLE_SECRET_WORDING	supabase/migrations/20260707_vvip_tiger_clerk_profiles_table.sql	51
POSSIBLE_SECRET_WORDING	supabase/migrations/20260707_vvip_tiger_clerk_profiles_table.sql	52
POSSIBLE_SECRET_WORDING	supabase/migrations/20260709_vvip_tiger_atomic_profile_resolver_rpc.sql	3
POSSIBLE_SECRET_WORDING	supabase/migrations/20260709_vvip_tiger_atomic_profile_resolver_rpc.sql	6
POSSIBLE_SECRET_WORDING	supabase/migrations/20260709_vvip_tiger_atomic_profile_resolver_rpc.sql	11
POSSIBLE_SECRET_WORDING	supabase/migrations/20260709_vvip_tiger_atomic_profile_resolver_rpc.sql	13
POSSIBLE_SECRET_WORDING	supabase/migrations/20260709_vvip_tiger_atomic_profile_resolver_rpc.sql	35
POSSIBLE_SECRET_WORDING	supabase/migrations/20260709_vvip_tiger_atomic_profile_resolver_rpc.sql	43
POSSIBLE_SECRET_WORDING	supabase/migrations/20260709_vvip_tiger_atomic_profile_resolver_rpc.sql	51
POSSIBLE_SECRET_WORDING	supabase/migrations/20260709_vvip_tiger_atomic_profile_resolver_rpc.sql	54
POSSIBLE_SECRET_WORDING	supabase/migrations/20260709_vvip_tiger_atomic_profile_resolver_rpc.sql	64
POSSIBLE_SECRET_WORDING	supabase/migrations/20260709_vvip_tiger_atomic_profile_resolver_rpc.sql	65
POSSIBLE_SECRET_WORDING	supabase/migrations/20260709_vvip_tiger_atomic_profile_resolver_rpc.sql	67
POSSIBLE_SECRET_WORDING	supabase/migrations/20260709_vvip_tiger_atomic_profile_resolver_rpc.sql	68
POSSIBLE_SECRET_WORDING	supabase/migrations/20260709_vvip_tiger_atomic_profile_resolver_rpc.sql	69
POSSIBLE_SECRET_WORDING	supabase/migrations/20260709_vvip_tiger_atomic_profile_resolver_rpc.sql	70
POSSIBLE_SECRET_WORDING	supabase/migrations/20260709_vvip_tiger_atomic_profile_resolver_rpc.sql	73
POSSIBLE_SECRET_WORDING	supabase/migrations/20260709_vvip_tiger_profiles_clerk_jwt_rls_bridge.sql	1
POSSIBLE_SECRET_WORDING	supabase/migrations/20260709_vvip_tiger_profiles_clerk_jwt_rls_bridge.sql	3
POSSIBLE_SECRET_WORDING	supabase/migrations/20260709_vvip_tiger_profiles_clerk_jwt_rls_bridge.sql	17
POSSIBLE_SECRET_WORDING	supabase/migrations/20260709_vvip_tiger_profiles_clerk_jwt_rls_bridge.sql	23
POSSIBLE_SECRET_WORDING	supabase/migrations/20260709_vvip_tiger_profiles_clerk_jwt_rls_bridge.sql	29
POSSIBLE_SECRET_WORDING	supabase/migrations/20260709_vvip_tiger_profiles_clerk_jwt_rls_bridge.sql	30
POSSIBLE_SECRET_WORDING	sw.js	9
POSSIBLE_SECRET_WORDING	sw.js	17
POSSIBLE_SECRET_WORDING	vvip-identity.css	31
SUPABASE_USAGE	ACCOUNT-CHOOSER-SPEC.md	30
SUPABASE_USAGE	ACCOUNT-CHOOSER-SPEC.md	44
SUPABASE_USAGE	ACCOUNT-CHOOSER-SPEC.md	92
SUPABASE_USAGE	ACCOUNT-CHOOSER-SPEC.md	118
SUPABASE_USAGE	ACCOUNT-CHOOSER-SPEC.md	163
SUPABASE_USAGE	ACCOUNT-CHOOSER-SPEC.md	194
SUPABASE_USAGE	ADMIN-ROLE-SPEC.md	185
SUPABASE_USAGE	ADMIN-ROLE-SPEC.md	186
SUPABASE_USAGE	ADMIN-ROLE-SPEC.md	326
SUPABASE_USAGE	ADMIN-ROLE-SPEC.md	327
SUPABASE_USAGE	ADMIN-ROLE-SPEC.md	369
SUPABASE_USAGE	ADMIN-SETUP-GUIDE.md	9
SUPABASE_USAGE	ADMIN-SETUP-GUIDE.md	48
SUPABASE_USAGE	AGENTS.md	13
SUPABASE_USAGE	AGENTS.md	26
SUPABASE_USAGE	AGENTS.md	27
SUPABASE_USAGE	AGENTS.md	44
SUPABASE_USAGE	DOCUMENTATION-INDEX.md	23
SUPABASE_USAGE	DOCUMENTATION-INDEX.md	24
SUPABASE_USAGE	DOCUMENTATION-INDEX.md	25
SUPABASE_USAGE	EMAIL-TEMPLATE-VARIABLES.md	19
SUPABASE_USAGE	EMAIL-VERIFICATION-SETUP.md	32
SUPABASE_USAGE	EMAIL-VERIFICATION-SETUP.md	216
SUPABASE_USAGE	EMAIL-VERIFICATION-SETUP.md	230
SUPABASE_USAGE	EMAIL-VERIFICATION-SETUP.md	240
SUPABASE_USAGE	EMAIL-VERIFICATION-SETUP.md	241
SUPABASE_USAGE	FEATURES-COMPLETE.md	264
SUPABASE_USAGE	FEATURES-COMPLETE.md	269
SUPABASE_USAGE	FINAL-VERIFICATION.md	194
SUPABASE_USAGE	FINAL-VERIFICATION.md	252
SUPABASE_USAGE	FINAL-VERIFICATION.md	255
SUPABASE_USAGE	IMPLEMENTATION_CHECKLIST.md	76
SUPABASE_USAGE	IMPLEMENTATION_CHECKLIST.md	78
SUPABASE_USAGE	IMPLEMENTATION_CHECKLIST.md	79
SUPABASE_USAGE	IMPLEMENTATION_CHECKLIST.md	85
SUPABASE_USAGE	IMPLEMENTATION_CHECKLIST.md	86
SUPABASE_USAGE	IMPLEMENTATION_CHECKLIST.md	324
SUPABASE_USAGE	PROJECT-SUMMARY.md	60
SUPABASE_USAGE	README.md	61
SUPABASE_USAGE	README.md	62
SUPABASE_USAGE	README.md	63
SUPABASE_USAGE	RLS-IMPLEMENTATION-GUIDE.md	64
SUPABASE_USAGE	RLS-IMPLEMENTATION-GUIDE.md	65
SUPABASE_USAGE	RLS-IMPLEMENTATION-GUIDE.md	78
SUPABASE_USAGE	RLS-IMPLEMENTATION-GUIDE.md	79
SUPABASE_USAGE	RLS-IMPLEMENTATION-GUIDE.md	95
SUPABASE_USAGE	RLS-IMPLEMENTATION-GUIDE.md	96
SUPABASE_USAGE	RLS-IMPLEMENTATION-GUIDE.md	108
SUPABASE_USAGE	RLS-IMPLEMENTATION-GUIDE.md	109
SUPABASE_USAGE	RLS-IMPLEMENTATION-GUIDE.md	123
SUPABASE_USAGE	RLS-IMPLEMENTATION-GUIDE.md	124
SUPABASE_USAGE	RLS-IMPLEMENTATION-GUIDE.md	153
SUPABASE_USAGE	RLS-IMPLEMENTATION-GUIDE.md	154
SUPABASE_USAGE	RLS-IMPLEMENTATION-GUIDE.md	216
SUPABASE_USAGE	RLS-QUICK-REFERENCE.md	22
SUPABASE_USAGE	RLS-QUICK-REFERENCE.md	120
SUPABASE_USAGE	RLS-QUICK-REFERENCE.md	121
SUPABASE_USAGE	RLS-QUICK-REFERENCE.md	178
SUPABASE_USAGE	RLS-QUICK-REFERENCE.md	179
SUPABASE_USAGE	RLS-QUICK-REFERENCE.md	189
SUPABASE_USAGE	RLS-QUICK-REFERENCE.md	190
SUPABASE_USAGE	RLS-QUICK-REFERENCE.md	201
SUPABASE_USAGE	RLS-QUICK-REFERENCE.md	202
SUPABASE_USAGE	SETUP-GUIDE.md	48
SUPABASE_USAGE	SETUP-GUIDE.md	56
SUPABASE_USAGE	SETUP-GUIDE.md	61
SUPABASE_USAGE	SUPABASE-EDGE-OTP-GUIDE.md	7
SUPABASE_USAGE	SUPABASE-EDGE-OTP-GUIDE.md	27
SUPABASE_USAGE	SUPABASE-EDGE-OTP-GUIDE.md	28
SUPABASE_USAGE	SUPABASE-EDGE-OTP-GUIDE.md	34
SUPABASE_USAGE	SUPABASE-EDGE-OTP-GUIDE.md	35
SUPABASE_USAGE	SUPABASE-EDGE-OTP-GUIDE.md	43
SUPABASE_USAGE	SUPABASE-EDGE-OTP-GUIDE.md	53
SUPABASE_USAGE	SUPABASE-EDGE-OTP-GUIDE.md	59
SUPABASE_USAGE	SUPABASE-EDGE-OTP-GUIDE.md	67
SUPABASE_USAGE	SUPABASE-EDGE-OTP-GUIDE.md	99
SUPABASE_USAGE	SUPABASE-EDGE-OTP-GUIDE.md	108
SUPABASE_USAGE	TEST-ACCOUNTS-GUIDE.md	17
SUPABASE_USAGE	UNIFIED-PLATFORM-STATUS.md	23
SUPABASE_USAGE	approved/clerk-private-profile-before-official-ui-20260707.html	122
SUPABASE_USAGE	approved/clerk-private-profile-before-official-ui-20260707.html	131
SUPABASE_USAGE	approved/clerk-private-profile-before-official-ui-20260707.html	167
SUPABASE_USAGE	approved/clerk-private-profile-before-official-ui-20260707.html	188
SUPABASE_USAGE	approved/clerk-private-profile-before-official-ui-20260707.html	199
SUPABASE_USAGE	approved/clerk-private-profile-before-official-ui-20260707.html	221
SUPABASE_USAGE	approved/clerk-private-profile-before-official-ui-20260707.html	289
SUPABASE_USAGE	approved/clerk-private-profile-before-tiger-care-card-20260707.html	122
SUPABASE_USAGE	approved/clerk-private-profile-before-tiger-care-card-20260707.html	497
SUPABASE_USAGE	approved/clerk-private-profile-before-tiger-care-card-20260707.html	533
SUPABASE_USAGE	approved/clerk-private-profile-before-tiger-care-card-20260707.html	554
SUPABASE_USAGE	approved/clerk-private-profile-before-tiger-care-card-20260707.html	565
SUPABASE_USAGE	approved/clerk-private-profile-before-tiger-care-card-20260707.html	587
SUPABASE_USAGE	approved/clerk-private-profile-before-tiger-care-card-20260707.html	807
SUPABASE_USAGE	approved/clerk-private-profile-before-vip-membership-center-20260707.html	122
SUPABASE_USAGE	approved/clerk-private-profile-before-vip-membership-center-20260707.html	423
SUPABASE_USAGE	approved/clerk-private-profile-before-vip-membership-center-20260707.html	459
SUPABASE_USAGE	approved/clerk-private-profile-before-vip-membership-center-20260707.html	480
SUPABASE_USAGE	approved/clerk-private-profile-before-vip-membership-center-20260707.html	491
SUPABASE_USAGE	approved/clerk-private-profile-before-vip-membership-center-20260707.html	513
SUPABASE_USAGE	approved/clerk-private-profile-before-vip-membership-center-20260707.html	690
SUPABASE_USAGE	approved/index-supabase-auth-approved.html	153
SUPABASE_USAGE	approved/index-supabase-auth-approved.html	154
SUPABASE_USAGE	approved/index-supabase-auth-approved.html	156
SUPABASE_USAGE	approved/index-supabase-auth-approved.html	157
SUPABASE_USAGE	approved/index-supabase-auth-final.html	153
SUPABASE_USAGE	approved/index-supabase-auth-final.html	154
SUPABASE_USAGE	approved/index-supabase-auth-final.html	156
SUPABASE_USAGE	approved/legacy-auth-audit-7-1/clerk-private-profile-before-linkrel-fix-20260708.html	122
SUPABASE_USAGE	approved/legacy-auth-audit-7-1/clerk-private-profile-before-linkrel-fix-20260708.html	628
SUPABASE_USAGE	approved/legacy-auth-audit-7-1/clerk-private-profile-before-linkrel-fix-20260708.html	664
SUPABASE_USAGE	approved/legacy-auth-audit-7-1/clerk-private-profile-before-linkrel-fix-20260708.html	685
SUPABASE_USAGE	approved/legacy-auth-audit-7-1/clerk-private-profile-before-linkrel-fix-20260708.html	696
SUPABASE_USAGE	approved/legacy-auth-audit-7-1/clerk-private-profile-before-linkrel-fix-20260708.html	718
SUPABASE_USAGE	approved/legacy-auth-audit-7-1/clerk-private-profile-before-linkrel-fix-20260708.html	1015
SUPABASE_USAGE	approved/legacy-auth-redirect-7-1/private-profile-before-redirect-20260708.html	466
SUPABASE_USAGE	approved/legacy-auth-redirect-7-1/private-profile-before-redirect-20260708.html	467
SUPABASE_USAGE	approved/private-profile-auth-guard-approved.html	466
SUPABASE_USAGE	approved/private-profile-auth-guard-approved.html	467
SUPABASE_USAGE	approved/private-profile-auth-guard-final.html	466
SUPABASE_USAGE	approved/private-profile-auth-guard-final.html	467
SUPABASE_USAGE	approved/social-ui-before-force-post-options-menu-20260708.js	99
SUPABASE_USAGE	approved/social-ui-before-force-post-options-menu-20260708.js	116
SUPABASE_USAGE	approved/social-ui-before-force-post-options-menu-20260708.js	118
SUPABASE_USAGE	approved/social-ui-before-force-post-options-menu-20260708.js	119
SUPABASE_USAGE	approved/social-ui-before-force-post-options-menu-20260708.js	127
SUPABASE_USAGE	approved/social-ui-before-force-post-options-menu-20260708.js	129
SUPABASE_USAGE	approved/social-ui-before-force-post-options-menu-20260708.js	134
SUPABASE_USAGE	approved/social-ui-before-force-post-options-menu-20260708.js	142
SUPABASE_USAGE	approved/social-ui-before-force-post-options-menu-20260708.js	169
SUPABASE_USAGE	approved/social-ui-before-force-post-options-menu-20260708.js	199
SUPABASE_USAGE	approved/social-ui-before-force-post-options-menu-20260708.js	675
SUPABASE_USAGE	approved/social-ui-before-force-post-options-menu-20260708.js	735
SUPABASE_USAGE	approved/social-ui-before-force-post-options-menu-20260708.js	747
SUPABASE_USAGE	approved/social-ui-before-force-post-options-menu-20260708.js	780
SUPABASE_USAGE	approved/social-ui-before-force-post-options-menu-20260708.js	957
SUPABASE_USAGE	approved/social-ui-before-force-post-options-menu-20260708.js	968
SUPABASE_USAGE	approved/social-ui-before-force-post-options-menu-20260708.js	997
SUPABASE_USAGE	approved/social-ui-before-force-post-options-menu-20260708.js	1031
SUPABASE_USAGE	approved/social-ui-before-force-post-options-menu-20260708.js	1127
SUPABASE_USAGE	approved/social-ui-before-force-post-options-menu-20260708.js	1500
SUPABASE_USAGE	approved/social-ui-before-force-post-options-menu-20260708.js	1519
SUPABASE_USAGE	approved/social-ui-before-force-post-options-menu-20260708.js	1524
SUPABASE_USAGE	approved/social-ui-before-force-post-options-menu-20260708.js	1530
SUPABASE_USAGE	approved/social-ui-before-force-post-options-menu-20260708.js	1572
SUPABASE_USAGE	approved/social-ui-before-force-post-options-menu-20260708.js	1695
SUPABASE_USAGE	approved/social-ui-before-force-post-options-menu-20260708.js	1702
SUPABASE_USAGE	approved/social-ui-before-force-post-options-menu-20260708.js	1712
SUPABASE_USAGE	approved/social-ui-before-force-post-options-menu-20260708.js	1818
SUPABASE_USAGE	approved/social-ui-before-force-post-options-menu-20260708.js	1819
SUPABASE_USAGE	approved/social-ui-before-force-post-options-menu-20260708.js	2051
SUPABASE_USAGE	approved/social-ui-before-force-post-options-menu-20260708.js	2195
SUPABASE_USAGE	approved/social-ui-before-force-post-options-menu-20260708.js	3046
SUPABASE_USAGE	approved/social-ui-before-force-post-options-menu-20260708.js	3053
SUPABASE_USAGE	approved/social-ui-before-force-post-options-menu-20260708.js	3068
SUPABASE_USAGE	approved/social-ui-before-force-post-options-menu-20260708.js	3069
SUPABASE_USAGE	approved/social-ui-before-post-options-menu-tiger-care-20260707.js	99
SUPABASE_USAGE	approved/social-ui-before-post-options-menu-tiger-care-20260707.js	116
SUPABASE_USAGE	approved/social-ui-before-post-options-menu-tiger-care-20260707.js	118
SUPABASE_USAGE	approved/social-ui-before-post-options-menu-tiger-care-20260707.js	119
SUPABASE_USAGE	approved/social-ui-before-post-options-menu-tiger-care-20260707.js	127
SUPABASE_USAGE	approved/social-ui-before-post-options-menu-tiger-care-20260707.js	129
SUPABASE_USAGE	approved/social-ui-before-post-options-menu-tiger-care-20260707.js	134
SUPABASE_USAGE	approved/social-ui-before-post-options-menu-tiger-care-20260707.js	142
SUPABASE_USAGE	approved/social-ui-before-post-options-menu-tiger-care-20260707.js	169
SUPABASE_USAGE	approved/social-ui-before-post-options-menu-tiger-care-20260707.js	199
SUPABASE_USAGE	approved/social-ui-before-post-options-menu-tiger-care-20260707.js	456
SUPABASE_USAGE	approved/social-ui-before-post-options-menu-tiger-care-20260707.js	516
SUPABASE_USAGE	approved/social-ui-before-post-options-menu-tiger-care-20260707.js	528
SUPABASE_USAGE	approved/social-ui-before-post-options-menu-tiger-care-20260707.js	561
SUPABASE_USAGE	approved/social-ui-before-post-options-menu-tiger-care-20260707.js	738
SUPABASE_USAGE	approved/social-ui-before-post-options-menu-tiger-care-20260707.js	749
SUPABASE_USAGE	approved/social-ui-before-post-options-menu-tiger-care-20260707.js	778
SUPABASE_USAGE	approved/social-ui-before-post-options-menu-tiger-care-20260707.js	812
SUPABASE_USAGE	approved/social-ui-before-post-options-menu-tiger-care-20260707.js	908
SUPABASE_USAGE	approved/social-ui-before-post-options-menu-tiger-care-20260707.js	1281
SUPABASE_USAGE	approved/social-ui-before-post-options-menu-tiger-care-20260707.js	1300
SUPABASE_USAGE	approved/social-ui-before-post-options-menu-tiger-care-20260707.js	1305
SUPABASE_USAGE	approved/social-ui-before-post-options-menu-tiger-care-20260707.js	1311
SUPABASE_USAGE	approved/social-ui-before-post-options-menu-tiger-care-20260707.js	1353
SUPABASE_USAGE	approved/social-ui-before-post-options-menu-tiger-care-20260707.js	1476
SUPABASE_USAGE	approved/social-ui-before-post-options-menu-tiger-care-20260707.js	1483
SUPABASE_USAGE	approved/social-ui-before-post-options-menu-tiger-care-20260707.js	1493
SUPABASE_USAGE	approved/social-ui-before-post-options-menu-tiger-care-20260707.js	1599
SUPABASE_USAGE	approved/social-ui-before-post-options-menu-tiger-care-20260707.js	1600
SUPABASE_USAGE	approved/social-ui-before-post-options-menu-tiger-care-20260707.js	1832
SUPABASE_USAGE	approved/social-ui-before-post-options-menu-tiger-care-20260707.js	1976
SUPABASE_USAGE	approved/social-ui-before-post-options-menu-tiger-care-20260707.js	2827
SUPABASE_USAGE	approved/social-ui-before-post-options-menu-tiger-care-20260707.js	2834
SUPABASE_USAGE	approved/social-ui-before-post-options-menu-tiger-care-20260707.js	2849
SUPABASE_USAGE	approved/social-ui-before-post-options-menu-tiger-care-20260707.js	2850
SUPABASE_USAGE	approved/social-ui-before-tiger-care-feedback-fix-20260708.js	99
SUPABASE_USAGE	approved/social-ui-before-tiger-care-feedback-fix-20260708.js	116
SUPABASE_USAGE	approved/social-ui-before-tiger-care-feedback-fix-20260708.js	118
SUPABASE_USAGE	approved/social-ui-before-tiger-care-feedback-fix-20260708.js	119
SUPABASE_USAGE	approved/social-ui-before-tiger-care-feedback-fix-20260708.js	127
SUPABASE_USAGE	approved/social-ui-before-tiger-care-feedback-fix-20260708.js	129
SUPABASE_USAGE	approved/social-ui-before-tiger-care-feedback-fix-20260708.js	134
SUPABASE_USAGE	approved/social-ui-before-tiger-care-feedback-fix-20260708.js	142
SUPABASE_USAGE	approved/social-ui-before-tiger-care-feedback-fix-20260708.js	169
SUPABASE_USAGE	approved/social-ui-before-tiger-care-feedback-fix-20260708.js	199
SUPABASE_USAGE	approved/social-ui-before-tiger-care-feedback-fix-20260708.js	705
SUPABASE_USAGE	approved/social-ui-before-tiger-care-feedback-fix-20260708.js	765
SUPABASE_USAGE	approved/social-ui-before-tiger-care-feedback-fix-20260708.js	777
SUPABASE_USAGE	approved/social-ui-before-tiger-care-feedback-fix-20260708.js	810
SUPABASE_USAGE	approved/social-ui-before-tiger-care-feedback-fix-20260708.js	987
SUPABASE_USAGE	approved/social-ui-before-tiger-care-feedback-fix-20260708.js	998
SUPABASE_USAGE	approved/social-ui-before-tiger-care-feedback-fix-20260708.js	1027
SUPABASE_USAGE	approved/social-ui-before-tiger-care-feedback-fix-20260708.js	1061
SUPABASE_USAGE	approved/social-ui-before-tiger-care-feedback-fix-20260708.js	1157
SUPABASE_USAGE	approved/social-ui-before-tiger-care-feedback-fix-20260708.js	1530
SUPABASE_USAGE	approved/social-ui-before-tiger-care-feedback-fix-20260708.js	1549
SUPABASE_USAGE	approved/social-ui-before-tiger-care-feedback-fix-20260708.js	1554
SUPABASE_USAGE	approved/social-ui-before-tiger-care-feedback-fix-20260708.js	1560
SUPABASE_USAGE	approved/social-ui-before-tiger-care-feedback-fix-20260708.js	1602
SUPABASE_USAGE	approved/social-ui-before-tiger-care-feedback-fix-20260708.js	1725
SUPABASE_USAGE	approved/social-ui-before-tiger-care-feedback-fix-20260708.js	1732
SUPABASE_USAGE	approved/social-ui-before-tiger-care-feedback-fix-20260708.js	1742
SUPABASE_USAGE	approved/social-ui-before-tiger-care-feedback-fix-20260708.js	1848
SUPABASE_USAGE	approved/social-ui-before-tiger-care-feedback-fix-20260708.js	1849
SUPABASE_USAGE	approved/social-ui-before-tiger-care-feedback-fix-20260708.js	2081
SUPABASE_USAGE	approved/social-ui-before-tiger-care-feedback-fix-20260708.js	2225
SUPABASE_USAGE	approved/social-ui-before-tiger-care-feedback-fix-20260708.js	3076
SUPABASE_USAGE	approved/social-ui-before-tiger-care-feedback-fix-20260708.js	3083
SUPABASE_USAGE	approved/social-ui-before-tiger-care-feedback-fix-20260708.js	3098
SUPABASE_USAGE	approved/social-ui-before-tiger-care-feedback-fix-20260708.js	3099
SUPABASE_USAGE	approved/supabase-auth-bridge-approved.js	11
SUPABASE_USAGE	approved/supabase-auth-bridge-approved.js	37
SUPABASE_USAGE	approved/supabase-auth-bridge-final.js	11
SUPABASE_USAGE	approved/supabase-auth-bridge-final.js	37
SUPABASE_USAGE	approved/supabase-config-approved.js	5
SUPABASE_USAGE	approved/supabase-config-approved.js	8
SUPABASE_USAGE	approved/supabase-config-final.js	5
SUPABASE_USAGE	approved/supabase-config-final.js	8
SUPABASE_USAGE	approved/visual-identity-pass-7-1/clerk-private-profile-before-visual-identity-20260708.html	122
SUPABASE_USAGE	approved/visual-identity-pass-7-1/clerk-private-profile-before-visual-identity-20260708.html	627
SUPABASE_USAGE	approved/visual-identity-pass-7-1/clerk-private-profile-before-visual-identity-20260708.html	663
SUPABASE_USAGE	approved/visual-identity-pass-7-1/clerk-private-profile-before-visual-identity-20260708.html	684
SUPABASE_USAGE	approved/visual-identity-pass-7-1/clerk-private-profile-before-visual-identity-20260708.html	695
SUPABASE_USAGE	approved/visual-identity-pass-7-1/clerk-private-profile-before-visual-identity-20260708.html	717
SUPABASE_USAGE	approved/visual-identity-pass-7-1/clerk-private-profile-before-visual-identity-20260708.html	1014
SUPABASE_USAGE	auth-supabase.js	11
SUPABASE_USAGE	auth-supabase.js	12
SUPABASE_USAGE	auth-supabase.js	13
SUPABASE_USAGE	auth-supabase.js	20
SUPABASE_USAGE	auth-supabase.js	23
SUPABASE_USAGE	auth-supabase.js	24
SUPABASE_USAGE	auth-supabase.js	26
SUPABASE_USAGE	auth-supabase.js	179
SUPABASE_USAGE	auth.js	223
SUPABASE_USAGE	auth.js	233
SUPABASE_USAGE	backups/clerk-private-profile.before-atomic-profile-resolver.html	122
SUPABASE_USAGE	backups/clerk-private-profile.before-atomic-profile-resolver.html	628
SUPABASE_USAGE	backups/clerk-private-profile.before-atomic-profile-resolver.html	736
SUPABASE_USAGE	backups/clerk-private-profile.before-atomic-profile-resolver.html	871
SUPABASE_USAGE	backups/clerk-private-profile.before-atomic-profile-resolver.html	873
SUPABASE_USAGE	backups/clerk-private-profile.before-atomic-profile-resolver.html	943
SUPABASE_USAGE	backups/clerk-private-profile.before-atomic-profile-resolver.html	986
SUPABASE_USAGE	backups/clerk-private-profile.before-atomic-profile-resolver.html	1092
SUPABASE_USAGE	backups/clerk-private-profile.before-atomic-profile-resolver.html	1700
SUPABASE_USAGE	backups/clerk-private-profile.before-jwt-rls-bridge.html	122
SUPABASE_USAGE	backups/clerk-private-profile.before-jwt-rls-bridge.html	628
SUPABASE_USAGE	backups/clerk-private-profile.before-jwt-rls-bridge.html	664
SUPABASE_USAGE	backups/clerk-private-profile.before-jwt-rls-bridge.html	732
SUPABASE_USAGE	backups/clerk-private-profile.before-jwt-rls-bridge.html	734
SUPABASE_USAGE	backups/clerk-private-profile.before-jwt-rls-bridge.html	823
SUPABASE_USAGE	backups/clerk-private-profile.before-jwt-rls-bridge.html	853
SUPABASE_USAGE	backups/clerk-private-profile.before-jwt-rls-bridge.html	946
SUPABASE_USAGE	backups/clerk-private-profile.before-jwt-rls-bridge.html	1511
SUPABASE_USAGE	backups/clerk-private-profile.before-profile-resilience-shell.html	122
SUPABASE_USAGE	backups/clerk-private-profile.before-profile-resilience-shell.html	628
SUPABASE_USAGE	backups/clerk-private-profile.before-profile-resilience-shell.html	737
SUPABASE_USAGE	backups/clerk-private-profile.before-profile-resilience-shell.html	807
SUPABASE_USAGE	backups/clerk-private-profile.before-profile-resilience-shell.html	808
SUPABASE_USAGE	backups/clerk-private-profile.before-profile-resilience-shell.html	876
SUPABASE_USAGE	backups/clerk-private-profile.before-profile-resilience-shell.html	878
SUPABASE_USAGE	backups/clerk-private-profile.before-profile-resilience-shell.html	948
SUPABASE_USAGE	backups/clerk-private-profile.before-profile-resilience-shell.html	991
SUPABASE_USAGE	backups/clerk-private-profile.before-profile-resilience-shell.html	1097
SUPABASE_USAGE	backups/clerk-private-profile.before-profile-resilience-shell.html	1169
SUPABASE_USAGE	backups/clerk-private-profile.before-profile-resilience-shell.html	1787
SUPABASE_USAGE	backups/clerk-private-profile.before-self-healing-profile-gateway.html	122
SUPABASE_USAGE	backups/clerk-private-profile.before-self-healing-profile-gateway.html	628
SUPABASE_USAGE	backups/clerk-private-profile.before-self-healing-profile-gateway.html	664
SUPABASE_USAGE	backups/clerk-private-profile.before-self-healing-profile-gateway.html	699
SUPABASE_USAGE	backups/clerk-private-profile.before-self-healing-profile-gateway.html	720
SUPABASE_USAGE	backups/clerk-private-profile.before-self-healing-profile-gateway.html	750
SUPABASE_USAGE	backups/clerk-private-profile.before-self-healing-profile-gateway.html	1041
SUPABASE_USAGE	clerk-private-profile.html	122
SUPABASE_USAGE	clerk-private-profile.html	629
SUPABASE_USAGE	clerk-private-profile.html	738
SUPABASE_USAGE	clerk-private-profile.html	1034
SUPABASE_USAGE	clerk-private-profile.html	1036
SUPABASE_USAGE	clerk-private-profile.html	1106
SUPABASE_USAGE	clerk-private-profile.html	1149
SUPABASE_USAGE	clerk-private-profile.html	1255
SUPABASE_USAGE	clerk-private-profile.html	1327
SUPABASE_USAGE	clerk-private-profile.html	1973
SUPABASE_USAGE	docs/VVIP_TIGER_AUTH_AUDIT.md	55
SUPABASE_USAGE	docs/VVIP_TIGER_AUTH_AUDIT.md	99
SUPABASE_USAGE	docs/VVIP_TIGER_CLERK_PROFILE_TABLE_LOG.md	54
SUPABASE_USAGE	docs/VVIP_TIGER_CLERK_SUPABASE_LINK_SUCCESS.md	70
SUPABASE_USAGE	docs/VVIP_TIGER_DB_AUDIT.md	26
SUPABASE_USAGE	docs/VVIP_TIGER_DB_AUDIT.md	31
SUPABASE_USAGE	docs/VVIP_TIGER_DB_AUDIT.md	32
SUPABASE_USAGE	docs/VVIP_TIGER_DB_AUDIT.md	33
SUPABASE_USAGE	docs/VVIP_TIGER_DB_AUDIT.md	34
SUPABASE_USAGE	docs/VVIP_TIGER_DB_AUDIT.md	35
SUPABASE_USAGE	docs/VVIP_TIGER_DB_AUDIT.md	39
SUPABASE_USAGE	docs/VVIP_TIGER_DB_AUDIT.md	40
SUPABASE_USAGE	docs/VVIP_TIGER_DB_AUDIT.md	44
SUPABASE_USAGE	docs/VVIP_TIGER_DB_AUDIT.md	75
SUPABASE_USAGE	docs/VVIP_TIGER_DB_AUDIT.md	127
SUPABASE_USAGE	docs/VVIP_TIGER_DB_AUDIT.md	157
SUPABASE_USAGE	docs/VVIP_TIGER_DB_AUDIT.md	314
SUPABASE_USAGE	docs/VVIP_TIGER_DB_AUDIT.md	320
SUPABASE_USAGE	docs/VVIP_TIGER_DB_AUDIT.md	342
SUPABASE_USAGE	docs/VVIP_TIGER_FINAL_FRONTEND_SAFETY_SWEEP.md	129
SUPABASE_USAGE	docs/VVIP_TIGER_FINAL_FRONTEND_SAFETY_SWEEP.md	141
SUPABASE_USAGE	docs/VVIP_TIGER_FINAL_FRONTEND_SAFETY_SWEEP_REVIEW.md	25
SUPABASE_USAGE	docs/VVIP_TIGER_LEGACY_AUTH_AUDIT.md	94
SUPABASE_USAGE	docs/VVIP_TIGER_LEGACY_AUTH_AUDIT.md	135
SUPABASE_USAGE	docs/VVIP_TIGER_LEGACY_AUTH_AUDIT.md	139
SUPABASE_USAGE	docs/VVIP_TIGER_LEGACY_AUTH_AUDIT.md	158
SUPABASE_USAGE	docs/VVIP_TIGER_LEGACY_AUTH_AUDIT.md	159
SUPABASE_USAGE	docs/VVIP_TIGER_MANUAL_DB_APPLY_LOG.md	6
SUPABASE_USAGE	docs/VVIP_TIGER_MEMORY_MAP.md	400
SUPABASE_USAGE	docs/VVIP_TIGER_MEMORY_MAP.md	402
SUPABASE_USAGE	docs/VVIP_TIGER_MEMORY_MAP.md	403
SUPABASE_USAGE	docs/VVIP_TIGER_MEMORY_MAP.md	406
SUPABASE_USAGE	docs/VVIP_TIGER_MEMORY_MAP.md	407
SUPABASE_USAGE	docs/VVIP_TIGER_NAVIGATION_BUTTON_AUDIT.md	66
SUPABASE_USAGE	docs/VVIP_TIGER_NAVIGATION_BUTTON_AUDIT.md	67
SUPABASE_USAGE	docs/VVIP_TIGER_NAVIGATION_BUTTON_AUDIT.md	68
SUPABASE_USAGE	docs/VVIP_TIGER_NAVIGATION_BUTTON_AUDIT.md	69
SUPABASE_USAGE	docs/VVIP_TIGER_NAVIGATION_BUTTON_AUDIT.md	70
SUPABASE_USAGE	docs/VVIP_TIGER_NAVIGATION_BUTTON_AUDIT.md	71
SUPABASE_USAGE	docs/VVIP_TIGER_NAVIGATION_BUTTON_AUDIT.md	76
SUPABASE_USAGE	docs/VVIP_TIGER_NAVIGATION_BUTTON_AUDIT.md	77
SUPABASE_USAGE	docs/VVIP_TIGER_NAVIGATION_BUTTON_AUDIT.md	82
SUPABASE_USAGE	docs/VVIP_TIGER_NAVIGATION_BUTTON_AUDIT.md	83
SUPABASE_USAGE	docs/VVIP_TIGER_NAVIGATION_BUTTON_AUDIT.md	89
SUPABASE_USAGE	docs/VVIP_TIGER_NAVIGATION_BUTTON_AUDIT.md	90
SUPABASE_USAGE	docs/VVIP_TIGER_NAVIGATION_BUTTON_AUDIT.md	91
SUPABASE_USAGE	docs/VVIP_TIGER_PAGE_FLOW_USER_JOURNEY_AUDIT.md	30
SUPABASE_USAGE	docs/VVIP_TIGER_PAGE_FLOW_USER_JOURNEY_AUDIT.md	39
SUPABASE_USAGE	docs/VVIP_TIGER_PAGE_FLOW_USER_JOURNEY_AUDIT.md	48
SUPABASE_USAGE	docs/VVIP_TIGER_PAGE_FLOW_USER_JOURNEY_AUDIT.md	57
SUPABASE_USAGE	docs/VVIP_TIGER_PAGE_FLOW_USER_JOURNEY_AUDIT.md	66
SUPABASE_USAGE	docs/VVIP_TIGER_PAGE_FLOW_USER_JOURNEY_AUDIT.md	75
SUPABASE_USAGE	docs/VVIP_TIGER_PAGE_FLOW_USER_JOURNEY_AUDIT.md	84
SUPABASE_USAGE	docs/VVIP_TIGER_PAGE_FLOW_USER_JOURNEY_AUDIT.md	93
SUPABASE_USAGE	docs/VVIP_TIGER_PAGE_FLOW_USER_JOURNEY_AUDIT.md	102
SUPABASE_USAGE	docs/VVIP_TIGER_PAGE_FLOW_USER_JOURNEY_AUDIT.md	111
SUPABASE_USAGE	docs/VVIP_TIGER_PAGE_FLOW_USER_JOURNEY_AUDIT.md	285
SUPABASE_USAGE	docs/VVIP_TIGER_REPOSITORY_HOUSEKEEPING_AUDIT.md	41
SUPABASE_USAGE	docs/VVIP_TIGER_REPOSITORY_HOUSEKEEPING_AUDIT.md	89
SUPABASE_USAGE	docs/security/RPC_HARDENED_SECURITY_SCENARIOS_20260709.md	249
SUPABASE_USAGE	docs/security/RPC_HARDENED_SECURITY_SCENARIOS_20260709.md	258
SUPABASE_USAGE	docs/security/RPC_REVIEW_FINDINGS_20260709.md	5
SUPABASE_USAGE	docs/security/SUPABASE_CLERK_SECURITY_AUDIT_LOCK_20260709.md	32
SUPABASE_USAGE	docs/security/SUPABASE_CLERK_SECURITY_AUDIT_LOCK_20260709.md	47
SUPABASE_USAGE	docs/security/SUPABASE_CLERK_SECURITY_AUDIT_LOCK_20260709.md	48
SUPABASE_USAGE	docs/security/SUPABASE_CLERK_SECURITY_AUDIT_LOCK_20260709.md	49
SUPABASE_USAGE	docs/security/production-apply/SUPABASE_MANUAL_BACKUP_PRODUCTION_APPLY_PLAN_DRAFT.md	39
SUPABASE_USAGE	firebase.json	8
SUPABASE_USAGE	scripts/profile-loader.js	7
SUPABASE_USAGE	scripts/profile-loader.js	10
SUPABASE_USAGE	scripts/profile-loader.js	18
SUPABASE_USAGE	scripts/profile-loader.js	19
SUPABASE_USAGE	scripts/profile-loader.js	20
SUPABASE_USAGE	scripts/profile-loader.js	23
SUPABASE_USAGE	scripts/profile-loader.js	25
SUPABASE_USAGE	scripts/profile-loader.js	75
SUPABASE_USAGE	scripts/profile-loader.js	209
SUPABASE_USAGE	scripts/supabase-auth-bridge.js	11
SUPABASE_USAGE	scripts/supabase-auth-bridge.js	37
SUPABASE_USAGE	scripts/supabase-config.js	5
SUPABASE_USAGE	scripts/supabase-config.js	8
SUPABASE_USAGE	social-ui.js	99
SUPABASE_USAGE	social-ui.js	116
SUPABASE_USAGE	social-ui.js	118
SUPABASE_USAGE	social-ui.js	119
SUPABASE_USAGE	social-ui.js	127
SUPABASE_USAGE	social-ui.js	129
SUPABASE_USAGE	social-ui.js	134
SUPABASE_USAGE	social-ui.js	142
SUPABASE_USAGE	social-ui.js	169
SUPABASE_USAGE	social-ui.js	199
SUPABASE_USAGE	social-ui.js	728
SUPABASE_USAGE	social-ui.js	788
SUPABASE_USAGE	social-ui.js	800
SUPABASE_USAGE	social-ui.js	833
SUPABASE_USAGE	social-ui.js	1010
SUPABASE_USAGE	social-ui.js	1021
SUPABASE_USAGE	social-ui.js	1050
SUPABASE_USAGE	social-ui.js	1084
SUPABASE_USAGE	social-ui.js	1180
SUPABASE_USAGE	social-ui.js	1553
SUPABASE_USAGE	social-ui.js	1572
SUPABASE_USAGE	social-ui.js	1577
SUPABASE_USAGE	social-ui.js	1583
SUPABASE_USAGE	social-ui.js	1625
SUPABASE_USAGE	social-ui.js	1748
SUPABASE_USAGE	social-ui.js	1755
SUPABASE_USAGE	social-ui.js	1765
SUPABASE_USAGE	social-ui.js	1871
SUPABASE_USAGE	social-ui.js	1872
SUPABASE_USAGE	social-ui.js	2104
SUPABASE_USAGE	social-ui.js	2248
SUPABASE_USAGE	social-ui.js	3099
SUPABASE_USAGE	social-ui.js	3106
SUPABASE_USAGE	social-ui.js	3121
SUPABASE_USAGE	social-ui.js	3122
SUPABASE_USAGE	supabase/functions/send-verification-email/index.ts	2
SUPABASE_USAGE	supabase/functions/send-verification-email/index.ts	21
SUPABASE_USAGE	supabase/functions/send-verification-email/index.ts	166
SUPABASE_USAGE	supabase/functions/send-verification-email/index.ts	174
SUPABASE_USAGE	supabase/functions/send-verification-email/index.ts	305
SUPABASE_USAGE	supabase/functions/send-verification-email/index.ts	306
SUPABASE_USAGE	supabase/functions/send-verification-email/index.ts	308
SUPABASE_USAGE	supabase/functions/send-verification-email/index.ts	312
SUPABASE_USAGE	supabase/functions/send-verification-email/index.ts	338
SUPABASE_USAGE	supabase/functions/send-verification-email/index.ts	339
SUPABASE_USAGE	supabase/functions/send-verification-email/index.ts	348
SUPABASE_USAGE	supabase/functions/send-verification-email/index.ts	349
SUPABASE_USAGE	supabase/functions/send-verification-email/index.ts	364
SUPABASE_USAGE	supabase/functions/send-verification-email/index.ts	386
SUPABASE_USAGE	supabase/functions/send-verification-email/index.ts	387
SUPABASE_USAGE	supabase/functions/send-verification-email/index.ts	413
SUPABASE_USAGE	supabase/functions/send-verification-email/index.ts	414
SUPABASE_USAGE	supabase/functions/send-verification-email/index.ts	446
SUPABASE_USAGE	supabase/functions/send-verification-email/index.ts	447
CLERK_USAGE	20260708_vvip_tiger_profiles_remove_legacy_auth_uid_policies.sql	2
CLERK_USAGE	20260708_vvip_tiger_profiles_remove_legacy_auth_uid_policies.sql	5
CLERK_USAGE	20260708_vvip_tiger_profiles_remove_legacy_auth_uid_policies.sql	20
CLERK_USAGE	20260708_vvip_tiger_profiles_remove_legacy_auth_uid_policies.sql	21
CLERK_USAGE	20260708_vvip_tiger_profiles_remove_legacy_auth_uid_policies.sql	22
CLERK_USAGE	20260708_vvip_tiger_public_profiles_clerk_runtime_fix.sql	1
CLERK_USAGE	20260708_vvip_tiger_public_profiles_clerk_runtime_fix.sql	2
CLERK_USAGE	20260708_vvip_tiger_public_profiles_clerk_runtime_fix.sql	4
CLERK_USAGE	20260708_vvip_tiger_public_profiles_clerk_runtime_fix.sql	5
CLERK_USAGE	20260708_vvip_tiger_public_profiles_clerk_runtime_fix.sql	6
CLERK_USAGE	20260708_vvip_tiger_public_profiles_clerk_runtime_fix.sql	27
CLERK_USAGE	20260708_vvip_tiger_public_profiles_clerk_runtime_fix.sql	41
CLERK_USAGE	20260708_vvip_tiger_public_profiles_clerk_runtime_fix.sql	44
CLERK_USAGE	20260708_vvip_tiger_public_profiles_clerk_runtime_fix.sql	47
CLERK_USAGE	20260708_vvip_tiger_public_profiles_clerk_runtime_fix.sql	59
CLERK_USAGE	20260708_vvip_tiger_public_profiles_clerk_runtime_fix.sql	62
CLERK_USAGE	20260708_vvip_tiger_public_profiles_clerk_runtime_fix.sql	65
CLERK_USAGE	20260708_vvip_tiger_public_profiles_clerk_runtime_fix.sql	77
CLERK_USAGE	20260708_vvip_tiger_public_profiles_clerk_runtime_fix.sql	80
CLERK_USAGE	20260708_vvip_tiger_public_profiles_clerk_runtime_fix.sql	83
CLERK_USAGE	20260708_vvip_tiger_public_profiles_clerk_runtime_fix.sql	84
CLERK_USAGE	20260708_vvip_tiger_public_profiles_clerk_runtime_fix.sql	90
CLERK_USAGE	20260708_vvip_tiger_public_profiles_clerk_runtime_fix.sql	91
CLERK_USAGE	20260708_vvip_tiger_public_profiles_clerk_runtime_fix.sql	92
CLERK_USAGE	20260708_vvip_tiger_public_profiles_clerk_runtime_fix.sql	93
CLERK_USAGE	ACCOUNT-CHOOSER-SPEC.md	44
CLERK_USAGE	ACCOUNT-CHOOSER-SPEC.md	45
CLERK_USAGE	ACCOUNT-CHOOSER-SPEC.md	46
CLERK_USAGE	ACCOUNT-CHOOSER-SPEC.md	118
CLERK_USAGE	ACCOUNT-CHOOSER-SPEC.md	119
CLERK_USAGE	ACCOUNT-CHOOSER-SPEC.md	121
CLERK_USAGE	ACCOUNT-CHOOSER-SPEC.md	122
CLERK_USAGE	ADMIN-SETUP.sql	56
CLERK_USAGE	ADMIN-SETUP.sql	58
CLERK_USAGE	AGENTS.md	75
CLERK_USAGE	DOCUMENTATION-INDEX.md	16
CLERK_USAGE	EMAIL-VERIFICATION-SETUP.md	231
CLERK_USAGE	IMPLEMENTATION_CHECKLIST.md	19
CLERK_USAGE	IMPLEMENTATION_CHECKLIST.md	73
CLERK_USAGE	IMPLEMENTATION_CHECKLIST.md	74
CLERK_USAGE	IMPLEMENTATION_CHECKLIST.md	77
CLERK_USAGE	IMPLEMENTATION_CHECKLIST.md	94
CLERK_USAGE	IMPLEMENTATION_CHECKLIST.md	100
CLERK_USAGE	IMPLEMENTATION_CHECKLIST.md	102
CLERK_USAGE	IMPLEMENTATION_CHECKLIST.md	105
CLERK_USAGE	IMPLEMENTATION_CHECKLIST.md	106
CLERK_USAGE	IMPLEMENTATION_CHECKLIST.md	110
CLERK_USAGE	IMPLEMENTATION_CHECKLIST.md	135
CLERK_USAGE	IMPLEMENTATION_CHECKLIST.md	303
CLERK_USAGE	IMPLEMENTATION_CHECKLIST.md	328
CLERK_USAGE	PRODUCT-REQUIREMENTS-ADDENDUM.md	52
CLERK_USAGE	PRODUCT-REQUIREMENTS-ADDENDUM.md	56
CLERK_USAGE	PRODUCT-REQUIREMENTS-ADDENDUM.md	57
CLERK_USAGE	UNIFIED-PLATFORM-STATUS.md	57
CLERK_USAGE	VVIP-AUTH-SYSTEM-SPEC.md	95
CLERK_USAGE	approved/auth-clerk-index-before-profile-button-fix-20260707.js	11
CLERK_USAGE	approved/auth-clerk-index-before-profile-button-fix-20260707.js	16
CLERK_USAGE	approved/auth-clerk-index-before-profile-button-fix-20260707.js	17
CLERK_USAGE	approved/auth-clerk-index-before-profile-button-fix-20260707.js	20
CLERK_USAGE	approved/auth-clerk-index-before-profile-button-fix-20260707.js	21
CLERK_USAGE	approved/auth-clerk-index-before-profile-button-fix-20260707.js	26
CLERK_USAGE	approved/auth-clerk-index-before-profile-button-fix-20260707.js	28
CLERK_USAGE	approved/auth-clerk-index-before-profile-button-fix-20260707.js	29
CLERK_USAGE	approved/auth-clerk-index-before-profile-button-fix-20260707.js	30
CLERK_USAGE	approved/auth-clerk-index-before-profile-button-fix-20260707.js	31
CLERK_USAGE	approved/auth-clerk-index-before-profile-button-fix-20260707.js	40
CLERK_USAGE	approved/auth-clerk-index-before-profile-button-fix-20260707.js	43
CLERK_USAGE	approved/auth-clerk-index-before-profile-button-fix-20260707.js	45
CLERK_USAGE	approved/auth-clerk-index-before-profile-button-fix-20260707.js	50
CLERK_USAGE	approved/auth-clerk-index-before-profile-button-fix-20260707.js	52
CLERK_USAGE	approved/auth-clerk-index-before-profile-button-fix-20260707.js	55
CLERK_USAGE	approved/auth-clerk-index-before-profile-button-fix-20260707.js	58
CLERK_USAGE	approved/auth-clerk-index-before-profile-button-fix-20260707.js	66
CLERK_USAGE	approved/auth-clerk-index-before-profile-button-fix-20260707.js	68
CLERK_USAGE	approved/auth-clerk-index-before-profile-button-fix-20260707.js	69
CLERK_USAGE	approved/auth-clerk-index-before-profile-button-fix-20260707.js	71
CLERK_USAGE	approved/auth-clerk-index-before-profile-button-fix-20260707.js	73
CLERK_USAGE	approved/auth-clerk-index-before-profile-button-fix-20260707.js	74
CLERK_USAGE	approved/auth-clerk-index-before-profile-button-fix-20260707.js	75
CLERK_USAGE	approved/auth-clerk-index-before-profile-button-fix-20260707.js	76
CLERK_USAGE	approved/auth-clerk-index-before-profile-button-fix-20260707.js	80
CLERK_USAGE	approved/auth-clerk-index-before-profile-button-fix-20260707.js	82
CLERK_USAGE	approved/auth-clerk-index-before-profile-button-fix-20260707.js	83
CLERK_USAGE	approved/auth-clerk-index-before-profile-button-fix-20260707.js	84
CLERK_USAGE	approved/auth-clerk-index-before-profile-button-fix-20260707.js	88
CLERK_USAGE	approved/auth-clerk-index-before-profile-button-fix-20260707.js	92
CLERK_USAGE	approved/auth-clerk-index-before-vvip-gate-login-20260707.js	11
CLERK_USAGE	approved/auth-clerk-index-before-vvip-gate-login-20260707.js	16
CLERK_USAGE	approved/auth-clerk-index-before-vvip-gate-login-20260707.js	17
CLERK_USAGE	approved/auth-clerk-index-before-vvip-gate-login-20260707.js	20
CLERK_USAGE	approved/auth-clerk-index-before-vvip-gate-login-20260707.js	21
CLERK_USAGE	approved/auth-clerk-index-before-vvip-gate-login-20260707.js	26
CLERK_USAGE	approved/auth-clerk-index-before-vvip-gate-login-20260707.js	28
CLERK_USAGE	approved/auth-clerk-index-before-vvip-gate-login-20260707.js	29
CLERK_USAGE	approved/auth-clerk-index-before-vvip-gate-login-20260707.js	30
CLERK_USAGE	approved/auth-clerk-index-before-vvip-gate-login-20260707.js	31
CLERK_USAGE	approved/auth-clerk-index-before-vvip-gate-login-20260707.js	40
CLERK_USAGE	approved/auth-clerk-index-before-vvip-gate-login-20260707.js	44
CLERK_USAGE	approved/auth-clerk-index-before-vvip-gate-login-20260707.js	62
CLERK_USAGE	approved/auth-clerk-index-before-vvip-gate-login-20260707.js	72
CLERK_USAGE	approved/auth-clerk-index-before-vvip-gate-login-20260707.js	74
CLERK_USAGE	approved/auth-clerk-index-before-vvip-gate-login-20260707.js	77
CLERK_USAGE	approved/auth-clerk-index-before-vvip-gate-login-20260707.js	80
CLERK_USAGE	approved/auth-clerk-index-before-vvip-gate-login-20260707.js	88
CLERK_USAGE	approved/auth-clerk-index-before-vvip-gate-login-20260707.js	90
CLERK_USAGE	approved/auth-clerk-index-before-vvip-gate-login-20260707.js	91
CLERK_USAGE	approved/auth-clerk-index-before-vvip-gate-login-20260707.js	93
CLERK_USAGE	approved/auth-clerk-index-before-vvip-gate-login-20260707.js	95
CLERK_USAGE	approved/auth-clerk-index-before-vvip-gate-login-20260707.js	96
CLERK_USAGE	approved/auth-clerk-index-before-vvip-gate-login-20260707.js	97
CLERK_USAGE	approved/auth-clerk-index-before-vvip-gate-login-20260707.js	98
CLERK_USAGE	approved/auth-clerk-index-before-vvip-gate-login-20260707.js	102
CLERK_USAGE	approved/auth-clerk-index-before-vvip-gate-login-20260707.js	104
CLERK_USAGE	approved/auth-clerk-index-before-vvip-gate-login-20260707.js	105
CLERK_USAGE	approved/auth-clerk-index-before-vvip-gate-login-20260707.js	106
CLERK_USAGE	approved/auth-clerk-index-before-vvip-gate-login-20260707.js	110
CLERK_USAGE	approved/auth-clerk-index-before-vvip-gate-login-20260707.js	114
CLERK_USAGE	approved/clerk-private-profile-before-official-ui-20260707.html	6
CLERK_USAGE	approved/clerk-private-profile-before-official-ui-20260707.html	117
CLERK_USAGE	approved/clerk-private-profile-before-official-ui-20260707.html	118
CLERK_USAGE	approved/clerk-private-profile-before-official-ui-20260707.html	166
CLERK_USAGE	approved/clerk-private-profile-before-official-ui-20260707.html	172
CLERK_USAGE	approved/clerk-private-profile-before-official-ui-20260707.html	175
CLERK_USAGE	approved/clerk-private-profile-before-official-ui-20260707.html	182
CLERK_USAGE	approved/clerk-private-profile-before-official-ui-20260707.html	188
CLERK_USAGE	approved/clerk-private-profile-before-official-ui-20260707.html	190
CLERK_USAGE	approved/clerk-private-profile-before-official-ui-20260707.html	199
CLERK_USAGE	approved/clerk-private-profile-before-official-ui-20260707.html	206
CLERK_USAGE	approved/clerk-private-profile-before-official-ui-20260707.html	221
CLERK_USAGE	approved/clerk-private-profile-before-official-ui-20260707.html	223
CLERK_USAGE	approved/clerk-private-profile-before-official-ui-20260707.html	251
CLERK_USAGE	approved/clerk-private-profile-before-official-ui-20260707.html	260
CLERK_USAGE	approved/clerk-private-profile-before-official-ui-20260707.html	261
CLERK_USAGE	approved/clerk-private-profile-before-official-ui-20260707.html	265
CLERK_USAGE	approved/clerk-private-profile-before-official-ui-20260707.html	276
CLERK_USAGE	approved/clerk-private-profile-before-official-ui-20260707.html	285
CLERK_USAGE	approved/clerk-private-profile-before-official-ui-20260707.html	286
CLERK_USAGE	approved/clerk-private-profile-before-official-ui-20260707.html	293
CLERK_USAGE	approved/clerk-private-profile-before-official-ui-20260707.html	295
CLERK_USAGE	approved/clerk-private-profile-before-official-ui-20260707.html	300
CLERK_USAGE	approved/clerk-private-profile-before-official-ui-20260707.html	301
CLERK_USAGE	approved/clerk-private-profile-before-official-ui-20260707.html	306
CLERK_USAGE	approved/clerk-private-profile-before-supabase-bridge-20260707.html	6
CLERK_USAGE	approved/clerk-private-profile-before-supabase-bridge-20260707.html	106
CLERK_USAGE	approved/clerk-private-profile-before-supabase-bridge-20260707.html	107
CLERK_USAGE	approved/clerk-private-profile-before-supabase-bridge-20260707.html	114
CLERK_USAGE	approved/clerk-private-profile-before-supabase-bridge-20260707.html	122
CLERK_USAGE	approved/clerk-private-profile-before-supabase-bridge-20260707.html	123
CLERK_USAGE	approved/clerk-private-profile-before-supabase-bridge-20260707.html	126
CLERK_USAGE	approved/clerk-private-profile-before-supabase-bridge-20260707.html	128
CLERK_USAGE	approved/clerk-private-profile-before-supabase-bridge-20260707.html	129
CLERK_USAGE	approved/clerk-private-profile-before-supabase-bridge-20260707.html	133
CLERK_USAGE	approved/clerk-private-profile-before-supabase-bridge-20260707.html	147
CLERK_USAGE	approved/clerk-private-profile-before-supabase-bridge-20260707.html	156
CLERK_USAGE	approved/clerk-private-profile-before-supabase-bridge-20260707.html	160
CLERK_USAGE	approved/clerk-private-profile-before-supabase-bridge-20260707.html	166
CLERK_USAGE	approved/clerk-private-profile-before-supabase-bridge-20260707.html	167
CLERK_USAGE	approved/clerk-private-profile-before-supabase-bridge-20260707.html	170
CLERK_USAGE	approved/clerk-private-profile-before-supabase-bridge-20260707.html	172
CLERK_USAGE	approved/clerk-private-profile-before-supabase-bridge-20260707.html	175
CLERK_USAGE	approved/clerk-private-profile-before-tiger-care-card-20260707.html	6
CLERK_USAGE	approved/clerk-private-profile-before-tiger-care-card-20260707.html	117
CLERK_USAGE	approved/clerk-private-profile-before-tiger-care-card-20260707.html	118
CLERK_USAGE	approved/clerk-private-profile-before-tiger-care-card-20260707.html	532
CLERK_USAGE	approved/clerk-private-profile-before-tiger-care-card-20260707.html	538
CLERK_USAGE	approved/clerk-private-profile-before-tiger-care-card-20260707.html	541
CLERK_USAGE	approved/clerk-private-profile-before-tiger-care-card-20260707.html	548
CLERK_USAGE	approved/clerk-private-profile-before-tiger-care-card-20260707.html	554
CLERK_USAGE	approved/clerk-private-profile-before-tiger-care-card-20260707.html	556
CLERK_USAGE	approved/clerk-private-profile-before-tiger-care-card-20260707.html	565
CLERK_USAGE	approved/clerk-private-profile-before-tiger-care-card-20260707.html	572
CLERK_USAGE	approved/clerk-private-profile-before-tiger-care-card-20260707.html	587
CLERK_USAGE	approved/clerk-private-profile-before-tiger-care-card-20260707.html	589
CLERK_USAGE	approved/clerk-private-profile-before-tiger-care-card-20260707.html	635
CLERK_USAGE	approved/clerk-private-profile-before-tiger-care-card-20260707.html	666
CLERK_USAGE	approved/clerk-private-profile-before-tiger-care-card-20260707.html	698
CLERK_USAGE	approved/clerk-private-profile-before-tiger-care-card-20260707.html	744
CLERK_USAGE	approved/clerk-private-profile-before-tiger-care-card-20260707.html	745
CLERK_USAGE	approved/clerk-private-profile-before-tiger-care-card-20260707.html	762
CLERK_USAGE	approved/clerk-private-profile-before-tiger-care-card-20260707.html	772
CLERK_USAGE	approved/clerk-private-profile-before-tiger-care-card-20260707.html	793
CLERK_USAGE	approved/clerk-private-profile-before-tiger-care-card-20260707.html	803
CLERK_USAGE	approved/clerk-private-profile-before-tiger-care-card-20260707.html	804
CLERK_USAGE	approved/clerk-private-profile-before-tiger-care-card-20260707.html	811
CLERK_USAGE	approved/clerk-private-profile-before-tiger-care-card-20260707.html	813
CLERK_USAGE	approved/clerk-private-profile-before-tiger-care-card-20260707.html	818
CLERK_USAGE	approved/clerk-private-profile-before-tiger-care-card-20260707.html	819
CLERK_USAGE	approved/clerk-private-profile-before-tiger-care-card-20260707.html	824
CLERK_USAGE	approved/clerk-private-profile-before-vip-membership-center-20260707.html	6
CLERK_USAGE	approved/clerk-private-profile-before-vip-membership-center-20260707.html	117
CLERK_USAGE	approved/clerk-private-profile-before-vip-membership-center-20260707.html	118
CLERK_USAGE	approved/clerk-private-profile-before-vip-membership-center-20260707.html	458
CLERK_USAGE	approved/clerk-private-profile-before-vip-membership-center-20260707.html	464
CLERK_USAGE	approved/clerk-private-profile-before-vip-membership-center-20260707.html	467
CLERK_USAGE	approved/clerk-private-profile-before-vip-membership-center-20260707.html	474
CLERK_USAGE	approved/clerk-private-profile-before-vip-membership-center-20260707.html	480
CLERK_USAGE	approved/clerk-private-profile-before-vip-membership-center-20260707.html	482
CLERK_USAGE	approved/clerk-private-profile-before-vip-membership-center-20260707.html	491
CLERK_USAGE	approved/clerk-private-profile-before-vip-membership-center-20260707.html	498
CLERK_USAGE	approved/clerk-private-profile-before-vip-membership-center-20260707.html	513
CLERK_USAGE	approved/clerk-private-profile-before-vip-membership-center-20260707.html	515
CLERK_USAGE	approved/clerk-private-profile-before-vip-membership-center-20260707.html	588
CLERK_USAGE	approved/clerk-private-profile-before-vip-membership-center-20260707.html	620
CLERK_USAGE	approved/clerk-private-profile-before-vip-membership-center-20260707.html	627
CLERK_USAGE	approved/clerk-private-profile-before-vip-membership-center-20260707.html	628
CLERK_USAGE	approved/clerk-private-profile-before-vip-membership-center-20260707.html	645
CLERK_USAGE	approved/clerk-private-profile-before-vip-membership-center-20260707.html	655
CLERK_USAGE	approved/clerk-private-profile-before-vip-membership-center-20260707.html	676
CLERK_USAGE	approved/clerk-private-profile-before-vip-membership-center-20260707.html	686
CLERK_USAGE	approved/clerk-private-profile-before-vip-membership-center-20260707.html	687
CLERK_USAGE	approved/clerk-private-profile-before-vip-membership-center-20260707.html	694
CLERK_USAGE	approved/clerk-private-profile-before-vip-membership-center-20260707.html	696
CLERK_USAGE	approved/clerk-private-profile-before-vip-membership-center-20260707.html	701
CLERK_USAGE	approved/clerk-private-profile-before-vip-membership-center-20260707.html	702
CLERK_USAGE	approved/clerk-private-profile-before-vip-membership-center-20260707.html	707
CLERK_USAGE	approved/index-before-vvip-gate-login-20260707.html	18
CLERK_USAGE	approved/index-before-vvip-gate-login-20260707.html	24
CLERK_USAGE	approved/index-before-vvip-gate-login-20260707.html	25
CLERK_USAGE	approved/index-before-vvip-gate-login-20260707.html	28
CLERK_USAGE	approved/index-before-vvip-gate-login-20260707.html	110
CLERK_USAGE	approved/legacy-auth-audit-7-1/clerk-private-profile-before-linkrel-fix-20260708.html	6
CLERK_USAGE	approved/legacy-auth-audit-7-1/clerk-private-profile-before-linkrel-fix-20260708.html	117
CLERK_USAGE	approved/legacy-auth-audit-7-1/clerk-private-profile-before-linkrel-fix-20260708.html	118
CLERK_USAGE	approved/legacy-auth-audit-7-1/clerk-private-profile-before-linkrel-fix-20260708.html	663
CLERK_USAGE	approved/legacy-auth-audit-7-1/clerk-private-profile-before-linkrel-fix-20260708.html	669
CLERK_USAGE	approved/legacy-auth-audit-7-1/clerk-private-profile-before-linkrel-fix-20260708.html	672
CLERK_USAGE	approved/legacy-auth-audit-7-1/clerk-private-profile-before-linkrel-fix-20260708.html	679
CLERK_USAGE	approved/legacy-auth-audit-7-1/clerk-private-profile-before-linkrel-fix-20260708.html	685
CLERK_USAGE	approved/legacy-auth-audit-7-1/clerk-private-profile-before-linkrel-fix-20260708.html	687
CLERK_USAGE	approved/legacy-auth-audit-7-1/clerk-private-profile-before-linkrel-fix-20260708.html	696
CLERK_USAGE	approved/legacy-auth-audit-7-1/clerk-private-profile-before-linkrel-fix-20260708.html	703
CLERK_USAGE	approved/legacy-auth-audit-7-1/clerk-private-profile-before-linkrel-fix-20260708.html	718
CLERK_USAGE	approved/legacy-auth-audit-7-1/clerk-private-profile-before-linkrel-fix-20260708.html	720
CLERK_USAGE	approved/legacy-auth-audit-7-1/clerk-private-profile-before-linkrel-fix-20260708.html	766
CLERK_USAGE	approved/legacy-auth-audit-7-1/clerk-private-profile-before-linkrel-fix-20260708.html	797
CLERK_USAGE	approved/legacy-auth-audit-7-1/clerk-private-profile-before-linkrel-fix-20260708.html	829
CLERK_USAGE	approved/legacy-auth-audit-7-1/clerk-private-profile-before-linkrel-fix-20260708.html	941
CLERK_USAGE	approved/legacy-auth-audit-7-1/clerk-private-profile-before-linkrel-fix-20260708.html	942
CLERK_USAGE	approved/legacy-auth-audit-7-1/clerk-private-profile-before-linkrel-fix-20260708.html	959
CLERK_USAGE	approved/legacy-auth-audit-7-1/clerk-private-profile-before-linkrel-fix-20260708.html	969
CLERK_USAGE	approved/legacy-auth-audit-7-1/clerk-private-profile-before-linkrel-fix-20260708.html	1001
CLERK_USAGE	approved/legacy-auth-audit-7-1/clerk-private-profile-before-linkrel-fix-20260708.html	1011
CLERK_USAGE	approved/legacy-auth-audit-7-1/clerk-private-profile-before-linkrel-fix-20260708.html	1012
CLERK_USAGE	approved/legacy-auth-audit-7-1/clerk-private-profile-before-linkrel-fix-20260708.html	1019
CLERK_USAGE	approved/legacy-auth-audit-7-1/clerk-private-profile-before-linkrel-fix-20260708.html	1021
CLERK_USAGE	approved/legacy-auth-audit-7-1/clerk-private-profile-before-linkrel-fix-20260708.html	1026
CLERK_USAGE	approved/legacy-auth-audit-7-1/clerk-private-profile-before-linkrel-fix-20260708.html	1027
CLERK_USAGE	approved/legacy-auth-audit-7-1/clerk-private-profile-before-linkrel-fix-20260708.html	1032
CLERK_USAGE	approved/legacy-auth-redirect-7-1/sw-before-legacy-auth-audit-20260708.js	6
CLERK_USAGE	approved/require-auth-approved.js	19
CLERK_USAGE	approved/require-auth-approved.js	20
CLERK_USAGE	approved/require-auth-approved.js	25
CLERK_USAGE	approved/require-auth-final.js	19
CLERK_USAGE	approved/require-auth-final.js	20
CLERK_USAGE	approved/require-auth-final.js	25
CLERK_USAGE	approved/service-worker-clerk-cache-7-1/sw-before-clerk-cache-cleanup-20260708.js	6
CLERK_USAGE	approved/styles-before-tiger-care-feedback-fix-20260708.css	4266
CLERK_USAGE	approved/sw-before-post-options-cache-fix-20260708.js	6
CLERK_USAGE	approved/visual-identity-pass-7-1/clerk-private-profile-before-visual-identity-20260708.html	6
CLERK_USAGE	approved/visual-identity-pass-7-1/clerk-private-profile-before-visual-identity-20260708.html	117
CLERK_USAGE	approved/visual-identity-pass-7-1/clerk-private-profile-before-visual-identity-20260708.html	118
CLERK_USAGE	approved/visual-identity-pass-7-1/clerk-private-profile-before-visual-identity-20260708.html	662
CLERK_USAGE	approved/visual-identity-pass-7-1/clerk-private-profile-before-visual-identity-20260708.html	668
CLERK_USAGE	approved/visual-identity-pass-7-1/clerk-private-profile-before-visual-identity-20260708.html	671
CLERK_USAGE	approved/visual-identity-pass-7-1/clerk-private-profile-before-visual-identity-20260708.html	678
CLERK_USAGE	approved/visual-identity-pass-7-1/clerk-private-profile-before-visual-identity-20260708.html	684
CLERK_USAGE	approved/visual-identity-pass-7-1/clerk-private-profile-before-visual-identity-20260708.html	686
CLERK_USAGE	approved/visual-identity-pass-7-1/clerk-private-profile-before-visual-identity-20260708.html	695
CLERK_USAGE	approved/visual-identity-pass-7-1/clerk-private-profile-before-visual-identity-20260708.html	702
CLERK_USAGE	approved/visual-identity-pass-7-1/clerk-private-profile-before-visual-identity-20260708.html	717
CLERK_USAGE	approved/visual-identity-pass-7-1/clerk-private-profile-before-visual-identity-20260708.html	719
CLERK_USAGE	approved/visual-identity-pass-7-1/clerk-private-profile-before-visual-identity-20260708.html	765
CLERK_USAGE	approved/visual-identity-pass-7-1/clerk-private-profile-before-visual-identity-20260708.html	796
CLERK_USAGE	approved/visual-identity-pass-7-1/clerk-private-profile-before-visual-identity-20260708.html	828
CLERK_USAGE	approved/visual-identity-pass-7-1/clerk-private-profile-before-visual-identity-20260708.html	940
CLERK_USAGE	approved/visual-identity-pass-7-1/clerk-private-profile-before-visual-identity-20260708.html	941
CLERK_USAGE	approved/visual-identity-pass-7-1/clerk-private-profile-before-visual-identity-20260708.html	958
CLERK_USAGE	approved/visual-identity-pass-7-1/clerk-private-profile-before-visual-identity-20260708.html	968
CLERK_USAGE	approved/visual-identity-pass-7-1/clerk-private-profile-before-visual-identity-20260708.html	1000
CLERK_USAGE	approved/visual-identity-pass-7-1/clerk-private-profile-before-visual-identity-20260708.html	1010
CLERK_USAGE	approved/visual-identity-pass-7-1/clerk-private-profile-before-visual-identity-20260708.html	1011
CLERK_USAGE	approved/visual-identity-pass-7-1/clerk-private-profile-before-visual-identity-20260708.html	1018
CLERK_USAGE	approved/visual-identity-pass-7-1/clerk-private-profile-before-visual-identity-20260708.html	1020
CLERK_USAGE	approved/visual-identity-pass-7-1/clerk-private-profile-before-visual-identity-20260708.html	1025
CLERK_USAGE	approved/visual-identity-pass-7-1/clerk-private-profile-before-visual-identity-20260708.html	1026
CLERK_USAGE	approved/visual-identity-pass-7-1/clerk-private-profile-before-visual-identity-20260708.html	1031
CLERK_USAGE	approved/visual-identity-pass-7-1/index-before-visual-identity-20260708.html	18
CLERK_USAGE	approved/visual-identity-pass-7-1/index-before-visual-identity-20260708.html	24
CLERK_USAGE	approved/visual-identity-pass-7-1/index-before-visual-identity-20260708.html	25
CLERK_USAGE	approved/visual-identity-pass-7-1/index-before-visual-identity-20260708.html	28
CLERK_USAGE	approved/visual-identity-pass-7-1/index-before-visual-identity-20260708.html	59
CLERK_USAGE	approved/visual-identity-pass-7-1/index-before-visual-identity-20260708.html	133
CLERK_USAGE	approved/visual-identity-pass-7-1/styles-before-visual-identity-20260708.css	4266
CLERK_USAGE	auth-clerk-index.js	11
CLERK_USAGE	auth-clerk-index.js	20
CLERK_USAGE	auth-clerk-index.js	21
CLERK_USAGE	auth-clerk-index.js	24
CLERK_USAGE	auth-clerk-index.js	25
CLERK_USAGE	auth-clerk-index.js	30
CLERK_USAGE	auth-clerk-index.js	32
CLERK_USAGE	auth-clerk-index.js	33
CLERK_USAGE	auth-clerk-index.js	34
CLERK_USAGE	auth-clerk-index.js	35
CLERK_USAGE	auth-clerk-index.js	45
CLERK_USAGE	auth-clerk-index.js	49
CLERK_USAGE	auth-clerk-index.js	67
CLERK_USAGE	auth-clerk-index.js	77
CLERK_USAGE	auth-clerk-index.js	79
CLERK_USAGE	auth-clerk-index.js	82
CLERK_USAGE	auth-clerk-index.js	85
CLERK_USAGE	auth-clerk-index.js	97
CLERK_USAGE	auth-clerk-index.js	99
CLERK_USAGE	auth-clerk-index.js	102
CLERK_USAGE	auth-clerk-index.js	103
CLERK_USAGE	auth-clerk-index.js	105
CLERK_USAGE	auth-clerk-index.js	107
CLERK_USAGE	auth-clerk-index.js	108
CLERK_USAGE	auth-clerk-index.js	109
CLERK_USAGE	auth-clerk-index.js	110
CLERK_USAGE	auth-clerk-index.js	114
CLERK_USAGE	auth-clerk-index.js	116
CLERK_USAGE	auth-clerk-index.js	117
CLERK_USAGE	auth-clerk-index.js	118
CLERK_USAGE	auth-clerk-index.js	122
CLERK_USAGE	auth-clerk-index.js	126
CLERK_USAGE	auth-supabase.js	91
CLERK_USAGE	auth-supabase.js	213
CLERK_USAGE	auth.js	99
CLERK_USAGE	backups/clerk-private-profile.before-atomic-profile-resolver.html	6
CLERK_USAGE	backups/clerk-private-profile.before-atomic-profile-resolver.html	117
CLERK_USAGE	backups/clerk-private-profile.before-atomic-profile-resolver.html	118
CLERK_USAGE	backups/clerk-private-profile.before-atomic-profile-resolver.html	663
CLERK_USAGE	backups/clerk-private-profile.before-atomic-profile-resolver.html	668
CLERK_USAGE	backups/clerk-private-profile.before-atomic-profile-resolver.html	669
CLERK_USAGE	backups/clerk-private-profile.before-atomic-profile-resolver.html	672
CLERK_USAGE	backups/clerk-private-profile.before-atomic-profile-resolver.html	673
CLERK_USAGE	backups/clerk-private-profile.before-atomic-profile-resolver.html	675
CLERK_USAGE	backups/clerk-private-profile.before-atomic-profile-resolver.html	680
CLERK_USAGE	backups/clerk-private-profile.before-atomic-profile-resolver.html	692
CLERK_USAGE	backups/clerk-private-profile.before-atomic-profile-resolver.html	693
CLERK_USAGE	backups/clerk-private-profile.before-atomic-profile-resolver.html	697
CLERK_USAGE	backups/clerk-private-profile.before-atomic-profile-resolver.html	699
CLERK_USAGE	backups/clerk-private-profile.before-atomic-profile-resolver.html	703
CLERK_USAGE	backups/clerk-private-profile.before-atomic-profile-resolver.html	704
CLERK_USAGE	backups/clerk-private-profile.before-atomic-profile-resolver.html	706
CLERK_USAGE	backups/clerk-private-profile.before-atomic-profile-resolver.html	707
CLERK_USAGE	backups/clerk-private-profile.before-atomic-profile-resolver.html	712
CLERK_USAGE	backups/clerk-private-profile.before-atomic-profile-resolver.html	713
CLERK_USAGE	backups/clerk-private-profile.before-atomic-profile-resolver.html	716
CLERK_USAGE	backups/clerk-private-profile.before-atomic-profile-resolver.html	721
CLERK_USAGE	backups/clerk-private-profile.before-atomic-profile-resolver.html	724
CLERK_USAGE	backups/clerk-private-profile.before-atomic-profile-resolver.html	726
CLERK_USAGE	backups/clerk-private-profile.before-atomic-profile-resolver.html	731
CLERK_USAGE	backups/clerk-private-profile.before-atomic-profile-resolver.html	744
CLERK_USAGE	backups/clerk-private-profile.before-atomic-profile-resolver.html	746
CLERK_USAGE	backups/clerk-private-profile.before-atomic-profile-resolver.html	749
CLERK_USAGE	backups/clerk-private-profile.before-atomic-profile-resolver.html	750
CLERK_USAGE	backups/clerk-private-profile.before-atomic-profile-resolver.html	751
CLERK_USAGE	backups/clerk-private-profile.before-atomic-profile-resolver.html	757
CLERK_USAGE	backups/clerk-private-profile.before-atomic-profile-resolver.html	762
CLERK_USAGE	backups/clerk-private-profile.before-atomic-profile-resolver.html	763
CLERK_USAGE	backups/clerk-private-profile.before-atomic-profile-resolver.html	764
CLERK_USAGE	backups/clerk-private-profile.before-atomic-profile-resolver.html	773
CLERK_USAGE	backups/clerk-private-profile.before-atomic-profile-resolver.html	774
CLERK_USAGE	backups/clerk-private-profile.before-atomic-profile-resolver.html	776
CLERK_USAGE	backups/clerk-private-profile.before-atomic-profile-resolver.html	801
CLERK_USAGE	backups/clerk-private-profile.before-atomic-profile-resolver.html	802
CLERK_USAGE	backups/clerk-private-profile.before-atomic-profile-resolver.html	803
CLERK_USAGE	backups/clerk-private-profile.before-atomic-profile-resolver.html	848
CLERK_USAGE	backups/clerk-private-profile.before-atomic-profile-resolver.html	879
CLERK_USAGE	backups/clerk-private-profile.before-atomic-profile-resolver.html	880
CLERK_USAGE	backups/clerk-private-profile.before-atomic-profile-resolver.html	881
CLERK_USAGE	backups/clerk-private-profile.before-atomic-profile-resolver.html	882
CLERK_USAGE	backups/clerk-private-profile.before-atomic-profile-resolver.html	888
CLERK_USAGE	backups/clerk-private-profile.before-atomic-profile-resolver.html	889
CLERK_USAGE	backups/clerk-private-profile.before-atomic-profile-resolver.html	890
CLERK_USAGE	backups/clerk-private-profile.before-atomic-profile-resolver.html	893
CLERK_USAGE	backups/clerk-private-profile.before-atomic-profile-resolver.html	897
CLERK_USAGE	backups/clerk-private-profile.before-atomic-profile-resolver.html	898
CLERK_USAGE	backups/clerk-private-profile.before-atomic-profile-resolver.html	902
CLERK_USAGE	backups/clerk-private-profile.before-atomic-profile-resolver.html	903
CLERK_USAGE	backups/clerk-private-profile.before-atomic-profile-resolver.html	904
CLERK_USAGE	backups/clerk-private-profile.before-atomic-profile-resolver.html	905
CLERK_USAGE	backups/clerk-private-profile.before-atomic-profile-resolver.html	911
CLERK_USAGE	backups/clerk-private-profile.before-atomic-profile-resolver.html	914
CLERK_USAGE	backups/clerk-private-profile.before-atomic-profile-resolver.html	928
CLERK_USAGE	backups/clerk-private-profile.before-atomic-profile-resolver.html	929
CLERK_USAGE	backups/clerk-private-profile.before-atomic-profile-resolver.html	930
CLERK_USAGE	backups/clerk-private-profile.before-atomic-profile-resolver.html	945
CLERK_USAGE	backups/clerk-private-profile.before-atomic-profile-resolver.html	1025
CLERK_USAGE	backups/clerk-private-profile.before-atomic-profile-resolver.html	1059
CLERK_USAGE	backups/clerk-private-profile.before-atomic-profile-resolver.html	1065
CLERK_USAGE	backups/clerk-private-profile.before-atomic-profile-resolver.html	1078
CLERK_USAGE	backups/clerk-private-profile.before-atomic-profile-resolver.html	1094
CLERK_USAGE	backups/clerk-private-profile.before-atomic-profile-resolver.html	1098
CLERK_USAGE	backups/clerk-private-profile.before-atomic-profile-resolver.html	1126
CLERK_USAGE	backups/clerk-private-profile.before-atomic-profile-resolver.html	1194
CLERK_USAGE	backups/clerk-private-profile.before-atomic-profile-resolver.html	1313
CLERK_USAGE	backups/clerk-private-profile.before-atomic-profile-resolver.html	1324
CLERK_USAGE	backups/clerk-private-profile.before-atomic-profile-resolver.html	1325
CLERK_USAGE	backups/clerk-private-profile.before-atomic-profile-resolver.html	1326
CLERK_USAGE	backups/clerk-private-profile.before-atomic-profile-resolver.html	1329
CLERK_USAGE	backups/clerk-private-profile.before-atomic-profile-resolver.html	1337
CLERK_USAGE	backups/clerk-private-profile.before-atomic-profile-resolver.html	1343
CLERK_USAGE	backups/clerk-private-profile.before-atomic-profile-resolver.html	1376
CLERK_USAGE	backups/clerk-private-profile.before-atomic-profile-resolver.html	1426
CLERK_USAGE	backups/clerk-private-profile.before-atomic-profile-resolver.html	1457
CLERK_USAGE	backups/clerk-private-profile.before-atomic-profile-resolver.html	1488
CLERK_USAGE	backups/clerk-private-profile.before-atomic-profile-resolver.html	1520
CLERK_USAGE	backups/clerk-private-profile.before-atomic-profile-resolver.html	1632
CLERK_USAGE	backups/clerk-private-profile.before-atomic-profile-resolver.html	1633
CLERK_USAGE	backups/clerk-private-profile.before-atomic-profile-resolver.html	1650
CLERK_USAGE	backups/clerk-private-profile.before-atomic-profile-resolver.html	1692
CLERK_USAGE	backups/clerk-private-profile.before-atomic-profile-resolver.html	1707
CLERK_USAGE	backups/clerk-private-profile.before-jwt-rls-bridge.html	6
CLERK_USAGE	backups/clerk-private-profile.before-jwt-rls-bridge.html	117
CLERK_USAGE	backups/clerk-private-profile.before-jwt-rls-bridge.html	118
CLERK_USAGE	backups/clerk-private-profile.before-jwt-rls-bridge.html	663
CLERK_USAGE	backups/clerk-private-profile.before-jwt-rls-bridge.html	669
CLERK_USAGE	backups/clerk-private-profile.before-jwt-rls-bridge.html	672
CLERK_USAGE	backups/clerk-private-profile.before-jwt-rls-bridge.html	713
CLERK_USAGE	backups/clerk-private-profile.before-jwt-rls-bridge.html	740
CLERK_USAGE	backups/clerk-private-profile.before-jwt-rls-bridge.html	742
CLERK_USAGE	backups/clerk-private-profile.before-jwt-rls-bridge.html	746
CLERK_USAGE	backups/clerk-private-profile.before-jwt-rls-bridge.html	752
CLERK_USAGE	backups/clerk-private-profile.before-jwt-rls-bridge.html	753
CLERK_USAGE	backups/clerk-private-profile.before-jwt-rls-bridge.html	756
CLERK_USAGE	backups/clerk-private-profile.before-jwt-rls-bridge.html	757
CLERK_USAGE	backups/clerk-private-profile.before-jwt-rls-bridge.html	762
CLERK_USAGE	backups/clerk-private-profile.before-jwt-rls-bridge.html	766
CLERK_USAGE	backups/clerk-private-profile.before-jwt-rls-bridge.html	775
CLERK_USAGE	backups/clerk-private-profile.before-jwt-rls-bridge.html	783
CLERK_USAGE	backups/clerk-private-profile.before-jwt-rls-bridge.html	790
CLERK_USAGE	backups/clerk-private-profile.before-jwt-rls-bridge.html	791
CLERK_USAGE	backups/clerk-private-profile.before-jwt-rls-bridge.html	795
CLERK_USAGE	backups/clerk-private-profile.before-jwt-rls-bridge.html	796
CLERK_USAGE	backups/clerk-private-profile.before-jwt-rls-bridge.html	797
CLERK_USAGE	backups/clerk-private-profile.before-jwt-rls-bridge.html	798
CLERK_USAGE	backups/clerk-private-profile.before-jwt-rls-bridge.html	804
CLERK_USAGE	backups/clerk-private-profile.before-jwt-rls-bridge.html	807
CLERK_USAGE	backups/clerk-private-profile.before-jwt-rls-bridge.html	821
CLERK_USAGE	backups/clerk-private-profile.before-jwt-rls-bridge.html	825
CLERK_USAGE	backups/clerk-private-profile.before-jwt-rls-bridge.html	892
CLERK_USAGE	backups/clerk-private-profile.before-jwt-rls-bridge.html	926
CLERK_USAGE	backups/clerk-private-profile.before-jwt-rls-bridge.html	932
CLERK_USAGE	backups/clerk-private-profile.before-jwt-rls-bridge.html	948
CLERK_USAGE	backups/clerk-private-profile.before-jwt-rls-bridge.html	952
CLERK_USAGE	backups/clerk-private-profile.before-jwt-rls-bridge.html	968
CLERK_USAGE	backups/clerk-private-profile.before-jwt-rls-bridge.html	1036
CLERK_USAGE	backups/clerk-private-profile.before-jwt-rls-bridge.html	1149
CLERK_USAGE	backups/clerk-private-profile.before-jwt-rls-bridge.html	1157
CLERK_USAGE	backups/clerk-private-profile.before-jwt-rls-bridge.html	1158
CLERK_USAGE	backups/clerk-private-profile.before-jwt-rls-bridge.html	1159
CLERK_USAGE	backups/clerk-private-profile.before-jwt-rls-bridge.html	1161
CLERK_USAGE	backups/clerk-private-profile.before-jwt-rls-bridge.html	1163
CLERK_USAGE	backups/clerk-private-profile.before-jwt-rls-bridge.html	1172
CLERK_USAGE	backups/clerk-private-profile.before-jwt-rls-bridge.html	1178
CLERK_USAGE	backups/clerk-private-profile.before-jwt-rls-bridge.html	1202
CLERK_USAGE	backups/clerk-private-profile.before-jwt-rls-bridge.html	1268
CLERK_USAGE	backups/clerk-private-profile.before-jwt-rls-bridge.html	1299
CLERK_USAGE	backups/clerk-private-profile.before-jwt-rls-bridge.html	1331
CLERK_USAGE	backups/clerk-private-profile.before-jwt-rls-bridge.html	1443
CLERK_USAGE	backups/clerk-private-profile.before-jwt-rls-bridge.html	1444
CLERK_USAGE	backups/clerk-private-profile.before-jwt-rls-bridge.html	1461
CLERK_USAGE	backups/clerk-private-profile.before-jwt-rls-bridge.html	1503
CLERK_USAGE	backups/clerk-private-profile.before-jwt-rls-bridge.html	1511
CLERK_USAGE	backups/clerk-private-profile.before-jwt-rls-bridge.html	1518
CLERK_USAGE	backups/clerk-private-profile.before-profile-resilience-shell.html	117
CLERK_USAGE	backups/clerk-private-profile.before-profile-resilience-shell.html	118
CLERK_USAGE	backups/clerk-private-profile.before-profile-resilience-shell.html	663
CLERK_USAGE	backups/clerk-private-profile.before-profile-resilience-shell.html	664
CLERK_USAGE	backups/clerk-private-profile.before-profile-resilience-shell.html	669
CLERK_USAGE	backups/clerk-private-profile.before-profile-resilience-shell.html	670
CLERK_USAGE	backups/clerk-private-profile.before-profile-resilience-shell.html	673
CLERK_USAGE	backups/clerk-private-profile.before-profile-resilience-shell.html	674
CLERK_USAGE	backups/clerk-private-profile.before-profile-resilience-shell.html	676
CLERK_USAGE	backups/clerk-private-profile.before-profile-resilience-shell.html	681
CLERK_USAGE	backups/clerk-private-profile.before-profile-resilience-shell.html	693
CLERK_USAGE	backups/clerk-private-profile.before-profile-resilience-shell.html	694
CLERK_USAGE	backups/clerk-private-profile.before-profile-resilience-shell.html	698
CLERK_USAGE	backups/clerk-private-profile.before-profile-resilience-shell.html	700
CLERK_USAGE	backups/clerk-private-profile.before-profile-resilience-shell.html	704
CLERK_USAGE	backups/clerk-private-profile.before-profile-resilience-shell.html	705
CLERK_USAGE	backups/clerk-private-profile.before-profile-resilience-shell.html	707
CLERK_USAGE	backups/clerk-private-profile.before-profile-resilience-shell.html	708
CLERK_USAGE	backups/clerk-private-profile.before-profile-resilience-shell.html	713
CLERK_USAGE	backups/clerk-private-profile.before-profile-resilience-shell.html	714
CLERK_USAGE	backups/clerk-private-profile.before-profile-resilience-shell.html	717
CLERK_USAGE	backups/clerk-private-profile.before-profile-resilience-shell.html	722
CLERK_USAGE	backups/clerk-private-profile.before-profile-resilience-shell.html	725
CLERK_USAGE	backups/clerk-private-profile.before-profile-resilience-shell.html	727
CLERK_USAGE	backups/clerk-private-profile.before-profile-resilience-shell.html	732
CLERK_USAGE	backups/clerk-private-profile.before-profile-resilience-shell.html	745
CLERK_USAGE	backups/clerk-private-profile.before-profile-resilience-shell.html	747
CLERK_USAGE	backups/clerk-private-profile.before-profile-resilience-shell.html	750
CLERK_USAGE	backups/clerk-private-profile.before-profile-resilience-shell.html	751
CLERK_USAGE	backups/clerk-private-profile.before-profile-resilience-shell.html	752
CLERK_USAGE	backups/clerk-private-profile.before-profile-resilience-shell.html	758
CLERK_USAGE	backups/clerk-private-profile.before-profile-resilience-shell.html	763
CLERK_USAGE	backups/clerk-private-profile.before-profile-resilience-shell.html	764
CLERK_USAGE	backups/clerk-private-profile.before-profile-resilience-shell.html	765
CLERK_USAGE	backups/clerk-private-profile.before-profile-resilience-shell.html	774
CLERK_USAGE	backups/clerk-private-profile.before-profile-resilience-shell.html	775
CLERK_USAGE	backups/clerk-private-profile.before-profile-resilience-shell.html	777
CLERK_USAGE	backups/clerk-private-profile.before-profile-resilience-shell.html	802
CLERK_USAGE	backups/clerk-private-profile.before-profile-resilience-shell.html	803
CLERK_USAGE	backups/clerk-private-profile.before-profile-resilience-shell.html	804
CLERK_USAGE	backups/clerk-private-profile.before-profile-resilience-shell.html	853
CLERK_USAGE	backups/clerk-private-profile.before-profile-resilience-shell.html	884
CLERK_USAGE	backups/clerk-private-profile.before-profile-resilience-shell.html	885
CLERK_USAGE	backups/clerk-private-profile.before-profile-resilience-shell.html	886
CLERK_USAGE	backups/clerk-private-profile.before-profile-resilience-shell.html	887
CLERK_USAGE	backups/clerk-private-profile.before-profile-resilience-shell.html	893
CLERK_USAGE	backups/clerk-private-profile.before-profile-resilience-shell.html	894
CLERK_USAGE	backups/clerk-private-profile.before-profile-resilience-shell.html	895
CLERK_USAGE	backups/clerk-private-profile.before-profile-resilience-shell.html	898
CLERK_USAGE	backups/clerk-private-profile.before-profile-resilience-shell.html	902
CLERK_USAGE	backups/clerk-private-profile.before-profile-resilience-shell.html	903
CLERK_USAGE	backups/clerk-private-profile.before-profile-resilience-shell.html	907
CLERK_USAGE	backups/clerk-private-profile.before-profile-resilience-shell.html	908
CLERK_USAGE	backups/clerk-private-profile.before-profile-resilience-shell.html	909
CLERK_USAGE	backups/clerk-private-profile.before-profile-resilience-shell.html	910
CLERK_USAGE	backups/clerk-private-profile.before-profile-resilience-shell.html	916
CLERK_USAGE	backups/clerk-private-profile.before-profile-resilience-shell.html	919
CLERK_USAGE	backups/clerk-private-profile.before-profile-resilience-shell.html	933
CLERK_USAGE	backups/clerk-private-profile.before-profile-resilience-shell.html	934
CLERK_USAGE	backups/clerk-private-profile.before-profile-resilience-shell.html	935
CLERK_USAGE	backups/clerk-private-profile.before-profile-resilience-shell.html	950
CLERK_USAGE	backups/clerk-private-profile.before-profile-resilience-shell.html	1030
CLERK_USAGE	backups/clerk-private-profile.before-profile-resilience-shell.html	1064
CLERK_USAGE	backups/clerk-private-profile.before-profile-resilience-shell.html	1070
CLERK_USAGE	backups/clerk-private-profile.before-profile-resilience-shell.html	1083
CLERK_USAGE	backups/clerk-private-profile.before-profile-resilience-shell.html	1099
CLERK_USAGE	backups/clerk-private-profile.before-profile-resilience-shell.html	1103
CLERK_USAGE	backups/clerk-private-profile.before-profile-resilience-shell.html	1131
CLERK_USAGE	backups/clerk-private-profile.before-profile-resilience-shell.html	1147
CLERK_USAGE	backups/clerk-private-profile.before-profile-resilience-shell.html	1151
CLERK_USAGE	backups/clerk-private-profile.before-profile-resilience-shell.html	1266
CLERK_USAGE	backups/clerk-private-profile.before-profile-resilience-shell.html	1385
CLERK_USAGE	backups/clerk-private-profile.before-profile-resilience-shell.html	1393
CLERK_USAGE	backups/clerk-private-profile.before-profile-resilience-shell.html	1394
CLERK_USAGE	backups/clerk-private-profile.before-profile-resilience-shell.html	1395
CLERK_USAGE	backups/clerk-private-profile.before-profile-resilience-shell.html	1397
CLERK_USAGE	backups/clerk-private-profile.before-profile-resilience-shell.html	1405
CLERK_USAGE	backups/clerk-private-profile.before-profile-resilience-shell.html	1430
CLERK_USAGE	backups/clerk-private-profile.before-profile-resilience-shell.html	1463
CLERK_USAGE	backups/clerk-private-profile.before-profile-resilience-shell.html	1513
CLERK_USAGE	backups/clerk-private-profile.before-profile-resilience-shell.html	1544
CLERK_USAGE	backups/clerk-private-profile.before-profile-resilience-shell.html	1575
CLERK_USAGE	backups/clerk-private-profile.before-profile-resilience-shell.html	1607
CLERK_USAGE	backups/clerk-private-profile.before-profile-resilience-shell.html	1737
CLERK_USAGE	backups/clerk-private-profile.before-profile-resilience-shell.html	1779
CLERK_USAGE	backups/clerk-private-profile.before-profile-resilience-shell.html	1794
CLERK_USAGE	backups/clerk-private-profile.before-self-healing-profile-gateway.html	6
CLERK_USAGE	backups/clerk-private-profile.before-self-healing-profile-gateway.html	117
CLERK_USAGE	backups/clerk-private-profile.before-self-healing-profile-gateway.html	118
CLERK_USAGE	backups/clerk-private-profile.before-self-healing-profile-gateway.html	663
CLERK_USAGE	backups/clerk-private-profile.before-self-healing-profile-gateway.html	669
CLERK_USAGE	backups/clerk-private-profile.before-self-healing-profile-gateway.html	672
CLERK_USAGE	backups/clerk-private-profile.before-self-healing-profile-gateway.html	679
CLERK_USAGE	backups/clerk-private-profile.before-self-healing-profile-gateway.html	685
CLERK_USAGE	backups/clerk-private-profile.before-self-healing-profile-gateway.html	687
CLERK_USAGE	backups/clerk-private-profile.before-self-healing-profile-gateway.html	697
CLERK_USAGE	backups/clerk-private-profile.before-self-healing-profile-gateway.html	701
CLERK_USAGE	backups/clerk-private-profile.before-self-healing-profile-gateway.html	722
CLERK_USAGE	backups/clerk-private-profile.before-self-healing-profile-gateway.html	738
CLERK_USAGE	backups/clerk-private-profile.before-self-healing-profile-gateway.html	792
CLERK_USAGE	backups/clerk-private-profile.before-self-healing-profile-gateway.html	823
CLERK_USAGE	backups/clerk-private-profile.before-self-healing-profile-gateway.html	855
CLERK_USAGE	backups/clerk-private-profile.before-self-healing-profile-gateway.html	967
CLERK_USAGE	backups/clerk-private-profile.before-self-healing-profile-gateway.html	968
CLERK_USAGE	backups/clerk-private-profile.before-self-healing-profile-gateway.html	985
CLERK_USAGE	backups/clerk-private-profile.before-self-healing-profile-gateway.html	1027
CLERK_USAGE	backups/clerk-private-profile.before-self-healing-profile-gateway.html	1037
CLERK_USAGE	backups/clerk-private-profile.before-self-healing-profile-gateway.html	1038
CLERK_USAGE	backups/clerk-private-profile.before-self-healing-profile-gateway.html	1045
CLERK_USAGE	backups/clerk-private-profile.before-self-healing-profile-gateway.html	1047
CLERK_USAGE	backups/clerk-private-profile.before-self-healing-profile-gateway.html	1052
CLERK_USAGE	backups/clerk-private-profile.before-self-healing-profile-gateway.html	1053
CLERK_USAGE	backups/clerk-private-profile.before-self-healing-profile-gateway.html	1058
CLERK_USAGE	backups/visual-trust-layer/phase-2-2/public-profile.before-readable-lock.20260709-184736.html	709
CLERK_USAGE	backups/visual-trust-layer/phase-2-2/public-profile.before-readable-lock.20260709-184736.html	937
CLERK_USAGE	backups/visual-trust-layer/phase-2-2/public-profile.before-readable-lock.20260709-184736.html	960
CLERK_USAGE	backups/visual-trust-layer/phase-2-2/public-profile.before-readable-lock.20260709-184736.html	1159
CLERK_USAGE	backups/visual-trust-layer/phase-2-2/vvip-visual-trust-layer.before-readable-lock.20260709-184736.css	7
CLERK_USAGE	clerk-private-profile.html	117
CLERK_USAGE	clerk-private-profile.html	118
CLERK_USAGE	clerk-private-profile.html	664
CLERK_USAGE	clerk-private-profile.html	665
CLERK_USAGE	clerk-private-profile.html	670
CLERK_USAGE	clerk-private-profile.html	671
CLERK_USAGE	clerk-private-profile.html	674
CLERK_USAGE	clerk-private-profile.html	675
CLERK_USAGE	clerk-private-profile.html	677
CLERK_USAGE	clerk-private-profile.html	682
CLERK_USAGE	clerk-private-profile.html	694
CLERK_USAGE	clerk-private-profile.html	695
CLERK_USAGE	clerk-private-profile.html	699
CLERK_USAGE	clerk-private-profile.html	701
CLERK_USAGE	clerk-private-profile.html	705
CLERK_USAGE	clerk-private-profile.html	706
CLERK_USAGE	clerk-private-profile.html	708
CLERK_USAGE	clerk-private-profile.html	709
CLERK_USAGE	clerk-private-profile.html	714
CLERK_USAGE	clerk-private-profile.html	715
CLERK_USAGE	clerk-private-profile.html	718
CLERK_USAGE	clerk-private-profile.html	723
CLERK_USAGE	clerk-private-profile.html	726
CLERK_USAGE	clerk-private-profile.html	728
CLERK_USAGE	clerk-private-profile.html	733
CLERK_USAGE	clerk-private-profile.html	746
CLERK_USAGE	clerk-private-profile.html	748
CLERK_USAGE	clerk-private-profile.html	751
CLERK_USAGE	clerk-private-profile.html	752
CLERK_USAGE	clerk-private-profile.html	753
CLERK_USAGE	clerk-private-profile.html	759
CLERK_USAGE	clerk-private-profile.html	764
CLERK_USAGE	clerk-private-profile.html	765
CLERK_USAGE	clerk-private-profile.html	766
CLERK_USAGE	clerk-private-profile.html	775
CLERK_USAGE	clerk-private-profile.html	776
CLERK_USAGE	clerk-private-profile.html	778
CLERK_USAGE	clerk-private-profile.html	806
CLERK_USAGE	clerk-private-profile.html	807
CLERK_USAGE	clerk-private-profile.html	811
CLERK_USAGE	clerk-private-profile.html	813
CLERK_USAGE	clerk-private-profile.html	814
CLERK_USAGE	clerk-private-profile.html	818
CLERK_USAGE	clerk-private-profile.html	822
CLERK_USAGE	clerk-private-profile.html	824
CLERK_USAGE	clerk-private-profile.html	831
CLERK_USAGE	clerk-private-profile.html	832
CLERK_USAGE	clerk-private-profile.html	835
CLERK_USAGE	clerk-private-profile.html	836
CLERK_USAGE	clerk-private-profile.html	841
CLERK_USAGE	clerk-private-profile.html	855
CLERK_USAGE	clerk-private-profile.html	868
CLERK_USAGE	clerk-private-profile.html	869
CLERK_USAGE	clerk-private-profile.html	875
CLERK_USAGE	clerk-private-profile.html	881
CLERK_USAGE	clerk-private-profile.html	887
CLERK_USAGE	clerk-private-profile.html	919
CLERK_USAGE	clerk-private-profile.html	961
CLERK_USAGE	clerk-private-profile.html	962
CLERK_USAGE	clerk-private-profile.html	963
CLERK_USAGE	clerk-private-profile.html	1011
CLERK_USAGE	clerk-private-profile.html	1042
CLERK_USAGE	clerk-private-profile.html	1043
CLERK_USAGE	clerk-private-profile.html	1044
CLERK_USAGE	clerk-private-profile.html	1045
CLERK_USAGE	clerk-private-profile.html	1051
CLERK_USAGE	clerk-private-profile.html	1052
CLERK_USAGE	clerk-private-profile.html	1053
CLERK_USAGE	clerk-private-profile.html	1056
CLERK_USAGE	clerk-private-profile.html	1060
CLERK_USAGE	clerk-private-profile.html	1061
CLERK_USAGE	clerk-private-profile.html	1065
CLERK_USAGE	clerk-private-profile.html	1066
CLERK_USAGE	clerk-private-profile.html	1067
CLERK_USAGE	clerk-private-profile.html	1068
CLERK_USAGE	clerk-private-profile.html	1074
CLERK_USAGE	clerk-private-profile.html	1077
CLERK_USAGE	clerk-private-profile.html	1091
CLERK_USAGE	clerk-private-profile.html	1092
CLERK_USAGE	clerk-private-profile.html	1093
CLERK_USAGE	clerk-private-profile.html	1108
CLERK_USAGE	clerk-private-profile.html	1188
CLERK_USAGE	clerk-private-profile.html	1222
CLERK_USAGE	clerk-private-profile.html	1228
CLERK_USAGE	clerk-private-profile.html	1241
CLERK_USAGE	clerk-private-profile.html	1257
CLERK_USAGE	clerk-private-profile.html	1261
CLERK_USAGE	clerk-private-profile.html	1289
CLERK_USAGE	clerk-private-profile.html	1305
CLERK_USAGE	clerk-private-profile.html	1309
CLERK_USAGE	clerk-private-profile.html	1424
CLERK_USAGE	clerk-private-profile.html	1543
CLERK_USAGE	clerk-private-profile.html	1555
CLERK_USAGE	clerk-private-profile.html	1562
CLERK_USAGE	clerk-private-profile.html	1563
CLERK_USAGE	clerk-private-profile.html	1565
CLERK_USAGE	clerk-private-profile.html	1569
CLERK_USAGE	clerk-private-profile.html	1574
CLERK_USAGE	clerk-private-profile.html	1586
CLERK_USAGE	clerk-private-profile.html	1608
CLERK_USAGE	clerk-private-profile.html	1628
CLERK_USAGE	clerk-private-profile.html	1629
CLERK_USAGE	clerk-private-profile.html	1630
CLERK_USAGE	clerk-private-profile.html	1631
CLERK_USAGE	clerk-private-profile.html	1633
CLERK_USAGE	clerk-private-profile.html	1642
CLERK_USAGE	clerk-private-profile.html	1652
CLERK_USAGE	clerk-private-profile.html	1663
CLERK_USAGE	clerk-private-profile.html	1670
CLERK_USAGE	clerk-private-profile.html	1676
CLERK_USAGE	clerk-private-profile.html	1684
CLERK_USAGE	clerk-private-profile.html	1699
CLERK_USAGE	clerk-private-profile.html	1730
CLERK_USAGE	clerk-private-profile.html	1761
CLERK_USAGE	clerk-private-profile.html	1793
CLERK_USAGE	clerk-private-profile.html	1923
CLERK_USAGE	clerk-private-profile.html	1965
CLERK_USAGE	clerk-private-profile.html	1980
CLERK_USAGE	clerk-test.html	6
CLERK_USAGE	clerk-test.html	138
CLERK_USAGE	clerk-test.html	145
CLERK_USAGE	clerk-test.html	146
CLERK_USAGE	clerk-test.html	160
CLERK_USAGE	clerk-test.html	181
CLERK_USAGE	clerk-test.html	182
CLERK_USAGE	clerk-test.html	188
CLERK_USAGE	clerk-test.html	192
CLERK_USAGE	clerk-test.html	196
CLERK_USAGE	clerk-test.html	203
CLERK_USAGE	clerk-test.html	204
CLERK_USAGE	clerk-test.html	205
CLERK_USAGE	clerk-test.html	206
CLERK_USAGE	clerk-test.html	207
CLERK_USAGE	clerk-test.html	212
CLERK_USAGE	clerk-test.html	215
CLERK_USAGE	clerk-test.html	225
CLERK_USAGE	clerk-test.html	227
CLERK_USAGE	clerk-test.html	229
CLERK_USAGE	clerk-test.html	230
CLERK_USAGE	clerk-test.html	231
CLERK_USAGE	clerk-test.html	232
CLERK_USAGE	clerk-test.html	238
CLERK_USAGE	clerk-test.html	239
CLERK_USAGE	clerk-test.html	244
CLERK_USAGE	clerk-test.html	247
CLERK_USAGE	docs/PROFILE_RESILIENCE_SHELL_CLOSURE.md	13
CLERK_USAGE	docs/PROFILE_RESILIENCE_SHELL_CLOSURE.md	22
CLERK_USAGE	docs/PROFILE_RESILIENCE_SHELL_CLOSURE.md	36
CLERK_USAGE	docs/PROFILE_RESILIENCE_SHELL_CLOSURE.md	38
CLERK_USAGE	docs/PROFILE_RESILIENCE_SHELL_CLOSURE.md	76
CLERK_USAGE	docs/VVIP_TIGER_AUTH_AUDIT.md	15
CLERK_USAGE	docs/VVIP_TIGER_AUTH_AUDIT.md	26
CLERK_USAGE	docs/VVIP_TIGER_AUTH_AUDIT.md	29
CLERK_USAGE	docs/VVIP_TIGER_AUTH_AUDIT.md	33
CLERK_USAGE	docs/VVIP_TIGER_AUTH_AUDIT.md	35
CLERK_USAGE	docs/VVIP_TIGER_AUTH_AUDIT.md	37
CLERK_USAGE	docs/VVIP_TIGER_AUTH_AUDIT.md	40
CLERK_USAGE	docs/VVIP_TIGER_AUTH_AUDIT.md	41
CLERK_USAGE	docs/VVIP_TIGER_AUTH_AUDIT.md	42
CLERK_USAGE	docs/VVIP_TIGER_AUTH_AUDIT.md	43
CLERK_USAGE	docs/VVIP_TIGER_AUTH_AUDIT.md	44
CLERK_USAGE	docs/VVIP_TIGER_AUTH_AUDIT.md	45
CLERK_USAGE	docs/VVIP_TIGER_AUTH_AUDIT.md	47
CLERK_USAGE	docs/VVIP_TIGER_AUTH_AUDIT.md	59
CLERK_USAGE	docs/VVIP_TIGER_AUTH_AUDIT.md	69
CLERK_USAGE	docs/VVIP_TIGER_AUTH_AUDIT.md	75
CLERK_USAGE	docs/VVIP_TIGER_AUTH_AUDIT.md	77
CLERK_USAGE	docs/VVIP_TIGER_AUTH_AUDIT.md	85
CLERK_USAGE	docs/VVIP_TIGER_AUTH_AUDIT.md	89
CLERK_USAGE	docs/VVIP_TIGER_AUTH_AUDIT.md	103
CLERK_USAGE	docs/VVIP_TIGER_AUTH_AUDIT.md	124
CLERK_USAGE	docs/VVIP_TIGER_CLERK_PROFILE_TABLE_LOG.md	1
CLERK_USAGE	docs/VVIP_TIGER_CLERK_PROFILE_TABLE_LOG.md	2
CLERK_USAGE	docs/VVIP_TIGER_CLERK_PROFILE_TABLE_LOG.md	4
CLERK_USAGE	docs/VVIP_TIGER_CLERK_PROFILE_TABLE_LOG.md	14
CLERK_USAGE	docs/VVIP_TIGER_CLERK_PROFILE_TABLE_LOG.md	16
CLERK_USAGE	docs/VVIP_TIGER_CLERK_PROFILE_TABLE_LOG.md	22
CLERK_USAGE	docs/VVIP_TIGER_CLERK_PROFILE_TABLE_LOG.md	32
CLERK_USAGE	docs/VVIP_TIGER_CLERK_PROFILE_TABLE_LOG.md	36
CLERK_USAGE	docs/VVIP_TIGER_CLERK_PROFILE_TABLE_LOG.md	37
CLERK_USAGE	docs/VVIP_TIGER_CLERK_PROFILE_TABLE_LOG.md	38
CLERK_USAGE	docs/VVIP_TIGER_CLERK_PROFILE_TABLE_LOG.md	46
CLERK_USAGE	docs/VVIP_TIGER_CLERK_PROFILE_TABLE_LOG.md	54
CLERK_USAGE	docs/VVIP_TIGER_CLERK_RLS_APPLY_LOG.md	1
CLERK_USAGE	docs/VVIP_TIGER_CLERK_RLS_APPLY_LOG.md	2
CLERK_USAGE	docs/VVIP_TIGER_CLERK_RLS_APPLY_LOG.md	4
CLERK_USAGE	docs/VVIP_TIGER_CLERK_RLS_APPLY_LOG.md	11
CLERK_USAGE	docs/VVIP_TIGER_CLERK_RLS_APPLY_LOG.md	13
CLERK_USAGE	docs/VVIP_TIGER_CLERK_RLS_APPLY_LOG.md	15
CLERK_USAGE	docs/VVIP_TIGER_CLERK_RLS_APPLY_LOG.md	17
CLERK_USAGE	docs/VVIP_TIGER_CLERK_RLS_APPLY_LOG.md	29
CLERK_USAGE	docs/VVIP_TIGER_CLERK_RLS_APPLY_LOG.md	30
CLERK_USAGE	docs/VVIP_TIGER_CLERK_RLS_APPLY_LOG.md	31
CLERK_USAGE	docs/VVIP_TIGER_CLERK_RLS_APPLY_LOG.md	39
CLERK_USAGE	docs/VVIP_TIGER_CLERK_RLS_APPLY_LOG.md	41
CLERK_USAGE	docs/VVIP_TIGER_CLERK_RLS_APPLY_LOG.md	49
CLERK_USAGE	docs/VVIP_TIGER_CLERK_SUPABASE_LINK_SUCCESS.md	1
CLERK_USAGE	docs/VVIP_TIGER_CLERK_SUPABASE_LINK_SUCCESS.md	2
CLERK_USAGE	docs/VVIP_TIGER_CLERK_SUPABASE_LINK_SUCCESS.md	4
CLERK_USAGE	docs/VVIP_TIGER_CLERK_SUPABASE_LINK_SUCCESS.md	13
CLERK_USAGE	docs/VVIP_TIGER_CLERK_SUPABASE_LINK_SUCCESS.md	15
CLERK_USAGE	docs/VVIP_TIGER_CLERK_SUPABASE_LINK_SUCCESS.md	19
CLERK_USAGE	docs/VVIP_TIGER_CLERK_SUPABASE_LINK_SUCCESS.md	22
CLERK_USAGE	docs/VVIP_TIGER_CLERK_SUPABASE_LINK_SUCCESS.md	23
CLERK_USAGE	docs/VVIP_TIGER_CLERK_SUPABASE_LINK_SUCCESS.md	31
CLERK_USAGE	docs/VVIP_TIGER_CLERK_SUPABASE_LINK_SUCCESS.md	37
CLERK_USAGE	docs/VVIP_TIGER_CLERK_SUPABASE_LINK_SUCCESS.md	45
CLERK_USAGE	docs/VVIP_TIGER_CLERK_SUPABASE_LINK_SUCCESS.md	49
CLERK_USAGE	docs/VVIP_TIGER_CLERK_SUPABASE_LINK_SUCCESS.md	57
CLERK_USAGE	docs/VVIP_TIGER_CLERK_SUPABASE_LINK_SUCCESS.md	58
CLERK_USAGE	docs/VVIP_TIGER_CLERK_SUPABASE_LINK_SUCCESS.md	66
CLERK_USAGE	docs/VVIP_TIGER_CLERK_SUPABASE_LINK_SUCCESS.md	70
CLERK_USAGE	docs/VVIP_TIGER_CLERK_SUPABASE_LINK_SUCCESS.md	74
CLERK_USAGE	docs/VVIP_TIGER_CLERK_SUPABASE_LINK_SUCCESS.md	83
CLERK_USAGE	docs/VVIP_TIGER_CLERK_SUPABASE_LINK_SUCCESS.md	99
CLERK_USAGE	docs/VVIP_TIGER_DB_AUDIT.md	53
CLERK_USAGE	docs/VVIP_TIGER_DB_AUDIT.md	166
CLERK_USAGE	docs/VVIP_TIGER_DB_AUDIT.md	234
CLERK_USAGE	docs/VVIP_TIGER_DB_AUDIT.md	239
CLERK_USAGE	docs/VVIP_TIGER_DB_AUDIT.md	249
CLERK_USAGE	docs/VVIP_TIGER_DB_AUDIT.md	300
CLERK_USAGE	docs/VVIP_TIGER_DB_AUDIT.md	326
CLERK_USAGE	docs/VVIP_TIGER_DB_AUDIT.md	344
CLERK_USAGE	docs/VVIP_TIGER_DB_AUDIT.md	363
CLERK_USAGE	docs/VVIP_TIGER_FINAL_FRONTEND_SAFETY_SWEEP.md	9
CLERK_USAGE	docs/VVIP_TIGER_FINAL_FRONTEND_SAFETY_SWEEP.md	34
CLERK_USAGE	docs/VVIP_TIGER_FINAL_FRONTEND_SAFETY_SWEEP.md	42
CLERK_USAGE	docs/VVIP_TIGER_FINAL_FRONTEND_SAFETY_SWEEP.md	43
CLERK_USAGE	docs/VVIP_TIGER_FINAL_FRONTEND_SAFETY_SWEEP.md	138
CLERK_USAGE	docs/VVIP_TIGER_FINAL_FRONTEND_SAFETY_SWEEP.md	139
CLERK_USAGE	docs/VVIP_TIGER_FINAL_FRONTEND_SAFETY_SWEEP.md	140
CLERK_USAGE	docs/VVIP_TIGER_FINAL_FRONTEND_SAFETY_SWEEP.md	141
CLERK_USAGE	docs/VVIP_TIGER_FINAL_FRONTEND_SAFETY_SWEEP.md	142
CLERK_USAGE	docs/VVIP_TIGER_FINAL_FRONTEND_SAFETY_SWEEP.md	143
CLERK_USAGE	docs/VVIP_TIGER_FINAL_FRONTEND_SAFETY_SWEEP.md	144
CLERK_USAGE	docs/VVIP_TIGER_FINAL_FRONTEND_SAFETY_SWEEP.md	145
CLERK_USAGE	docs/VVIP_TIGER_FINAL_FRONTEND_SAFETY_SWEEP.md	146
CLERK_USAGE	docs/VVIP_TIGER_FINAL_FRONTEND_SAFETY_SWEEP.md	156
CLERK_USAGE	docs/VVIP_TIGER_FINAL_FRONTEND_SAFETY_SWEEP.md	157
CLERK_USAGE	docs/VVIP_TIGER_FINAL_FRONTEND_SAFETY_SWEEP.md	158
CLERK_USAGE	docs/VVIP_TIGER_FINAL_FRONTEND_SAFETY_SWEEP_REVIEW.md	37
CLERK_USAGE	docs/VVIP_TIGER_FRONTEND_SAFE_BASELINE.md	19
CLERK_USAGE	docs/VVIP_TIGER_FRONTEND_SAFE_BASELINE.md	60
CLERK_USAGE	docs/VVIP_TIGER_FRONTEND_SAFE_BASELINE.md	72
CLERK_USAGE	docs/VVIP_TIGER_FRONTEND_SAFE_BASELINE.md	74
CLERK_USAGE	docs/VVIP_TIGER_LEGACY_AUTH_AUDIT.md	6
CLERK_USAGE	docs/VVIP_TIGER_LEGACY_AUTH_AUDIT.md	14
CLERK_USAGE	docs/VVIP_TIGER_LEGACY_AUTH_AUDIT.md	16
CLERK_USAGE	docs/VVIP_TIGER_LEGACY_AUTH_AUDIT.md	20
CLERK_USAGE	docs/VVIP_TIGER_LEGACY_AUTH_AUDIT.md	42
CLERK_USAGE	docs/VVIP_TIGER_LEGACY_AUTH_AUDIT.md	44
CLERK_USAGE	docs/VVIP_TIGER_LEGACY_AUTH_AUDIT.md	60
CLERK_USAGE	docs/VVIP_TIGER_LEGACY_AUTH_AUDIT.md	68
CLERK_USAGE	docs/VVIP_TIGER_LEGACY_AUTH_AUDIT.md	88
CLERK_USAGE	docs/VVIP_TIGER_LEGACY_AUTH_AUDIT.md	108
CLERK_USAGE	docs/VVIP_TIGER_LEGACY_AUTH_AUDIT.md	112
CLERK_USAGE	docs/VVIP_TIGER_LEGACY_AUTH_AUDIT.md	118
CLERK_USAGE	docs/VVIP_TIGER_LEGACY_AUTH_AUDIT.md	121
CLERK_USAGE	docs/VVIP_TIGER_LEGACY_AUTH_AUDIT.md	154
CLERK_USAGE	docs/VVIP_TIGER_LEGACY_AUTH_AUDIT.md	155
CLERK_USAGE	docs/VVIP_TIGER_LEGACY_AUTH_AUDIT.md	156
CLERK_USAGE	docs/VVIP_TIGER_LEGACY_AUTH_AUDIT.md	162
CLERK_USAGE	docs/VVIP_TIGER_LEGACY_AUTH_AUDIT.md	184
CLERK_USAGE	docs/VVIP_TIGER_LEGACY_AUTH_AUDIT.md	191
CLERK_USAGE	docs/VVIP_TIGER_MANUAL_DB_APPLY_LOG.md	4
CLERK_USAGE	docs/VVIP_TIGER_MANUAL_DB_APPLY_LOG.md	16
CLERK_USAGE	docs/VVIP_TIGER_MANUAL_DB_APPLY_LOG.md	27
CLERK_USAGE	docs/VVIP_TIGER_MANUAL_DB_APPLY_LOG.md	43
CLERK_USAGE	docs/VVIP_TIGER_MANUAL_DB_APPLY_LOG.md	45
CLERK_USAGE	docs/VVIP_TIGER_MANUAL_DB_APPLY_LOG.md	48
CLERK_USAGE	docs/VVIP_TIGER_MEMORY_MAP.md	61
CLERK_USAGE	docs/VVIP_TIGER_MEMORY_MAP.md	63
CLERK_USAGE	docs/VVIP_TIGER_MEMORY_MAP.md	67
CLERK_USAGE	docs/VVIP_TIGER_MEMORY_MAP.md	78
CLERK_USAGE	docs/VVIP_TIGER_MEMORY_MAP.md	118
CLERK_USAGE	docs/VVIP_TIGER_MEMORY_MAP.md	119
CLERK_USAGE	docs/VVIP_TIGER_MEMORY_MAP.md	129
CLERK_USAGE	docs/VVIP_TIGER_MEMORY_MAP.md	142
CLERK_USAGE	docs/VVIP_TIGER_MEMORY_MAP.md	144
CLERK_USAGE	docs/VVIP_TIGER_MEMORY_MAP.md	157
CLERK_USAGE	docs/VVIP_TIGER_MEMORY_MAP.md	161
CLERK_USAGE	docs/VVIP_TIGER_MEMORY_MAP.md	401
CLERK_USAGE	docs/VVIP_TIGER_MEMORY_MAP.md	479
CLERK_USAGE	docs/VVIP_TIGER_MEMORY_MAP.md	496
CLERK_USAGE	docs/VVIP_TIGER_MEMORY_MAP.md	511
CLERK_USAGE	docs/VVIP_TIGER_MEMORY_MAP.md	532
CLERK_USAGE	docs/VVIP_TIGER_NAVIGATION_BUTTON_AUDIT.md	20
CLERK_USAGE	docs/VVIP_TIGER_NAVIGATION_BUTTON_AUDIT.md	21
CLERK_USAGE	docs/VVIP_TIGER_NAVIGATION_BUTTON_AUDIT.md	36
CLERK_USAGE	docs/VVIP_TIGER_NAVIGATION_BUTTON_AUDIT.md	38
CLERK_USAGE	docs/VVIP_TIGER_NAVIGATION_BUTTON_AUDIT.md	59
CLERK_USAGE	docs/VVIP_TIGER_NAVIGATION_BUTTON_AUDIT.md	66
CLERK_USAGE	docs/VVIP_TIGER_NAVIGATION_BUTTON_AUDIT.md	68
CLERK_USAGE	docs/VVIP_TIGER_NAVIGATION_BUTTON_AUDIT.md	70
CLERK_USAGE	docs/VVIP_TIGER_NAVIGATION_BUTTON_AUDIT.md	72
CLERK_USAGE	docs/VVIP_TIGER_NAVIGATION_BUTTON_AUDIT.md	73
CLERK_USAGE	docs/VVIP_TIGER_NAVIGATION_BUTTON_AUDIT.md	74
CLERK_USAGE	docs/VVIP_TIGER_NAVIGATION_BUTTON_AUDIT.md	75
CLERK_USAGE	docs/VVIP_TIGER_NAVIGATION_BUTTON_AUDIT.md	76
CLERK_USAGE	docs/VVIP_TIGER_NAVIGATION_BUTTON_AUDIT.md	78
CLERK_USAGE	docs/VVIP_TIGER_NAVIGATION_BUTTON_AUDIT.md	80
CLERK_USAGE	docs/VVIP_TIGER_NAVIGATION_BUTTON_AUDIT.md	82
CLERK_USAGE	docs/VVIP_TIGER_NAVIGATION_BUTTON_AUDIT.md	84
CLERK_USAGE	docs/VVIP_TIGER_NAVIGATION_BUTTON_AUDIT.md	86
CLERK_USAGE	docs/VVIP_TIGER_NAVIGATION_BUTTON_AUDIT.md	88
CLERK_USAGE	docs/VVIP_TIGER_NAVIGATION_BUTTON_AUDIT.md	90
CLERK_USAGE	docs/VVIP_TIGER_NAVIGATION_BUTTON_STABILITY_PATCH.md	5
CLERK_USAGE	docs/VVIP_TIGER_NAVIGATION_BUTTON_STABILITY_PATCH.md	9
CLERK_USAGE	docs/VVIP_TIGER_NAVIGATION_BUTTON_STABILITY_PATCH.md	22
CLERK_USAGE	docs/VVIP_TIGER_NAVIGATION_SMOKE_AUDIT.md	12
CLERK_USAGE	docs/VVIP_TIGER_NAVIGATION_SMOKE_AUDIT.md	24
CLERK_USAGE	docs/VVIP_TIGER_NAVIGATION_SMOKE_AUDIT.md	26
CLERK_USAGE	docs/VVIP_TIGER_NAVIGATION_SMOKE_AUDIT.md	27
CLERK_USAGE	docs/VVIP_TIGER_NAVIGATION_SMOKE_AUDIT.md	28
CLERK_USAGE	docs/VVIP_TIGER_NAVIGATION_SMOKE_AUDIT.md	29
CLERK_USAGE	docs/VVIP_TIGER_NAVIGATION_SMOKE_AUDIT.md	40
CLERK_USAGE	docs/VVIP_TIGER_NAVIGATION_SMOKE_AUDIT.md	42
CLERK_USAGE	docs/VVIP_TIGER_NAVIGATION_SMOKE_AUDIT.md	43
CLERK_USAGE	docs/VVIP_TIGER_OFFICIAL_PRIVATE_PROFILE_UI.md	5
CLERK_USAGE	docs/VVIP_TIGER_OFFICIAL_PRIVATE_PROFILE_UI.md	6
CLERK_USAGE	docs/VVIP_TIGER_OFFICIAL_PRIVATE_PROFILE_UI.md	14
CLERK_USAGE	docs/VVIP_TIGER_OFFICIAL_PRIVATE_PROFILE_UI.md	26
CLERK_USAGE	docs/VVIP_TIGER_OFFICIAL_PRIVATE_PROFILE_UI.md	28
CLERK_USAGE	docs/VVIP_TIGER_OFFICIAL_PRIVATE_PROFILE_UI.md	39
CLERK_USAGE	docs/VVIP_TIGER_OFFICIAL_PRIVATE_PROFILE_UI.md	41
CLERK_USAGE	docs/VVIP_TIGER_OFFICIAL_PRIVATE_PROFILE_UI.md	43
CLERK_USAGE	docs/VVIP_TIGER_OFFICIAL_PRIVATE_PROFILE_UI.md	59
CLERK_USAGE	docs/VVIP_TIGER_OFFICIAL_PRIVATE_PROFILE_UI.md	72
CLERK_USAGE	docs/VVIP_TIGER_OFFICIAL_PRIVATE_PROFILE_UI.md	76
CLERK_USAGE	docs/VVIP_TIGER_OFFICIAL_PRIVATE_PROFILE_UI.md	80
CLERK_USAGE	docs/VVIP_TIGER_OFFICIAL_PRIVATE_PROFILE_UI.md	90
CLERK_USAGE	docs/VVIP_TIGER_OFFICIAL_PRIVATE_PROFILE_UI.md	120
CLERK_USAGE	docs/VVIP_TIGER_OFFICIAL_PRODUCT_BLUEPRINT.md	32
CLERK_USAGE	docs/VVIP_TIGER_OFFICIAL_PRODUCT_BLUEPRINT.md	36
CLERK_USAGE	docs/VVIP_TIGER_OFFICIAL_PRODUCT_BLUEPRINT.md	38
CLERK_USAGE	docs/VVIP_TIGER_PAGE_FLOW_USER_JOURNEY_AUDIT.md	21
CLERK_USAGE	docs/VVIP_TIGER_PAGE_FLOW_USER_JOURNEY_AUDIT.md	23
CLERK_USAGE	docs/VVIP_TIGER_PAGE_FLOW_USER_JOURNEY_AUDIT.md	29
CLERK_USAGE	docs/VVIP_TIGER_PAGE_FLOW_USER_JOURNEY_AUDIT.md	37
CLERK_USAGE	docs/VVIP_TIGER_PAGE_FLOW_USER_JOURNEY_AUDIT.md	38
CLERK_USAGE	docs/VVIP_TIGER_PAGE_FLOW_USER_JOURNEY_AUDIT.md	46
CLERK_USAGE	docs/VVIP_TIGER_PAGE_FLOW_USER_JOURNEY_AUDIT.md	47
CLERK_USAGE	docs/VVIP_TIGER_PAGE_FLOW_USER_JOURNEY_AUDIT.md	56
CLERK_USAGE	docs/VVIP_TIGER_PAGE_FLOW_USER_JOURNEY_AUDIT.md	65
CLERK_USAGE	docs/VVIP_TIGER_PAGE_FLOW_USER_JOURNEY_AUDIT.md	74
CLERK_USAGE	docs/VVIP_TIGER_PAGE_FLOW_USER_JOURNEY_AUDIT.md	83
CLERK_USAGE	docs/VVIP_TIGER_PAGE_FLOW_USER_JOURNEY_AUDIT.md	92
CLERK_USAGE	docs/VVIP_TIGER_PAGE_FLOW_USER_JOURNEY_AUDIT.md	101
CLERK_USAGE	docs/VVIP_TIGER_PAGE_FLOW_USER_JOURNEY_AUDIT.md	110
CLERK_USAGE	docs/VVIP_TIGER_PAGE_FLOW_USER_JOURNEY_AUDIT.md	122
CLERK_USAGE	docs/VVIP_TIGER_PAGE_FLOW_USER_JOURNEY_AUDIT.md	123
CLERK_USAGE	docs/VVIP_TIGER_PAGE_FLOW_USER_JOURNEY_AUDIT.md	124
CLERK_USAGE	docs/VVIP_TIGER_PAGE_FLOW_USER_JOURNEY_AUDIT.md	125
CLERK_USAGE	docs/VVIP_TIGER_PAGE_FLOW_USER_JOURNEY_AUDIT.md	126
CLERK_USAGE	docs/VVIP_TIGER_PAGE_FLOW_USER_JOURNEY_AUDIT.md	127
CLERK_USAGE	docs/VVIP_TIGER_PAGE_FLOW_USER_JOURNEY_AUDIT.md	128
CLERK_USAGE	docs/VVIP_TIGER_PAGE_FLOW_USER_JOURNEY_AUDIT.md	129
CLERK_USAGE	docs/VVIP_TIGER_PAGE_FLOW_USER_JOURNEY_AUDIT.md	130
CLERK_USAGE	docs/VVIP_TIGER_PAGE_FLOW_USER_JOURNEY_AUDIT.md	155
CLERK_USAGE	docs/VVIP_TIGER_PAGE_FLOW_USER_JOURNEY_AUDIT.md	156
CLERK_USAGE	docs/VVIP_TIGER_PAGE_FLOW_USER_JOURNEY_AUDIT.md	157
CLERK_USAGE	docs/VVIP_TIGER_PAGE_FLOW_USER_JOURNEY_AUDIT.md	158
CLERK_USAGE	docs/VVIP_TIGER_PAGE_FLOW_USER_JOURNEY_AUDIT.md	159
CLERK_USAGE	docs/VVIP_TIGER_PAGE_FLOW_USER_JOURNEY_AUDIT.md	160
CLERK_USAGE	docs/VVIP_TIGER_PAGE_FLOW_USER_JOURNEY_AUDIT.md	161
CLERK_USAGE	docs/VVIP_TIGER_PAGE_FLOW_USER_JOURNEY_AUDIT.md	162
CLERK_USAGE	docs/VVIP_TIGER_PAGE_FLOW_USER_JOURNEY_AUDIT.md	163
CLERK_USAGE	docs/VVIP_TIGER_PAGE_FLOW_USER_JOURNEY_AUDIT.md	167
CLERK_USAGE	docs/VVIP_TIGER_PAGE_FLOW_USER_JOURNEY_AUDIT.md	172
CLERK_USAGE	docs/VVIP_TIGER_PAGE_FLOW_USER_JOURNEY_AUDIT.md	174
CLERK_USAGE	docs/VVIP_TIGER_PAGE_FLOW_USER_JOURNEY_AUDIT.md	175
CLERK_USAGE	docs/VVIP_TIGER_PAGE_FLOW_USER_JOURNEY_AUDIT.md	176
CLERK_USAGE	docs/VVIP_TIGER_PAGE_FLOW_USER_JOURNEY_AUDIT.md	178
CLERK_USAGE	docs/VVIP_TIGER_PAGE_FLOW_USER_JOURNEY_AUDIT.md	183
CLERK_USAGE	docs/VVIP_TIGER_PAGE_FLOW_USER_JOURNEY_AUDIT.md	184
CLERK_USAGE	docs/VVIP_TIGER_PAGE_FLOW_USER_JOURNEY_AUDIT.md	185
CLERK_USAGE	docs/VVIP_TIGER_PAGE_FLOW_USER_JOURNEY_AUDIT.md	186
CLERK_USAGE	docs/VVIP_TIGER_PAGE_FLOW_USER_JOURNEY_AUDIT.md	187
CLERK_USAGE	docs/VVIP_TIGER_PAGE_FLOW_USER_JOURNEY_AUDIT.md	275
CLERK_USAGE	docs/VVIP_TIGER_PAGE_FLOW_USER_JOURNEY_AUDIT.md	284
CLERK_USAGE	docs/VVIP_TIGER_PAGE_FLOW_USER_JOURNEY_AUDIT.md	285
CLERK_USAGE	docs/VVIP_TIGER_PAGE_FLOW_USER_JOURNEY_AUDIT.md	286
CLERK_USAGE	docs/VVIP_TIGER_PAGE_FLOW_USER_JOURNEY_AUDIT.md	287
CLERK_USAGE	docs/VVIP_TIGER_PAGE_FLOW_USER_JOURNEY_AUDIT.md	288
CLERK_USAGE	docs/VVIP_TIGER_PAGE_FLOW_USER_JOURNEY_AUDIT.md	289
CLERK_USAGE	docs/VVIP_TIGER_PAGE_FLOW_USER_JOURNEY_AUDIT.md	290
CLERK_USAGE	docs/VVIP_TIGER_PAGE_FLOW_USER_JOURNEY_AUDIT.md	291
CLERK_USAGE	docs/VVIP_TIGER_PAGE_FLOW_USER_JOURNEY_AUDIT.md	292
CLERK_USAGE	docs/VVIP_TIGER_PAGE_FLOW_USER_JOURNEY_AUDIT.md	295
CLERK_USAGE	docs/VVIP_TIGER_PAGE_FLOW_USER_JOURNEY_AUDIT.md	296
CLERK_USAGE	docs/VVIP_TIGER_PAGE_FLOW_USER_JOURNEY_AUDIT.md	297
CLERK_USAGE	docs/VVIP_TIGER_PAGE_FLOW_USER_JOURNEY_PATCH.md	25
CLERK_USAGE	docs/VVIP_TIGER_PROFILE_NAVIGATION_STABILITY_AUDIT.md	13
CLERK_USAGE	docs/VVIP_TIGER_PROFILE_NAVIGATION_STABILITY_AUDIT.md	16
CLERK_USAGE	docs/VVIP_TIGER_PROFILE_NAVIGATION_STABILITY_AUDIT.md	17
CLERK_USAGE	docs/VVIP_TIGER_PROFILE_NAVIGATION_STABILITY_AUDIT.md	22
CLERK_USAGE	docs/VVIP_TIGER_PROFILE_NAVIGATION_STABILITY_AUDIT.md	25
CLERK_USAGE	docs/VVIP_TIGER_PROFILE_NAVIGATION_STABILITY_AUDIT.md	28
CLERK_USAGE	docs/VVIP_TIGER_PROFILE_NAVIGATION_STABILITY_AUDIT.md	33
CLERK_USAGE	docs/VVIP_TIGER_PROFILE_NAVIGATION_STABILITY_AUDIT.md	34
CLERK_USAGE	docs/VVIP_TIGER_PROFILE_NAVIGATION_STABILITY_AUDIT.md	43
CLERK_USAGE	docs/VVIP_TIGER_PROFILE_SOURCE_OF_TRUTH.md	7
CLERK_USAGE	docs/VVIP_TIGER_PROFILE_SOURCE_OF_TRUTH.md	9
CLERK_USAGE	docs/VVIP_TIGER_PROFILE_SOURCE_OF_TRUTH.md	14
CLERK_USAGE	docs/VVIP_TIGER_PROFILE_SOURCE_OF_TRUTH.md	15
CLERK_USAGE	docs/VVIP_TIGER_PROFILE_SOURCE_OF_TRUTH.md	16
CLERK_USAGE	docs/VVIP_TIGER_PROFILE_SOURCE_OF_TRUTH.md	17
CLERK_USAGE	docs/VVIP_TIGER_PROFILE_SOURCE_OF_TRUTH.md	18
CLERK_USAGE	docs/VVIP_TIGER_PROFILE_SOURCE_OF_TRUTH.md	19
CLERK_USAGE	docs/VVIP_TIGER_PROFILE_SOURCE_OF_TRUTH.md	25
CLERK_USAGE	docs/VVIP_TIGER_PROFILE_SOURCE_OF_TRUTH.md	28
CLERK_USAGE	docs/VVIP_TIGER_PROFILE_SOURCE_OF_TRUTH.md	32
CLERK_USAGE	docs/VVIP_TIGER_PROFILE_SOURCE_OF_TRUTH.md	34
CLERK_USAGE	docs/VVIP_TIGER_PROFILE_SOURCE_OF_TRUTH.md	35
CLERK_USAGE	docs/VVIP_TIGER_PROFILE_SOURCE_OF_TRUTH.md	40
CLERK_USAGE	docs/VVIP_TIGER_PROFILE_SOURCE_OF_TRUTH.md	41
CLERK_USAGE	docs/VVIP_TIGER_PROFILE_SOURCE_OF_TRUTH.md	43
CLERK_USAGE	docs/VVIP_TIGER_PUBLIC_PAGES_CONSISTENCY_AUDIT.md	7
CLERK_USAGE	docs/VVIP_TIGER_PUBLIC_PAGES_CONSISTENCY_AUDIT.md	13
CLERK_USAGE	docs/VVIP_TIGER_PUBLIC_PAGES_CONSISTENCY_AUDIT.md	40
CLERK_USAGE	docs/VVIP_TIGER_PUBLIC_PAGES_CONSISTENCY_AUDIT.md	41
CLERK_USAGE	docs/VVIP_TIGER_PUBLIC_PAGES_CONSISTENCY_AUDIT.md	82
CLERK_USAGE	docs/VVIP_TIGER_PUBLIC_PAGES_CONSISTENCY_PATCH.md	7
CLERK_USAGE	docs/VVIP_TIGER_PUBLIC_PAGES_CONSISTENCY_PATCH.md	11
CLERK_USAGE	docs/VVIP_TIGER_PUBLIC_PAGES_CONSISTENCY_PATCH.md	19
CLERK_USAGE	docs/VVIP_TIGER_PUBLIC_PAGES_CONSISTENCY_PATCH.md	29
CLERK_USAGE	docs/VVIP_TIGER_REPOSITORY_HOUSEKEEPING_AUDIT.md	7
CLERK_USAGE	docs/VVIP_TIGER_REPOSITORY_HOUSEKEEPING_AUDIT.md	25
CLERK_USAGE	docs/VVIP_TIGER_REPOSITORY_HOUSEKEEPING_AUDIT.md	36
CLERK_USAGE	docs/VVIP_TIGER_REPOSITORY_HOUSEKEEPING_AUDIT.md	38
CLERK_USAGE	docs/VVIP_TIGER_REPOSITORY_HOUSEKEEPING_AUDIT.md	39
CLERK_USAGE	docs/VVIP_TIGER_REPOSITORY_HOUSEKEEPING_AUDIT.md	40
CLERK_USAGE	docs/VVIP_TIGER_REPOSITORY_HOUSEKEEPING_AUDIT.md	41
CLERK_USAGE	docs/VVIP_TIGER_REPOSITORY_HOUSEKEEPING_AUDIT.md	42
CLERK_USAGE	docs/VVIP_TIGER_REPOSITORY_HOUSEKEEPING_AUDIT.md	43
CLERK_USAGE	docs/VVIP_TIGER_REPOSITORY_HOUSEKEEPING_AUDIT.md	45
CLERK_USAGE	docs/VVIP_TIGER_REPOSITORY_HOUSEKEEPING_AUDIT.md	49
CLERK_USAGE	docs/VVIP_TIGER_REPOSITORY_HOUSEKEEPING_AUDIT.md	62
CLERK_USAGE	docs/VVIP_TIGER_REPOSITORY_HOUSEKEEPING_AUDIT.md	73
CLERK_USAGE	docs/VVIP_TIGER_REPOSITORY_HOUSEKEEPING_AUDIT.md	86
CLERK_USAGE	docs/VVIP_TIGER_REPOSITORY_HOUSEKEEPING_AUDIT.md	87
CLERK_USAGE	docs/VVIP_TIGER_REPOSITORY_HOUSEKEEPING_AUDIT.md	89
CLERK_USAGE	docs/VVIP_TIGER_REPOSITORY_HOUSEKEEPING_AUDIT.md	96
CLERK_USAGE	docs/VVIP_TIGER_REPOSITORY_HOUSEKEEPING_AUDIT.md	145
CLERK_USAGE	docs/VVIP_TIGER_VISUAL_TRUST_LAYER.md	20
CLERK_USAGE	docs/VVIP_TIGER_VVIP_GATE_LOGIN.md	7
CLERK_USAGE	docs/VVIP_TIGER_VVIP_GATE_LOGIN.md	28
CLERK_USAGE	docs/VVIP_TIGER_VVIP_GATE_LOGIN.md	30
CLERK_USAGE	docs/VVIP_TIGER_VVIP_GATE_LOGIN.md	39
CLERK_USAGE	docs/VVIP_TIGER_VVIP_GATE_LOGIN.md	41
CLERK_USAGE	docs/VVIP_TIGER_ZERO_VISIBLE_ERROR_EXPERIENCE.md	13
CLERK_USAGE	docs/VVIP_TIGER_ZERO_VISIBLE_ERROR_EXPERIENCE.md	67
CLERK_USAGE	docs/VVIP_TIGER_ZERO_VISIBLE_ERROR_EXPERIENCE.md	89
CLERK_USAGE	docs/VVIP_TIGER_ZERO_VISIBLE_ERROR_EXPERIENCE.md	157
CLERK_USAGE	docs/VVIP_TIGER_ZERO_VISIBLE_ERROR_EXPERIENCE.md	158
CLERK_USAGE	docs/VVIP_TIGER_ZERO_VISIBLE_ERROR_EXPERIENCE.md	159
CLERK_USAGE	docs/governance/VVIP_TIGER_SURGICAL_EXECUTION_RULE.md	143
CLERK_USAGE	docs/governance/VVIP_TIGER_SURGICAL_EXECUTION_RULE.md	154
CLERK_USAGE	docs/governance/VVIP_TIGER_SURGICAL_EXECUTION_RULE.md	187
CLERK_USAGE	docs/security/RPC_HARDENED_SECURITY_SCENARIOS_20260709.md	27
CLERK_USAGE	docs/security/RPC_HARDENED_SECURITY_SCENARIOS_20260709.md	28
CLERK_USAGE	docs/security/RPC_HARDENED_SECURITY_SCENARIOS_20260709.md	43
CLERK_USAGE	docs/security/RPC_HARDENED_SECURITY_SCENARIOS_20260709.md	51
CLERK_USAGE	docs/security/RPC_HARDENED_SECURITY_SCENARIOS_20260709.md	55
CLERK_USAGE	docs/security/RPC_HARDENED_SECURITY_SCENARIOS_20260709.md	61
CLERK_USAGE	docs/security/RPC_HARDENED_SECURITY_SCENARIOS_20260709.md	150
CLERK_USAGE	docs/security/RPC_HARDENED_SECURITY_SCENARIOS_20260709.md	218
CLERK_USAGE	docs/security/RPC_REVIEW_FINDINGS_20260709.md	17
CLERK_USAGE	docs/security/RPC_REVIEW_FINDINGS_20260709.md	23
CLERK_USAGE	docs/security/SUPABASE_CLERK_SECURITY_AUDIT_LOCK_20260709.md	1
CLERK_USAGE	docs/security/SUPABASE_CLERK_SECURITY_AUDIT_LOCK_20260709.md	7
CLERK_USAGE	docs/security/SUPABASE_CLERK_SECURITY_AUDIT_LOCK_20260709.md	14
CLERK_USAGE	docs/security/SUPABASE_CLERK_SECURITY_AUDIT_LOCK_20260709.md	20
CLERK_USAGE	docs/security/SUPABASE_CLERK_SECURITY_AUDIT_LOCK_20260709.md	21
CLERK_USAGE	docs/security/SUPABASE_CLERK_SECURITY_AUDIT_LOCK_20260709.md	34
CLERK_USAGE	docs/security/SUPABASE_CLERK_SECURITY_AUDIT_LOCK_20260709.md	43
CLERK_USAGE	docs/security/SUPABASE_CLERK_SECURITY_AUDIT_LOCK_20260709.md	48
CLERK_USAGE	docs/security/SUPABASE_CLERK_SECURITY_AUDIT_LOCK_20260709.md	57
CLERK_USAGE	docs/security/SUPABASE_CLERK_SECURITY_AUDIT_LOCK_20260709.md	59
CLERK_USAGE	docs/security/production-apply/SUPABASE_MANUAL_BACKUP_PRODUCTION_APPLY_PLAN_DRAFT.md	5
CLERK_USAGE	docs/security/production-apply/SUPABASE_MANUAL_BACKUP_PRODUCTION_APPLY_PLAN_DRAFT.md	20
CLERK_USAGE	docs/security/production-apply/SUPABASE_MANUAL_BACKUP_PRODUCTION_APPLY_PLAN_DRAFT.md	37
CLERK_USAGE	docs/security/production-apply/SUPABASE_MANUAL_BACKUP_PRODUCTION_APPLY_PLAN_DRAFT.md	138
CLERK_USAGE	docs/security/production-apply/SUPABASE_MANUAL_BACKUP_PRODUCTION_APPLY_PLAN_DRAFT.md	160
CLERK_USAGE	docs/security/production-apply/SUPABASE_MANUAL_BACKUP_PRODUCTION_APPLY_PLAN_DRAFT.md	198
CLERK_USAGE	docs/security/sql-review/20260709_vvip_tiger_atomic_profile_resolver_rpc_hardened_review.sql	5
CLERK_USAGE	docs/security/sql-review/20260709_vvip_tiger_atomic_profile_resolver_rpc_hardened_review.sql	12
CLERK_USAGE	docs/security/sql-review/20260709_vvip_tiger_atomic_profile_resolver_rpc_hardened_review.sql	25
CLERK_USAGE	docs/security/sql-review/20260709_vvip_tiger_atomic_profile_resolver_rpc_hardened_review.sql	35
CLERK_USAGE	docs/security/sql-review/20260709_vvip_tiger_atomic_profile_resolver_rpc_hardened_review.sql	36
CLERK_USAGE	docs/security/sql-review/20260709_vvip_tiger_atomic_profile_resolver_rpc_hardened_review.sql	37
CLERK_USAGE	docs/security/sql-review/20260709_vvip_tiger_atomic_profile_resolver_rpc_hardened_review.sql	61
CLERK_USAGE	docs/security/sql-review/20260709_vvip_tiger_atomic_profile_resolver_rpc_hardened_review.sql	64
CLERK_USAGE	docs/security/sql-review/20260709_vvip_tiger_atomic_profile_resolver_rpc_hardened_review.sql	65
CLERK_USAGE	docs/security/sql-review/20260709_vvip_tiger_atomic_profile_resolver_rpc_hardened_review.sql	66
CLERK_USAGE	docs/security/sql-review/20260709_vvip_tiger_atomic_profile_resolver_rpc_hardened_review.sql	67
CLERK_USAGE	docs/security/sql-review/20260709_vvip_tiger_atomic_profile_resolver_rpc_hardened_review.sql	68
CLERK_USAGE	docs/security/sql-review/20260709_vvip_tiger_atomic_profile_resolver_rpc_hardened_review.sql	69
CLERK_USAGE	docs/security/sql-review/20260709_vvip_tiger_atomic_profile_resolver_rpc_hardened_review.sql	71
CLERK_USAGE	docs/security/sql-review/20260709_vvip_tiger_atomic_profile_resolver_rpc_hardened_review.sql	76
CLERK_USAGE	docs/security/sql-review/20260709_vvip_tiger_atomic_profile_resolver_rpc_hardened_review.sql	92
CLERK_USAGE	docs/security/sql-review/20260709_vvip_tiger_atomic_profile_resolver_rpc_hardened_review.sql	118
CLERK_USAGE	docs/security/sql-review/20260709_vvip_tiger_atomic_profile_resolver_rpc_hardened_review.sql	121
CLERK_USAGE	docs/security/sql-review/20260709_vvip_tiger_atomic_profile_resolver_rpc_hardened_review.sql	126
CLERK_USAGE	docs/security/sql-review/20260709_vvip_tiger_atomic_profile_resolver_rpc_hardened_review.sql	130
CLERK_USAGE	docs/security/sql-review/20260709_vvip_tiger_atomic_profile_resolver_rpc_hardened_review.sql	136
CLERK_USAGE	docs/security/sql-review/20260709_vvip_tiger_atomic_profile_resolver_rpc_hardened_review.sql	159
CLERK_USAGE	docs/security/sql-review/20260709_vvip_tiger_atomic_profile_resolver_rpc_hardened_review.sql	164
CLERK_USAGE	docs/security/sql-review/20260709_vvip_tiger_atomic_profile_resolver_rpc_hardened_review.sql	165
CLERK_USAGE	docs/security/sql-review/20260709_vvip_tiger_atomic_profile_resolver_rpc_hardened_review.sql	166
CLERK_USAGE	docs/security/sql-review/20260709_vvip_tiger_atomic_profile_resolver_rpc_hardened_review.sql	174
CLERK_USAGE	docs/security/sql-review/20260709_vvip_tiger_atomic_profile_resolver_rpc_hardened_review.sql	207
CLERK_USAGE	docs/security/sql-review/20260709_vvip_tiger_atomic_profile_resolver_rpc_hardened_review.sql	216
CLERK_USAGE	docs/security/sql-review/20260709_vvip_tiger_atomic_profile_resolver_rpc_hardened_review.sql	228
CLERK_USAGE	docs/security/sql-review/20260709_vvip_tiger_atomic_profile_resolver_rpc_hardened_review.sql	250
CLERK_USAGE	docs/security/sql-review/20260709_vvip_tiger_atomic_profile_resolver_rpc_hardened_review.sql	256
CLERK_USAGE	docs/security/sql-review/20260709_vvip_tiger_atomic_profile_resolver_rpc_hardened_review.sql	296
CLERK_USAGE	index.html	18
CLERK_USAGE	index.html	24
CLERK_USAGE	index.html	25
CLERK_USAGE	index.html	28
CLERK_USAGE	index.html	61
CLERK_USAGE	index.html	135
CLERK_USAGE	private-profile.html	7
CLERK_USAGE	private-profile.html	95
CLERK_USAGE	private-profile.html	98
CLERK_USAGE	private-profile.html	104
CLERK_USAGE	private-profile.html	140
CLERK_USAGE	private-profile.html	141
CLERK_USAGE	public-profile.html	709
CLERK_USAGE	public-profile.html	937
CLERK_USAGE	public-profile.html	960
CLERK_USAGE	public-profile.html	1159
CLERK_USAGE	scripts/profile-loader.js	103
CLERK_USAGE	scripts/profile-loader.js	105
CLERK_USAGE	scripts/profile-loader.js	198
CLERK_USAGE	scripts/profile-loader.js	199
CLERK_USAGE	scripts/profile-loader.js	201
CLERK_USAGE	scripts/profile-loader.js	206
CLERK_USAGE	scripts/require-auth.js	19
CLERK_USAGE	scripts/require-auth.js	20
CLERK_USAGE	scripts/require-auth.js	25
CLERK_USAGE	scripts/vvip-safe-ux-guard.js	6
CLERK_USAGE	scripts/vvip-safe-ux-guard.js	15
CLERK_USAGE	styles.css	4266
CLERK_USAGE	styles/vvip-visual-trust-layer.css	7
CLERK_USAGE	styles/vvip-visual-trust-layer.css	580
CLERK_USAGE	styles/vvip-visual-trust-layer.css	738
CLERK_USAGE	styles/vvip-visual-trust-layer.css	792
CLERK_USAGE	styles/vvip-visual-trust-layer.css	794
CLERK_USAGE	styles/vvip-visual-trust-layer.css	796
CLERK_USAGE	supabase-schema.sql	121
CLERK_USAGE	supabase-schema.sql	146
CLERK_USAGE	supabase-schema.sql	295
CLERK_USAGE	supabase-schema.sql	296
CLERK_USAGE	supabase/migrations/20260707_vvip_tiger_auth_profile_bridge.sql	2
CLERK_USAGE	supabase/migrations/20260707_vvip_tiger_auth_profile_bridge.sql	4
CLERK_USAGE	supabase/migrations/20260707_vvip_tiger_auth_profile_bridge.sql	13
CLERK_USAGE	supabase/migrations/20260707_vvip_tiger_auth_profile_bridge.sql	14
CLERK_USAGE	supabase/migrations/20260707_vvip_tiger_auth_profile_bridge.sql	15
CLERK_USAGE	supabase/migrations/20260707_vvip_tiger_auth_profile_bridge.sql	54
CLERK_USAGE	supabase/migrations/20260707_vvip_tiger_clerk_profiles_table.sql	1
CLERK_USAGE	supabase/migrations/20260707_vvip_tiger_clerk_profiles_table.sql	2
CLERK_USAGE	supabase/migrations/20260707_vvip_tiger_clerk_profiles_table.sql	7
CLERK_USAGE	supabase/migrations/20260707_vvip_tiger_clerk_profiles_table.sql	8
CLERK_USAGE	supabase/migrations/20260707_vvip_tiger_clerk_profiles_table.sql	17
CLERK_USAGE	supabase/migrations/20260707_vvip_tiger_clerk_profiles_table.sql	21
CLERK_USAGE	supabase/migrations/20260707_vvip_tiger_clerk_profiles_table.sql	22
CLERK_USAGE	supabase/migrations/20260707_vvip_tiger_clerk_profiles_table.sql	24
CLERK_USAGE	supabase/migrations/20260707_vvip_tiger_clerk_profiles_table.sql	25
CLERK_USAGE	supabase/migrations/20260707_vvip_tiger_clerk_profiles_table.sql	27
CLERK_USAGE	supabase/migrations/20260707_vvip_tiger_clerk_profiles_table.sql	29
CLERK_USAGE	supabase/migrations/20260707_vvip_tiger_clerk_profiles_table.sql	30
CLERK_USAGE	supabase/migrations/20260707_vvip_tiger_clerk_profiles_table.sql	32
CLERK_USAGE	supabase/migrations/20260707_vvip_tiger_clerk_profiles_table.sql	33
CLERK_USAGE	supabase/migrations/20260707_vvip_tiger_clerk_profiles_table.sql	35
CLERK_USAGE	supabase/migrations/20260707_vvip_tiger_clerk_profiles_table.sql	37
CLERK_USAGE	supabase/migrations/20260707_vvip_tiger_clerk_profiles_table.sql	38
CLERK_USAGE	supabase/migrations/20260707_vvip_tiger_clerk_profiles_table.sql	40
CLERK_USAGE	supabase/migrations/20260707_vvip_tiger_clerk_profiles_table.sql	41
CLERK_USAGE	supabase/migrations/20260707_vvip_tiger_clerk_profiles_table.sql	43
CLERK_USAGE	supabase/migrations/20260707_vvip_tiger_clerk_profiles_table.sql	45
CLERK_USAGE	supabase/migrations/20260707_vvip_tiger_clerk_profiles_table.sql	46
CLERK_USAGE	supabase/migrations/20260707_vvip_tiger_clerk_profiles_table.sql	48
CLERK_USAGE	supabase/migrations/20260707_vvip_tiger_clerk_profiles_table.sql	49
CLERK_USAGE	supabase/migrations/20260707_vvip_tiger_clerk_profiles_table.sql	51
CLERK_USAGE	supabase/migrations/20260707_vvip_tiger_clerk_profiles_table.sql	52
CLERK_USAGE	supabase/migrations/20260709_vvip_tiger_atomic_profile_resolver_rpc.sql	3
CLERK_USAGE	supabase/migrations/20260709_vvip_tiger_atomic_profile_resolver_rpc.sql	6
CLERK_USAGE	supabase/migrations/20260709_vvip_tiger_atomic_profile_resolver_rpc.sql	23
CLERK_USAGE	supabase/migrations/20260709_vvip_tiger_atomic_profile_resolver_rpc.sql	24
CLERK_USAGE	supabase/migrations/20260709_vvip_tiger_atomic_profile_resolver_rpc.sql	25
CLERK_USAGE	supabase/migrations/20260709_vvip_tiger_atomic_profile_resolver_rpc.sql	26
CLERK_USAGE	supabase/migrations/20260709_vvip_tiger_atomic_profile_resolver_rpc.sql	27
CLERK_USAGE	supabase/migrations/20260709_vvip_tiger_atomic_profile_resolver_rpc.sql	28
CLERK_USAGE	supabase/migrations/20260709_vvip_tiger_atomic_profile_resolver_rpc.sql	30
CLERK_USAGE	supabase/migrations/20260709_vvip_tiger_atomic_profile_resolver_rpc.sql	35
CLERK_USAGE	supabase/migrations/20260709_vvip_tiger_atomic_profile_resolver_rpc.sql	38
CLERK_USAGE	supabase/migrations/20260709_vvip_tiger_atomic_profile_resolver_rpc.sql	43
CLERK_USAGE	supabase/migrations/20260709_vvip_tiger_atomic_profile_resolver_rpc.sql	46
CLERK_USAGE	supabase/migrations/20260709_vvip_tiger_atomic_profile_resolver_rpc.sql	51
CLERK_USAGE	supabase/migrations/20260709_vvip_tiger_atomic_profile_resolver_rpc.sql	54
CLERK_USAGE	supabase/migrations/20260709_vvip_tiger_atomic_profile_resolver_rpc.sql	65
CLERK_USAGE	supabase/migrations/20260709_vvip_tiger_atomic_profile_resolver_rpc.sql	85
CLERK_USAGE	supabase/migrations/20260709_vvip_tiger_atomic_profile_resolver_rpc.sql	88
CLERK_USAGE	supabase/migrations/20260709_vvip_tiger_atomic_profile_resolver_rpc.sql	96
CLERK_USAGE	supabase/migrations/20260709_vvip_tiger_atomic_profile_resolver_rpc.sql	110
CLERK_USAGE	supabase/migrations/20260709_vvip_tiger_atomic_profile_resolver_rpc.sql	114
CLERK_USAGE	supabase/migrations/20260709_vvip_tiger_atomic_profile_resolver_rpc.sql	115
CLERK_USAGE	supabase/migrations/20260709_vvip_tiger_atomic_profile_resolver_rpc.sql	116
CLERK_USAGE	supabase/migrations/20260709_vvip_tiger_atomic_profile_resolver_rpc.sql	141
CLERK_USAGE	supabase/migrations/20260709_vvip_tiger_atomic_profile_resolver_rpc.sql	150
CLERK_USAGE	supabase/migrations/20260709_vvip_tiger_atomic_profile_resolver_rpc.sql	171
CLERK_USAGE	supabase/migrations/20260709_vvip_tiger_profiles_clerk_jwt_rls_bridge.sql	1
CLERK_USAGE	supabase/migrations/20260709_vvip_tiger_profiles_clerk_jwt_rls_bridge.sql	2
CLERK_USAGE	supabase/migrations/20260709_vvip_tiger_profiles_clerk_jwt_rls_bridge.sql	3
CLERK_USAGE	supabase/migrations/20260709_vvip_tiger_profiles_clerk_jwt_rls_bridge.sql	9
CLERK_USAGE	supabase/migrations/20260709_vvip_tiger_profiles_clerk_jwt_rls_bridge.sql	10
CLERK_USAGE	supabase/migrations/20260709_vvip_tiger_profiles_clerk_jwt_rls_bridge.sql	11
CLERK_USAGE	supabase/migrations/20260709_vvip_tiger_profiles_clerk_jwt_rls_bridge.sql	13
CLERK_USAGE	supabase/migrations/20260709_vvip_tiger_profiles_clerk_jwt_rls_bridge.sql	17
CLERK_USAGE	supabase/migrations/20260709_vvip_tiger_profiles_clerk_jwt_rls_bridge.sql	19
CLERK_USAGE	supabase/migrations/20260709_vvip_tiger_profiles_clerk_jwt_rls_bridge.sql	23
CLERK_USAGE	supabase/migrations/20260709_vvip_tiger_profiles_clerk_jwt_rls_bridge.sql	25
CLERK_USAGE	supabase/migrations/20260709_vvip_tiger_profiles_clerk_jwt_rls_bridge.sql	29
CLERK_USAGE	supabase/migrations/20260709_vvip_tiger_profiles_clerk_jwt_rls_bridge.sql	30
CLERK_USAGE	sw.js	1
CLERK_USAGE	sw.js	7
CLERK_USAGE	sw.js	15
CLIENT_STORAGE	ACCOUNT-CHOOSER-SPEC.md	46
CLIENT_STORAGE	ACCOUNT-CHOOSER-SPEC.md	48
CLIENT_STORAGE	ADMIN-ROLE-SPEC.md	316
CLIENT_STORAGE	ADMIN-ROLE-SPEC.md	363
CLIENT_STORAGE	AGENTS.md	50
CLIENT_STORAGE	EMAIL-VERIFICATION-SETUP.md	215
CLIENT_STORAGE	FEATURE-VERIFICATION.md	7
CLIENT_STORAGE	FEATURE-VERIFICATION.md	17
CLIENT_STORAGE	FEATURE-VERIFICATION.md	33
CLIENT_STORAGE	FEATURE-VERIFICATION.md	53
CLIENT_STORAGE	FEATURE-VERIFICATION.md	222
CLIENT_STORAGE	FEATURES-COMPLETE.md	17
CLIENT_STORAGE	FEATURES-COMPLETE.md	20
CLIENT_STORAGE	FEATURES-COMPLETE.md	128
CLIENT_STORAGE	FEATURES-COMPLETE.md	133
CLIENT_STORAGE	FEATURES-COMPLETE.md	188
CLIENT_STORAGE	FINAL-VERIFICATION.md	254
CLIENT_STORAGE	GOOGLE-ONE-TAP-SETUP.md	41
CLIENT_STORAGE	README.md	52
CLIENT_STORAGE	SETUP-GUIDE.md	37
CLIENT_STORAGE	SUPABASE-EDGE-OTP-GUIDE.md	67
CLIENT_STORAGE	SUPABASE-EDGE-OTP-GUIDE.md	68
CLIENT_STORAGE	approved/social-ui-before-force-post-options-menu-20260708.js	20
CLIENT_STORAGE	approved/social-ui-before-force-post-options-menu-20260708.js	102
CLIENT_STORAGE	approved/social-ui-before-force-post-options-menu-20260708.js	103
CLIENT_STORAGE	approved/social-ui-before-force-post-options-menu-20260708.js	109
CLIENT_STORAGE	approved/social-ui-before-force-post-options-menu-20260708.js	110
CLIENT_STORAGE	approved/social-ui-before-force-post-options-menu-20260708.js	205
CLIENT_STORAGE	approved/social-ui-before-force-post-options-menu-20260708.js	210
CLIENT_STORAGE	approved/social-ui-before-force-post-options-menu-20260708.js	237
CLIENT_STORAGE	approved/social-ui-before-force-post-options-menu-20260708.js	242
CLIENT_STORAGE	approved/social-ui-before-force-post-options-menu-20260708.js	762
CLIENT_STORAGE	approved/social-ui-before-force-post-options-menu-20260708.js	771
CLIENT_STORAGE	approved/social-ui-before-force-post-options-menu-20260708.js	830
CLIENT_STORAGE	approved/social-ui-before-force-post-options-menu-20260708.js	847
CLIENT_STORAGE	approved/social-ui-before-force-post-options-menu-20260708.js	848
CLIENT_STORAGE	approved/social-ui-before-force-post-options-menu-20260708.js	849
CLIENT_STORAGE	approved/social-ui-before-force-post-options-menu-20260708.js	850
CLIENT_STORAGE	approved/social-ui-before-force-post-options-menu-20260708.js	1186
CLIENT_STORAGE	approved/social-ui-before-force-post-options-menu-20260708.js	1193
CLIENT_STORAGE	approved/social-ui-before-force-post-options-menu-20260708.js	1512
CLIENT_STORAGE	approved/social-ui-before-force-post-options-menu-20260708.js	1862
CLIENT_STORAGE	approved/social-ui-before-force-post-options-menu-20260708.js	1883
CLIENT_STORAGE	approved/social-ui-before-force-post-options-menu-20260708.js	1910
CLIENT_STORAGE	approved/social-ui-before-force-post-options-menu-20260708.js	2627
CLIENT_STORAGE	approved/social-ui-before-post-options-menu-tiger-care-20260707.js	20
CLIENT_STORAGE	approved/social-ui-before-post-options-menu-tiger-care-20260707.js	102
CLIENT_STORAGE	approved/social-ui-before-post-options-menu-tiger-care-20260707.js	103
CLIENT_STORAGE	approved/social-ui-before-post-options-menu-tiger-care-20260707.js	109
CLIENT_STORAGE	approved/social-ui-before-post-options-menu-tiger-care-20260707.js	110
CLIENT_STORAGE	approved/social-ui-before-post-options-menu-tiger-care-20260707.js	205
CLIENT_STORAGE	approved/social-ui-before-post-options-menu-tiger-care-20260707.js	210
CLIENT_STORAGE	approved/social-ui-before-post-options-menu-tiger-care-20260707.js	237
CLIENT_STORAGE	approved/social-ui-before-post-options-menu-tiger-care-20260707.js	242
CLIENT_STORAGE	approved/social-ui-before-post-options-menu-tiger-care-20260707.js	543
CLIENT_STORAGE	approved/social-ui-before-post-options-menu-tiger-care-20260707.js	552
CLIENT_STORAGE	approved/social-ui-before-post-options-menu-tiger-care-20260707.js	611
CLIENT_STORAGE	approved/social-ui-before-post-options-menu-tiger-care-20260707.js	628
CLIENT_STORAGE	approved/social-ui-before-post-options-menu-tiger-care-20260707.js	629
CLIENT_STORAGE	approved/social-ui-before-post-options-menu-tiger-care-20260707.js	630
CLIENT_STORAGE	approved/social-ui-before-post-options-menu-tiger-care-20260707.js	631
CLIENT_STORAGE	approved/social-ui-before-post-options-menu-tiger-care-20260707.js	967
CLIENT_STORAGE	approved/social-ui-before-post-options-menu-tiger-care-20260707.js	974
CLIENT_STORAGE	approved/social-ui-before-post-options-menu-tiger-care-20260707.js	1293
CLIENT_STORAGE	approved/social-ui-before-post-options-menu-tiger-care-20260707.js	1643
CLIENT_STORAGE	approved/social-ui-before-post-options-menu-tiger-care-20260707.js	1664
CLIENT_STORAGE	approved/social-ui-before-post-options-menu-tiger-care-20260707.js	1691
CLIENT_STORAGE	approved/social-ui-before-post-options-menu-tiger-care-20260707.js	2408
CLIENT_STORAGE	approved/social-ui-before-tiger-care-feedback-fix-20260708.js	20
CLIENT_STORAGE	approved/social-ui-before-tiger-care-feedback-fix-20260708.js	102
CLIENT_STORAGE	approved/social-ui-before-tiger-care-feedback-fix-20260708.js	103
CLIENT_STORAGE	approved/social-ui-before-tiger-care-feedback-fix-20260708.js	109
CLIENT_STORAGE	approved/social-ui-before-tiger-care-feedback-fix-20260708.js	110
CLIENT_STORAGE	approved/social-ui-before-tiger-care-feedback-fix-20260708.js	205
CLIENT_STORAGE	approved/social-ui-before-tiger-care-feedback-fix-20260708.js	210
CLIENT_STORAGE	approved/social-ui-before-tiger-care-feedback-fix-20260708.js	237
CLIENT_STORAGE	approved/social-ui-before-tiger-care-feedback-fix-20260708.js	242
CLIENT_STORAGE	approved/social-ui-before-tiger-care-feedback-fix-20260708.js	792
CLIENT_STORAGE	approved/social-ui-before-tiger-care-feedback-fix-20260708.js	801
CLIENT_STORAGE	approved/social-ui-before-tiger-care-feedback-fix-20260708.js	860
CLIENT_STORAGE	approved/social-ui-before-tiger-care-feedback-fix-20260708.js	877
CLIENT_STORAGE	approved/social-ui-before-tiger-care-feedback-fix-20260708.js	878
CLIENT_STORAGE	approved/social-ui-before-tiger-care-feedback-fix-20260708.js	879
CLIENT_STORAGE	approved/social-ui-before-tiger-care-feedback-fix-20260708.js	880
CLIENT_STORAGE	approved/social-ui-before-tiger-care-feedback-fix-20260708.js	1216
CLIENT_STORAGE	approved/social-ui-before-tiger-care-feedback-fix-20260708.js	1223
CLIENT_STORAGE	approved/social-ui-before-tiger-care-feedback-fix-20260708.js	1542
CLIENT_STORAGE	approved/social-ui-before-tiger-care-feedback-fix-20260708.js	1892
CLIENT_STORAGE	approved/social-ui-before-tiger-care-feedback-fix-20260708.js	1913
CLIENT_STORAGE	approved/social-ui-before-tiger-care-feedback-fix-20260708.js	1940
CLIENT_STORAGE	approved/social-ui-before-tiger-care-feedback-fix-20260708.js	2657
CLIENT_STORAGE	auth.js	78
CLIENT_STORAGE	auth.js	234
CLIENT_STORAGE	auth.js	235
CLIENT_STORAGE	auth.js	243
CLIENT_STORAGE	auth.js	567
CLIENT_STORAGE	auth.js	578
CLIENT_STORAGE	auth.js	579
CLIENT_STORAGE	auth.js	582
CLIENT_STORAGE	backups/clerk-private-profile.before-atomic-profile-resolver.html	1010
CLIENT_STORAGE	backups/clerk-private-profile.before-atomic-profile-resolver.html	1030
CLIENT_STORAGE	backups/clerk-private-profile.before-jwt-rls-bridge.html	877
CLIENT_STORAGE	backups/clerk-private-profile.before-jwt-rls-bridge.html	897
CLIENT_STORAGE	backups/clerk-private-profile.before-profile-resilience-shell.html	1015
CLIENT_STORAGE	backups/clerk-private-profile.before-profile-resilience-shell.html	1035
CLIENT_STORAGE	clerk-private-profile.html	841
CLIENT_STORAGE	clerk-private-profile.html	855
CLIENT_STORAGE	clerk-private-profile.html	886
CLIENT_STORAGE	clerk-private-profile.html	1173
CLIENT_STORAGE	clerk-private-profile.html	1193
CLIENT_STORAGE	social-ui.js	20
CLIENT_STORAGE	social-ui.js	102
CLIENT_STORAGE	social-ui.js	103
CLIENT_STORAGE	social-ui.js	109
CLIENT_STORAGE	social-ui.js	110
CLIENT_STORAGE	social-ui.js	205
CLIENT_STORAGE	social-ui.js	210
CLIENT_STORAGE	social-ui.js	237
CLIENT_STORAGE	social-ui.js	242
CLIENT_STORAGE	social-ui.js	815
CLIENT_STORAGE	social-ui.js	824
CLIENT_STORAGE	social-ui.js	883
CLIENT_STORAGE	social-ui.js	900
CLIENT_STORAGE	social-ui.js	901
CLIENT_STORAGE	social-ui.js	902
CLIENT_STORAGE	social-ui.js	903
CLIENT_STORAGE	social-ui.js	1239
CLIENT_STORAGE	social-ui.js	1246
CLIENT_STORAGE	social-ui.js	1565
CLIENT_STORAGE	social-ui.js	1915
CLIENT_STORAGE	social-ui.js	1936
CLIENT_STORAGE	social-ui.js	1963
CLIENT_STORAGE	social-ui.js	2680
UNSAFE_DOM_PATTERN	ADMIN-ROLE-SPEC.md	196
UNSAFE_DOM_PATTERN	approved/auth-clerk-index-before-profile-button-fix-20260707.js	10
UNSAFE_DOM_PATTERN	approved/auth-clerk-index-before-profile-button-fix-20260707.js	24
UNSAFE_DOM_PATTERN	approved/auth-clerk-index-before-profile-button-fix-20260707.js	34
UNSAFE_DOM_PATTERN	approved/auth-clerk-index-before-profile-button-fix-20260707.js	66
UNSAFE_DOM_PATTERN	approved/auth-clerk-index-before-profile-button-fix-20260707.js	90
UNSAFE_DOM_PATTERN	approved/auth-clerk-index-before-vvip-gate-login-20260707.js	10
UNSAFE_DOM_PATTERN	approved/auth-clerk-index-before-vvip-gate-login-20260707.js	24
UNSAFE_DOM_PATTERN	approved/auth-clerk-index-before-vvip-gate-login-20260707.js	34
UNSAFE_DOM_PATTERN	approved/auth-clerk-index-before-vvip-gate-login-20260707.js	88
UNSAFE_DOM_PATTERN	approved/auth-clerk-index-before-vvip-gate-login-20260707.js	112
UNSAFE_DOM_PATTERN	approved/clerk-private-profile-before-official-ui-20260707.html	250
UNSAFE_DOM_PATTERN	approved/clerk-private-profile-before-official-ui-20260707.html	307
UNSAFE_DOM_PATTERN	approved/clerk-private-profile-before-supabase-bridge-20260707.html	146
UNSAFE_DOM_PATTERN	approved/clerk-private-profile-before-supabase-bridge-20260707.html	171
UNSAFE_DOM_PATTERN	approved/clerk-private-profile-before-tiger-care-card-20260707.html	657
UNSAFE_DOM_PATTERN	approved/clerk-private-profile-before-tiger-care-card-20260707.html	825
UNSAFE_DOM_PATTERN	approved/clerk-private-profile-before-vip-membership-center-20260707.html	579
UNSAFE_DOM_PATTERN	approved/clerk-private-profile-before-vip-membership-center-20260707.html	708
UNSAFE_DOM_PATTERN	approved/legacy-auth-audit-7-1/clerk-private-profile-before-linkrel-fix-20260708.html	788
UNSAFE_DOM_PATTERN	approved/legacy-auth-audit-7-1/clerk-private-profile-before-linkrel-fix-20260708.html	1033
UNSAFE_DOM_PATTERN	approved/social-ui-before-force-post-options-menu-20260708.js	354
UNSAFE_DOM_PATTERN	approved/social-ui-before-force-post-options-menu-20260708.js	472
UNSAFE_DOM_PATTERN	approved/social-ui-before-force-post-options-menu-20260708.js	517
UNSAFE_DOM_PATTERN	approved/social-ui-before-force-post-options-menu-20260708.js	1211
UNSAFE_DOM_PATTERN	approved/social-ui-before-force-post-options-menu-20260708.js	1951
UNSAFE_DOM_PATTERN	approved/social-ui-before-force-post-options-menu-20260708.js	1963
UNSAFE_DOM_PATTERN	approved/social-ui-before-force-post-options-menu-20260708.js	1984
UNSAFE_DOM_PATTERN	approved/social-ui-before-force-post-options-menu-20260708.js	2000
UNSAFE_DOM_PATTERN	approved/social-ui-before-force-post-options-menu-20260708.js	2070
UNSAFE_DOM_PATTERN	approved/social-ui-before-force-post-options-menu-20260708.js	2107
UNSAFE_DOM_PATTERN	approved/social-ui-before-force-post-options-menu-20260708.js	2457
UNSAFE_DOM_PATTERN	approved/social-ui-before-force-post-options-menu-20260708.js	2668
UNSAFE_DOM_PATTERN	approved/social-ui-before-force-post-options-menu-20260708.js	2694
UNSAFE_DOM_PATTERN	approved/social-ui-before-force-post-options-menu-20260708.js	2819
UNSAFE_DOM_PATTERN	approved/social-ui-before-force-post-options-menu-20260708.js	2821
UNSAFE_DOM_PATTERN	approved/social-ui-before-force-post-options-menu-20260708.js	2840
UNSAFE_DOM_PATTERN	approved/social-ui-before-force-post-options-menu-20260708.js	2914
UNSAFE_DOM_PATTERN	approved/social-ui-before-force-post-options-menu-20260708.js	2919
UNSAFE_DOM_PATTERN	approved/social-ui-before-force-post-options-menu-20260708.js	2930
UNSAFE_DOM_PATTERN	approved/social-ui-before-force-post-options-menu-20260708.js	2962
UNSAFE_DOM_PATTERN	approved/social-ui-before-post-options-menu-tiger-care-20260707.js	354
UNSAFE_DOM_PATTERN	approved/social-ui-before-post-options-menu-tiger-care-20260707.js	992
UNSAFE_DOM_PATTERN	approved/social-ui-before-post-options-menu-tiger-care-20260707.js	1732
UNSAFE_DOM_PATTERN	approved/social-ui-before-post-options-menu-tiger-care-20260707.js	1744
UNSAFE_DOM_PATTERN	approved/social-ui-before-post-options-menu-tiger-care-20260707.js	1765
UNSAFE_DOM_PATTERN	approved/social-ui-before-post-options-menu-tiger-care-20260707.js	1781
UNSAFE_DOM_PATTERN	approved/social-ui-before-post-options-menu-tiger-care-20260707.js	1851
UNSAFE_DOM_PATTERN	approved/social-ui-before-post-options-menu-tiger-care-20260707.js	1888
UNSAFE_DOM_PATTERN	approved/social-ui-before-post-options-menu-tiger-care-20260707.js	2238
UNSAFE_DOM_PATTERN	approved/social-ui-before-post-options-menu-tiger-care-20260707.js	2449
UNSAFE_DOM_PATTERN	approved/social-ui-before-post-options-menu-tiger-care-20260707.js	2475
UNSAFE_DOM_PATTERN	approved/social-ui-before-post-options-menu-tiger-care-20260707.js	2600
UNSAFE_DOM_PATTERN	approved/social-ui-before-post-options-menu-tiger-care-20260707.js	2602
UNSAFE_DOM_PATTERN	approved/social-ui-before-post-options-menu-tiger-care-20260707.js	2621
UNSAFE_DOM_PATTERN	approved/social-ui-before-post-options-menu-tiger-care-20260707.js	2695
UNSAFE_DOM_PATTERN	approved/social-ui-before-post-options-menu-tiger-care-20260707.js	2700
UNSAFE_DOM_PATTERN	approved/social-ui-before-post-options-menu-tiger-care-20260707.js	2711
UNSAFE_DOM_PATTERN	approved/social-ui-before-post-options-menu-tiger-care-20260707.js	2743
UNSAFE_DOM_PATTERN	approved/social-ui-before-tiger-care-feedback-fix-20260708.js	354
UNSAFE_DOM_PATTERN	approved/social-ui-before-tiger-care-feedback-fix-20260708.js	472
UNSAFE_DOM_PATTERN	approved/social-ui-before-tiger-care-feedback-fix-20260708.js	517
UNSAFE_DOM_PATTERN	approved/social-ui-before-tiger-care-feedback-fix-20260708.js	1241
UNSAFE_DOM_PATTERN	approved/social-ui-before-tiger-care-feedback-fix-20260708.js	1981
UNSAFE_DOM_PATTERN	approved/social-ui-before-tiger-care-feedback-fix-20260708.js	1993
UNSAFE_DOM_PATTERN	approved/social-ui-before-tiger-care-feedback-fix-20260708.js	2014
UNSAFE_DOM_PATTERN	approved/social-ui-before-tiger-care-feedback-fix-20260708.js	2030
UNSAFE_DOM_PATTERN	approved/social-ui-before-tiger-care-feedback-fix-20260708.js	2100
UNSAFE_DOM_PATTERN	approved/social-ui-before-tiger-care-feedback-fix-20260708.js	2137
UNSAFE_DOM_PATTERN	approved/social-ui-before-tiger-care-feedback-fix-20260708.js	2487
UNSAFE_DOM_PATTERN	approved/social-ui-before-tiger-care-feedback-fix-20260708.js	2698
UNSAFE_DOM_PATTERN	approved/social-ui-before-tiger-care-feedback-fix-20260708.js	2724
UNSAFE_DOM_PATTERN	approved/social-ui-before-tiger-care-feedback-fix-20260708.js	2849
UNSAFE_DOM_PATTERN	approved/social-ui-before-tiger-care-feedback-fix-20260708.js	2851
UNSAFE_DOM_PATTERN	approved/social-ui-before-tiger-care-feedback-fix-20260708.js	2870
UNSAFE_DOM_PATTERN	approved/social-ui-before-tiger-care-feedback-fix-20260708.js	2944
UNSAFE_DOM_PATTERN	approved/social-ui-before-tiger-care-feedback-fix-20260708.js	2949
UNSAFE_DOM_PATTERN	approved/social-ui-before-tiger-care-feedback-fix-20260708.js	2960
UNSAFE_DOM_PATTERN	approved/social-ui-before-tiger-care-feedback-fix-20260708.js	2992
UNSAFE_DOM_PATTERN	approved/visual-identity-pass-7-1/clerk-private-profile-before-visual-identity-20260708.html	787
UNSAFE_DOM_PATTERN	approved/visual-identity-pass-7-1/clerk-private-profile-before-visual-identity-20260708.html	1032
UNSAFE_DOM_PATTERN	auth-clerk-index.js	10
UNSAFE_DOM_PATTERN	auth-clerk-index.js	28
UNSAFE_DOM_PATTERN	auth-clerk-index.js	38
UNSAFE_DOM_PATTERN	auth-clerk-index.js	93
UNSAFE_DOM_PATTERN	auth-clerk-index.js	124
UNSAFE_DOM_PATTERN	backups/clerk-private-profile.before-atomic-profile-resolver.html	1251
UNSAFE_DOM_PATTERN	backups/clerk-private-profile.before-atomic-profile-resolver.html	1295
UNSAFE_DOM_PATTERN	backups/clerk-private-profile.before-atomic-profile-resolver.html	1479
UNSAFE_DOM_PATTERN	backups/clerk-private-profile.before-jwt-rls-bridge.html	1090
UNSAFE_DOM_PATTERN	backups/clerk-private-profile.before-jwt-rls-bridge.html	1131
UNSAFE_DOM_PATTERN	backups/clerk-private-profile.before-jwt-rls-bridge.html	1290
UNSAFE_DOM_PATTERN	backups/clerk-private-profile.before-profile-resilience-shell.html	1323
UNSAFE_DOM_PATTERN	backups/clerk-private-profile.before-profile-resilience-shell.html	1367
UNSAFE_DOM_PATTERN	backups/clerk-private-profile.before-profile-resilience-shell.html	1566
UNSAFE_DOM_PATTERN	backups/clerk-private-profile.before-self-healing-profile-gateway.html	814
UNSAFE_DOM_PATTERN	backups/clerk-private-profile.before-self-healing-profile-gateway.html	1059
UNSAFE_DOM_PATTERN	clerk-private-profile.html	1481
UNSAFE_DOM_PATTERN	clerk-private-profile.html	1525
UNSAFE_DOM_PATTERN	clerk-private-profile.html	1752
UNSAFE_DOM_PATTERN	clerk-test.html	186
UNSAFE_DOM_PATTERN	clerk-test.html	189
UNSAFE_DOM_PATTERN	clerk-test.html	222
UNSAFE_DOM_PATTERN	clerk-test.html	245
UNSAFE_DOM_PATTERN	social-ui.js	354
UNSAFE_DOM_PATTERN	social-ui.js	472
UNSAFE_DOM_PATTERN	social-ui.js	538
UNSAFE_DOM_PATTERN	social-ui.js	1264
UNSAFE_DOM_PATTERN	social-ui.js	2004
UNSAFE_DOM_PATTERN	social-ui.js	2016
UNSAFE_DOM_PATTERN	social-ui.js	2037
UNSAFE_DOM_PATTERN	social-ui.js	2053
UNSAFE_DOM_PATTERN	social-ui.js	2123
UNSAFE_DOM_PATTERN	social-ui.js	2160
UNSAFE_DOM_PATTERN	social-ui.js	2510
UNSAFE_DOM_PATTERN	social-ui.js	2721
UNSAFE_DOM_PATTERN	social-ui.js	2747
UNSAFE_DOM_PATTERN	social-ui.js	2872
UNSAFE_DOM_PATTERN	social-ui.js	2874
UNSAFE_DOM_PATTERN	social-ui.js	2893
UNSAFE_DOM_PATTERN	social-ui.js	2967
UNSAFE_DOM_PATTERN	social-ui.js	2972
UNSAFE_DOM_PATTERN	social-ui.js	2983
UNSAFE_DOM_PATTERN	social-ui.js	3015
CONSOLE_LOGGING	ACCOUNT-CHOOSER-SPEC.md	102
CONSOLE_LOGGING	ACCOUNT-CHOOSER-SPEC.md	111
CONSOLE_LOGGING	ADMIN-ROLE-SPEC.md	180
CONSOLE_LOGGING	ADMIN-ROLE-SPEC.md	190
CONSOLE_LOGGING	EMAIL-VERIFICATION-SETUP.md	232
CONSOLE_LOGGING	EMAIL-VERIFICATION-SETUP.md	234
CONSOLE_LOGGING	EMAIL-VERIFICATION-SETUP.md	247
CONSOLE_LOGGING	RLS-IMPLEMENTATION-GUIDE.md	70
CONSOLE_LOGGING	RLS-IMPLEMENTATION-GUIDE.md	85
CONSOLE_LOGGING	RLS-IMPLEMENTATION-GUIDE.md	99
CONSOLE_LOGGING	RLS-IMPLEMENTATION-GUIDE.md	115
CONSOLE_LOGGING	RLS-IMPLEMENTATION-GUIDE.md	129
CONSOLE_LOGGING	approved/auth-clerk-index-before-profile-button-fix-20260707.js	5
CONSOLE_LOGGING	approved/auth-clerk-index-before-profile-button-fix-20260707.js	88
CONSOLE_LOGGING	approved/auth-clerk-index-before-vvip-gate-login-20260707.js	5
CONSOLE_LOGGING	approved/auth-clerk-index-before-vvip-gate-login-20260707.js	110
CONSOLE_LOGGING	approved/clerk-private-profile-before-official-ui-20260707.html	306
CONSOLE_LOGGING	approved/clerk-private-profile-before-supabase-bridge-20260707.html	170
CONSOLE_LOGGING	approved/clerk-private-profile-before-tiger-care-card-20260707.html	824
CONSOLE_LOGGING	approved/clerk-private-profile-before-vip-membership-center-20260707.html	707
CONSOLE_LOGGING	approved/legacy-auth-audit-7-1/clerk-private-profile-before-linkrel-fix-20260708.html	1032
CONSOLE_LOGGING	approved/require-auth-approved.js	6
CONSOLE_LOGGING	approved/require-auth-approved.js	14
CONSOLE_LOGGING	approved/require-auth-approved.js	20
CONSOLE_LOGGING	approved/require-auth-approved.js	25
CONSOLE_LOGGING	approved/require-auth-approved.js	27
CONSOLE_LOGGING	approved/require-auth-final.js	6
CONSOLE_LOGGING	approved/require-auth-final.js	14
CONSOLE_LOGGING	approved/require-auth-final.js	20
CONSOLE_LOGGING	approved/require-auth-final.js	25
CONSOLE_LOGGING	approved/require-auth-final.js	27
CONSOLE_LOGGING	approved/supabase-auth-bridge-approved.js	117
CONSOLE_LOGGING	approved/supabase-auth-bridge-approved.js	120
CONSOLE_LOGGING	approved/supabase-auth-bridge-approved.js	163
CONSOLE_LOGGING	approved/supabase-auth-bridge-final.js	117
CONSOLE_LOGGING	approved/supabase-auth-bridge-final.js	120
CONSOLE_LOGGING	approved/supabase-auth-bridge-final.js	163
CONSOLE_LOGGING	approved/visual-identity-pass-7-1/clerk-private-profile-before-visual-identity-20260708.html	1031
CONSOLE_LOGGING	auth-clerk-index.js	5
CONSOLE_LOGGING	auth-clerk-index.js	122
CONSOLE_LOGGING	auth-supabase.js	145
CONSOLE_LOGGING	auth.js	340
CONSOLE_LOGGING	auth.js	363
CONSOLE_LOGGING	auth.js	442
CONSOLE_LOGGING	auth.js	448
CONSOLE_LOGGING	backups/clerk-private-profile.before-atomic-profile-resolver.html	707
CONSOLE_LOGGING	backups/clerk-private-profile.before-atomic-profile-resolver.html	713
CONSOLE_LOGGING	backups/clerk-private-profile.before-atomic-profile-resolver.html	716
CONSOLE_LOGGING	backups/clerk-private-profile.before-atomic-profile-resolver.html	1056
CONSOLE_LOGGING	backups/clerk-private-profile.before-atomic-profile-resolver.html	1081
CONSOLE_LOGGING	backups/clerk-private-profile.before-atomic-profile-resolver.html	1103
CONSOLE_LOGGING	backups/clerk-private-profile.before-atomic-profile-resolver.html	1128
CONSOLE_LOGGING	backups/clerk-private-profile.before-atomic-profile-resolver.html	1233
CONSOLE_LOGGING	backups/clerk-private-profile.before-atomic-profile-resolver.html	1270
CONSOLE_LOGGING	backups/clerk-private-profile.before-atomic-profile-resolver.html	1337
CONSOLE_LOGGING	backups/clerk-private-profile.before-atomic-profile-resolver.html	1345
CONSOLE_LOGGING	backups/clerk-private-profile.before-atomic-profile-resolver.html	1369
CONSOLE_LOGGING	backups/clerk-private-profile.before-jwt-rls-bridge.html	923
CONSOLE_LOGGING	backups/clerk-private-profile.before-jwt-rls-bridge.html	935
CONSOLE_LOGGING	backups/clerk-private-profile.before-jwt-rls-bridge.html	957
CONSOLE_LOGGING	backups/clerk-private-profile.before-jwt-rls-bridge.html	970
CONSOLE_LOGGING	backups/clerk-private-profile.before-jwt-rls-bridge.html	1075
CONSOLE_LOGGING	backups/clerk-private-profile.before-jwt-rls-bridge.html	1109
CONSOLE_LOGGING	backups/clerk-private-profile.before-jwt-rls-bridge.html	1172
CONSOLE_LOGGING	backups/clerk-private-profile.before-jwt-rls-bridge.html	1180
CONSOLE_LOGGING	backups/clerk-private-profile.before-jwt-rls-bridge.html	1195
CONSOLE_LOGGING	backups/clerk-private-profile.before-profile-resilience-shell.html	708
CONSOLE_LOGGING	backups/clerk-private-profile.before-profile-resilience-shell.html	714
CONSOLE_LOGGING	backups/clerk-private-profile.before-profile-resilience-shell.html	717
CONSOLE_LOGGING	backups/clerk-private-profile.before-profile-resilience-shell.html	1061
CONSOLE_LOGGING	backups/clerk-private-profile.before-profile-resilience-shell.html	1086
CONSOLE_LOGGING	backups/clerk-private-profile.before-profile-resilience-shell.html	1108
CONSOLE_LOGGING	backups/clerk-private-profile.before-profile-resilience-shell.html	1133
CONSOLE_LOGGING	backups/clerk-private-profile.before-profile-resilience-shell.html	1178
CONSOLE_LOGGING	backups/clerk-private-profile.before-profile-resilience-shell.html	1203
CONSOLE_LOGGING	backups/clerk-private-profile.before-profile-resilience-shell.html	1305
CONSOLE_LOGGING	backups/clerk-private-profile.before-profile-resilience-shell.html	1342
CONSOLE_LOGGING	backups/clerk-private-profile.before-profile-resilience-shell.html	1405
CONSOLE_LOGGING	backups/clerk-private-profile.before-profile-resilience-shell.html	1413
CONSOLE_LOGGING	backups/clerk-private-profile.before-profile-resilience-shell.html	1432
CONSOLE_LOGGING	backups/clerk-private-profile.before-profile-resilience-shell.html	1456
CONSOLE_LOGGING	backups/clerk-private-profile.before-self-healing-profile-gateway.html	1058
CONSOLE_LOGGING	clerk-private-profile.html	709
CONSOLE_LOGGING	clerk-private-profile.html	715
CONSOLE_LOGGING	clerk-private-profile.html	718
CONSOLE_LOGGING	clerk-private-profile.html	1219
CONSOLE_LOGGING	clerk-private-profile.html	1244
CONSOLE_LOGGING	clerk-private-profile.html	1266
CONSOLE_LOGGING	clerk-private-profile.html	1291
CONSOLE_LOGGING	clerk-private-profile.html	1336
CONSOLE_LOGGING	clerk-private-profile.html	1361
CONSOLE_LOGGING	clerk-private-profile.html	1463
CONSOLE_LOGGING	clerk-private-profile.html	1500
CONSOLE_LOGGING	clerk-private-profile.html	1620
CONSOLE_LOGGING	clerk-private-profile.html	1622
CONSOLE_LOGGING	clerk-test.html	244
CONSOLE_LOGGING	scripts/profile-loader.js	193
CONSOLE_LOGGING	scripts/profile-loader.js	215
CONSOLE_LOGGING	scripts/profile-loader.js	223
CONSOLE_LOGGING	scripts/require-auth.js	6
CONSOLE_LOGGING	scripts/require-auth.js	14
CONSOLE_LOGGING	scripts/require-auth.js	20
CONSOLE_LOGGING	scripts/require-auth.js	25
CONSOLE_LOGGING	scripts/require-auth.js	27
CONSOLE_LOGGING	scripts/supabase-auth-bridge.js	117
CONSOLE_LOGGING	scripts/supabase-auth-bridge.js	120
CONSOLE_LOGGING	scripts/supabase-auth-bridge.js	163
CONSOLE_LOGGING	supabase/functions/send-verification-email/index.ts	38
CONSOLE_LOGGING	supabase/functions/send-verification-email/index.ts	65
CONSOLE_LOGGING	supabase/functions/send-verification-email/index.ts	69
CONSOLE_LOGGING	supabase/functions/send-verification-email/index.ts	86
CONSOLE_LOGGING	supabase/functions/send-verification-email/index.ts	154
CONSOLE_LOGGING	supabase/functions/send-verification-email/index.ts	158
CONSOLE_LOGGING	supabase/functions/send-verification-email/index.ts	359
CONSOLE_LOGGING	supabase/functions/send-verification-email/index.ts	380
CONSOLE_LOGGING	supabase/functions/send-verification-email/index.ts	453
FRONTEND_ONLY_SECURITY_HINT	20260708_vvip_tiger_profiles_remove_legacy_auth_uid_policies.sql	25
FRONTEND_ONLY_SECURITY_HINT	20260708_vvip_tiger_profiles_remove_legacy_auth_uid_policies.sql	26
FRONTEND_ONLY_SECURITY_HINT	20260708_vvip_tiger_public_profiles_clerk_runtime_fix.sql	5
FRONTEND_ONLY_SECURITY_HINT	20260708_vvip_tiger_public_profiles_clerk_runtime_fix.sql	27
FRONTEND_ONLY_SECURITY_HINT	20260708_vvip_tiger_public_profiles_clerk_runtime_fix.sql	29
FRONTEND_ONLY_SECURITY_HINT	20260708_vvip_tiger_public_profiles_clerk_runtime_fix.sql	30
FRONTEND_ONLY_SECURITY_HINT	20260708_vvip_tiger_public_profiles_clerk_runtime_fix.sql	93
FRONTEND_ONLY_SECURITY_HINT	ADMIN-ROLE-SPEC.md	38
FRONTEND_ONLY_SECURITY_HINT	ADMIN-ROLE-SPEC.md	45
FRONTEND_ONLY_SECURITY_HINT	ADMIN-ROLE-SPEC.md	46
FRONTEND_ONLY_SECURITY_HINT	ADMIN-ROLE-SPEC.md	49
FRONTEND_ONLY_SECURITY_HINT	ADMIN-ROLE-SPEC.md	50
FRONTEND_ONLY_SECURITY_HINT	ADMIN-ROLE-SPEC.md	57
FRONTEND_ONLY_SECURITY_HINT	ADMIN-ROLE-SPEC.md	58
FRONTEND_ONLY_SECURITY_HINT	ADMIN-ROLE-SPEC.md	62
FRONTEND_ONLY_SECURITY_HINT	ADMIN-ROLE-SPEC.md	98
FRONTEND_ONLY_SECURITY_HINT	ADMIN-ROLE-SPEC.md	99
FRONTEND_ONLY_SECURITY_HINT	ADMIN-ROLE-SPEC.md	100
FRONTEND_ONLY_SECURITY_HINT	ADMIN-ROLE-SPEC.md	113
FRONTEND_ONLY_SECURITY_HINT	ADMIN-ROLE-SPEC.md	114
FRONTEND_ONLY_SECURITY_HINT	ADMIN-ROLE-SPEC.md	115
FRONTEND_ONLY_SECURITY_HINT	ADMIN-ROLE-SPEC.md	121
FRONTEND_ONLY_SECURITY_HINT	ADMIN-ROLE-SPEC.md	122
FRONTEND_ONLY_SECURITY_HINT	ADMIN-ROLE-SPEC.md	123
FRONTEND_ONLY_SECURITY_HINT	ADMIN-ROLE-SPEC.md	136
FRONTEND_ONLY_SECURITY_HINT	ADMIN-ROLE-SPEC.md	137
FRONTEND_ONLY_SECURITY_HINT	ADMIN-ROLE-SPEC.md	138
FRONTEND_ONLY_SECURITY_HINT	ADMIN-ROLE-SPEC.md	151
FRONTEND_ONLY_SECURITY_HINT	ADMIN-ROLE-SPEC.md	165
FRONTEND_ONLY_SECURITY_HINT	ADMIN-ROLE-SPEC.md	166
FRONTEND_ONLY_SECURITY_HINT	ADMIN-ROLE-SPEC.md	169
FRONTEND_ONLY_SECURITY_HINT	ADMIN-ROLE-SPEC.md	172
FRONTEND_ONLY_SECURITY_HINT	ADMIN-ROLE-SPEC.md	179
FRONTEND_ONLY_SECURITY_HINT	ADMIN-ROLE-SPEC.md	180
FRONTEND_ONLY_SECURITY_HINT	ADMIN-ROLE-SPEC.md	195
FRONTEND_ONLY_SECURITY_HINT	ADMIN-ROLE-SPEC.md	197
FRONTEND_ONLY_SECURITY_HINT	ADMIN-ROLE-SPEC.md	200
FRONTEND_ONLY_SECURITY_HINT	ADMIN-ROLE-SPEC.md	208
FRONTEND_ONLY_SECURITY_HINT	ADMIN-ROLE-SPEC.md	209
FRONTEND_ONLY_SECURITY_HINT	ADMIN-ROLE-SPEC.md	210
FRONTEND_ONLY_SECURITY_HINT	ADMIN-ROLE-SPEC.md	227
FRONTEND_ONLY_SECURITY_HINT	ADMIN-ROLE-SPEC.md	243
FRONTEND_ONLY_SECURITY_HINT	ADMIN-ROLE-SPEC.md	245
FRONTEND_ONLY_SECURITY_HINT	ADMIN-ROLE-SPEC.md	246
FRONTEND_ONLY_SECURITY_HINT	ADMIN-ROLE-SPEC.md	258
FRONTEND_ONLY_SECURITY_HINT	ADMIN-ROLE-SPEC.md	268
FRONTEND_ONLY_SECURITY_HINT	ADMIN-ROLE-SPEC.md	272
FRONTEND_ONLY_SECURITY_HINT	ADMIN-ROLE-SPEC.md	280
FRONTEND_ONLY_SECURITY_HINT	ADMIN-ROLE-SPEC.md	295
FRONTEND_ONLY_SECURITY_HINT	ADMIN-ROLE-SPEC.md	297
FRONTEND_ONLY_SECURITY_HINT	ADMIN-ROLE-SPEC.md	315
FRONTEND_ONLY_SECURITY_HINT	ADMIN-ROLE-SPEC.md	344
FRONTEND_ONLY_SECURITY_HINT	ADMIN-ROLE-SPEC.md	346
FRONTEND_ONLY_SECURITY_HINT	ADMIN-ROLE-SPEC.md	348
FRONTEND_ONLY_SECURITY_HINT	ADMIN-ROLE-SPEC.md	355
FRONTEND_ONLY_SECURITY_HINT	ADMIN-ROLE-SPEC.md	370
FRONTEND_ONLY_SECURITY_HINT	ADMIN-SETUP.sql	17
FRONTEND_ONLY_SECURITY_HINT	ADMIN-SETUP.sql	27
FRONTEND_ONLY_SECURITY_HINT	ADMIN-SETUP.sql	39
FRONTEND_ONLY_SECURITY_HINT	ADMIN-SETUP.sql	51
FRONTEND_ONLY_SECURITY_HINT	ADMIN-SETUP.sql	56
FRONTEND_ONLY_SECURITY_HINT	ADMIN-SETUP.sql	63
FRONTEND_ONLY_SECURITY_HINT	AGENTS.md	21
FRONTEND_ONLY_SECURITY_HINT	AGENTS.md	50
FRONTEND_ONLY_SECURITY_HINT	AGENTS.md	51
FRONTEND_ONLY_SECURITY_HINT	AGENTS.md	55
FRONTEND_ONLY_SECURITY_HINT	AGENTS.md	65
FRONTEND_ONLY_SECURITY_HINT	AGENTS.md	75
FRONTEND_ONLY_SECURITY_HINT	DOCUMENTATION-INDEX.md	35
FRONTEND_ONLY_SECURITY_HINT	EMAIL-TEMPLATE-VARIABLES.md	31
FRONTEND_ONLY_SECURITY_HINT	EMAIL-VERIFICATION-SETUP.md	60
FRONTEND_ONLY_SECURITY_HINT	EMAIL-VERIFICATION-SETUP.md	61
FRONTEND_ONLY_SECURITY_HINT	EMAIL-VERIFICATION-SETUP.md	62
FRONTEND_ONLY_SECURITY_HINT	EMAIL-VERIFICATION-SETUP.md	222
FRONTEND_ONLY_SECURITY_HINT	EMAIL-VERIFICATION-SETUP.md	251
FRONTEND_ONLY_SECURITY_HINT	EMAIL-VERIFICATION-SETUP.md	253
FRONTEND_ONLY_SECURITY_HINT	FEATURE-VERIFICATION.md	100
FRONTEND_ONLY_SECURITY_HINT	FEATURE-VERIFICATION.md	101
FRONTEND_ONLY_SECURITY_HINT	FEATURE-VERIFICATION.md	102
FRONTEND_ONLY_SECURITY_HINT	FEATURE-VERIFICATION.md	103
FRONTEND_ONLY_SECURITY_HINT	FEATURE-VERIFICATION.md	106
FRONTEND_ONLY_SECURITY_HINT	FEATURE-VERIFICATION.md	108
FRONTEND_ONLY_SECURITY_HINT	FEATURE-VERIFICATION.md	112
FRONTEND_ONLY_SECURITY_HINT	FEATURE-VERIFICATION.md	119
FRONTEND_ONLY_SECURITY_HINT	FEATURE-VERIFICATION.md	121
FRONTEND_ONLY_SECURITY_HINT	FEATURE-VERIFICATION.md	122
FRONTEND_ONLY_SECURITY_HINT	FEATURE-VERIFICATION.md	128
FRONTEND_ONLY_SECURITY_HINT	FEATURE-VERIFICATION.md	129
FRONTEND_ONLY_SECURITY_HINT	FEATURE-VERIFICATION.md	132
FRONTEND_ONLY_SECURITY_HINT	FEATURE-VERIFICATION.md	140
FRONTEND_ONLY_SECURITY_HINT	FEATURE-VERIFICATION.md	147
FRONTEND_ONLY_SECURITY_HINT	FEATURE-VERIFICATION.md	148
FRONTEND_ONLY_SECURITY_HINT	FEATURE-VERIFICATION.md	154
FRONTEND_ONLY_SECURITY_HINT	FEATURE-VERIFICATION.md	200
FRONTEND_ONLY_SECURITY_HINT	FEATURE-VERIFICATION.md	201
FRONTEND_ONLY_SECURITY_HINT	FEATURE-VERIFICATION.md	223
FRONTEND_ONLY_SECURITY_HINT	FEATURES-COMPLETE.md	40
FRONTEND_ONLY_SECURITY_HINT	FEATURES-COMPLETE.md	48
FRONTEND_ONLY_SECURITY_HINT	FEATURES-COMPLETE.md	56
FRONTEND_ONLY_SECURITY_HINT	FEATURES-COMPLETE.md	92
FRONTEND_ONLY_SECURITY_HINT	FINAL-VERIFICATION.md	177
FRONTEND_ONLY_SECURITY_HINT	IMPLEMENTATION_CHECKLIST.md	7
FRONTEND_ONLY_SECURITY_HINT	IMPLEMENTATION_CHECKLIST.md	126
FRONTEND_ONLY_SECURITY_HINT	IMPLEMENTATION_CHECKLIST.md	127
FRONTEND_ONLY_SECURITY_HINT	IMPLEMENTATION_CHECKLIST.md	128
FRONTEND_ONLY_SECURITY_HINT	IMPLEMENTATION_CHECKLIST.md	129
FRONTEND_ONLY_SECURITY_HINT	IMPLEMENTATION_CHECKLIST.md	131
FRONTEND_ONLY_SECURITY_HINT	IMPLEMENTATION_CHECKLIST.md	207
FRONTEND_ONLY_SECURITY_HINT	IMPLEMENTATION_CHECKLIST.md	231
FRONTEND_ONLY_SECURITY_HINT	IMPLEMENTATION_CHECKLIST.md	232
FRONTEND_ONLY_SECURITY_HINT	IMPLEMENTATION_CHECKLIST.md	242
FRONTEND_ONLY_SECURITY_HINT	PRODUCT-REQUIREMENTS-ADDENDUM.md	45
FRONTEND_ONLY_SECURITY_HINT	PRODUCT-REQUIREMENTS-ADDENDUM.md	46
FRONTEND_ONLY_SECURITY_HINT	PRODUCT-REQUIREMENTS-ADDENDUM.md	62
FRONTEND_ONLY_SECURITY_HINT	PRODUCT-REQUIREMENTS-ADDENDUM.md	93
FRONTEND_ONLY_SECURITY_HINT	PRODUCT-REQUIREMENTS-ADDENDUM.md	95
FRONTEND_ONLY_SECURITY_HINT	PRODUCT-REQUIREMENTS-ADDENDUM.md	136
FRONTEND_ONLY_SECURITY_HINT	PROJECT-SUMMARY.md	35
FRONTEND_ONLY_SECURITY_HINT	PROJECT-SUMMARY.md	192
FRONTEND_ONLY_SECURITY_HINT	PROJECT-SUMMARY.md	194
FRONTEND_ONLY_SECURITY_HINT	README.md	12
FRONTEND_ONLY_SECURITY_HINT	README.md	24
FRONTEND_ONLY_SECURITY_HINT	RLS-EMAIL-VERIFICATION-POLICIES.sql	35
FRONTEND_ONLY_SECURITY_HINT	RLS-EMAIL-VERIFICATION-POLICIES.sql	37
FRONTEND_ONLY_SECURITY_HINT	RLS-EMAIL-VERIFICATION-POLICIES.sql	41
FRONTEND_ONLY_SECURITY_HINT	RLS-EMAIL-VERIFICATION-POLICIES.sql	43
FRONTEND_ONLY_SECURITY_HINT	RLS-EMAIL-VERIFICATION-POLICIES.sql	47
FRONTEND_ONLY_SECURITY_HINT	RLS-EMAIL-VERIFICATION-POLICIES.sql	49
FRONTEND_ONLY_SECURITY_HINT	RLS-EMAIL-VERIFICATION-POLICIES.sql	53
FRONTEND_ONLY_SECURITY_HINT	RLS-EMAIL-VERIFICATION-POLICIES.sql	55
FRONTEND_ONLY_SECURITY_HINT	RLS-EMAIL-VERIFICATION-POLICIES.sql	59
FRONTEND_ONLY_SECURITY_HINT	RLS-EMAIL-VERIFICATION-POLICIES.sql	61
FRONTEND_ONLY_SECURITY_HINT	RLS-EMAIL-VERIFICATION-POLICIES.sql	65
FRONTEND_ONLY_SECURITY_HINT	RLS-EMAIL-VERIFICATION-POLICIES.sql	67
FRONTEND_ONLY_SECURITY_HINT	RLS-EMAIL-VERIFICATION-POLICIES.sql	86
FRONTEND_ONLY_SECURITY_HINT	RLS-EMAIL-VERIFICATION-POLICIES.sql	141
FRONTEND_ONLY_SECURITY_HINT	RLS-IMPLEMENTATION-GUIDE.md	13
FRONTEND_ONLY_SECURITY_HINT	RLS-IMPLEMENTATION-GUIDE.md	42
FRONTEND_ONLY_SECURITY_HINT	RLS-IMPLEMENTATION-GUIDE.md	52
FRONTEND_ONLY_SECURITY_HINT	RLS-IMPLEMENTATION-GUIDE.md	76
FRONTEND_ONLY_SECURITY_HINT	RLS-IMPLEMENTATION-GUIDE.md	85
FRONTEND_ONLY_SECURITY_HINT	RLS-IMPLEMENTATION-GUIDE.md	94
FRONTEND_ONLY_SECURITY_HINT	RLS-IMPLEMENTATION-GUIDE.md	107
FRONTEND_ONLY_SECURITY_HINT	RLS-IMPLEMENTATION-GUIDE.md	129
FRONTEND_ONLY_SECURITY_HINT	RLS-IMPLEMENTATION-GUIDE.md	132
FRONTEND_ONLY_SECURITY_HINT	RLS-IMPLEMENTATION-GUIDE.md	142
FRONTEND_ONLY_SECURITY_HINT	RLS-IMPLEMENTATION-GUIDE.md	143
FRONTEND_ONLY_SECURITY_HINT	RLS-IMPLEMENTATION-GUIDE.md	147
FRONTEND_ONLY_SECURITY_HINT	RLS-IMPLEMENTATION-GUIDE.md	148
FRONTEND_ONLY_SECURITY_HINT	RLS-IMPLEMENTATION-GUIDE.md	165
FRONTEND_ONLY_SECURITY_HINT	RLS-IMPLEMENTATION-GUIDE.md	167
FRONTEND_ONLY_SECURITY_HINT	RLS-IMPLEMENTATION-GUIDE.md	168
FRONTEND_ONLY_SECURITY_HINT	RLS-IMPLEMENTATION-GUIDE.md	198
FRONTEND_ONLY_SECURITY_HINT	RLS-IMPLEMENTATION-GUIDE.md	205
FRONTEND_ONLY_SECURITY_HINT	RLS-IMPLEMENTATION-GUIDE.md	206
FRONTEND_ONLY_SECURITY_HINT	RLS-IMPLEMENTATION-GUIDE.md	209
FRONTEND_ONLY_SECURITY_HINT	RLS-POLICIES.sql	4
FRONTEND_ONLY_SECURITY_HINT	RLS-POLICIES.sql	48
FRONTEND_ONLY_SECURITY_HINT	RLS-POLICIES.sql	49
FRONTEND_ONLY_SECURITY_HINT	RLS-POLICIES.sql	50
FRONTEND_ONLY_SECURITY_HINT	RLS-POLICIES.sql	55
FRONTEND_ONLY_SECURITY_HINT	RLS-POLICIES.sql	67
FRONTEND_ONLY_SECURITY_HINT	RLS-POLICIES.sql	68
FRONTEND_ONLY_SECURITY_HINT	RLS-POLICIES.sql	69
FRONTEND_ONLY_SECURITY_HINT	RLS-POLICIES.sql	75
FRONTEND_ONLY_SECURITY_HINT	RLS-POLICIES.sql	76
FRONTEND_ONLY_SECURITY_HINT	RLS-POLICIES.sql	77
FRONTEND_ONLY_SECURITY_HINT	RLS-POLICIES.sql	86
FRONTEND_ONLY_SECURITY_HINT	RLS-POLICIES.sql	88
FRONTEND_ONLY_SECURITY_HINT	RLS-POLICIES.sql	94
FRONTEND_ONLY_SECURITY_HINT	RLS-POLICIES.sql	95
FRONTEND_ONLY_SECURITY_HINT	RLS-POLICIES.sql	96
FRONTEND_ONLY_SECURITY_HINT	RLS-POLICIES.sql	100
FRONTEND_ONLY_SECURITY_HINT	RLS-POLICIES.sql	101
FRONTEND_ONLY_SECURITY_HINT	RLS-POLICIES.sql	114
FRONTEND_ONLY_SECURITY_HINT	RLS-POLICIES.sql	144
FRONTEND_ONLY_SECURITY_HINT	RLS-POLICIES.sql	145
FRONTEND_ONLY_SECURITY_HINT	RLS-POLICIES.sql	151
FRONTEND_ONLY_SECURITY_HINT	RLS-POLICIES.sql	152
FRONTEND_ONLY_SECURITY_HINT	RLS-POLICIES.sql	153
FRONTEND_ONLY_SECURITY_HINT	RLS-POLICIES.sql	154
FRONTEND_ONLY_SECURITY_HINT	RLS-QUICK-REFERENCE.md	80
FRONTEND_ONLY_SECURITY_HINT	RLS-QUICK-REFERENCE.md	90
FRONTEND_ONLY_SECURITY_HINT	RLS-QUICK-REFERENCE.md	100
FRONTEND_ONLY_SECURITY_HINT	RLS-QUICK-REFERENCE.md	140
FRONTEND_ONLY_SECURITY_HINT	RLS-QUICK-REFERENCE.md	146
FRONTEND_ONLY_SECURITY_HINT	RLS-QUICK-REFERENCE.md	148
FRONTEND_ONLY_SECURITY_HINT	RLS-QUICK-REFERENCE.md	165
FRONTEND_ONLY_SECURITY_HINT	RLS-QUICK-REFERENCE.md	170
FRONTEND_ONLY_SECURITY_HINT	RLS-QUICK-REFERENCE.md	200
FRONTEND_ONLY_SECURITY_HINT	RLS-QUICK-REFERENCE.md	245
FRONTEND_ONLY_SECURITY_HINT	TEST-ACCOUNTS-GUIDE.md	26
FRONTEND_ONLY_SECURITY_HINT	TEST-ACCOUNTS-GUIDE.md	27
FRONTEND_ONLY_SECURITY_HINT	TEST-ACCOUNTS-GUIDE.md	43
FRONTEND_ONLY_SECURITY_HINT	TIGER-AutoParts-Prompts.md	29
FRONTEND_ONLY_SECURITY_HINT	UNIFIED-PLATFORM-STATUS.md	10
FRONTEND_ONLY_SECURITY_HINT	UNIFIED-PLATFORM-STATUS.md	75
FRONTEND_ONLY_SECURITY_HINT	VVIP-AUTH-SYSTEM-SPEC.md	95
FRONTEND_ONLY_SECURITY_HINT	approved/clerk-private-profile-before-official-ui-20260707.html	227
FRONTEND_ONLY_SECURITY_HINT	approved/clerk-private-profile-before-official-ui-20260707.html	245
FRONTEND_ONLY_SECURITY_HINT	approved/clerk-private-profile-before-tiger-care-card-20260707.html	593
FRONTEND_ONLY_SECURITY_HINT	approved/clerk-private-profile-before-tiger-care-card-20260707.html	631
FRONTEND_ONLY_SECURITY_HINT	approved/clerk-private-profile-before-vip-membership-center-20260707.html	519
FRONTEND_ONLY_SECURITY_HINT	approved/clerk-private-profile-before-vip-membership-center-20260707.html	557
FRONTEND_ONLY_SECURITY_HINT	approved/index-before-supabase-auth-20260704-191914.html	35
FRONTEND_ONLY_SECURITY_HINT	approved/index-before-supabase-auth-20260704-191914.html	93
FRONTEND_ONLY_SECURITY_HINT	approved/index-before-supabase-auth-20260704-191914.html	129
FRONTEND_ONLY_SECURITY_HINT	approved/index-before-supabase-auth-20260704-191914.html	139
FRONTEND_ONLY_SECURITY_HINT	approved/index-before-supabase-auth-20260704-192024.html	35
FRONTEND_ONLY_SECURITY_HINT	approved/index-before-supabase-auth-20260704-192024.html	93
FRONTEND_ONLY_SECURITY_HINT	approved/index-before-supabase-auth-20260704-192024.html	129
FRONTEND_ONLY_SECURITY_HINT	approved/index-before-supabase-auth-20260704-192024.html	139
FRONTEND_ONLY_SECURITY_HINT	approved/index-before-vvip-gate-login-20260707.html	35
FRONTEND_ONLY_SECURITY_HINT	approved/index-before-vvip-gate-login-20260707.html	93
FRONTEND_ONLY_SECURITY_HINT	approved/index-before-vvip-gate-login-20260707.html	129
FRONTEND_ONLY_SECURITY_HINT	approved/index-before-vvip-gate-login-20260707.html	139
FRONTEND_ONLY_SECURITY_HINT	approved/index-supabase-auth-approved.html	35
FRONTEND_ONLY_SECURITY_HINT	approved/index-supabase-auth-approved.html	93
FRONTEND_ONLY_SECURITY_HINT	approved/index-supabase-auth-approved.html	129
FRONTEND_ONLY_SECURITY_HINT	approved/index-supabase-auth-approved.html	139
FRONTEND_ONLY_SECURITY_HINT	approved/index-supabase-auth-final.html	35
FRONTEND_ONLY_SECURITY_HINT	approved/index-supabase-auth-final.html	93
FRONTEND_ONLY_SECURITY_HINT	approved/index-supabase-auth-final.html	129
FRONTEND_ONLY_SECURITY_HINT	approved/index-supabase-auth-final.html	139
FRONTEND_ONLY_SECURITY_HINT	approved/legacy-auth-audit-7-1/clerk-private-profile-before-linkrel-fix-20260708.html	724
FRONTEND_ONLY_SECURITY_HINT	approved/legacy-auth-audit-7-1/clerk-private-profile-before-linkrel-fix-20260708.html	762
FRONTEND_ONLY_SECURITY_HINT	approved/legacy-auth-audit-7-1/clerk-private-profile-before-linkrel-fix-20260708.html	932
FRONTEND_ONLY_SECURITY_HINT	approved/legacy-auth-redirect-7-1/private-profile-before-redirect-20260708.html	71
FRONTEND_ONLY_SECURITY_HINT	approved/legacy-auth-redirect-7-1/private-profile-before-redirect-20260708.html	79
FRONTEND_ONLY_SECURITY_HINT	approved/legacy-auth-redirect-7-1/private-profile-before-redirect-20260708.html	80
FRONTEND_ONLY_SECURITY_HINT	approved/legacy-auth-redirect-7-1/private-profile-before-redirect-20260708.html	81
FRONTEND_ONLY_SECURITY_HINT	approved/legacy-auth-redirect-7-1/private-profile-before-redirect-20260708.html	82
FRONTEND_ONLY_SECURITY_HINT	approved/legacy-auth-redirect-7-1/private-profile-before-redirect-20260708.html	83
FRONTEND_ONLY_SECURITY_HINT	approved/legacy-auth-redirect-7-1/private-profile-before-redirect-20260708.html	84
FRONTEND_ONLY_SECURITY_HINT	approved/legacy-auth-redirect-7-1/private-profile-before-redirect-20260708.html	85
FRONTEND_ONLY_SECURITY_HINT	approved/legacy-auth-redirect-7-1/private-profile-before-redirect-20260708.html	222
FRONTEND_ONLY_SECURITY_HINT	approved/legacy-auth-redirect-7-1/private-profile-before-redirect-20260708.html	301
FRONTEND_ONLY_SECURITY_HINT	approved/legacy-auth-redirect-7-1/private-profile-before-redirect-20260708.html	319
FRONTEND_ONLY_SECURITY_HINT	approved/legacy-auth-redirect-7-1/private-profile-before-redirect-20260708.html	373
FRONTEND_ONLY_SECURITY_HINT	approved/legacy-auth-redirect-7-1/private-profile-before-redirect-20260708.html	426
FRONTEND_ONLY_SECURITY_HINT	approved/legacy-auth-redirect-7-1/private-profile-before-redirect-20260708.html	437
FRONTEND_ONLY_SECURITY_HINT	approved/nav-cleanup-7-1/public-profile-before-private-link-cleanup-20260708.html	771
FRONTEND_ONLY_SECURITY_HINT	approved/nav-cleanup-7-1/public-profile-before-private-link-cleanup-20260708.html	781
FRONTEND_ONLY_SECURITY_HINT	approved/nav-cleanup-7-1/public-profile-before-private-link-cleanup-20260708.html	791
FRONTEND_ONLY_SECURITY_HINT	approved/nav-cleanup-7-1/public-profile-before-private-link-cleanup-20260708.html	801
FRONTEND_ONLY_SECURITY_HINT	approved/nav-cleanup-7-1/public-profile-before-private-link-cleanup-20260708.html	811
FRONTEND_ONLY_SECURITY_HINT	approved/nav-cleanup-7-1/public-profile-before-private-link-cleanup-20260708.html	946
FRONTEND_ONLY_SECURITY_HINT	approved/nav-cleanup-7-1/public-profile-before-private-link-cleanup-20260708.html	947
FRONTEND_ONLY_SECURITY_HINT	approved/nav-cleanup-7-1/public-profile-before-private-link-cleanup-20260708.html	948
FRONTEND_ONLY_SECURITY_HINT	approved/nav-cleanup-7-1/public-profile-before-private-link-cleanup-20260708.html	949
FRONTEND_ONLY_SECURITY_HINT	approved/nav-cleanup-7-1/public-profile-before-private-link-cleanup-20260708.html	950
FRONTEND_ONLY_SECURITY_HINT	approved/nav-cleanup-7-1/public-profile-before-private-link-cleanup-20260708.html	1004
FRONTEND_ONLY_SECURITY_HINT	approved/nav-cleanup-7-1/public-profile-before-private-link-cleanup-20260708.html	1163
FRONTEND_ONLY_SECURITY_HINT	approved/nav-cleanup-7-1/public-profile-before-private-link-cleanup-20260708.html	1186
FRONTEND_ONLY_SECURITY_HINT	approved/nav-cleanup-7-1/public-profile-before-private-link-cleanup-20260708.html	1199
FRONTEND_ONLY_SECURITY_HINT	approved/nav-cleanup-7-1/public-profile-before-private-link-cleanup-20260708.html	1273
FRONTEND_ONLY_SECURITY_HINT	approved/nav-cleanup-7-1/public-profile-before-private-link-cleanup-20260708.html	1291
FRONTEND_ONLY_SECURITY_HINT	approved/nav-cleanup-7-1/public-profile-before-private-link-cleanup-20260708.html	1345
FRONTEND_ONLY_SECURITY_HINT	approved/private-profile-auth-guard-approved.html	71
FRONTEND_ONLY_SECURITY_HINT	approved/private-profile-auth-guard-approved.html	79
FRONTEND_ONLY_SECURITY_HINT	approved/private-profile-auth-guard-approved.html	80
FRONTEND_ONLY_SECURITY_HINT	approved/private-profile-auth-guard-approved.html	81
FRONTEND_ONLY_SECURITY_HINT	approved/private-profile-auth-guard-approved.html	82
FRONTEND_ONLY_SECURITY_HINT	approved/private-profile-auth-guard-approved.html	83
FRONTEND_ONLY_SECURITY_HINT	approved/private-profile-auth-guard-approved.html	84
FRONTEND_ONLY_SECURITY_HINT	approved/private-profile-auth-guard-approved.html	85
FRONTEND_ONLY_SECURITY_HINT	approved/private-profile-auth-guard-approved.html	222
FRONTEND_ONLY_SECURITY_HINT	approved/private-profile-auth-guard-approved.html	301
FRONTEND_ONLY_SECURITY_HINT	approved/private-profile-auth-guard-approved.html	319
FRONTEND_ONLY_SECURITY_HINT	approved/private-profile-auth-guard-approved.html	373
FRONTEND_ONLY_SECURITY_HINT	approved/private-profile-auth-guard-approved.html	426
FRONTEND_ONLY_SECURITY_HINT	approved/private-profile-auth-guard-approved.html	437
FRONTEND_ONLY_SECURITY_HINT	approved/private-profile-auth-guard-final.html	71
FRONTEND_ONLY_SECURITY_HINT	approved/private-profile-auth-guard-final.html	79
FRONTEND_ONLY_SECURITY_HINT	approved/private-profile-auth-guard-final.html	80
FRONTEND_ONLY_SECURITY_HINT	approved/private-profile-auth-guard-final.html	81
FRONTEND_ONLY_SECURITY_HINT	approved/private-profile-auth-guard-final.html	82
FRONTEND_ONLY_SECURITY_HINT	approved/private-profile-auth-guard-final.html	83
FRONTEND_ONLY_SECURITY_HINT	approved/private-profile-auth-guard-final.html	84
FRONTEND_ONLY_SECURITY_HINT	approved/private-profile-auth-guard-final.html	85
FRONTEND_ONLY_SECURITY_HINT	approved/private-profile-auth-guard-final.html	222
FRONTEND_ONLY_SECURITY_HINT	approved/private-profile-auth-guard-final.html	301
FRONTEND_ONLY_SECURITY_HINT	approved/private-profile-auth-guard-final.html	319
FRONTEND_ONLY_SECURITY_HINT	approved/private-profile-auth-guard-final.html	373
FRONTEND_ONLY_SECURITY_HINT	approved/private-profile-auth-guard-final.html	426
FRONTEND_ONLY_SECURITY_HINT	approved/private-profile-auth-guard-final.html	437
FRONTEND_ONLY_SECURITY_HINT	approved/private-profile-before-auth-guard.html	71
FRONTEND_ONLY_SECURITY_HINT	approved/private-profile-before-auth-guard.html	79
FRONTEND_ONLY_SECURITY_HINT	approved/private-profile-before-auth-guard.html	80
FRONTEND_ONLY_SECURITY_HINT	approved/private-profile-before-auth-guard.html	81
FRONTEND_ONLY_SECURITY_HINT	approved/private-profile-before-auth-guard.html	82
FRONTEND_ONLY_SECURITY_HINT	approved/private-profile-before-auth-guard.html	83
FRONTEND_ONLY_SECURITY_HINT	approved/private-profile-before-auth-guard.html	84
FRONTEND_ONLY_SECURITY_HINT	approved/private-profile-before-auth-guard.html	85
FRONTEND_ONLY_SECURITY_HINT	approved/private-profile-before-auth-guard.html	222
FRONTEND_ONLY_SECURITY_HINT	approved/private-profile-before-auth-guard.html	301
FRONTEND_ONLY_SECURITY_HINT	approved/private-profile-before-auth-guard.html	319
FRONTEND_ONLY_SECURITY_HINT	approved/private-profile-before-auth-guard.html	373
FRONTEND_ONLY_SECURITY_HINT	approved/private-profile-before-auth-guard.html	426
FRONTEND_ONLY_SECURITY_HINT	approved/private-profile-before-auth-guard.html	437
FRONTEND_ONLY_SECURITY_HINT	approved/private-profile.desktop-approved.html	71
FRONTEND_ONLY_SECURITY_HINT	approved/private-profile.desktop-approved.html	79
FRONTEND_ONLY_SECURITY_HINT	approved/private-profile.desktop-approved.html	80
FRONTEND_ONLY_SECURITY_HINT	approved/private-profile.desktop-approved.html	81
FRONTEND_ONLY_SECURITY_HINT	approved/private-profile.desktop-approved.html	82
FRONTEND_ONLY_SECURITY_HINT	approved/private-profile.desktop-approved.html	83
FRONTEND_ONLY_SECURITY_HINT	approved/private-profile.desktop-approved.html	84
FRONTEND_ONLY_SECURITY_HINT	approved/private-profile.desktop-approved.html	85
FRONTEND_ONLY_SECURITY_HINT	approved/private-profile.desktop-approved.html	222
FRONTEND_ONLY_SECURITY_HINT	approved/private-profile.desktop-approved.html	301
FRONTEND_ONLY_SECURITY_HINT	approved/private-profile.desktop-approved.html	319
FRONTEND_ONLY_SECURITY_HINT	approved/private-profile.desktop-approved.html	373
FRONTEND_ONLY_SECURITY_HINT	approved/private-profile.desktop-approved.html	426
FRONTEND_ONLY_SECURITY_HINT	approved/private-profile.desktop-approved.html	437
FRONTEND_ONLY_SECURITY_HINT	approved/private-profile.final-approved.html	71
FRONTEND_ONLY_SECURITY_HINT	approved/private-profile.final-approved.html	79
FRONTEND_ONLY_SECURITY_HINT	approved/private-profile.final-approved.html	80
FRONTEND_ONLY_SECURITY_HINT	approved/private-profile.final-approved.html	81
FRONTEND_ONLY_SECURITY_HINT	approved/private-profile.final-approved.html	82
FRONTEND_ONLY_SECURITY_HINT	approved/private-profile.final-approved.html	83
FRONTEND_ONLY_SECURITY_HINT	approved/private-profile.final-approved.html	84
FRONTEND_ONLY_SECURITY_HINT	approved/private-profile.final-approved.html	85
FRONTEND_ONLY_SECURITY_HINT	approved/private-profile.final-approved.html	222
FRONTEND_ONLY_SECURITY_HINT	approved/private-profile.final-approved.html	301
FRONTEND_ONLY_SECURITY_HINT	approved/private-profile.final-approved.html	319
FRONTEND_ONLY_SECURITY_HINT	approved/private-profile.final-approved.html	373
FRONTEND_ONLY_SECURITY_HINT	approved/private-profile.final-approved.html	426
FRONTEND_ONLY_SECURITY_HINT	approved/private-profile.final-approved.html	437
FRONTEND_ONLY_SECURITY_HINT	approved/public-profile.final-approved.html	770
FRONTEND_ONLY_SECURITY_HINT	approved/public-profile.final-approved.html	780
FRONTEND_ONLY_SECURITY_HINT	approved/public-profile.final-approved.html	790
FRONTEND_ONLY_SECURITY_HINT	approved/public-profile.final-approved.html	800
FRONTEND_ONLY_SECURITY_HINT	approved/public-profile.final-approved.html	810
FRONTEND_ONLY_SECURITY_HINT	approved/public-profile.final-approved.html	945
FRONTEND_ONLY_SECURITY_HINT	approved/public-profile.final-approved.html	946
FRONTEND_ONLY_SECURITY_HINT	approved/public-profile.final-approved.html	947
FRONTEND_ONLY_SECURITY_HINT	approved/public-profile.final-approved.html	948
FRONTEND_ONLY_SECURITY_HINT	approved/public-profile.final-approved.html	949
FRONTEND_ONLY_SECURITY_HINT	approved/public-profile.final-approved.html	1003
FRONTEND_ONLY_SECURITY_HINT	approved/public-profile.final-approved.html	1162
FRONTEND_ONLY_SECURITY_HINT	approved/public-profile.final-approved.html	1185
FRONTEND_ONLY_SECURITY_HINT	approved/public-profile.final-approved.html	1198
FRONTEND_ONLY_SECURITY_HINT	approved/public-profile.final-approved.html	1272
FRONTEND_ONLY_SECURITY_HINT	approved/public-profile.final-approved.html	1290
FRONTEND_ONLY_SECURITY_HINT	approved/public-profile.final-approved.html	1344
FRONTEND_ONLY_SECURITY_HINT	approved/public-profile.mobile-approved.html	770
FRONTEND_ONLY_SECURITY_HINT	approved/public-profile.mobile-approved.html	780
FRONTEND_ONLY_SECURITY_HINT	approved/public-profile.mobile-approved.html	790
FRONTEND_ONLY_SECURITY_HINT	approved/public-profile.mobile-approved.html	800
FRONTEND_ONLY_SECURITY_HINT	approved/public-profile.mobile-approved.html	810
FRONTEND_ONLY_SECURITY_HINT	approved/public-profile.mobile-approved.html	945
FRONTEND_ONLY_SECURITY_HINT	approved/public-profile.mobile-approved.html	946
FRONTEND_ONLY_SECURITY_HINT	approved/public-profile.mobile-approved.html	947
FRONTEND_ONLY_SECURITY_HINT	approved/public-profile.mobile-approved.html	948
FRONTEND_ONLY_SECURITY_HINT	approved/public-profile.mobile-approved.html	949
FRONTEND_ONLY_SECURITY_HINT	approved/public-profile.mobile-approved.html	1003
FRONTEND_ONLY_SECURITY_HINT	approved/public-profile.mobile-approved.html	1162
FRONTEND_ONLY_SECURITY_HINT	approved/public-profile.mobile-approved.html	1185
FRONTEND_ONLY_SECURITY_HINT	approved/public-profile.mobile-approved.html	1198
FRONTEND_ONLY_SECURITY_HINT	approved/public-profile.mobile-approved.html	1272
FRONTEND_ONLY_SECURITY_HINT	approved/public-profile.mobile-approved.html	1290
FRONTEND_ONLY_SECURITY_HINT	approved/public-profile.mobile-approved.html	1344
FRONTEND_ONLY_SECURITY_HINT	approved/social-ui-before-force-post-options-menu-20260708.js	4
FRONTEND_ONLY_SECURITY_HINT	approved/social-ui-before-force-post-options-menu-20260708.js	355
FRONTEND_ONLY_SECURITY_HINT	approved/social-ui-before-force-post-options-menu-20260708.js	458
FRONTEND_ONLY_SECURITY_HINT	approved/social-ui-before-force-post-options-menu-20260708.js	518
FRONTEND_ONLY_SECURITY_HINT	approved/social-ui-before-force-post-options-menu-20260708.js	519
FRONTEND_ONLY_SECURITY_HINT	approved/social-ui-before-force-post-options-menu-20260708.js	520
FRONTEND_ONLY_SECURITY_HINT	approved/social-ui-before-force-post-options-menu-20260708.js	521
FRONTEND_ONLY_SECURITY_HINT	approved/social-ui-before-force-post-options-menu-20260708.js	522
FRONTEND_ONLY_SECURITY_HINT	approved/social-ui-before-force-post-options-menu-20260708.js	523
FRONTEND_ONLY_SECURITY_HINT	approved/social-ui-before-force-post-options-menu-20260708.js	1072
FRONTEND_ONLY_SECURITY_HINT	approved/social-ui-before-force-post-options-menu-20260708.js	1212
FRONTEND_ONLY_SECURITY_HINT	approved/social-ui-before-force-post-options-menu-20260708.js	1904
FRONTEND_ONLY_SECURITY_HINT	approved/social-ui-before-force-post-options-menu-20260708.js	1906
FRONTEND_ONLY_SECURITY_HINT	approved/social-ui-before-force-post-options-menu-20260708.js	2868
FRONTEND_ONLY_SECURITY_HINT	approved/social-ui-before-force-post-options-menu-20260708.js	2876
FRONTEND_ONLY_SECURITY_HINT	approved/social-ui-before-post-options-menu-tiger-care-20260707.js	4
FRONTEND_ONLY_SECURITY_HINT	approved/social-ui-before-post-options-menu-tiger-care-20260707.js	355
FRONTEND_ONLY_SECURITY_HINT	approved/social-ui-before-post-options-menu-tiger-care-20260707.js	853
FRONTEND_ONLY_SECURITY_HINT	approved/social-ui-before-post-options-menu-tiger-care-20260707.js	993
FRONTEND_ONLY_SECURITY_HINT	approved/social-ui-before-post-options-menu-tiger-care-20260707.js	1685
FRONTEND_ONLY_SECURITY_HINT	approved/social-ui-before-post-options-menu-tiger-care-20260707.js	1687
FRONTEND_ONLY_SECURITY_HINT	approved/social-ui-before-post-options-menu-tiger-care-20260707.js	2649
FRONTEND_ONLY_SECURITY_HINT	approved/social-ui-before-post-options-menu-tiger-care-20260707.js	2657
FRONTEND_ONLY_SECURITY_HINT	approved/social-ui-before-tiger-care-feedback-fix-20260708.js	4
FRONTEND_ONLY_SECURITY_HINT	approved/social-ui-before-tiger-care-feedback-fix-20260708.js	355
FRONTEND_ONLY_SECURITY_HINT	approved/social-ui-before-tiger-care-feedback-fix-20260708.js	458
FRONTEND_ONLY_SECURITY_HINT	approved/social-ui-before-tiger-care-feedback-fix-20260708.js	518
FRONTEND_ONLY_SECURITY_HINT	approved/social-ui-before-tiger-care-feedback-fix-20260708.js	519
FRONTEND_ONLY_SECURITY_HINT	approved/social-ui-before-tiger-care-feedback-fix-20260708.js	520
FRONTEND_ONLY_SECURITY_HINT	approved/social-ui-before-tiger-care-feedback-fix-20260708.js	521
FRONTEND_ONLY_SECURITY_HINT	approved/social-ui-before-tiger-care-feedback-fix-20260708.js	522
FRONTEND_ONLY_SECURITY_HINT	approved/social-ui-before-tiger-care-feedback-fix-20260708.js	523
FRONTEND_ONLY_SECURITY_HINT	approved/social-ui-before-tiger-care-feedback-fix-20260708.js	1102
FRONTEND_ONLY_SECURITY_HINT	approved/social-ui-before-tiger-care-feedback-fix-20260708.js	1242
FRONTEND_ONLY_SECURITY_HINT	approved/social-ui-before-tiger-care-feedback-fix-20260708.js	1934
FRONTEND_ONLY_SECURITY_HINT	approved/social-ui-before-tiger-care-feedback-fix-20260708.js	1936
FRONTEND_ONLY_SECURITY_HINT	approved/social-ui-before-tiger-care-feedback-fix-20260708.js	2898
FRONTEND_ONLY_SECURITY_HINT	approved/social-ui-before-tiger-care-feedback-fix-20260708.js	2906
FRONTEND_ONLY_SECURITY_HINT	approved/supabase-auth-bridge-approved.js	38
FRONTEND_ONLY_SECURITY_HINT	approved/supabase-auth-bridge-final.js	38
FRONTEND_ONLY_SECURITY_HINT	approved/supabase-config-approved.js	3
FRONTEND_ONLY_SECURITY_HINT	approved/supabase-config-final.js	3
FRONTEND_ONLY_SECURITY_HINT	approved/visual-identity-pass-7-1/clerk-private-profile-before-visual-identity-20260708.html	723
FRONTEND_ONLY_SECURITY_HINT	approved/visual-identity-pass-7-1/clerk-private-profile-before-visual-identity-20260708.html	761
FRONTEND_ONLY_SECURITY_HINT	approved/visual-identity-pass-7-1/clerk-private-profile-before-visual-identity-20260708.html	931
FRONTEND_ONLY_SECURITY_HINT	approved/visual-identity-pass-7-1/index-before-visual-identity-20260708.html	35
FRONTEND_ONLY_SECURITY_HINT	approved/visual-identity-pass-7-1/index-before-visual-identity-20260708.html	116
FRONTEND_ONLY_SECURITY_HINT	approved/visual-identity-pass-7-1/index-before-visual-identity-20260708.html	152
FRONTEND_ONLY_SECURITY_HINT	approved/visual-identity-pass-7-1/index-before-visual-identity-20260708.html	162
FRONTEND_ONLY_SECURITY_HINT	approved/visual-identity-pass-7-1/public-profile-before-visual-identity-20260708.html	770
FRONTEND_ONLY_SECURITY_HINT	approved/visual-identity-pass-7-1/public-profile-before-visual-identity-20260708.html	780
FRONTEND_ONLY_SECURITY_HINT	approved/visual-identity-pass-7-1/public-profile-before-visual-identity-20260708.html	790
FRONTEND_ONLY_SECURITY_HINT	approved/visual-identity-pass-7-1/public-profile-before-visual-identity-20260708.html	800
FRONTEND_ONLY_SECURITY_HINT	approved/visual-identity-pass-7-1/public-profile-before-visual-identity-20260708.html	810
FRONTEND_ONLY_SECURITY_HINT	approved/visual-identity-pass-7-1/public-profile-before-visual-identity-20260708.html	945
FRONTEND_ONLY_SECURITY_HINT	approved/visual-identity-pass-7-1/public-profile-before-visual-identity-20260708.html	946
FRONTEND_ONLY_SECURITY_HINT	approved/visual-identity-pass-7-1/public-profile-before-visual-identity-20260708.html	947
FRONTEND_ONLY_SECURITY_HINT	approved/visual-identity-pass-7-1/public-profile-before-visual-identity-20260708.html	948
FRONTEND_ONLY_SECURITY_HINT	approved/visual-identity-pass-7-1/public-profile-before-visual-identity-20260708.html	949
FRONTEND_ONLY_SECURITY_HINT	approved/visual-identity-pass-7-1/public-profile-before-visual-identity-20260708.html	1003
FRONTEND_ONLY_SECURITY_HINT	approved/visual-identity-pass-7-1/public-profile-before-visual-identity-20260708.html	1162
FRONTEND_ONLY_SECURITY_HINT	approved/visual-identity-pass-7-1/public-profile-before-visual-identity-20260708.html	1185
FRONTEND_ONLY_SECURITY_HINT	approved/visual-identity-pass-7-1/public-profile-before-visual-identity-20260708.html	1198
FRONTEND_ONLY_SECURITY_HINT	approved/visual-identity-pass-7-1/public-profile-before-visual-identity-20260708.html	1272
FRONTEND_ONLY_SECURITY_HINT	approved/visual-identity-pass-7-1/public-profile-before-visual-identity-20260708.html	1290
FRONTEND_ONLY_SECURITY_HINT	approved/visual-identity-pass-7-1/public-profile-before-visual-identity-20260708.html	1344
FRONTEND_ONLY_SECURITY_HINT	auth.js	72
FRONTEND_ONLY_SECURITY_HINT	backups/clerk-private-profile.before-atomic-profile-resolver.html	851
FRONTEND_ONLY_SECURITY_HINT	backups/clerk-private-profile.before-atomic-profile-resolver.html	919
FRONTEND_ONLY_SECURITY_HINT	backups/clerk-private-profile.before-atomic-profile-resolver.html	1026
FRONTEND_ONLY_SECURITY_HINT	backups/clerk-private-profile.before-atomic-profile-resolver.html	1427
FRONTEND_ONLY_SECURITY_HINT	backups/clerk-private-profile.before-atomic-profile-resolver.html	1453
FRONTEND_ONLY_SECURITY_HINT	backups/clerk-private-profile.before-atomic-profile-resolver.html	1623
FRONTEND_ONLY_SECURITY_HINT	backups/clerk-private-profile.before-jwt-rls-bridge.html	812
FRONTEND_ONLY_SECURITY_HINT	backups/clerk-private-profile.before-jwt-rls-bridge.html	893
FRONTEND_ONLY_SECURITY_HINT	backups/clerk-private-profile.before-jwt-rls-bridge.html	1264
FRONTEND_ONLY_SECURITY_HINT	backups/clerk-private-profile.before-jwt-rls-bridge.html	1434
FRONTEND_ONLY_SECURITY_HINT	backups/clerk-private-profile.before-profile-resilience-shell.html	856
FRONTEND_ONLY_SECURITY_HINT	backups/clerk-private-profile.before-profile-resilience-shell.html	924
FRONTEND_ONLY_SECURITY_HINT	backups/clerk-private-profile.before-profile-resilience-shell.html	1031
FRONTEND_ONLY_SECURITY_HINT	backups/clerk-private-profile.before-profile-resilience-shell.html	1514
FRONTEND_ONLY_SECURITY_HINT	backups/clerk-private-profile.before-profile-resilience-shell.html	1540
FRONTEND_ONLY_SECURITY_HINT	backups/clerk-private-profile.before-profile-resilience-shell.html	1710
FRONTEND_ONLY_SECURITY_HINT	backups/clerk-private-profile.before-self-healing-profile-gateway.html	692
FRONTEND_ONLY_SECURITY_HINT	backups/clerk-private-profile.before-self-healing-profile-gateway.html	743
FRONTEND_ONLY_SECURITY_HINT	backups/clerk-private-profile.before-self-healing-profile-gateway.html	788
FRONTEND_ONLY_SECURITY_HINT	backups/clerk-private-profile.before-self-healing-profile-gateway.html	958
FRONTEND_ONLY_SECURITY_HINT	backups/visual-trust-layer/phase-2-2/public-profile.before-readable-lock.20260709-184736.html	772
FRONTEND_ONLY_SECURITY_HINT	backups/visual-trust-layer/phase-2-2/public-profile.before-readable-lock.20260709-184736.html	782
FRONTEND_ONLY_SECURITY_HINT	backups/visual-trust-layer/phase-2-2/public-profile.before-readable-lock.20260709-184736.html	792
FRONTEND_ONLY_SECURITY_HINT	backups/visual-trust-layer/phase-2-2/public-profile.before-readable-lock.20260709-184736.html	802
FRONTEND_ONLY_SECURITY_HINT	backups/visual-trust-layer/phase-2-2/public-profile.before-readable-lock.20260709-184736.html	812
FRONTEND_ONLY_SECURITY_HINT	backups/visual-trust-layer/phase-2-2/public-profile.before-readable-lock.20260709-184736.html	947
FRONTEND_ONLY_SECURITY_HINT	backups/visual-trust-layer/phase-2-2/public-profile.before-readable-lock.20260709-184736.html	948
FRONTEND_ONLY_SECURITY_HINT	backups/visual-trust-layer/phase-2-2/public-profile.before-readable-lock.20260709-184736.html	949
FRONTEND_ONLY_SECURITY_HINT	backups/visual-trust-layer/phase-2-2/public-profile.before-readable-lock.20260709-184736.html	950
FRONTEND_ONLY_SECURITY_HINT	backups/visual-trust-layer/phase-2-2/public-profile.before-readable-lock.20260709-184736.html	951
FRONTEND_ONLY_SECURITY_HINT	backups/visual-trust-layer/phase-2-2/public-profile.before-readable-lock.20260709-184736.html	1005
FRONTEND_ONLY_SECURITY_HINT	backups/visual-trust-layer/phase-2-2/public-profile.before-readable-lock.20260709-184736.html	1164
FRONTEND_ONLY_SECURITY_HINT	backups/visual-trust-layer/phase-2-2/public-profile.before-readable-lock.20260709-184736.html	1187
FRONTEND_ONLY_SECURITY_HINT	backups/visual-trust-layer/phase-2-2/public-profile.before-readable-lock.20260709-184736.html	1200
FRONTEND_ONLY_SECURITY_HINT	backups/visual-trust-layer/phase-2-2/public-profile.before-readable-lock.20260709-184736.html	1274
FRONTEND_ONLY_SECURITY_HINT	backups/visual-trust-layer/phase-2-2/public-profile.before-readable-lock.20260709-184736.html	1292
FRONTEND_ONLY_SECURITY_HINT	backups/visual-trust-layer/phase-2-2/public-profile.before-readable-lock.20260709-184736.html	1346
FRONTEND_ONLY_SECURITY_HINT	backups/visual-trust-layer/phase-2-2/vvip-visual-trust-layer.before-readable-lock.20260709-184736.css	85
FRONTEND_ONLY_SECURITY_HINT	backups/visual-trust-layer/phase-2-2/vvip-visual-trust-layer.before-readable-lock.20260709-184736.css	98
FRONTEND_ONLY_SECURITY_HINT	backups/visual-trust-layer/phase-2-2/vvip-visual-trust-layer.before-readable-lock.20260709-184736.css	109
FRONTEND_ONLY_SECURITY_HINT	backups/visual-trust-layer/phase-2-2/vvip-visual-trust-layer.before-readable-lock.20260709-184736.css	118
FRONTEND_ONLY_SECURITY_HINT	backups/visual-trust-layer/phase-2-2/vvip-visual-trust-layer.before-readable-lock.20260709-184736.css	140
FRONTEND_ONLY_SECURITY_HINT	backups/visual-trust-layer/phase-2-2/vvip-visual-trust-layer.before-readable-lock.20260709-184736.css	172
FRONTEND_ONLY_SECURITY_HINT	clerk-private-profile.html	823
FRONTEND_ONLY_SECURITY_HINT	clerk-private-profile.html	880
FRONTEND_ONLY_SECURITY_HINT	clerk-private-profile.html	1014
FRONTEND_ONLY_SECURITY_HINT	clerk-private-profile.html	1082
FRONTEND_ONLY_SECURITY_HINT	clerk-private-profile.html	1189
FRONTEND_ONLY_SECURITY_HINT	clerk-private-profile.html	1700
FRONTEND_ONLY_SECURITY_HINT	clerk-private-profile.html	1726
FRONTEND_ONLY_SECURITY_HINT	clerk-private-profile.html	1896
FRONTEND_ONLY_SECURITY_HINT	docs/PROFILE_RESILIENCE_SHELL_CLOSURE.md	51
FRONTEND_ONLY_SECURITY_HINT	docs/VVIP_TIGER_AUTH_AUDIT.md	107
FRONTEND_ONLY_SECURITY_HINT	docs/VVIP_TIGER_CLERK_RLS_APPLY_LOG.md	53
FRONTEND_ONLY_SECURITY_HINT	docs/VVIP_TIGER_CLERK_SUPABASE_LINK_SUCCESS.md	103
FRONTEND_ONLY_SECURITY_HINT	docs/VVIP_TIGER_DB_AUDIT.md	60
FRONTEND_ONLY_SECURITY_HINT	docs/VVIP_TIGER_DB_AUDIT.md	143
FRONTEND_ONLY_SECURITY_HINT	docs/VVIP_TIGER_DB_AUDIT.md	148
FRONTEND_ONLY_SECURITY_HINT	docs/VVIP_TIGER_DB_AUDIT.md	149
FRONTEND_ONLY_SECURITY_HINT	docs/VVIP_TIGER_DB_AUDIT.md	207
FRONTEND_ONLY_SECURITY_HINT	docs/VVIP_TIGER_DB_AUDIT.md	235
FRONTEND_ONLY_SECURITY_HINT	docs/VVIP_TIGER_DB_AUDIT.md	258
FRONTEND_ONLY_SECURITY_HINT	docs/VVIP_TIGER_DB_AUDIT.md	259
FRONTEND_ONLY_SECURITY_HINT	docs/VVIP_TIGER_DB_AUDIT.md	260
FRONTEND_ONLY_SECURITY_HINT	docs/VVIP_TIGER_DB_AUDIT.md	261
FRONTEND_ONLY_SECURITY_HINT	docs/VVIP_TIGER_DB_AUDIT.md	263
FRONTEND_ONLY_SECURITY_HINT	docs/VVIP_TIGER_DB_AUDIT.md	280
FRONTEND_ONLY_SECURITY_HINT	docs/VVIP_TIGER_DB_AUDIT.md	281
FRONTEND_ONLY_SECURITY_HINT	docs/VVIP_TIGER_DB_AUDIT.md	282
FRONTEND_ONLY_SECURITY_HINT	docs/VVIP_TIGER_DB_AUDIT.md	283
FRONTEND_ONLY_SECURITY_HINT	docs/VVIP_TIGER_DB_AUDIT.md	285
FRONTEND_ONLY_SECURITY_HINT	docs/VVIP_TIGER_DB_AUDIT.md	327
FRONTEND_ONLY_SECURITY_HINT	docs/VVIP_TIGER_DB_AUDIT.md	331
FRONTEND_ONLY_SECURITY_HINT	docs/VVIP_TIGER_FINAL_FRONTEND_SAFETY_SWEEP.md	129
FRONTEND_ONLY_SECURITY_HINT	docs/VVIP_TIGER_FINAL_FRONTEND_SAFETY_SWEEP.md	130
FRONTEND_ONLY_SECURITY_HINT	docs/VVIP_TIGER_FINAL_FRONTEND_SAFETY_SWEEP.md	131
FRONTEND_ONLY_SECURITY_HINT	docs/VVIP_TIGER_FINAL_FRONTEND_SAFETY_SWEEP.md	132
FRONTEND_ONLY_SECURITY_HINT	docs/VVIP_TIGER_FINAL_FRONTEND_SAFETY_SWEEP_REVIEW.md	26
FRONTEND_ONLY_SECURITY_HINT	docs/VVIP_TIGER_FINAL_FRONTEND_SAFETY_SWEEP_REVIEW.md	29
FRONTEND_ONLY_SECURITY_HINT	docs/VVIP_TIGER_MANUAL_DB_APPLY_LOG.md	20
FRONTEND_ONLY_SECURITY_HINT	docs/VVIP_TIGER_MANUAL_DB_APPLY_LOG.md	29
FRONTEND_ONLY_SECURITY_HINT	docs/VVIP_TIGER_MEMORY_MAP.md	167
FRONTEND_ONLY_SECURITY_HINT	docs/VVIP_TIGER_MEMORY_MAP.md	216
FRONTEND_ONLY_SECURITY_HINT	docs/VVIP_TIGER_MEMORY_MAP.md	234
FRONTEND_ONLY_SECURITY_HINT	docs/VVIP_TIGER_MEMORY_MAP.md	242
FRONTEND_ONLY_SECURITY_HINT	docs/VVIP_TIGER_MEMORY_MAP.md	244
FRONTEND_ONLY_SECURITY_HINT	docs/VVIP_TIGER_MEMORY_MAP.md	258
FRONTEND_ONLY_SECURITY_HINT	docs/VVIP_TIGER_MEMORY_MAP.md	259
FRONTEND_ONLY_SECURITY_HINT	docs/VVIP_TIGER_MEMORY_MAP.md	260
FRONTEND_ONLY_SECURITY_HINT	docs/VVIP_TIGER_MEMORY_MAP.md	282
FRONTEND_ONLY_SECURITY_HINT	docs/VVIP_TIGER_MEMORY_MAP.md	284
FRONTEND_ONLY_SECURITY_HINT	docs/VVIP_TIGER_MEMORY_MAP.md	305
FRONTEND_ONLY_SECURITY_HINT	docs/VVIP_TIGER_MEMORY_MAP.md	334
FRONTEND_ONLY_SECURITY_HINT	docs/VVIP_TIGER_MEMORY_MAP.md	363
FRONTEND_ONLY_SECURITY_HINT	docs/VVIP_TIGER_MEMORY_MAP.md	378
FRONTEND_ONLY_SECURITY_HINT	docs/VVIP_TIGER_MEMORY_MAP.md	385
FRONTEND_ONLY_SECURITY_HINT	docs/VVIP_TIGER_MEMORY_MAP.md	436
FRONTEND_ONLY_SECURITY_HINT	docs/VVIP_TIGER_MEMORY_MAP.md	442
FRONTEND_ONLY_SECURITY_HINT	docs/VVIP_TIGER_MEMORY_MAP.md	454
FRONTEND_ONLY_SECURITY_HINT	docs/VVIP_TIGER_MEMORY_MAP.md	500
FRONTEND_ONLY_SECURITY_HINT	docs/VVIP_TIGER_MEMORY_MAP.md	509
FRONTEND_ONLY_SECURITY_HINT	docs/VVIP_TIGER_OFFICIAL_PRIVATE_PROFILE_UI.md	124
FRONTEND_ONLY_SECURITY_HINT	docs/VVIP_TIGER_OFFICIAL_PRODUCT_BLUEPRINT.md	39
FRONTEND_ONLY_SECURITY_HINT	docs/VVIP_TIGER_PROFILE_SOURCE_OF_TRUTH.md	26
FRONTEND_ONLY_SECURITY_HINT	docs/VVIP_TIGER_PROFILE_SOURCE_OF_TRUTH.md	44
FRONTEND_ONLY_SECURITY_HINT	docs/VVIP_TIGER_ZERO_VISIBLE_ERROR_EXPERIENCE.md	90
FRONTEND_ONLY_SECURITY_HINT	docs/VVIP_TIGER_ZERO_VISIBLE_ERROR_EXPERIENCE.md	105
FRONTEND_ONLY_SECURITY_HINT	docs/governance/VVIP_TIGER_SURGICAL_EXECUTION_RULE.md	95
FRONTEND_ONLY_SECURITY_HINT	docs/governance/VVIP_TIGER_SURGICAL_EXECUTION_RULE.md	112
FRONTEND_ONLY_SECURITY_HINT	docs/governance/VVIP_TIGER_SURGICAL_EXECUTION_RULE.md	116
FRONTEND_ONLY_SECURITY_HINT	docs/governance/VVIP_TIGER_SURGICAL_EXECUTION_RULE.md	120
FRONTEND_ONLY_SECURITY_HINT	docs/governance/VVIP_TIGER_SURGICAL_EXECUTION_RULE.md	138
FRONTEND_ONLY_SECURITY_HINT	docs/governance/VVIP_TIGER_SURGICAL_EXECUTION_RULE.md	143
FRONTEND_ONLY_SECURITY_HINT	docs/governance/VVIP_TIGER_SURGICAL_EXECUTION_RULE.md	155
FRONTEND_ONLY_SECURITY_HINT	docs/governance/VVIP_TIGER_SURGICAL_EXECUTION_RULE.md	156
FRONTEND_ONLY_SECURITY_HINT	docs/governance/VVIP_TIGER_SURGICAL_EXECUTION_RULE.md	157
FRONTEND_ONLY_SECURITY_HINT	docs/governance/VVIP_TIGER_SURGICAL_EXECUTION_RULE.md	161
FRONTEND_ONLY_SECURITY_HINT	docs/governance/VVIP_TIGER_SURGICAL_EXECUTION_RULE.md	167
FRONTEND_ONLY_SECURITY_HINT	docs/governance/VVIP_TIGER_SURGICAL_EXECUTION_RULE.md	171
FRONTEND_ONLY_SECURITY_HINT	docs/governance/VVIP_TIGER_SURGICAL_EXECUTION_RULE.md	173
FRONTEND_ONLY_SECURITY_HINT	docs/governance/VVIP_TIGER_SURGICAL_EXECUTION_RULE.md	174
FRONTEND_ONLY_SECURITY_HINT	docs/governance/VVIP_TIGER_SURGICAL_EXECUTION_RULE.md	191
FRONTEND_ONLY_SECURITY_HINT	docs/governance/VVIP_TIGER_SURGICAL_EXECUTION_RULE.md	192
FRONTEND_ONLY_SECURITY_HINT	docs/governance/VVIP_TIGER_SURGICAL_EXECUTION_RULE.md	213
FRONTEND_ONLY_SECURITY_HINT	docs/security/RPC_HARDENED_SECURITY_SCENARIOS_20260709.md	169
FRONTEND_ONLY_SECURITY_HINT	docs/security/RPC_HARDENED_SECURITY_SCENARIOS_20260709.md	191
FRONTEND_ONLY_SECURITY_HINT	docs/security/RPC_HARDENED_SECURITY_SCENARIOS_20260709.md	206
FRONTEND_ONLY_SECURITY_HINT	docs/security/SUPABASE_CLERK_SECURITY_AUDIT_LOCK_20260709.md	41
FRONTEND_ONLY_SECURITY_HINT	docs/security/production-apply/SUPABASE_MANUAL_BACKUP_PRODUCTION_APPLY_PLAN_DRAFT.md	38
FRONTEND_ONLY_SECURITY_HINT	docs/security/production-apply/SUPABASE_MANUAL_BACKUP_PRODUCTION_APPLY_PLAN_DRAFT.md	95
FRONTEND_ONLY_SECURITY_HINT	docs/security/production-apply/SUPABASE_MANUAL_BACKUP_PRODUCTION_APPLY_PLAN_DRAFT.md	158
FRONTEND_ONLY_SECURITY_HINT	docs/security/sql-review/20260709_vvip_tiger_atomic_profile_resolver_rpc_hardened_review.sql	13
FRONTEND_ONLY_SECURITY_HINT	docs/security/sql-review/20260709_vvip_tiger_atomic_profile_resolver_rpc_hardened_review.sql	29
FRONTEND_ONLY_SECURITY_HINT	docs/security/sql-review/20260709_vvip_tiger_atomic_profile_resolver_rpc_hardened_review.sql	42
FRONTEND_ONLY_SECURITY_HINT	docs/security/sql-review/20260709_vvip_tiger_atomic_profile_resolver_rpc_hardened_review.sql	43
FRONTEND_ONLY_SECURITY_HINT	docs/security/sql-review/20260709_vvip_tiger_atomic_profile_resolver_rpc_hardened_review.sql	91
FRONTEND_ONLY_SECURITY_HINT	docs/security/sql-review/20260709_vvip_tiger_atomic_profile_resolver_rpc_hardened_review.sql	110
FRONTEND_ONLY_SECURITY_HINT	docs/security/sql-review/20260709_vvip_tiger_atomic_profile_resolver_rpc_hardened_review.sql	140
FRONTEND_ONLY_SECURITY_HINT	docs/security/sql-review/20260709_vvip_tiger_atomic_profile_resolver_rpc_hardened_review.sql	155
FRONTEND_ONLY_SECURITY_HINT	docs/security/sql-review/20260709_vvip_tiger_atomic_profile_resolver_rpc_hardened_review.sql	162
FRONTEND_ONLY_SECURITY_HINT	docs/security/sql-review/20260709_vvip_tiger_atomic_profile_resolver_rpc_hardened_review.sql	178
FRONTEND_ONLY_SECURITY_HINT	docs/security/sql-review/20260709_vvip_tiger_atomic_profile_resolver_rpc_hardened_review.sql	208
FRONTEND_ONLY_SECURITY_HINT	docs/security/sql-review/20260709_vvip_tiger_atomic_profile_resolver_rpc_hardened_review.sql	232
FRONTEND_ONLY_SECURITY_HINT	docs/security/sql-review/20260709_vvip_tiger_atomic_profile_resolver_rpc_hardened_review.sql	260
FRONTEND_ONLY_SECURITY_HINT	index.html	37
FRONTEND_ONLY_SECURITY_HINT	index.html	118
FRONTEND_ONLY_SECURITY_HINT	index.html	154
FRONTEND_ONLY_SECURITY_HINT	index.html	164
FRONTEND_ONLY_SECURITY_HINT	public-profile.html	772
FRONTEND_ONLY_SECURITY_HINT	public-profile.html	782
FRONTEND_ONLY_SECURITY_HINT	public-profile.html	792
FRONTEND_ONLY_SECURITY_HINT	public-profile.html	802
FRONTEND_ONLY_SECURITY_HINT	public-profile.html	812
FRONTEND_ONLY_SECURITY_HINT	public-profile.html	947
FRONTEND_ONLY_SECURITY_HINT	public-profile.html	948
FRONTEND_ONLY_SECURITY_HINT	public-profile.html	949
FRONTEND_ONLY_SECURITY_HINT	public-profile.html	950
FRONTEND_ONLY_SECURITY_HINT	public-profile.html	951
FRONTEND_ONLY_SECURITY_HINT	public-profile.html	1005
FRONTEND_ONLY_SECURITY_HINT	public-profile.html	1164
FRONTEND_ONLY_SECURITY_HINT	public-profile.html	1187
FRONTEND_ONLY_SECURITY_HINT	public-profile.html	1200
FRONTEND_ONLY_SECURITY_HINT	public-profile.html	1274
FRONTEND_ONLY_SECURITY_HINT	public-profile.html	1292
FRONTEND_ONLY_SECURITY_HINT	public-profile.html	1346
FRONTEND_ONLY_SECURITY_HINT	reset-password.html	39
FRONTEND_ONLY_SECURITY_HINT	scripts/profile-loader.js	137
FRONTEND_ONLY_SECURITY_HINT	scripts/supabase-auth-bridge.js	38
FRONTEND_ONLY_SECURITY_HINT	scripts/supabase-config.js	3
FRONTEND_ONLY_SECURITY_HINT	scripts/vvip-safe-ux-guard.js	15
FRONTEND_ONLY_SECURITY_HINT	scripts/vvip-safe-ux-guard.js	18
FRONTEND_ONLY_SECURITY_HINT	social-ui.js	4
FRONTEND_ONLY_SECURITY_HINT	social-ui.js	355
FRONTEND_ONLY_SECURITY_HINT	social-ui.js	458
FRONTEND_ONLY_SECURITY_HINT	social-ui.js	514
FRONTEND_ONLY_SECURITY_HINT	social-ui.js	539
FRONTEND_ONLY_SECURITY_HINT	social-ui.js	540
FRONTEND_ONLY_SECURITY_HINT	social-ui.js	541
FRONTEND_ONLY_SECURITY_HINT	social-ui.js	542
FRONTEND_ONLY_SECURITY_HINT	social-ui.js	543
FRONTEND_ONLY_SECURITY_HINT	social-ui.js	544
FRONTEND_ONLY_SECURITY_HINT	social-ui.js	1125
FRONTEND_ONLY_SECURITY_HINT	social-ui.js	1265
FRONTEND_ONLY_SECURITY_HINT	social-ui.js	1957
FRONTEND_ONLY_SECURITY_HINT	social-ui.js	1959
FRONTEND_ONLY_SECURITY_HINT	social-ui.js	2921
FRONTEND_ONLY_SECURITY_HINT	social-ui.js	2929
FRONTEND_ONLY_SECURITY_HINT	styles/vvip-visual-trust-layer.css	85
FRONTEND_ONLY_SECURITY_HINT	styles/vvip-visual-trust-layer.css	98
FRONTEND_ONLY_SECURITY_HINT	styles/vvip-visual-trust-layer.css	109
FRONTEND_ONLY_SECURITY_HINT	styles/vvip-visual-trust-layer.css	118
FRONTEND_ONLY_SECURITY_HINT	styles/vvip-visual-trust-layer.css	140
FRONTEND_ONLY_SECURITY_HINT	styles/vvip-visual-trust-layer.css	172
FRONTEND_ONLY_SECURITY_HINT	styles/vvip-visual-trust-layer.css	651
FRONTEND_ONLY_SECURITY_HINT	supabase-schema.sql	38
FRONTEND_ONLY_SECURITY_HINT	supabase-schema.sql	47
FRONTEND_ONLY_SECURITY_HINT	supabase-schema.sql	160
FRONTEND_ONLY_SECURITY_HINT	supabase-schema.sql	173
FRONTEND_ONLY_SECURITY_HINT	supabase-schema.sql	178
FRONTEND_ONLY_SECURITY_HINT	supabase-schema.sql	179
FRONTEND_ONLY_SECURITY_HINT	supabase-schema.sql	185
FRONTEND_ONLY_SECURITY_HINT	supabase-schema.sql	202
FRONTEND_ONLY_SECURITY_HINT	supabase-schema.sql	203
FRONTEND_ONLY_SECURITY_HINT	supabase-schema.sql	204
FRONTEND_ONLY_SECURITY_HINT	supabase-schema.sql	210
FRONTEND_ONLY_SECURITY_HINT	supabase-schema.sql	217
FRONTEND_ONLY_SECURITY_HINT	supabase-schema.sql	239
FRONTEND_ONLY_SECURITY_HINT	supabase-schema.sql	257
FRONTEND_ONLY_SECURITY_HINT	supabase-schema.sql	265
FRONTEND_ONLY_SECURITY_HINT	supabase-schema.sql	280
FRONTEND_ONLY_SECURITY_HINT	supabase-schema.sql	284
FRONTEND_ONLY_SECURITY_HINT	supabase-schema.sql	285
FRONTEND_ONLY_SECURITY_HINT	supabase-schema.sql	291
FRONTEND_ONLY_SECURITY_HINT	supabase-schema.sql	305
FRONTEND_ONLY_SECURITY_HINT	supabase-schema.sql	306
FRONTEND_ONLY_SECURITY_HINT	supabase-schema.sql	307
FRONTEND_ONLY_SECURITY_HINT	supabase-schema.sql	308
FRONTEND_ONLY_SECURITY_HINT	supabase-schema.sql	310
FRONTEND_ONLY_SECURITY_HINT	supabase-schema.sql	434
FRONTEND_ONLY_SECURITY_HINT	supabase-schema.sql	437
FRONTEND_ONLY_SECURITY_HINT	supabase-schema.sql	442
FRONTEND_ONLY_SECURITY_HINT	supabase-schema.sql	491
FRONTEND_ONLY_SECURITY_HINT	supabase-schema.sql	513
FRONTEND_ONLY_SECURITY_HINT	supabase-schema.sql	522
FRONTEND_ONLY_SECURITY_HINT	supabase-schema.sql	528
FRONTEND_ONLY_SECURITY_HINT	supabase-schema.sql	532
FRONTEND_ONLY_SECURITY_HINT	supabase-schema.sql	533
FRONTEND_ONLY_SECURITY_HINT	supabase-schema.sql	537
FRONTEND_ONLY_SECURITY_HINT	supabase-schema.sql	545
FRONTEND_ONLY_SECURITY_HINT	supabase-schema.sql	546
FRONTEND_ONLY_SECURITY_HINT	supabase-schema.sql	549
FRONTEND_ONLY_SECURITY_HINT	supabase-schema.sql	554
FRONTEND_ONLY_SECURITY_HINT	supabase-schema.sql	558
FRONTEND_ONLY_SECURITY_HINT	supabase-schema.sql	559
FRONTEND_ONLY_SECURITY_HINT	supabase-schema.sql	564
FRONTEND_ONLY_SECURITY_HINT	supabase-schema.sql	568
FRONTEND_ONLY_SECURITY_HINT	supabase-schema.sql	574
FRONTEND_ONLY_SECURITY_HINT	supabase-schema.sql	575
FRONTEND_ONLY_SECURITY_HINT	supabase-schema.sql	578
FRONTEND_ONLY_SECURITY_HINT	supabase-schema.sql	586
FRONTEND_ONLY_SECURITY_HINT	supabase-schema.sql	587
FRONTEND_ONLY_SECURITY_HINT	supabase-schema.sql	598
FRONTEND_ONLY_SECURITY_HINT	supabase-schema.sql	624
FRONTEND_ONLY_SECURITY_HINT	supabase-schema.sql	638
FRONTEND_ONLY_SECURITY_HINT	supabase-schema.sql	669
FRONTEND_ONLY_SECURITY_HINT	supabase-schema.sql	670
FRONTEND_ONLY_SECURITY_HINT	supabase-schema.sql	732
FRONTEND_ONLY_SECURITY_HINT	supabase-schema.sql	735
FRONTEND_ONLY_SECURITY_HINT	supabase-schema.sql	741
FRONTEND_ONLY_SECURITY_HINT	supabase-schema.sql	742
FRONTEND_ONLY_SECURITY_HINT	supabase-schema.sql	749
FRONTEND_ONLY_SECURITY_HINT	supabase-schema.sql	755
FRONTEND_ONLY_SECURITY_HINT	supabase-schema.sql	763
FRONTEND_ONLY_SECURITY_HINT	supabase-schema.sql	766
FRONTEND_ONLY_SECURITY_HINT	supabase-schema.sql	772
FRONTEND_ONLY_SECURITY_HINT	supabase-schema.sql	773
FRONTEND_ONLY_SECURITY_HINT	supabase-schema.sql	780
FRONTEND_ONLY_SECURITY_HINT	supabase-schema.sql	786
FRONTEND_ONLY_SECURITY_HINT	supabase-schema.sql	796
FRONTEND_ONLY_SECURITY_HINT	supabase-schema.sql	809
FRONTEND_ONLY_SECURITY_HINT	supabase-schema.sql	815
FRONTEND_ONLY_SECURITY_HINT	supabase-schema.sql	829
FRONTEND_ONLY_SECURITY_HINT	supabase-schema.sql	839
FRONTEND_ONLY_SECURITY_HINT	supabase-schema.sql	846
FRONTEND_ONLY_SECURITY_HINT	supabase-schema.sql	856
FRONTEND_ONLY_SECURITY_HINT	supabase-schema.sql	863
FRONTEND_ONLY_SECURITY_HINT	supabase-schema.sql	873
FRONTEND_ONLY_SECURITY_HINT	supabase/migrations/20260707_vvip_tiger_auth_profile_bridge.sql	8
FRONTEND_ONLY_SECURITY_HINT	supabase/migrations/20260707_vvip_tiger_auth_profile_bridge.sql	20
FRONTEND_ONLY_SECURITY_HINT	supabase/migrations/20260707_vvip_tiger_auth_profile_bridge.sql	21
FRONTEND_ONLY_SECURITY_HINT	supabase/migrations/20260707_vvip_tiger_auth_profile_bridge.sql	28
FRONTEND_ONLY_SECURITY_HINT	supabase/migrations/20260707_vvip_tiger_auth_profile_bridge.sql	32
FRONTEND_ONLY_SECURITY_HINT	supabase/migrations/20260707_vvip_tiger_auth_profile_bridge.sql	33
FRONTEND_ONLY_SECURITY_HINT	supabase/migrations/20260707_vvip_tiger_auth_profile_bridge.sql	55
FRONTEND_ONLY_SECURITY_HINT	supabase/migrations/20260707_vvip_tiger_clerk_profiles_table.sql	12
FRONTEND_ONLY_SECURITY_HINT	supabase/migrations/20260707_vvip_tiger_clerk_profiles_table.sql	17
FRONTEND_ONLY_SECURITY_HINT	supabase/migrations/20260707_vvip_tiger_clerk_profiles_table.sql	18
FRONTEND_ONLY_SECURITY_HINT	supabase/migrations/20260707_vvip_tiger_clerk_profiles_table.sql	24
FRONTEND_ONLY_SECURITY_HINT	supabase/migrations/20260707_vvip_tiger_clerk_profiles_table.sql	25
FRONTEND_ONLY_SECURITY_HINT	supabase/migrations/20260709_vvip_tiger_atomic_profile_resolver_rpc.sql	11
FRONTEND_ONLY_SECURITY_HINT	supabase/migrations/20260709_vvip_tiger_atomic_profile_resolver_rpc.sql	66
FRONTEND_ONLY_SECURITY_HINT	supabase/migrations/20260709_vvip_tiger_atomic_profile_resolver_rpc.sql	77
FRONTEND_ONLY_SECURITY_HINT	supabase/migrations/20260709_vvip_tiger_atomic_profile_resolver_rpc.sql	142
FRONTEND_ONLY_SECURITY_HINT	terms-of-service.html	70
FALLBACK_HINT	ACCOUNT-CHOOSER-SPEC.md	91
FALLBACK_HINT	ACCOUNT-CHOOSER-SPEC.md	110
FALLBACK_HINT	FEATURES-COMPLETE.md	122
FALLBACK_HINT	PRODUCT-REQUIREMENTS-ADDENDUM.md	67
FALLBACK_HINT	PRODUCT-REQUIREMENTS-ADDENDUM.md	89
FALLBACK_HINT	PRODUCT-REQUIREMENTS-ADDENDUM.md	147
FALLBACK_HINT	README.md	13
FALLBACK_HINT	README.md	23
FALLBACK_HINT	SETUP-GUIDE.md	104
FALLBACK_HINT	VVIP-AUTH-SYSTEM-SPEC.md	37
FALLBACK_HINT	VVIP-AUTH-SYSTEM-SPEC.md	60
FALLBACK_HINT	VVIP-AUTH-SYSTEM-SPEC.md	86
FALLBACK_HINT	approved/auth-clerk-index-before-profile-button-fix-20260707.js	9
FALLBACK_HINT	approved/auth-clerk-index-before-profile-button-fix-20260707.js	73
FALLBACK_HINT	approved/auth-clerk-index-before-profile-button-fix-20260707.js	87
FALLBACK_HINT	approved/auth-clerk-index-before-vvip-gate-login-20260707.js	9
FALLBACK_HINT	approved/auth-clerk-index-before-vvip-gate-login-20260707.js	95
FALLBACK_HINT	approved/auth-clerk-index-before-vvip-gate-login-20260707.js	109
FALLBACK_HINT	approved/clerk-private-profile-before-official-ui-20260707.html	284
FALLBACK_HINT	approved/clerk-private-profile-before-official-ui-20260707.html	305
FALLBACK_HINT	approved/clerk-private-profile-before-supabase-bridge-20260707.html	121
FALLBACK_HINT	approved/clerk-private-profile-before-supabase-bridge-20260707.html	169
FALLBACK_HINT	approved/clerk-private-profile-before-tiger-care-card-20260707.html	802
FALLBACK_HINT	approved/clerk-private-profile-before-tiger-care-card-20260707.html	823
FALLBACK_HINT	approved/clerk-private-profile-before-vip-membership-center-20260707.html	685
FALLBACK_HINT	approved/clerk-private-profile-before-vip-membership-center-20260707.html	706
FALLBACK_HINT	approved/index-before-supabase-auth-20260704-191914.html	100
FALLBACK_HINT	approved/index-before-supabase-auth-20260704-192024.html	100
FALLBACK_HINT	approved/index-before-vvip-gate-login-20260707.html	100
FALLBACK_HINT	approved/index-supabase-auth-approved.html	100
FALLBACK_HINT	approved/index-supabase-auth-final.html	100
FALLBACK_HINT	approved/legacy-auth-audit-7-1/clerk-private-profile-before-linkrel-fix-20260708.html	1010
FALLBACK_HINT	approved/legacy-auth-audit-7-1/clerk-private-profile-before-linkrel-fix-20260708.html	1031
FALLBACK_HINT	approved/legacy-auth-redirect-7-1/private-profile-before-redirect-20260708.html	251
FALLBACK_HINT	approved/legacy-auth-redirect-7-1/private-profile-before-redirect-20260708.html	253
FALLBACK_HINT	approved/nav-cleanup-7-1/public-profile-before-private-link-cleanup-20260708.html	1223
FALLBACK_HINT	approved/nav-cleanup-7-1/public-profile-before-private-link-cleanup-20260708.html	1225
FALLBACK_HINT	approved/private-profile-auth-guard-approved.html	251
FALLBACK_HINT	approved/private-profile-auth-guard-approved.html	253
FALLBACK_HINT	approved/private-profile-auth-guard-final.html	251
FALLBACK_HINT	approved/private-profile-auth-guard-final.html	253
FALLBACK_HINT	approved/private-profile-before-auth-guard.html	251
FALLBACK_HINT	approved/private-profile-before-auth-guard.html	253
FALLBACK_HINT	approved/private-profile.desktop-approved.html	251
FALLBACK_HINT	approved/private-profile.desktop-approved.html	253
FALLBACK_HINT	approved/private-profile.final-approved.html	251
FALLBACK_HINT	approved/private-profile.final-approved.html	253
FALLBACK_HINT	approved/public-profile.final-approved.html	1222
FALLBACK_HINT	approved/public-profile.final-approved.html	1224
FALLBACK_HINT	approved/public-profile.mobile-approved.html	1222
FALLBACK_HINT	approved/public-profile.mobile-approved.html	1224
FALLBACK_HINT	approved/require-auth-approved.js	4
FALLBACK_HINT	approved/require-auth-approved.js	26
FALLBACK_HINT	approved/require-auth-final.js	4
FALLBACK_HINT	approved/require-auth-final.js	26
FALLBACK_HINT	approved/social-ui-before-force-post-options-menu-20260708.js	55
FALLBACK_HINT	approved/social-ui-before-force-post-options-menu-20260708.js	56
FALLBACK_HINT	approved/social-ui-before-force-post-options-menu-20260708.js	58
FALLBACK_HINT	approved/social-ui-before-force-post-options-menu-20260708.js	209
FALLBACK_HINT	approved/social-ui-before-force-post-options-menu-20260708.js	213
FALLBACK_HINT	approved/social-ui-before-force-post-options-menu-20260708.js	241
FALLBACK_HINT	approved/social-ui-before-force-post-options-menu-20260708.js	243
FALLBACK_HINT	approved/social-ui-before-force-post-options-menu-20260708.js	570
FALLBACK_HINT	approved/social-ui-before-force-post-options-menu-20260708.js	761
FALLBACK_HINT	approved/social-ui-before-force-post-options-menu-20260708.js	765
FALLBACK_HINT	approved/social-ui-before-force-post-options-menu-20260708.js	799
FALLBACK_HINT	approved/social-ui-before-force-post-options-menu-20260708.js	829
FALLBACK_HINT	approved/social-ui-before-force-post-options-menu-20260708.js	831
FALLBACK_HINT	approved/social-ui-before-force-post-options-menu-20260708.js	832
FALLBACK_HINT	approved/social-ui-before-force-post-options-menu-20260708.js	836
FALLBACK_HINT	approved/social-ui-before-force-post-options-menu-20260708.js	837
FALLBACK_HINT	approved/social-ui-before-force-post-options-menu-20260708.js	861
FALLBACK_HINT	approved/social-ui-before-force-post-options-menu-20260708.js	862
FALLBACK_HINT	approved/social-ui-before-force-post-options-menu-20260708.js	873
FALLBACK_HINT	approved/social-ui-before-force-post-options-menu-20260708.js	886
FALLBACK_HINT	approved/social-ui-before-force-post-options-menu-20260708.js	922
FALLBACK_HINT	approved/social-ui-before-force-post-options-menu-20260708.js	923
FALLBACK_HINT	approved/social-ui-before-force-post-options-menu-20260708.js	924
FALLBACK_HINT	approved/social-ui-before-force-post-options-menu-20260708.js	925
FALLBACK_HINT	approved/social-ui-before-force-post-options-menu-20260708.js	926
FALLBACK_HINT	approved/social-ui-before-force-post-options-menu-20260708.js	936
FALLBACK_HINT	approved/social-ui-before-force-post-options-menu-20260708.js	1046
FALLBACK_HINT	approved/social-ui-before-force-post-options-menu-20260708.js	1177
FALLBACK_HINT	approved/social-ui-before-force-post-options-menu-20260708.js	1185
FALLBACK_HINT	approved/social-ui-before-force-post-options-menu-20260708.js	1186
FALLBACK_HINT	approved/social-ui-before-force-post-options-menu-20260708.js	1187
FALLBACK_HINT	approved/social-ui-before-force-post-options-menu-20260708.js	1188
FALLBACK_HINT	approved/social-ui-before-force-post-options-menu-20260708.js	1671
FALLBACK_HINT	approved/social-ui-before-force-post-options-menu-20260708.js	1672
FALLBACK_HINT	approved/social-ui-before-force-post-options-menu-20260708.js	1675
FALLBACK_HINT	approved/social-ui-before-force-post-options-menu-20260708.js	1861
FALLBACK_HINT	approved/social-ui-before-force-post-options-menu-20260708.js	1873
FALLBACK_HINT	approved/social-ui-before-force-post-options-menu-20260708.js	1912
FALLBACK_HINT	approved/social-ui-before-force-post-options-menu-20260708.js	1916
FALLBACK_HINT	approved/social-ui-before-force-post-options-menu-20260708.js	2123
FALLBACK_HINT	approved/social-ui-before-force-post-options-menu-20260708.js	2125
FALLBACK_HINT	approved/social-ui-before-force-post-options-menu-20260708.js	2666
FALLBACK_HINT	approved/social-ui-before-force-post-options-menu-20260708.js	2825
FALLBACK_HINT	approved/social-ui-before-force-post-options-menu-20260708.js	2840
FALLBACK_HINT	approved/social-ui-before-force-post-options-menu-20260708.js	2848
FALLBACK_HINT	approved/social-ui-before-force-post-options-menu-20260708.js	2850
FALLBACK_HINT	approved/social-ui-before-force-post-options-menu-20260708.js	3017
FALLBACK_HINT	approved/social-ui-before-post-options-menu-tiger-care-20260707.js	55
FALLBACK_HINT	approved/social-ui-before-post-options-menu-tiger-care-20260707.js	56
FALLBACK_HINT	approved/social-ui-before-post-options-menu-tiger-care-20260707.js	58
FALLBACK_HINT	approved/social-ui-before-post-options-menu-tiger-care-20260707.js	209
FALLBACK_HINT	approved/social-ui-before-post-options-menu-tiger-care-20260707.js	213
FALLBACK_HINT	approved/social-ui-before-post-options-menu-tiger-care-20260707.js	241
FALLBACK_HINT	approved/social-ui-before-post-options-menu-tiger-care-20260707.js	243
FALLBACK_HINT	approved/social-ui-before-post-options-menu-tiger-care-20260707.js	542
FALLBACK_HINT	approved/social-ui-before-post-options-menu-tiger-care-20260707.js	546
FALLBACK_HINT	approved/social-ui-before-post-options-menu-tiger-care-20260707.js	580
FALLBACK_HINT	approved/social-ui-before-post-options-menu-tiger-care-20260707.js	610
FALLBACK_HINT	approved/social-ui-before-post-options-menu-tiger-care-20260707.js	612
FALLBACK_HINT	approved/social-ui-before-post-options-menu-tiger-care-20260707.js	613
FALLBACK_HINT	approved/social-ui-before-post-options-menu-tiger-care-20260707.js	617
FALLBACK_HINT	approved/social-ui-before-post-options-menu-tiger-care-20260707.js	618
FALLBACK_HINT	approved/social-ui-before-post-options-menu-tiger-care-20260707.js	642
FALLBACK_HINT	approved/social-ui-before-post-options-menu-tiger-care-20260707.js	643
FALLBACK_HINT	approved/social-ui-before-post-options-menu-tiger-care-20260707.js	654
FALLBACK_HINT	approved/social-ui-before-post-options-menu-tiger-care-20260707.js	667
FALLBACK_HINT	approved/social-ui-before-post-options-menu-tiger-care-20260707.js	703
FALLBACK_HINT	approved/social-ui-before-post-options-menu-tiger-care-20260707.js	704
FALLBACK_HINT	approved/social-ui-before-post-options-menu-tiger-care-20260707.js	705
FALLBACK_HINT	approved/social-ui-before-post-options-menu-tiger-care-20260707.js	706
FALLBACK_HINT	approved/social-ui-before-post-options-menu-tiger-care-20260707.js	707
FALLBACK_HINT	approved/social-ui-before-post-options-menu-tiger-care-20260707.js	717
FALLBACK_HINT	approved/social-ui-before-post-options-menu-tiger-care-20260707.js	827
FALLBACK_HINT	approved/social-ui-before-post-options-menu-tiger-care-20260707.js	958
FALLBACK_HINT	approved/social-ui-before-post-options-menu-tiger-care-20260707.js	966
FALLBACK_HINT	approved/social-ui-before-post-options-menu-tiger-care-20260707.js	967
FALLBACK_HINT	approved/social-ui-before-post-options-menu-tiger-care-20260707.js	968
FALLBACK_HINT	approved/social-ui-before-post-options-menu-tiger-care-20260707.js	969
FALLBACK_HINT	approved/social-ui-before-post-options-menu-tiger-care-20260707.js	1452
FALLBACK_HINT	approved/social-ui-before-post-options-menu-tiger-care-20260707.js	1453
FALLBACK_HINT	approved/social-ui-before-post-options-menu-tiger-care-20260707.js	1456
FALLBACK_HINT	approved/social-ui-before-post-options-menu-tiger-care-20260707.js	1642
FALLBACK_HINT	approved/social-ui-before-post-options-menu-tiger-care-20260707.js	1654
FALLBACK_HINT	approved/social-ui-before-post-options-menu-tiger-care-20260707.js	1693
FALLBACK_HINT	approved/social-ui-before-post-options-menu-tiger-care-20260707.js	1697
FALLBACK_HINT	approved/social-ui-before-post-options-menu-tiger-care-20260707.js	1904
FALLBACK_HINT	approved/social-ui-before-post-options-menu-tiger-care-20260707.js	1906
FALLBACK_HINT	approved/social-ui-before-post-options-menu-tiger-care-20260707.js	2447
FALLBACK_HINT	approved/social-ui-before-post-options-menu-tiger-care-20260707.js	2606
FALLBACK_HINT	approved/social-ui-before-post-options-menu-tiger-care-20260707.js	2621
FALLBACK_HINT	approved/social-ui-before-post-options-menu-tiger-care-20260707.js	2629
FALLBACK_HINT	approved/social-ui-before-post-options-menu-tiger-care-20260707.js	2631
FALLBACK_HINT	approved/social-ui-before-post-options-menu-tiger-care-20260707.js	2798
FALLBACK_HINT	approved/social-ui-before-tiger-care-feedback-fix-20260708.js	55
FALLBACK_HINT	approved/social-ui-before-tiger-care-feedback-fix-20260708.js	56
FALLBACK_HINT	approved/social-ui-before-tiger-care-feedback-fix-20260708.js	58
FALLBACK_HINT	approved/social-ui-before-tiger-care-feedback-fix-20260708.js	209
FALLBACK_HINT	approved/social-ui-before-tiger-care-feedback-fix-20260708.js	213
FALLBACK_HINT	approved/social-ui-before-tiger-care-feedback-fix-20260708.js	241
FALLBACK_HINT	approved/social-ui-before-tiger-care-feedback-fix-20260708.js	243
FALLBACK_HINT	approved/social-ui-before-tiger-care-feedback-fix-20260708.js	570
FALLBACK_HINT	approved/social-ui-before-tiger-care-feedback-fix-20260708.js	791
FALLBACK_HINT	approved/social-ui-before-tiger-care-feedback-fix-20260708.js	795
FALLBACK_HINT	approved/social-ui-before-tiger-care-feedback-fix-20260708.js	829
FALLBACK_HINT	approved/social-ui-before-tiger-care-feedback-fix-20260708.js	859
FALLBACK_HINT	approved/social-ui-before-tiger-care-feedback-fix-20260708.js	861
FALLBACK_HINT	approved/social-ui-before-tiger-care-feedback-fix-20260708.js	862
FALLBACK_HINT	approved/social-ui-before-tiger-care-feedback-fix-20260708.js	866
FALLBACK_HINT	approved/social-ui-before-tiger-care-feedback-fix-20260708.js	867
FALLBACK_HINT	approved/social-ui-before-tiger-care-feedback-fix-20260708.js	891
FALLBACK_HINT	approved/social-ui-before-tiger-care-feedback-fix-20260708.js	892
FALLBACK_HINT	approved/social-ui-before-tiger-care-feedback-fix-20260708.js	903
FALLBACK_HINT	approved/social-ui-before-tiger-care-feedback-fix-20260708.js	916
FALLBACK_HINT	approved/social-ui-before-tiger-care-feedback-fix-20260708.js	952
FALLBACK_HINT	approved/social-ui-before-tiger-care-feedback-fix-20260708.js	953
FALLBACK_HINT	approved/social-ui-before-tiger-care-feedback-fix-20260708.js	954
FALLBACK_HINT	approved/social-ui-before-tiger-care-feedback-fix-20260708.js	955
FALLBACK_HINT	approved/social-ui-before-tiger-care-feedback-fix-20260708.js	956
FALLBACK_HINT	approved/social-ui-before-tiger-care-feedback-fix-20260708.js	966
FALLBACK_HINT	approved/social-ui-before-tiger-care-feedback-fix-20260708.js	1076
FALLBACK_HINT	approved/social-ui-before-tiger-care-feedback-fix-20260708.js	1207
FALLBACK_HINT	approved/social-ui-before-tiger-care-feedback-fix-20260708.js	1215
FALLBACK_HINT	approved/social-ui-before-tiger-care-feedback-fix-20260708.js	1216
FALLBACK_HINT	approved/social-ui-before-tiger-care-feedback-fix-20260708.js	1217
FALLBACK_HINT	approved/social-ui-before-tiger-care-feedback-fix-20260708.js	1218
FALLBACK_HINT	approved/social-ui-before-tiger-care-feedback-fix-20260708.js	1701
FALLBACK_HINT	approved/social-ui-before-tiger-care-feedback-fix-20260708.js	1702
FALLBACK_HINT	approved/social-ui-before-tiger-care-feedback-fix-20260708.js	1705
FALLBACK_HINT	approved/social-ui-before-tiger-care-feedback-fix-20260708.js	1891
FALLBACK_HINT	approved/social-ui-before-tiger-care-feedback-fix-20260708.js	1903
FALLBACK_HINT	approved/social-ui-before-tiger-care-feedback-fix-20260708.js	1942
FALLBACK_HINT	approved/social-ui-before-tiger-care-feedback-fix-20260708.js	1946
FALLBACK_HINT	approved/social-ui-before-tiger-care-feedback-fix-20260708.js	2153
FALLBACK_HINT	approved/social-ui-before-tiger-care-feedback-fix-20260708.js	2155
FALLBACK_HINT	approved/social-ui-before-tiger-care-feedback-fix-20260708.js	2696
FALLBACK_HINT	approved/social-ui-before-tiger-care-feedback-fix-20260708.js	2855
FALLBACK_HINT	approved/social-ui-before-tiger-care-feedback-fix-20260708.js	2870
FALLBACK_HINT	approved/social-ui-before-tiger-care-feedback-fix-20260708.js	2878
FALLBACK_HINT	approved/social-ui-before-tiger-care-feedback-fix-20260708.js	2880
FALLBACK_HINT	approved/social-ui-before-tiger-care-feedback-fix-20260708.js	3047
FALLBACK_HINT	approved/styles-before-post-options-menu-tiger-care-20260707.css	929
FALLBACK_HINT	approved/styles-before-tiger-care-feedback-fix-20260708.css	929
FALLBACK_HINT	approved/styles-before-vvip-gate-login-20260707.css	929
FALLBACK_HINT	approved/supabase-auth-bridge-approved.js	106
FALLBACK_HINT	approved/supabase-auth-bridge-approved.js	119
FALLBACK_HINT	approved/supabase-auth-bridge-final.js	106
FALLBACK_HINT	approved/supabase-auth-bridge-final.js	119
FALLBACK_HINT	approved/visual-identity-pass-7-1/clerk-private-profile-before-visual-identity-20260708.html	1009
FALLBACK_HINT	approved/visual-identity-pass-7-1/clerk-private-profile-before-visual-identity-20260708.html	1030
FALLBACK_HINT	approved/visual-identity-pass-7-1/index-before-visual-identity-20260708.html	123
FALLBACK_HINT	approved/visual-identity-pass-7-1/public-profile-before-visual-identity-20260708.html	1222
FALLBACK_HINT	approved/visual-identity-pass-7-1/public-profile-before-visual-identity-20260708.html	1224
FALLBACK_HINT	approved/visual-identity-pass-7-1/styles-before-visual-identity-20260708.css	929
FALLBACK_HINT	auth-clerk-index.js	9
FALLBACK_HINT	auth-clerk-index.js	107
FALLBACK_HINT	auth-clerk-index.js	121
FALLBACK_HINT	auth-supabase.js	124
FALLBACK_HINT	auth-supabase.js	144
FALLBACK_HINT	auth-supabase.js	216
FALLBACK_HINT	auth.js	61
FALLBACK_HINT	auth.js	281
FALLBACK_HINT	auth.js	282
FALLBACK_HINT	auth.js	334
FALLBACK_HINT	auth.js	336
FALLBACK_HINT	auth.js	338
FALLBACK_HINT	auth.js	391
FALLBACK_HINT	auth.js	427
FALLBACK_HINT	auth.js	438
FALLBACK_HINT	auth.js	498
FALLBACK_HINT	auth.js	503
FALLBACK_HINT	backups/clerk-private-profile.before-atomic-profile-resolver.html	664
FALLBACK_HINT	backups/clerk-private-profile.before-atomic-profile-resolver.html	666
FALLBACK_HINT	backups/clerk-private-profile.before-atomic-profile-resolver.html	667
FALLBACK_HINT	backups/clerk-private-profile.before-atomic-profile-resolver.html	683
FALLBACK_HINT	backups/clerk-private-profile.before-atomic-profile-resolver.html	684
FALLBACK_HINT	backups/clerk-private-profile.before-atomic-profile-resolver.html	687
FALLBACK_HINT	backups/clerk-private-profile.before-atomic-profile-resolver.html	688
FALLBACK_HINT	backups/clerk-private-profile.before-atomic-profile-resolver.html	711
FALLBACK_HINT	backups/clerk-private-profile.before-atomic-profile-resolver.html	715
FALLBACK_HINT	backups/clerk-private-profile.before-atomic-profile-resolver.html	1009
FALLBACK_HINT	backups/clerk-private-profile.before-atomic-profile-resolver.html	1012
FALLBACK_HINT	backups/clerk-private-profile.before-atomic-profile-resolver.html	1018
FALLBACK_HINT	backups/clerk-private-profile.before-atomic-profile-resolver.html	1031
FALLBACK_HINT	backups/clerk-private-profile.before-atomic-profile-resolver.html	1055
FALLBACK_HINT	backups/clerk-private-profile.before-atomic-profile-resolver.html	1056
FALLBACK_HINT	backups/clerk-private-profile.before-atomic-profile-resolver.html	1062
FALLBACK_HINT	backups/clerk-private-profile.before-atomic-profile-resolver.html	1064
FALLBACK_HINT	backups/clerk-private-profile.before-atomic-profile-resolver.html	1076
FALLBACK_HINT	backups/clerk-private-profile.before-atomic-profile-resolver.html	1077
FALLBACK_HINT	backups/clerk-private-profile.before-atomic-profile-resolver.html	1078
FALLBACK_HINT	backups/clerk-private-profile.before-atomic-profile-resolver.html	1080
FALLBACK_HINT	backups/clerk-private-profile.before-atomic-profile-resolver.html	1081
FALLBACK_HINT	backups/clerk-private-profile.before-atomic-profile-resolver.html	1083
FALLBACK_HINT	backups/clerk-private-profile.before-atomic-profile-resolver.html	1084
FALLBACK_HINT	backups/clerk-private-profile.before-atomic-profile-resolver.html	1090
FALLBACK_HINT	backups/clerk-private-profile.before-atomic-profile-resolver.html	1103
FALLBACK_HINT	backups/clerk-private-profile.before-atomic-profile-resolver.html	1106
FALLBACK_HINT	backups/clerk-private-profile.before-atomic-profile-resolver.html	1116
FALLBACK_HINT	backups/clerk-private-profile.before-atomic-profile-resolver.html	1128
FALLBACK_HINT	backups/clerk-private-profile.before-atomic-profile-resolver.html	1131
FALLBACK_HINT	backups/clerk-private-profile.before-atomic-profile-resolver.html	1137
FALLBACK_HINT	backups/clerk-private-profile.before-atomic-profile-resolver.html	1220
FALLBACK_HINT	backups/clerk-private-profile.before-atomic-profile-resolver.html	1221
FALLBACK_HINT	backups/clerk-private-profile.before-atomic-profile-resolver.html	1222
FALLBACK_HINT	backups/clerk-private-profile.before-atomic-profile-resolver.html	1233
FALLBACK_HINT	backups/clerk-private-profile.before-atomic-profile-resolver.html	1234
FALLBACK_HINT	backups/clerk-private-profile.before-atomic-profile-resolver.html	1235
FALLBACK_HINT	backups/clerk-private-profile.before-atomic-profile-resolver.html	1262
FALLBACK_HINT	backups/clerk-private-profile.before-atomic-profile-resolver.html	1270
FALLBACK_HINT	backups/clerk-private-profile.before-atomic-profile-resolver.html	1272
FALLBACK_HINT	backups/clerk-private-profile.before-atomic-profile-resolver.html	1276
FALLBACK_HINT	backups/clerk-private-profile.before-atomic-profile-resolver.html	1306
FALLBACK_HINT	backups/clerk-private-profile.before-atomic-profile-resolver.html	1320
FALLBACK_HINT	backups/clerk-private-profile.before-atomic-profile-resolver.html	1345
FALLBACK_HINT	backups/clerk-private-profile.before-atomic-profile-resolver.html	1369
FALLBACK_HINT	backups/clerk-private-profile.before-atomic-profile-resolver.html	1375
FALLBACK_HINT	backups/clerk-private-profile.before-atomic-profile-resolver.html	1382
FALLBACK_HINT	backups/clerk-private-profile.before-atomic-profile-resolver.html	1383
FALLBACK_HINT	backups/clerk-private-profile.before-atomic-profile-resolver.html	1387
FALLBACK_HINT	backups/clerk-private-profile.before-atomic-profile-resolver.html	1396
FALLBACK_HINT	backups/clerk-private-profile.before-atomic-profile-resolver.html	1412
FALLBACK_HINT	backups/clerk-private-profile.before-atomic-profile-resolver.html	1414
FALLBACK_HINT	backups/clerk-private-profile.before-atomic-profile-resolver.html	1416
FALLBACK_HINT	backups/clerk-private-profile.before-atomic-profile-resolver.html	1699
FALLBACK_HINT	backups/clerk-private-profile.before-atomic-profile-resolver.html	1702
FALLBACK_HINT	backups/clerk-private-profile.before-atomic-profile-resolver.html	1708
FALLBACK_HINT	backups/clerk-private-profile.before-atomic-profile-resolver.html	1710
FALLBACK_HINT	backups/clerk-private-profile.before-jwt-rls-bridge.html	741
FALLBACK_HINT	backups/clerk-private-profile.before-jwt-rls-bridge.html	779
FALLBACK_HINT	backups/clerk-private-profile.before-jwt-rls-bridge.html	876
FALLBACK_HINT	backups/clerk-private-profile.before-jwt-rls-bridge.html	879
FALLBACK_HINT	backups/clerk-private-profile.before-jwt-rls-bridge.html	885
FALLBACK_HINT	backups/clerk-private-profile.before-jwt-rls-bridge.html	898
FALLBACK_HINT	backups/clerk-private-profile.before-jwt-rls-bridge.html	922
FALLBACK_HINT	backups/clerk-private-profile.before-jwt-rls-bridge.html	923
FALLBACK_HINT	backups/clerk-private-profile.before-jwt-rls-bridge.html	928
FALLBACK_HINT	backups/clerk-private-profile.before-jwt-rls-bridge.html	930
FALLBACK_HINT	backups/clerk-private-profile.before-jwt-rls-bridge.html	931
FALLBACK_HINT	backups/clerk-private-profile.before-jwt-rls-bridge.html	932
FALLBACK_HINT	backups/clerk-private-profile.before-jwt-rls-bridge.html	934
FALLBACK_HINT	backups/clerk-private-profile.before-jwt-rls-bridge.html	935
FALLBACK_HINT	backups/clerk-private-profile.before-jwt-rls-bridge.html	937
FALLBACK_HINT	backups/clerk-private-profile.before-jwt-rls-bridge.html	938
FALLBACK_HINT	backups/clerk-private-profile.before-jwt-rls-bridge.html	944
FALLBACK_HINT	backups/clerk-private-profile.before-jwt-rls-bridge.html	957
FALLBACK_HINT	backups/clerk-private-profile.before-jwt-rls-bridge.html	960
FALLBACK_HINT	backups/clerk-private-profile.before-jwt-rls-bridge.html	963
FALLBACK_HINT	backups/clerk-private-profile.before-jwt-rls-bridge.html	970
FALLBACK_HINT	backups/clerk-private-profile.before-jwt-rls-bridge.html	973
FALLBACK_HINT	backups/clerk-private-profile.before-jwt-rls-bridge.html	979
FALLBACK_HINT	backups/clerk-private-profile.before-jwt-rls-bridge.html	1062
FALLBACK_HINT	backups/clerk-private-profile.before-jwt-rls-bridge.html	1063
FALLBACK_HINT	backups/clerk-private-profile.before-jwt-rls-bridge.html	1064
FALLBACK_HINT	backups/clerk-private-profile.before-jwt-rls-bridge.html	1075
FALLBACK_HINT	backups/clerk-private-profile.before-jwt-rls-bridge.html	1101
FALLBACK_HINT	backups/clerk-private-profile.before-jwt-rls-bridge.html	1109
FALLBACK_HINT	backups/clerk-private-profile.before-jwt-rls-bridge.html	1112
FALLBACK_HINT	backups/clerk-private-profile.before-jwt-rls-bridge.html	1142
FALLBACK_HINT	backups/clerk-private-profile.before-jwt-rls-bridge.html	1156
FALLBACK_HINT	backups/clerk-private-profile.before-jwt-rls-bridge.html	1165
FALLBACK_HINT	backups/clerk-private-profile.before-jwt-rls-bridge.html	1180
FALLBACK_HINT	backups/clerk-private-profile.before-jwt-rls-bridge.html	1188
FALLBACK_HINT	backups/clerk-private-profile.before-jwt-rls-bridge.html	1195
FALLBACK_HINT	backups/clerk-private-profile.before-jwt-rls-bridge.html	1201
FALLBACK_HINT	backups/clerk-private-profile.before-jwt-rls-bridge.html	1207
FALLBACK_HINT	backups/clerk-private-profile.before-jwt-rls-bridge.html	1208
FALLBACK_HINT	backups/clerk-private-profile.before-jwt-rls-bridge.html	1213
FALLBACK_HINT	backups/clerk-private-profile.before-jwt-rls-bridge.html	1222
FALLBACK_HINT	backups/clerk-private-profile.before-jwt-rls-bridge.html	1228
FALLBACK_HINT	backups/clerk-private-profile.before-jwt-rls-bridge.html	1230
FALLBACK_HINT	backups/clerk-private-profile.before-jwt-rls-bridge.html	1232
FALLBACK_HINT	backups/clerk-private-profile.before-jwt-rls-bridge.html	1510
FALLBACK_HINT	backups/clerk-private-profile.before-jwt-rls-bridge.html	1513
FALLBACK_HINT	backups/clerk-private-profile.before-jwt-rls-bridge.html	1519
FALLBACK_HINT	backups/clerk-private-profile.before-jwt-rls-bridge.html	1521
FALLBACK_HINT	backups/clerk-private-profile.before-profile-resilience-shell.html	665
FALLBACK_HINT	backups/clerk-private-profile.before-profile-resilience-shell.html	667
FALLBACK_HINT	backups/clerk-private-profile.before-profile-resilience-shell.html	668
FALLBACK_HINT	backups/clerk-private-profile.before-profile-resilience-shell.html	684
FALLBACK_HINT	backups/clerk-private-profile.before-profile-resilience-shell.html	685
FALLBACK_HINT	backups/clerk-private-profile.before-profile-resilience-shell.html	688
FALLBACK_HINT	backups/clerk-private-profile.before-profile-resilience-shell.html	689
FALLBACK_HINT	backups/clerk-private-profile.before-profile-resilience-shell.html	712
FALLBACK_HINT	backups/clerk-private-profile.before-profile-resilience-shell.html	716
FALLBACK_HINT	backups/clerk-private-profile.before-profile-resilience-shell.html	1014
FALLBACK_HINT	backups/clerk-private-profile.before-profile-resilience-shell.html	1017
FALLBACK_HINT	backups/clerk-private-profile.before-profile-resilience-shell.html	1023
FALLBACK_HINT	backups/clerk-private-profile.before-profile-resilience-shell.html	1036
FALLBACK_HINT	backups/clerk-private-profile.before-profile-resilience-shell.html	1060
FALLBACK_HINT	backups/clerk-private-profile.before-profile-resilience-shell.html	1061
FALLBACK_HINT	backups/clerk-private-profile.before-profile-resilience-shell.html	1067
FALLBACK_HINT	backups/clerk-private-profile.before-profile-resilience-shell.html	1069
FALLBACK_HINT	backups/clerk-private-profile.before-profile-resilience-shell.html	1081
FALLBACK_HINT	backups/clerk-private-profile.before-profile-resilience-shell.html	1082
FALLBACK_HINT	backups/clerk-private-profile.before-profile-resilience-shell.html	1083
FALLBACK_HINT	backups/clerk-private-profile.before-profile-resilience-shell.html	1085
FALLBACK_HINT	backups/clerk-private-profile.before-profile-resilience-shell.html	1086
FALLBACK_HINT	backups/clerk-private-profile.before-profile-resilience-shell.html	1088
FALLBACK_HINT	backups/clerk-private-profile.before-profile-resilience-shell.html	1089
FALLBACK_HINT	backups/clerk-private-profile.before-profile-resilience-shell.html	1095
FALLBACK_HINT	backups/clerk-private-profile.before-profile-resilience-shell.html	1108
FALLBACK_HINT	backups/clerk-private-profile.before-profile-resilience-shell.html	1111
FALLBACK_HINT	backups/clerk-private-profile.before-profile-resilience-shell.html	1121
FALLBACK_HINT	backups/clerk-private-profile.before-profile-resilience-shell.html	1133
FALLBACK_HINT	backups/clerk-private-profile.before-profile-resilience-shell.html	1136
FALLBACK_HINT	backups/clerk-private-profile.before-profile-resilience-shell.html	1142
FALLBACK_HINT	backups/clerk-private-profile.before-profile-resilience-shell.html	1178
FALLBACK_HINT	backups/clerk-private-profile.before-profile-resilience-shell.html	1203
FALLBACK_HINT	backups/clerk-private-profile.before-profile-resilience-shell.html	1292
FALLBACK_HINT	backups/clerk-private-profile.before-profile-resilience-shell.html	1293
FALLBACK_HINT	backups/clerk-private-profile.before-profile-resilience-shell.html	1294
FALLBACK_HINT	backups/clerk-private-profile.before-profile-resilience-shell.html	1305
FALLBACK_HINT	backups/clerk-private-profile.before-profile-resilience-shell.html	1306
FALLBACK_HINT	backups/clerk-private-profile.before-profile-resilience-shell.html	1307
FALLBACK_HINT	backups/clerk-private-profile.before-profile-resilience-shell.html	1334
FALLBACK_HINT	backups/clerk-private-profile.before-profile-resilience-shell.html	1342
FALLBACK_HINT	backups/clerk-private-profile.before-profile-resilience-shell.html	1344
FALLBACK_HINT	backups/clerk-private-profile.before-profile-resilience-shell.html	1348
FALLBACK_HINT	backups/clerk-private-profile.before-profile-resilience-shell.html	1378
FALLBACK_HINT	backups/clerk-private-profile.before-profile-resilience-shell.html	1392
FALLBACK_HINT	backups/clerk-private-profile.before-profile-resilience-shell.html	1413
FALLBACK_HINT	backups/clerk-private-profile.before-profile-resilience-shell.html	1432
FALLBACK_HINT	backups/clerk-private-profile.before-profile-resilience-shell.html	1456
FALLBACK_HINT	backups/clerk-private-profile.before-profile-resilience-shell.html	1462
FALLBACK_HINT	backups/clerk-private-profile.before-profile-resilience-shell.html	1469
FALLBACK_HINT	backups/clerk-private-profile.before-profile-resilience-shell.html	1470
FALLBACK_HINT	backups/clerk-private-profile.before-profile-resilience-shell.html	1474
FALLBACK_HINT	backups/clerk-private-profile.before-profile-resilience-shell.html	1483
FALLBACK_HINT	backups/clerk-private-profile.before-profile-resilience-shell.html	1499
FALLBACK_HINT	backups/clerk-private-profile.before-profile-resilience-shell.html	1501
FALLBACK_HINT	backups/clerk-private-profile.before-profile-resilience-shell.html	1503
FALLBACK_HINT	backups/clerk-private-profile.before-profile-resilience-shell.html	1786
FALLBACK_HINT	backups/clerk-private-profile.before-profile-resilience-shell.html	1789
FALLBACK_HINT	backups/clerk-private-profile.before-profile-resilience-shell.html	1795
FALLBACK_HINT	backups/clerk-private-profile.before-profile-resilience-shell.html	1797
FALLBACK_HINT	backups/clerk-private-profile.before-self-healing-profile-gateway.html	1036
FALLBACK_HINT	backups/clerk-private-profile.before-self-healing-profile-gateway.html	1057
FALLBACK_HINT	backups/visual-trust-layer/phase-2-2/public-profile.before-readable-lock.20260709-184736.html	1224
FALLBACK_HINT	backups/visual-trust-layer/phase-2-2/public-profile.before-readable-lock.20260709-184736.html	1226
FALLBACK_HINT	clerk-private-profile.html	666
FALLBACK_HINT	clerk-private-profile.html	668
FALLBACK_HINT	clerk-private-profile.html	669
FALLBACK_HINT	clerk-private-profile.html	685
FALLBACK_HINT	clerk-private-profile.html	686
FALLBACK_HINT	clerk-private-profile.html	689
FALLBACK_HINT	clerk-private-profile.html	690
FALLBACK_HINT	clerk-private-profile.html	713
FALLBACK_HINT	clerk-private-profile.html	717
FALLBACK_HINT	clerk-private-profile.html	840
FALLBACK_HINT	clerk-private-profile.html	863
FALLBACK_HINT	clerk-private-profile.html	873
FALLBACK_HINT	clerk-private-profile.html	893
FALLBACK_HINT	clerk-private-profile.html	901
FALLBACK_HINT	clerk-private-profile.html	1172
FALLBACK_HINT	clerk-private-profile.html	1175
FALLBACK_HINT	clerk-private-profile.html	1181
FALLBACK_HINT	clerk-private-profile.html	1194
FALLBACK_HINT	clerk-private-profile.html	1218
FALLBACK_HINT	clerk-private-profile.html	1219
FALLBACK_HINT	clerk-private-profile.html	1225
FALLBACK_HINT	clerk-private-profile.html	1227
FALLBACK_HINT	clerk-private-profile.html	1239
FALLBACK_HINT	clerk-private-profile.html	1240
FALLBACK_HINT	clerk-private-profile.html	1241
FALLBACK_HINT	clerk-private-profile.html	1243
FALLBACK_HINT	clerk-private-profile.html	1244
FALLBACK_HINT	clerk-private-profile.html	1246
FALLBACK_HINT	clerk-private-profile.html	1247
FALLBACK_HINT	clerk-private-profile.html	1253
FALLBACK_HINT	clerk-private-profile.html	1266
FALLBACK_HINT	clerk-private-profile.html	1269
FALLBACK_HINT	clerk-private-profile.html	1279
FALLBACK_HINT	clerk-private-profile.html	1291
FALLBACK_HINT	clerk-private-profile.html	1294
FALLBACK_HINT	clerk-private-profile.html	1300
FALLBACK_HINT	clerk-private-profile.html	1336
FALLBACK_HINT	clerk-private-profile.html	1361
FALLBACK_HINT	clerk-private-profile.html	1450
FALLBACK_HINT	clerk-private-profile.html	1451
FALLBACK_HINT	clerk-private-profile.html	1452
FALLBACK_HINT	clerk-private-profile.html	1463
FALLBACK_HINT	clerk-private-profile.html	1464
FALLBACK_HINT	clerk-private-profile.html	1465
FALLBACK_HINT	clerk-private-profile.html	1492
FALLBACK_HINT	clerk-private-profile.html	1500
FALLBACK_HINT	clerk-private-profile.html	1502
FALLBACK_HINT	clerk-private-profile.html	1506
FALLBACK_HINT	clerk-private-profile.html	1536
FALLBACK_HINT	clerk-private-profile.html	1552
FALLBACK_HINT	clerk-private-profile.html	1585
FALLBACK_HINT	clerk-private-profile.html	1592
FALLBACK_HINT	clerk-private-profile.html	1593
FALLBACK_HINT	clerk-private-profile.html	1621
FALLBACK_HINT	clerk-private-profile.html	1635
FALLBACK_HINT	clerk-private-profile.html	1645
FALLBACK_HINT	clerk-private-profile.html	1683
FALLBACK_HINT	clerk-private-profile.html	1685
FALLBACK_HINT	clerk-private-profile.html	1687
FALLBACK_HINT	clerk-private-profile.html	1972
FALLBACK_HINT	clerk-private-profile.html	1975
FALLBACK_HINT	clerk-private-profile.html	1981
FALLBACK_HINT	clerk-private-profile.html	1983
FALLBACK_HINT	clerk-test.html	180
FALLBACK_HINT	clerk-test.html	229
FALLBACK_HINT	clerk-test.html	243
FALLBACK_HINT	docs/VVIP_TIGER_PAGE_FLOW_USER_JOURNEY_AUDIT.md	183
FALLBACK_HINT	docs/VVIP_TIGER_PAGE_FLOW_USER_JOURNEY_AUDIT.md	184
FALLBACK_HINT	docs/VVIP_TIGER_PAGE_FLOW_USER_JOURNEY_AUDIT.md	194
FALLBACK_HINT	docs/VVIP_TIGER_PROFILE_SOURCE_OF_TRUTH.md	42
FALLBACK_HINT	docs/VVIP_TIGER_ZERO_VISIBLE_ERROR_EXPERIENCE.md	4
FALLBACK_HINT	docs/VVIP_TIGER_ZERO_VISIBLE_ERROR_EXPERIENCE.md	32
FALLBACK_HINT	docs/VVIP_TIGER_ZERO_VISIBLE_ERROR_EXPERIENCE.md	33
FALLBACK_HINT	docs/VVIP_TIGER_ZERO_VISIBLE_ERROR_EXPERIENCE.md	34
FALLBACK_HINT	docs/VVIP_TIGER_ZERO_VISIBLE_ERROR_EXPERIENCE.md	35
FALLBACK_HINT	docs/VVIP_TIGER_ZERO_VISIBLE_ERROR_EXPERIENCE.md	53
FALLBACK_HINT	docs/VVIP_TIGER_ZERO_VISIBLE_ERROR_EXPERIENCE.md	62
FALLBACK_HINT	docs/VVIP_TIGER_ZERO_VISIBLE_ERROR_EXPERIENCE.md	63
FALLBACK_HINT	docs/VVIP_TIGER_ZERO_VISIBLE_ERROR_EXPERIENCE.md	64
FALLBACK_HINT	docs/VVIP_TIGER_ZERO_VISIBLE_ERROR_EXPERIENCE.md	70
FALLBACK_HINT	docs/VVIP_TIGER_ZERO_VISIBLE_ERROR_EXPERIENCE.md	72
FALLBACK_HINT	docs/VVIP_TIGER_ZERO_VISIBLE_ERROR_EXPERIENCE.md	74
FALLBACK_HINT	docs/VVIP_TIGER_ZERO_VISIBLE_ERROR_EXPERIENCE.md	80
FALLBACK_HINT	docs/VVIP_TIGER_ZERO_VISIBLE_ERROR_EXPERIENCE.md	127
FALLBACK_HINT	docs/VVIP_TIGER_ZERO_VISIBLE_ERROR_EXPERIENCE.md	130
FALLBACK_HINT	docs/VVIP_TIGER_ZERO_VISIBLE_ERROR_EXPERIENCE.md	151
FALLBACK_HINT	docs/governance/VVIP_TIGER_SURGICAL_EXECUTION_RULE.md	38
FALLBACK_HINT	docs/governance/VVIP_TIGER_SURGICAL_EXECUTION_RULE.md	114
FALLBACK_HINT	docs/governance/VVIP_TIGER_SURGICAL_EXECUTION_RULE.md	202
FALLBACK_HINT	docs/governance/VVIP_TIGER_SURGICAL_EXECUTION_RULE.md	207
FALLBACK_HINT	docs/governance/VVIP_TIGER_SURGICAL_EXECUTION_RULE.md	209
FALLBACK_HINT	docs/governance/VVIP_TIGER_SURGICAL_EXECUTION_RULE.md	215
FALLBACK_HINT	docs/governance/VVIP_TIGER_SURGICAL_EXECUTION_RULE.md	232
FALLBACK_HINT	docs/governance/VVIP_TIGER_SURGICAL_EXECUTION_RULE.md	260
FALLBACK_HINT	docs/governance/VVIP_TIGER_SURGICAL_EXECUTION_RULE.md	304
FALLBACK_HINT	docs/security/RPC_HARDENED_SECURITY_SCENARIOS_20260709.md	221
FALLBACK_HINT	docs/security/production-apply/SUPABASE_MANUAL_BACKUP_PRODUCTION_APPLY_PLAN_DRAFT.md	162
FALLBACK_HINT	docs/security/sql-review/20260709_vvip_tiger_atomic_profile_resolver_rpc_hardened_review.sql	57
FALLBACK_HINT	docs/security/sql-review/20260709_vvip_tiger_atomic_profile_resolver_rpc_hardened_review.sql	103
FALLBACK_HINT	docs/security/sql-review/20260709_vvip_tiger_atomic_profile_resolver_rpc_hardened_review.sql	154
FALLBACK_HINT	docs/security/sql-review/20260709_vvip_tiger_atomic_profile_resolver_rpc_hardened_review.sql	187
FALLBACK_HINT	index.html	125
FALLBACK_HINT	private-profile.html	139
FALLBACK_HINT	private-profile.html	145
FALLBACK_HINT	public-profile.html	1224
FALLBACK_HINT	public-profile.html	1226
FALLBACK_HINT	reset-password.js	67
FALLBACK_HINT	reset-password.js	73
FALLBACK_HINT	scripts/profile-loader.js	197
FALLBACK_HINT	scripts/profile-loader.js	222
FALLBACK_HINT	scripts/require-auth.js	4
FALLBACK_HINT	scripts/require-auth.js	26
FALLBACK_HINT	scripts/supabase-auth-bridge.js	106
FALLBACK_HINT	scripts/supabase-auth-bridge.js	119
FALLBACK_HINT	social-ui.js	55
FALLBACK_HINT	social-ui.js	56
FALLBACK_HINT	social-ui.js	58
FALLBACK_HINT	social-ui.js	209
FALLBACK_HINT	social-ui.js	213
FALLBACK_HINT	social-ui.js	241
FALLBACK_HINT	social-ui.js	243
FALLBACK_HINT	social-ui.js	591
FALLBACK_HINT	social-ui.js	814
FALLBACK_HINT	social-ui.js	818
FALLBACK_HINT	social-ui.js	852
FALLBACK_HINT	social-ui.js	882
FALLBACK_HINT	social-ui.js	884
FALLBACK_HINT	social-ui.js	885
FALLBACK_HINT	social-ui.js	889
FALLBACK_HINT	social-ui.js	890
FALLBACK_HINT	social-ui.js	914
FALLBACK_HINT	social-ui.js	915
FALLBACK_HINT	social-ui.js	926
FALLBACK_HINT	social-ui.js	939
FALLBACK_HINT	social-ui.js	975
FALLBACK_HINT	social-ui.js	976
FALLBACK_HINT	social-ui.js	977
FALLBACK_HINT	social-ui.js	978
FALLBACK_HINT	social-ui.js	979
FALLBACK_HINT	social-ui.js	989
FALLBACK_HINT	social-ui.js	1099
FALLBACK_HINT	social-ui.js	1230
FALLBACK_HINT	social-ui.js	1238
FALLBACK_HINT	social-ui.js	1239
FALLBACK_HINT	social-ui.js	1240
FALLBACK_HINT	social-ui.js	1241
FALLBACK_HINT	social-ui.js	1724
FALLBACK_HINT	social-ui.js	1725
FALLBACK_HINT	social-ui.js	1728
FALLBACK_HINT	social-ui.js	1914
FALLBACK_HINT	social-ui.js	1926
FALLBACK_HINT	social-ui.js	1965
FALLBACK_HINT	social-ui.js	1969
FALLBACK_HINT	social-ui.js	2176
FALLBACK_HINT	social-ui.js	2178
FALLBACK_HINT	social-ui.js	2719
FALLBACK_HINT	social-ui.js	2878
FALLBACK_HINT	social-ui.js	2893
FALLBACK_HINT	social-ui.js	2901
FALLBACK_HINT	social-ui.js	2903
FALLBACK_HINT	social-ui.js	3070
FALLBACK_HINT	styles.css	929
FALLBACK_HINT	supabase/functions/phone-verification/index.ts	77
FALLBACK_HINT	supabase/functions/phone-verification/index.ts	115
FALLBACK_HINT	supabase/functions/phone-verification/index.ts	154
FALLBACK_HINT	supabase/functions/send-verification-email/index.ts	73
FALLBACK_HINT	supabase/functions/send-verification-email/index.ts	271
FALLBACK_HINT	supabase/functions/send-verification-email/index.ts	315
FALLBACK_HINT	supabase/functions/send-verification-email/index.ts	378
FALLBACK_HINT	supabase/migrations/20260709_vvip_tiger_atomic_profile_resolver_rpc.sql	12
FALLBACK_HINT	supabase/migrations/20260709_vvip_tiger_atomic_profile_resolver_rpc.sql	124
UPLOAD_STORAGE_HINT	.vscode/launch.json	35
UPLOAD_STORAGE_HINT	.vscode/launch.json	42
UPLOAD_STORAGE_HINT	.vscode/launch.json	49
UPLOAD_STORAGE_HINT	.vscode/settings.json	2
UPLOAD_STORAGE_HINT	.vscode/settings.json	3
UPLOAD_STORAGE_HINT	.vscode/settings.json	4
UPLOAD_STORAGE_HINT	20260708_vvip_tiger_profiles_remove_legacy_auth_uid_policies.sql	1
UPLOAD_STORAGE_HINT	20260708_vvip_tiger_profiles_remove_legacy_auth_uid_policies.sql	4
UPLOAD_STORAGE_HINT	20260708_vvip_tiger_profiles_remove_legacy_auth_uid_policies.sql	5
UPLOAD_STORAGE_HINT	20260708_vvip_tiger_profiles_remove_legacy_auth_uid_policies.sql	10
UPLOAD_STORAGE_HINT	20260708_vvip_tiger_profiles_remove_legacy_auth_uid_policies.sql	11
UPLOAD_STORAGE_HINT	20260708_vvip_tiger_profiles_remove_legacy_auth_uid_policies.sql	12
UPLOAD_STORAGE_HINT	20260708_vvip_tiger_profiles_remove_legacy_auth_uid_policies.sql	13
UPLOAD_STORAGE_HINT	20260708_vvip_tiger_profiles_remove_legacy_auth_uid_policies.sql	14
UPLOAD_STORAGE_HINT	20260708_vvip_tiger_profiles_remove_legacy_auth_uid_policies.sql	15
UPLOAD_STORAGE_HINT	20260708_vvip_tiger_profiles_remove_legacy_auth_uid_policies.sql	16
UPLOAD_STORAGE_HINT	20260708_vvip_tiger_profiles_remove_legacy_auth_uid_policies.sql	17
UPLOAD_STORAGE_HINT	20260708_vvip_tiger_profiles_remove_legacy_auth_uid_policies.sql	20
UPLOAD_STORAGE_HINT	20260708_vvip_tiger_profiles_remove_legacy_auth_uid_policies.sql	21
UPLOAD_STORAGE_HINT	20260708_vvip_tiger_profiles_remove_legacy_auth_uid_policies.sql	22
UPLOAD_STORAGE_HINT	20260708_vvip_tiger_profiles_remove_legacy_auth_uid_policies.sql	24
UPLOAD_STORAGE_HINT	20260708_vvip_tiger_profiles_remove_legacy_auth_uid_policies.sql	25
UPLOAD_STORAGE_HINT	20260708_vvip_tiger_profiles_remove_legacy_auth_uid_policies.sql	26
UPLOAD_STORAGE_HINT	20260708_vvip_tiger_public_profiles_clerk_runtime_fix.sql	1
UPLOAD_STORAGE_HINT	20260708_vvip_tiger_public_profiles_clerk_runtime_fix.sql	2
UPLOAD_STORAGE_HINT	20260708_vvip_tiger_public_profiles_clerk_runtime_fix.sql	4
UPLOAD_STORAGE_HINT	20260708_vvip_tiger_public_profiles_clerk_runtime_fix.sql	6
UPLOAD_STORAGE_HINT	20260708_vvip_tiger_public_profiles_clerk_runtime_fix.sql	13
UPLOAD_STORAGE_HINT	20260708_vvip_tiger_public_profiles_clerk_runtime_fix.sql	16
UPLOAD_STORAGE_HINT	20260708_vvip_tiger_public_profiles_clerk_runtime_fix.sql	17
UPLOAD_STORAGE_HINT	20260708_vvip_tiger_public_profiles_clerk_runtime_fix.sql	19
UPLOAD_STORAGE_HINT	20260708_vvip_tiger_public_profiles_clerk_runtime_fix.sql	20
UPLOAD_STORAGE_HINT	20260708_vvip_tiger_public_profiles_clerk_runtime_fix.sql	21
UPLOAD_STORAGE_HINT	20260708_vvip_tiger_public_profiles_clerk_runtime_fix.sql	22
UPLOAD_STORAGE_HINT	20260708_vvip_tiger_public_profiles_clerk_runtime_fix.sql	23
UPLOAD_STORAGE_HINT	20260708_vvip_tiger_public_profiles_clerk_runtime_fix.sql	24
UPLOAD_STORAGE_HINT	20260708_vvip_tiger_public_profiles_clerk_runtime_fix.sql	25
UPLOAD_STORAGE_HINT	20260708_vvip_tiger_public_profiles_clerk_runtime_fix.sql	28
UPLOAD_STORAGE_HINT	20260708_vvip_tiger_public_profiles_clerk_runtime_fix.sql	29
UPLOAD_STORAGE_HINT	20260708_vvip_tiger_public_profiles_clerk_runtime_fix.sql	30
UPLOAD_STORAGE_HINT	20260708_vvip_tiger_public_profiles_clerk_runtime_fix.sql	32
UPLOAD_STORAGE_HINT	20260708_vvip_tiger_public_profiles_clerk_runtime_fix.sql	40
UPLOAD_STORAGE_HINT	20260708_vvip_tiger_public_profiles_clerk_runtime_fix.sql	41
UPLOAD_STORAGE_HINT	20260708_vvip_tiger_public_profiles_clerk_runtime_fix.sql	44
UPLOAD_STORAGE_HINT	20260708_vvip_tiger_public_profiles_clerk_runtime_fix.sql	45
UPLOAD_STORAGE_HINT	20260708_vvip_tiger_public_profiles_clerk_runtime_fix.sql	58
UPLOAD_STORAGE_HINT	20260708_vvip_tiger_public_profiles_clerk_runtime_fix.sql	59
UPLOAD_STORAGE_HINT	20260708_vvip_tiger_public_profiles_clerk_runtime_fix.sql	62
UPLOAD_STORAGE_HINT	20260708_vvip_tiger_public_profiles_clerk_runtime_fix.sql	63
UPLOAD_STORAGE_HINT	20260708_vvip_tiger_public_profiles_clerk_runtime_fix.sql	76
UPLOAD_STORAGE_HINT	20260708_vvip_tiger_public_profiles_clerk_runtime_fix.sql	77
UPLOAD_STORAGE_HINT	20260708_vvip_tiger_public_profiles_clerk_runtime_fix.sql	80
UPLOAD_STORAGE_HINT	20260708_vvip_tiger_public_profiles_clerk_runtime_fix.sql	81
UPLOAD_STORAGE_HINT	20260708_vvip_tiger_public_profiles_clerk_runtime_fix.sql	90
UPLOAD_STORAGE_HINT	20260708_vvip_tiger_public_profiles_clerk_runtime_fix.sql	91
UPLOAD_STORAGE_HINT	20260708_vvip_tiger_public_profiles_clerk_runtime_fix.sql	92
UPLOAD_STORAGE_HINT	ACCOUNT-CHOOSER-SPEC.md	122
UPLOAD_STORAGE_HINT	ACCOUNT-CHOOSER-SPEC.md	127
UPLOAD_STORAGE_HINT	ADMIN-ROLE-SPEC.md	36
UPLOAD_STORAGE_HINT	ADMIN-ROLE-SPEC.md	57
UPLOAD_STORAGE_HINT	ADMIN-ROLE-SPEC.md	62
UPLOAD_STORAGE_HINT	ADMIN-ROLE-SPEC.md	63
UPLOAD_STORAGE_HINT	ADMIN-ROLE-SPEC.md	71
UPLOAD_STORAGE_HINT	ADMIN-ROLE-SPEC.md	75
UPLOAD_STORAGE_HINT	ADMIN-ROLE-SPEC.md	76
UPLOAD_STORAGE_HINT	ADMIN-ROLE-SPEC.md	83
UPLOAD_STORAGE_HINT	ADMIN-ROLE-SPEC.md	84
UPLOAD_STORAGE_HINT	ADMIN-ROLE-SPEC.md	92
UPLOAD_STORAGE_HINT	ADMIN-ROLE-SPEC.md	93
UPLOAD_STORAGE_HINT	ADMIN-ROLE-SPEC.md	98
UPLOAD_STORAGE_HINT	ADMIN-ROLE-SPEC.md	99
UPLOAD_STORAGE_HINT	ADMIN-ROLE-SPEC.md	100
UPLOAD_STORAGE_HINT	ADMIN-ROLE-SPEC.md	107
UPLOAD_STORAGE_HINT	ADMIN-ROLE-SPEC.md	108
UPLOAD_STORAGE_HINT	ADMIN-ROLE-SPEC.md	113
UPLOAD_STORAGE_HINT	ADMIN-ROLE-SPEC.md	114
UPLOAD_STORAGE_HINT	ADMIN-ROLE-SPEC.md	115
UPLOAD_STORAGE_HINT	ADMIN-ROLE-SPEC.md	121
UPLOAD_STORAGE_HINT	ADMIN-ROLE-SPEC.md	122
UPLOAD_STORAGE_HINT	ADMIN-ROLE-SPEC.md	123
UPLOAD_STORAGE_HINT	ADMIN-ROLE-SPEC.md	130
UPLOAD_STORAGE_HINT	ADMIN-ROLE-SPEC.md	131
UPLOAD_STORAGE_HINT	ADMIN-ROLE-SPEC.md	136
UPLOAD_STORAGE_HINT	ADMIN-ROLE-SPEC.md	137
UPLOAD_STORAGE_HINT	ADMIN-ROLE-SPEC.md	138
UPLOAD_STORAGE_HINT	ADMIN-ROLE-SPEC.md	149
UPLOAD_STORAGE_HINT	ADMIN-ROLE-SPEC.md	150
UPLOAD_STORAGE_HINT	ADMIN-ROLE-SPEC.md	154
UPLOAD_STORAGE_HINT	ADMIN-ROLE-SPEC.md	156
UPLOAD_STORAGE_HINT	ADMIN-ROLE-SPEC.md	162
UPLOAD_STORAGE_HINT	ADMIN-ROLE-SPEC.md	165
UPLOAD_STORAGE_HINT	ADMIN-ROLE-SPEC.md	166
UPLOAD_STORAGE_HINT	ADMIN-ROLE-SPEC.md	168
UPLOAD_STORAGE_HINT	ADMIN-ROLE-SPEC.md	171
UPLOAD_STORAGE_HINT	ADMIN-ROLE-SPEC.md	172
UPLOAD_STORAGE_HINT	ADMIN-ROLE-SPEC.md	179
UPLOAD_STORAGE_HINT	ADMIN-ROLE-SPEC.md	185
UPLOAD_STORAGE_HINT	ADMIN-ROLE-SPEC.md	186
UPLOAD_STORAGE_HINT	ADMIN-ROLE-SPEC.md	190
UPLOAD_STORAGE_HINT	ADMIN-ROLE-SPEC.md	196
UPLOAD_STORAGE_HINT	ADMIN-ROLE-SPEC.md	197
UPLOAD_STORAGE_HINT	ADMIN-ROLE-SPEC.md	198
UPLOAD_STORAGE_HINT	ADMIN-ROLE-SPEC.md	199
UPLOAD_STORAGE_HINT	ADMIN-ROLE-SPEC.md	200
UPLOAD_STORAGE_HINT	ADMIN-ROLE-SPEC.md	209
UPLOAD_STORAGE_HINT	ADMIN-ROLE-SPEC.md	211
UPLOAD_STORAGE_HINT	ADMIN-ROLE-SPEC.md	221
UPLOAD_STORAGE_HINT	ADMIN-ROLE-SPEC.md	224
UPLOAD_STORAGE_HINT	ADMIN-ROLE-SPEC.md	225
UPLOAD_STORAGE_HINT	ADMIN-ROLE-SPEC.md	226
UPLOAD_STORAGE_HINT	ADMIN-ROLE-SPEC.md	227
UPLOAD_STORAGE_HINT	ADMIN-ROLE-SPEC.md	231
UPLOAD_STORAGE_HINT	ADMIN-ROLE-SPEC.md	232
UPLOAD_STORAGE_HINT	ADMIN-ROLE-SPEC.md	233
UPLOAD_STORAGE_HINT	ADMIN-ROLE-SPEC.md	236
UPLOAD_STORAGE_HINT	ADMIN-ROLE-SPEC.md	237
UPLOAD_STORAGE_HINT	ADMIN-ROLE-SPEC.md	262
UPLOAD_STORAGE_HINT	ADMIN-ROLE-SPEC.md	263
UPLOAD_STORAGE_HINT	ADMIN-ROLE-SPEC.md	315
UPLOAD_STORAGE_HINT	ADMIN-ROLE-SPEC.md	327
UPLOAD_STORAGE_HINT	ADMIN-SETUP-GUIDE.md	41
UPLOAD_STORAGE_HINT	ADMIN-SETUP.sql	17
UPLOAD_STORAGE_HINT	ADMIN-SETUP.sql	20
UPLOAD_STORAGE_HINT	ADMIN-SETUP.sql	64
UPLOAD_STORAGE_HINT	ADMIN-SETUP.sql	68
UPLOAD_STORAGE_HINT	ADMIN-SETUP.sql	69
UPLOAD_STORAGE_HINT	AGENTS.md	22
UPLOAD_STORAGE_HINT	AGENTS.md	23
UPLOAD_STORAGE_HINT	AGENTS.md	24
UPLOAD_STORAGE_HINT	AGENTS.md	32
UPLOAD_STORAGE_HINT	AGENTS.md	40
UPLOAD_STORAGE_HINT	AGENTS.md	51
UPLOAD_STORAGE_HINT	AGENTS.md	72
UPLOAD_STORAGE_HINT	AGENTS.md	74
UPLOAD_STORAGE_HINT	DOCUMENTATION-INDEX.md	14
UPLOAD_STORAGE_HINT	DOCUMENTATION-INDEX.md	15
UPLOAD_STORAGE_HINT	DOCUMENTATION-INDEX.md	17
UPLOAD_STORAGE_HINT	EMAIL-VERIFICATION-SETUP.md	22
UPLOAD_STORAGE_HINT	EMAIL-VERIFICATION-SETUP.md	33
UPLOAD_STORAGE_HINT	EMAIL-VERIFICATION-SETUP.md	57
UPLOAD_STORAGE_HINT	EMAIL-VERIFICATION-SETUP.md	58
UPLOAD_STORAGE_HINT	EMAIL-VERIFICATION-SETUP.md	59
UPLOAD_STORAGE_HINT	EMAIL-VERIFICATION-SETUP.md	144
UPLOAD_STORAGE_HINT	EMAIL-VERIFICATION-SETUP.md	151
UPLOAD_STORAGE_HINT	EMAIL-VERIFICATION-SETUP.md	152
UPLOAD_STORAGE_HINT	EMAIL-VERIFICATION-SETUP.md	153
UPLOAD_STORAGE_HINT	EMAIL-VERIFICATION-SETUP.md	160
UPLOAD_STORAGE_HINT	EMAIL-VERIFICATION-SETUP.md	163
UPLOAD_STORAGE_HINT	EMAIL-VERIFICATION-SETUP.md	164
UPLOAD_STORAGE_HINT	EMAIL-VERIFICATION-SETUP.md	193
UPLOAD_STORAGE_HINT	EMAIL-VERIFICATION-SETUP.md	199
UPLOAD_STORAGE_HINT	EMAIL-VERIFICATION-SETUP.md	200
UPLOAD_STORAGE_HINT	EMAIL-VERIFICATION-SETUP.md	238
UPLOAD_STORAGE_HINT	EMAIL-VERIFICATION-SETUP.md	241
UPLOAD_STORAGE_HINT	FEATURE-VERIFICATION.md	106
UPLOAD_STORAGE_HINT	FEATURE-VERIFICATION.md	107
UPLOAD_STORAGE_HINT	FEATURE-VERIFICATION.md	112
UPLOAD_STORAGE_HINT	FEATURE-VERIFICATION.md	128
UPLOAD_STORAGE_HINT	FEATURE-VERIFICATION.md	132
UPLOAD_STORAGE_HINT	FEATURE-VERIFICATION.md	155
UPLOAD_STORAGE_HINT	FEATURES-COMPLETE.md	88
UPLOAD_STORAGE_HINT	FEATURES-COMPLETE.md	89
UPLOAD_STORAGE_HINT	FEATURES-COMPLETE.md	90
UPLOAD_STORAGE_HINT	FEATURES-COMPLETE.md	91
UPLOAD_STORAGE_HINT	FEATURES-COMPLETE.md	92
UPLOAD_STORAGE_HINT	FEATURES-COMPLETE.md	108
UPLOAD_STORAGE_HINT	FEATURES-COMPLETE.md	248
UPLOAD_STORAGE_HINT	FINAL-VERIFICATION.md	30
UPLOAD_STORAGE_HINT	IMPLEMENTATION_CHECKLIST.md	12
UPLOAD_STORAGE_HINT	IMPLEMENTATION_CHECKLIST.md	71
UPLOAD_STORAGE_HINT	IMPLEMENTATION_CHECKLIST.md	72
UPLOAD_STORAGE_HINT	IMPLEMENTATION_CHECKLIST.md	74
UPLOAD_STORAGE_HINT	IMPLEMENTATION_CHECKLIST.md	81
UPLOAD_STORAGE_HINT	IMPLEMENTATION_CHECKLIST.md	105
UPLOAD_STORAGE_HINT	IMPLEMENTATION_CHECKLIST.md	108
UPLOAD_STORAGE_HINT	IMPLEMENTATION_CHECKLIST.md	109
UPLOAD_STORAGE_HINT	IMPLEMENTATION_CHECKLIST.md	118
UPLOAD_STORAGE_HINT	IMPLEMENTATION_CHECKLIST.md	122
UPLOAD_STORAGE_HINT	IMPLEMENTATION_CHECKLIST.md	136
UPLOAD_STORAGE_HINT	IMPLEMENTATION_CHECKLIST.md	175
UPLOAD_STORAGE_HINT	IMPLEMENTATION_CHECKLIST.md	188
UPLOAD_STORAGE_HINT	IMPLEMENTATION_CHECKLIST.md	195
UPLOAD_STORAGE_HINT	IMPLEMENTATION_CHECKLIST.md	273
UPLOAD_STORAGE_HINT	IMPLEMENTATION_CHECKLIST.md	274
UPLOAD_STORAGE_HINT	IMPLEMENTATION_CHECKLIST.md	289
UPLOAD_STORAGE_HINT	IMPLEMENTATION_CHECKLIST.md	304
UPLOAD_STORAGE_HINT	IMPLEMENTATION_CHECKLIST.md	305
UPLOAD_STORAGE_HINT	IMPLEMENTATION_CHECKLIST.md	306
UPLOAD_STORAGE_HINT	IMPLEMENTATION_CHECKLIST.md	307
UPLOAD_STORAGE_HINT	IMPLEMENTATION_CHECKLIST.md	328
UPLOAD_STORAGE_HINT	PRODUCT-REQUIREMENTS-ADDENDUM.md	11
UPLOAD_STORAGE_HINT	PRODUCT-REQUIREMENTS-ADDENDUM.md	18
UPLOAD_STORAGE_HINT	PRODUCT-REQUIREMENTS-ADDENDUM.md	23
UPLOAD_STORAGE_HINT	PRODUCT-REQUIREMENTS-ADDENDUM.md	25
UPLOAD_STORAGE_HINT	PRODUCT-REQUIREMENTS-ADDENDUM.md	27
UPLOAD_STORAGE_HINT	PRODUCT-REQUIREMENTS-ADDENDUM.md	38
UPLOAD_STORAGE_HINT	PRODUCT-REQUIREMENTS-ADDENDUM.md	62
UPLOAD_STORAGE_HINT	PRODUCT-REQUIREMENTS-ADDENDUM.md	82
UPLOAD_STORAGE_HINT	PRODUCT-REQUIREMENTS-ADDENDUM.md	91
UPLOAD_STORAGE_HINT	PRODUCT-REQUIREMENTS-ADDENDUM.md	92
UPLOAD_STORAGE_HINT	PROJECT-SUMMARY.md	55
UPLOAD_STORAGE_HINT	PROJECT-SUMMARY.md	56
UPLOAD_STORAGE_HINT	README.md	3
UPLOAD_STORAGE_HINT	README.md	10
UPLOAD_STORAGE_HINT	README.md	11
UPLOAD_STORAGE_HINT	README.md	13
UPLOAD_STORAGE_HINT	README.md	77
UPLOAD_STORAGE_HINT	RLS-EMAIL-VERIFICATION-POLICIES.sql	6
UPLOAD_STORAGE_HINT	RLS-EMAIL-VERIFICATION-POLICIES.sql	7
UPLOAD_STORAGE_HINT	RLS-EMAIL-VERIFICATION-POLICIES.sql	10
UPLOAD_STORAGE_HINT	RLS-EMAIL-VERIFICATION-POLICIES.sql	12
UPLOAD_STORAGE_HINT	RLS-EMAIL-VERIFICATION-POLICIES.sql	13
UPLOAD_STORAGE_HINT	RLS-EMAIL-VERIFICATION-POLICIES.sql	18
UPLOAD_STORAGE_HINT	RLS-EMAIL-VERIFICATION-POLICIES.sql	20
UPLOAD_STORAGE_HINT	RLS-EMAIL-VERIFICATION-POLICIES.sql	21
UPLOAD_STORAGE_HINT	RLS-EMAIL-VERIFICATION-POLICIES.sql	27
UPLOAD_STORAGE_HINT	RLS-EMAIL-VERIFICATION-POLICIES.sql	29
UPLOAD_STORAGE_HINT	RLS-EMAIL-VERIFICATION-POLICIES.sql	30
UPLOAD_STORAGE_HINT	RLS-EMAIL-VERIFICATION-POLICIES.sql	35
UPLOAD_STORAGE_HINT	RLS-EMAIL-VERIFICATION-POLICIES.sql	37
UPLOAD_STORAGE_HINT	RLS-EMAIL-VERIFICATION-POLICIES.sql	38
UPLOAD_STORAGE_HINT	RLS-EMAIL-VERIFICATION-POLICIES.sql	47
UPLOAD_STORAGE_HINT	RLS-EMAIL-VERIFICATION-POLICIES.sql	49
UPLOAD_STORAGE_HINT	RLS-EMAIL-VERIFICATION-POLICIES.sql	50
UPLOAD_STORAGE_HINT	RLS-EMAIL-VERIFICATION-POLICIES.sql	59
UPLOAD_STORAGE_HINT	RLS-EMAIL-VERIFICATION-POLICIES.sql	61
UPLOAD_STORAGE_HINT	RLS-EMAIL-VERIFICATION-POLICIES.sql	62
UPLOAD_STORAGE_HINT	RLS-EMAIL-VERIFICATION-POLICIES.sql	71
UPLOAD_STORAGE_HINT	RLS-EMAIL-VERIFICATION-POLICIES.sql	73
UPLOAD_STORAGE_HINT	RLS-EMAIL-VERIFICATION-POLICIES.sql	75
UPLOAD_STORAGE_HINT	RLS-EMAIL-VERIFICATION-POLICIES.sql	83
UPLOAD_STORAGE_HINT	RLS-EMAIL-VERIFICATION-POLICIES.sql	84
UPLOAD_STORAGE_HINT	RLS-EMAIL-VERIFICATION-POLICIES.sql	86
UPLOAD_STORAGE_HINT	RLS-EMAIL-VERIFICATION-POLICIES.sql	87
UPLOAD_STORAGE_HINT	RLS-EMAIL-VERIFICATION-POLICIES.sql	134
UPLOAD_STORAGE_HINT	RLS-IMPLEMENTATION-GUIDE.md	11
UPLOAD_STORAGE_HINT	RLS-IMPLEMENTATION-GUIDE.md	44
UPLOAD_STORAGE_HINT	RLS-IMPLEMENTATION-GUIDE.md	50
UPLOAD_STORAGE_HINT	RLS-IMPLEMENTATION-GUIDE.md	51
UPLOAD_STORAGE_HINT	RLS-IMPLEMENTATION-GUIDE.md	52
UPLOAD_STORAGE_HINT	RLS-IMPLEMENTATION-GUIDE.md	53
UPLOAD_STORAGE_HINT	RLS-IMPLEMENTATION-GUIDE.md	54
UPLOAD_STORAGE_HINT	RLS-IMPLEMENTATION-GUIDE.md	65
UPLOAD_STORAGE_HINT	RLS-IMPLEMENTATION-GUIDE.md	70
UPLOAD_STORAGE_HINT	RLS-IMPLEMENTATION-GUIDE.md	79
UPLOAD_STORAGE_HINT	RLS-IMPLEMENTATION-GUIDE.md	96
UPLOAD_STORAGE_HINT	RLS-IMPLEMENTATION-GUIDE.md	99
UPLOAD_STORAGE_HINT	RLS-IMPLEMENTATION-GUIDE.md	109
UPLOAD_STORAGE_HINT	RLS-IMPLEMENTATION-GUIDE.md	124
UPLOAD_STORAGE_HINT	RLS-IMPLEMENTATION-GUIDE.md	147
UPLOAD_STORAGE_HINT	RLS-IMPLEMENTATION-GUIDE.md	154
UPLOAD_STORAGE_HINT	RLS-IMPLEMENTATION-GUIDE.md	165
UPLOAD_STORAGE_HINT	RLS-IMPLEMENTATION-GUIDE.md	177
UPLOAD_STORAGE_HINT	RLS-IMPLEMENTATION-GUIDE.md	195
UPLOAD_STORAGE_HINT	RLS-IMPLEMENTATION-GUIDE.md	198
UPLOAD_STORAGE_HINT	RLS-IMPLEMENTATION-GUIDE.md	205
UPLOAD_STORAGE_HINT	RLS-IMPLEMENTATION-GUIDE.md	206
UPLOAD_STORAGE_HINT	RLS-IMPLEMENTATION-GUIDE.md	209
UPLOAD_STORAGE_HINT	RLS-POLICIES.sql	9
UPLOAD_STORAGE_HINT	RLS-POLICIES.sql	11
UPLOAD_STORAGE_HINT	RLS-POLICIES.sql	15
UPLOAD_STORAGE_HINT	RLS-POLICIES.sql	17
UPLOAD_STORAGE_HINT	RLS-POLICIES.sql	18
UPLOAD_STORAGE_HINT	RLS-POLICIES.sql	22
UPLOAD_STORAGE_HINT	RLS-POLICIES.sql	23
UPLOAD_STORAGE_HINT	RLS-POLICIES.sql	27
UPLOAD_STORAGE_HINT	RLS-POLICIES.sql	29
UPLOAD_STORAGE_HINT	RLS-POLICIES.sql	30
UPLOAD_STORAGE_HINT	RLS-POLICIES.sql	35
UPLOAD_STORAGE_HINT	RLS-POLICIES.sql	36
UPLOAD_STORAGE_HINT	RLS-POLICIES.sql	40
UPLOAD_STORAGE_HINT	RLS-POLICIES.sql	42
UPLOAD_STORAGE_HINT	RLS-POLICIES.sql	43
UPLOAD_STORAGE_HINT	RLS-POLICIES.sql	48
UPLOAD_STORAGE_HINT	RLS-POLICIES.sql	49
UPLOAD_STORAGE_HINT	RLS-POLICIES.sql	50
UPLOAD_STORAGE_HINT	RLS-POLICIES.sql	54
UPLOAD_STORAGE_HINT	RLS-POLICIES.sql	55
UPLOAD_STORAGE_HINT	RLS-POLICIES.sql	59
UPLOAD_STORAGE_HINT	RLS-POLICIES.sql	61
UPLOAD_STORAGE_HINT	RLS-POLICIES.sql	62
UPLOAD_STORAGE_HINT	RLS-POLICIES.sql	67
UPLOAD_STORAGE_HINT	RLS-POLICIES.sql	68
UPLOAD_STORAGE_HINT	RLS-POLICIES.sql	69
UPLOAD_STORAGE_HINT	RLS-POLICIES.sql	75
UPLOAD_STORAGE_HINT	RLS-POLICIES.sql	76
UPLOAD_STORAGE_HINT	RLS-POLICIES.sql	77
UPLOAD_STORAGE_HINT	RLS-POLICIES.sql	81
UPLOAD_STORAGE_HINT	RLS-POLICIES.sql	82
UPLOAD_STORAGE_HINT	RLS-POLICIES.sql	86
UPLOAD_STORAGE_HINT	RLS-POLICIES.sql	88
UPLOAD_STORAGE_HINT	RLS-POLICIES.sql	89
UPLOAD_STORAGE_HINT	RLS-POLICIES.sql	94
UPLOAD_STORAGE_HINT	RLS-POLICIES.sql	95
UPLOAD_STORAGE_HINT	RLS-POLICIES.sql	96
UPLOAD_STORAGE_HINT	RLS-POLICIES.sql	100
UPLOAD_STORAGE_HINT	RLS-POLICIES.sql	101
UPLOAD_STORAGE_HINT	RLS-POLICIES.sql	118
UPLOAD_STORAGE_HINT	RLS-POLICIES.sql	127
UPLOAD_STORAGE_HINT	RLS-POLICIES.sql	128
UPLOAD_STORAGE_HINT	RLS-POLICIES.sql	129
UPLOAD_STORAGE_HINT	RLS-POLICIES.sql	131
UPLOAD_STORAGE_HINT	RLS-POLICIES.sql	132
UPLOAD_STORAGE_HINT	RLS-POLICIES.sql	134
UPLOAD_STORAGE_HINT	RLS-POLICIES.sql	135
UPLOAD_STORAGE_HINT	RLS-POLICIES.sql	136
UPLOAD_STORAGE_HINT	RLS-POLICIES.sql	138
UPLOAD_STORAGE_HINT	RLS-POLICIES.sql	139
UPLOAD_STORAGE_HINT	RLS-POLICIES.sql	141
UPLOAD_STORAGE_HINT	RLS-POLICIES.sql	142
UPLOAD_STORAGE_HINT	RLS-POLICIES.sql	145
UPLOAD_STORAGE_HINT	RLS-POLICIES.sql	152
UPLOAD_STORAGE_HINT	RLS-POLICIES.sql	153
UPLOAD_STORAGE_HINT	RLS-POLICIES.sql	154
UPLOAD_STORAGE_HINT	RLS-QUICK-REFERENCE.md	12
UPLOAD_STORAGE_HINT	RLS-QUICK-REFERENCE.md	13
UPLOAD_STORAGE_HINT	RLS-QUICK-REFERENCE.md	46
UPLOAD_STORAGE_HINT	RLS-QUICK-REFERENCE.md	48
UPLOAD_STORAGE_HINT	RLS-QUICK-REFERENCE.md	49
UPLOAD_STORAGE_HINT	RLS-QUICK-REFERENCE.md	56
UPLOAD_STORAGE_HINT	RLS-QUICK-REFERENCE.md	58
UPLOAD_STORAGE_HINT	RLS-QUICK-REFERENCE.md	59
UPLOAD_STORAGE_HINT	RLS-QUICK-REFERENCE.md	66
UPLOAD_STORAGE_HINT	RLS-QUICK-REFERENCE.md	68
UPLOAD_STORAGE_HINT	RLS-QUICK-REFERENCE.md	69
UPLOAD_STORAGE_HINT	RLS-QUICK-REFERENCE.md	72
UPLOAD_STORAGE_HINT	RLS-QUICK-REFERENCE.md	78
UPLOAD_STORAGE_HINT	RLS-QUICK-REFERENCE.md	79
UPLOAD_STORAGE_HINT	RLS-QUICK-REFERENCE.md	88
UPLOAD_STORAGE_HINT	RLS-QUICK-REFERENCE.md	89
UPLOAD_STORAGE_HINT	RLS-QUICK-REFERENCE.md	98
UPLOAD_STORAGE_HINT	RLS-QUICK-REFERENCE.md	99
UPLOAD_STORAGE_HINT	RLS-QUICK-REFERENCE.md	102
UPLOAD_STORAGE_HINT	RLS-QUICK-REFERENCE.md	110
UPLOAD_STORAGE_HINT	RLS-QUICK-REFERENCE.md	114
UPLOAD_STORAGE_HINT	RLS-QUICK-REFERENCE.md	119
UPLOAD_STORAGE_HINT	RLS-QUICK-REFERENCE.md	121
UPLOAD_STORAGE_HINT	RLS-QUICK-REFERENCE.md	179
UPLOAD_STORAGE_HINT	RLS-QUICK-REFERENCE.md	190
UPLOAD_STORAGE_HINT	RLS-QUICK-REFERENCE.md	202
UPLOAD_STORAGE_HINT	RLS-QUICK-REFERENCE.md	205
UPLOAD_STORAGE_HINT	RLS-QUICK-REFERENCE.md	215
UPLOAD_STORAGE_HINT	RLS-QUICK-REFERENCE.md	216
UPLOAD_STORAGE_HINT	RLS-QUICK-REFERENCE.md	222
UPLOAD_STORAGE_HINT	RLS-QUICK-REFERENCE.md	225
UPLOAD_STORAGE_HINT	RLS-QUICK-REFERENCE.md	228
UPLOAD_STORAGE_HINT	RLS-QUICK-REFERENCE.md	233
UPLOAD_STORAGE_HINT	RLS-QUICK-REFERENCE.md	250
UPLOAD_STORAGE_HINT	SETUP-GUIDE.md	18
UPLOAD_STORAGE_HINT	SETUP-GUIDE.md	19
UPLOAD_STORAGE_HINT	SETUP-GUIDE.md	74
UPLOAD_STORAGE_HINT	SETUP-GUIDE.md	109
UPLOAD_STORAGE_HINT	SETUP-GUIDE.md	110
UPLOAD_STORAGE_HINT	SETUP-GUIDE.md	111
UPLOAD_STORAGE_HINT	UNIFIED-PLATFORM-STATUS.md	11
UPLOAD_STORAGE_HINT	UNIFIED-PLATFORM-STATUS.md	15
UPLOAD_STORAGE_HINT	UNIFIED-PLATFORM-STATUS.md	17
UPLOAD_STORAGE_HINT	UNIFIED-PLATFORM-STATUS.md	18
UPLOAD_STORAGE_HINT	UNIFIED-PLATFORM-STATUS.md	30
UPLOAD_STORAGE_HINT	UNIFIED-PLATFORM-STATUS.md	31
UPLOAD_STORAGE_HINT	UNIFIED-PLATFORM-STATUS.md	35
UPLOAD_STORAGE_HINT	UNIFIED-PLATFORM-STATUS.md	36
UPLOAD_STORAGE_HINT	UNIFIED-PLATFORM-STATUS.md	38
UPLOAD_STORAGE_HINT	UNIFIED-PLATFORM-STATUS.md	39
UPLOAD_STORAGE_HINT	UNIFIED-PLATFORM-STATUS.md	40
UPLOAD_STORAGE_HINT	UNIFIED-PLATFORM-STATUS.md	73
UPLOAD_STORAGE_HINT	UNIFIED-PLATFORM-STATUS.md	75
UPLOAD_STORAGE_HINT	UNIFIED-PLATFORM-STATUS.md	77
UPLOAD_STORAGE_HINT	VVIP-AUTH-SYSTEM-SPEC.md	16
UPLOAD_STORAGE_HINT	VVIP-AUTH-SYSTEM-SPEC.md	78
UPLOAD_STORAGE_HINT	VVIP-AUTH-SYSTEM-SPEC.md	82
UPLOAD_STORAGE_HINT	approved/FINAL-QA-APPROVAL.md	5
UPLOAD_STORAGE_HINT	approved/FINAL-QA-APPROVAL.md	6
UPLOAD_STORAGE_HINT	approved/FINAL-QA-APPROVAL.md	7
UPLOAD_STORAGE_HINT	approved/FINAL-QA-APPROVAL.md	8
UPLOAD_STORAGE_HINT	approved/MOBILE-PUBLIC-APPROVED-README.md	3
UPLOAD_STORAGE_HINT	approved/PRIVATE-PROFILE-APPROVED-README.md	1
UPLOAD_STORAGE_HINT	approved/PRIVATE-PROFILE-APPROVED-README.md	3
UPLOAD_STORAGE_HINT	approved/auth-clerk-index-before-profile-button-fix-20260707.js	43
UPLOAD_STORAGE_HINT	approved/auth-clerk-index-before-profile-button-fix-20260707.js	44
UPLOAD_STORAGE_HINT	approved/auth-clerk-index-before-vvip-gate-login-20260707.js	44
UPLOAD_STORAGE_HINT	approved/auth-clerk-index-before-vvip-gate-login-20260707.js	53
UPLOAD_STORAGE_HINT	approved/clerk-private-profile-before-official-ui-20260707.html	6
UPLOAD_STORAGE_HINT	approved/clerk-private-profile-before-official-ui-20260707.html	22
UPLOAD_STORAGE_HINT	approved/clerk-private-profile-before-official-ui-20260707.html	126
UPLOAD_STORAGE_HINT	approved/clerk-private-profile-before-official-ui-20260707.html	163
UPLOAD_STORAGE_HINT	approved/clerk-private-profile-before-official-ui-20260707.html	181
UPLOAD_STORAGE_HINT	approved/clerk-private-profile-before-official-ui-20260707.html	185
UPLOAD_STORAGE_HINT	approved/clerk-private-profile-before-official-ui-20260707.html	188
UPLOAD_STORAGE_HINT	approved/clerk-private-profile-before-official-ui-20260707.html	199
UPLOAD_STORAGE_HINT	approved/clerk-private-profile-before-official-ui-20260707.html	203
UPLOAD_STORAGE_HINT	approved/clerk-private-profile-before-official-ui-20260707.html	215
UPLOAD_STORAGE_HINT	approved/clerk-private-profile-before-official-ui-20260707.html	221
UPLOAD_STORAGE_HINT	approved/clerk-private-profile-before-official-ui-20260707.html	226
UPLOAD_STORAGE_HINT	approved/clerk-private-profile-before-official-ui-20260707.html	237
UPLOAD_STORAGE_HINT	approved/clerk-private-profile-before-official-ui-20260707.html	242
UPLOAD_STORAGE_HINT	approved/clerk-private-profile-before-official-ui-20260707.html	243
UPLOAD_STORAGE_HINT	approved/clerk-private-profile-before-official-ui-20260707.html	244
UPLOAD_STORAGE_HINT	approved/clerk-private-profile-before-official-ui-20260707.html	245
UPLOAD_STORAGE_HINT	approved/clerk-private-profile-before-official-ui-20260707.html	246
UPLOAD_STORAGE_HINT	approved/clerk-private-profile-before-official-ui-20260707.html	247
UPLOAD_STORAGE_HINT	approved/clerk-private-profile-before-official-ui-20260707.html	260
UPLOAD_STORAGE_HINT	approved/clerk-private-profile-before-official-ui-20260707.html	270
UPLOAD_STORAGE_HINT	approved/clerk-private-profile-before-official-ui-20260707.html	302
UPLOAD_STORAGE_HINT	approved/clerk-private-profile-before-official-ui-20260707.html	304
UPLOAD_STORAGE_HINT	approved/clerk-private-profile-before-official-ui-20260707.html	306
UPLOAD_STORAGE_HINT	approved/clerk-private-profile-before-supabase-bridge-20260707.html	6
UPLOAD_STORAGE_HINT	approved/clerk-private-profile-before-supabase-bridge-20260707.html	22
UPLOAD_STORAGE_HINT	approved/clerk-private-profile-before-supabase-bridge-20260707.html	113
UPLOAD_STORAGE_HINT	approved/clerk-private-profile-before-supabase-bridge-20260707.html	170
UPLOAD_STORAGE_HINT	approved/clerk-private-profile-before-tiger-care-card-20260707.html	6
UPLOAD_STORAGE_HINT	approved/clerk-private-profile-before-tiger-care-card-20260707.html	22
UPLOAD_STORAGE_HINT	approved/clerk-private-profile-before-tiger-care-card-20260707.html	124
UPLOAD_STORAGE_HINT	approved/clerk-private-profile-before-tiger-care-card-20260707.html	150
UPLOAD_STORAGE_HINT	approved/clerk-private-profile-before-tiger-care-card-20260707.html	156
UPLOAD_STORAGE_HINT	approved/clerk-private-profile-before-tiger-care-card-20260707.html	169
UPLOAD_STORAGE_HINT	approved/clerk-private-profile-before-tiger-care-card-20260707.html	210
UPLOAD_STORAGE_HINT	approved/clerk-private-profile-before-tiger-care-card-20260707.html	231
UPLOAD_STORAGE_HINT	approved/clerk-private-profile-before-tiger-care-card-20260707.html	459
UPLOAD_STORAGE_HINT	approved/clerk-private-profile-before-tiger-care-card-20260707.html	464
UPLOAD_STORAGE_HINT	approved/clerk-private-profile-before-tiger-care-card-20260707.html	469
UPLOAD_STORAGE_HINT	approved/clerk-private-profile-before-tiger-care-card-20260707.html	474
UPLOAD_STORAGE_HINT	approved/clerk-private-profile-before-tiger-care-card-20260707.html	492
UPLOAD_STORAGE_HINT	approved/clerk-private-profile-before-tiger-care-card-20260707.html	529
UPLOAD_STORAGE_HINT	approved/clerk-private-profile-before-tiger-care-card-20260707.html	547
UPLOAD_STORAGE_HINT	approved/clerk-private-profile-before-tiger-care-card-20260707.html	551
UPLOAD_STORAGE_HINT	approved/clerk-private-profile-before-tiger-care-card-20260707.html	554
UPLOAD_STORAGE_HINT	approved/clerk-private-profile-before-tiger-care-card-20260707.html	565
UPLOAD_STORAGE_HINT	approved/clerk-private-profile-before-tiger-care-card-20260707.html	569
UPLOAD_STORAGE_HINT	approved/clerk-private-profile-before-tiger-care-card-20260707.html	581
UPLOAD_STORAGE_HINT	approved/clerk-private-profile-before-tiger-care-card-20260707.html	587
UPLOAD_STORAGE_HINT	approved/clerk-private-profile-before-tiger-care-card-20260707.html	592
UPLOAD_STORAGE_HINT	approved/clerk-private-profile-before-tiger-care-card-20260707.html	603
UPLOAD_STORAGE_HINT	approved/clerk-private-profile-before-tiger-care-card-20260707.html	608
UPLOAD_STORAGE_HINT	approved/clerk-private-profile-before-tiger-care-card-20260707.html	610
UPLOAD_STORAGE_HINT	approved/clerk-private-profile-before-tiger-care-card-20260707.html	616
UPLOAD_STORAGE_HINT	approved/clerk-private-profile-before-tiger-care-card-20260707.html	621
UPLOAD_STORAGE_HINT	approved/clerk-private-profile-before-tiger-care-card-20260707.html	626
UPLOAD_STORAGE_HINT	approved/clerk-private-profile-before-tiger-care-card-20260707.html	627
UPLOAD_STORAGE_HINT	approved/clerk-private-profile-before-tiger-care-card-20260707.html	628
UPLOAD_STORAGE_HINT	approved/clerk-private-profile-before-tiger-care-card-20260707.html	631
UPLOAD_STORAGE_HINT	approved/clerk-private-profile-before-tiger-care-card-20260707.html	636
UPLOAD_STORAGE_HINT	approved/clerk-private-profile-before-tiger-care-card-20260707.html	658
UPLOAD_STORAGE_HINT	approved/clerk-private-profile-before-tiger-care-card-20260707.html	659
UPLOAD_STORAGE_HINT	approved/clerk-private-profile-before-tiger-care-card-20260707.html	660
UPLOAD_STORAGE_HINT	approved/clerk-private-profile-before-tiger-care-card-20260707.html	669
UPLOAD_STORAGE_HINT	approved/clerk-private-profile-before-tiger-care-card-20260707.html	673
UPLOAD_STORAGE_HINT	approved/clerk-private-profile-before-tiger-care-card-20260707.html	674
UPLOAD_STORAGE_HINT	approved/clerk-private-profile-before-tiger-care-card-20260707.html	675
UPLOAD_STORAGE_HINT	approved/clerk-private-profile-before-tiger-care-card-20260707.html	750
UPLOAD_STORAGE_HINT	approved/clerk-private-profile-before-tiger-care-card-20260707.html	772
UPLOAD_STORAGE_HINT	approved/clerk-private-profile-before-tiger-care-card-20260707.html	820
UPLOAD_STORAGE_HINT	approved/clerk-private-profile-before-tiger-care-card-20260707.html	822
UPLOAD_STORAGE_HINT	approved/clerk-private-profile-before-tiger-care-card-20260707.html	824
UPLOAD_STORAGE_HINT	approved/clerk-private-profile-before-vip-membership-center-20260707.html	6
UPLOAD_STORAGE_HINT	approved/clerk-private-profile-before-vip-membership-center-20260707.html	22
UPLOAD_STORAGE_HINT	approved/clerk-private-profile-before-vip-membership-center-20260707.html	124
UPLOAD_STORAGE_HINT	approved/clerk-private-profile-before-vip-membership-center-20260707.html	150
UPLOAD_STORAGE_HINT	approved/clerk-private-profile-before-vip-membership-center-20260707.html	156
UPLOAD_STORAGE_HINT	approved/clerk-private-profile-before-vip-membership-center-20260707.html	169
UPLOAD_STORAGE_HINT	approved/clerk-private-profile-before-vip-membership-center-20260707.html	210
UPLOAD_STORAGE_HINT	approved/clerk-private-profile-before-vip-membership-center-20260707.html	231
UPLOAD_STORAGE_HINT	approved/clerk-private-profile-before-vip-membership-center-20260707.html	385
UPLOAD_STORAGE_HINT	approved/clerk-private-profile-before-vip-membership-center-20260707.html	390
UPLOAD_STORAGE_HINT	approved/clerk-private-profile-before-vip-membership-center-20260707.html	395
UPLOAD_STORAGE_HINT	approved/clerk-private-profile-before-vip-membership-center-20260707.html	400
UPLOAD_STORAGE_HINT	approved/clerk-private-profile-before-vip-membership-center-20260707.html	418
UPLOAD_STORAGE_HINT	approved/clerk-private-profile-before-vip-membership-center-20260707.html	455
UPLOAD_STORAGE_HINT	approved/clerk-private-profile-before-vip-membership-center-20260707.html	473
UPLOAD_STORAGE_HINT	approved/clerk-private-profile-before-vip-membership-center-20260707.html	477
UPLOAD_STORAGE_HINT	approved/clerk-private-profile-before-vip-membership-center-20260707.html	480
UPLOAD_STORAGE_HINT	approved/clerk-private-profile-before-vip-membership-center-20260707.html	491
UPLOAD_STORAGE_HINT	approved/clerk-private-profile-before-vip-membership-center-20260707.html	495
UPLOAD_STORAGE_HINT	approved/clerk-private-profile-before-vip-membership-center-20260707.html	507
UPLOAD_STORAGE_HINT	approved/clerk-private-profile-before-vip-membership-center-20260707.html	513
UPLOAD_STORAGE_HINT	approved/clerk-private-profile-before-vip-membership-center-20260707.html	518
UPLOAD_STORAGE_HINT	approved/clerk-private-profile-before-vip-membership-center-20260707.html	529
UPLOAD_STORAGE_HINT	approved/clerk-private-profile-before-vip-membership-center-20260707.html	534
UPLOAD_STORAGE_HINT	approved/clerk-private-profile-before-vip-membership-center-20260707.html	536
UPLOAD_STORAGE_HINT	approved/clerk-private-profile-before-vip-membership-center-20260707.html	542
UPLOAD_STORAGE_HINT	approved/clerk-private-profile-before-vip-membership-center-20260707.html	547
UPLOAD_STORAGE_HINT	approved/clerk-private-profile-before-vip-membership-center-20260707.html	552
UPLOAD_STORAGE_HINT	approved/clerk-private-profile-before-vip-membership-center-20260707.html	553
UPLOAD_STORAGE_HINT	approved/clerk-private-profile-before-vip-membership-center-20260707.html	554
UPLOAD_STORAGE_HINT	approved/clerk-private-profile-before-vip-membership-center-20260707.html	557
UPLOAD_STORAGE_HINT	approved/clerk-private-profile-before-vip-membership-center-20260707.html	558
UPLOAD_STORAGE_HINT	approved/clerk-private-profile-before-vip-membership-center-20260707.html	580
UPLOAD_STORAGE_HINT	approved/clerk-private-profile-before-vip-membership-center-20260707.html	581
UPLOAD_STORAGE_HINT	approved/clerk-private-profile-before-vip-membership-center-20260707.html	582
UPLOAD_STORAGE_HINT	approved/clerk-private-profile-before-vip-membership-center-20260707.html	591
UPLOAD_STORAGE_HINT	approved/clerk-private-profile-before-vip-membership-center-20260707.html	595
UPLOAD_STORAGE_HINT	approved/clerk-private-profile-before-vip-membership-center-20260707.html	596
UPLOAD_STORAGE_HINT	approved/clerk-private-profile-before-vip-membership-center-20260707.html	597
UPLOAD_STORAGE_HINT	approved/clerk-private-profile-before-vip-membership-center-20260707.html	633
UPLOAD_STORAGE_HINT	approved/clerk-private-profile-before-vip-membership-center-20260707.html	655
UPLOAD_STORAGE_HINT	approved/clerk-private-profile-before-vip-membership-center-20260707.html	703
UPLOAD_STORAGE_HINT	approved/clerk-private-profile-before-vip-membership-center-20260707.html	705
UPLOAD_STORAGE_HINT	approved/clerk-private-profile-before-vip-membership-center-20260707.html	707
UPLOAD_STORAGE_HINT	approved/enhanced-components.final-approved.css	79
UPLOAD_STORAGE_HINT	approved/enhanced-components.final-approved.css	87
UPLOAD_STORAGE_HINT	approved/enhanced-components.final-approved.css	94
UPLOAD_STORAGE_HINT	approved/enhanced-components.final-approved.css	98
UPLOAD_STORAGE_HINT	approved/enhanced-components.final-approved.css	529
UPLOAD_STORAGE_HINT	approved/enhanced-components.final-approved.css	681
UPLOAD_STORAGE_HINT	approved/index-before-supabase-auth-20260704-191914.html	21
UPLOAD_STORAGE_HINT	approved/index-before-supabase-auth-20260704-191914.html	96
UPLOAD_STORAGE_HINT	approved/index-before-supabase-auth-20260704-191914.html	98
UPLOAD_STORAGE_HINT	approved/index-before-supabase-auth-20260704-191914.html	99
UPLOAD_STORAGE_HINT	approved/index-before-supabase-auth-20260704-191914.html	100
UPLOAD_STORAGE_HINT	approved/index-before-supabase-auth-20260704-191914.html	109
UPLOAD_STORAGE_HINT	approved/index-before-supabase-auth-20260704-191914.html	110
UPLOAD_STORAGE_HINT	approved/index-before-supabase-auth-20260704-192024.html	21
UPLOAD_STORAGE_HINT	approved/index-before-supabase-auth-20260704-192024.html	96
UPLOAD_STORAGE_HINT	approved/index-before-supabase-auth-20260704-192024.html	98
UPLOAD_STORAGE_HINT	approved/index-before-supabase-auth-20260704-192024.html	99
UPLOAD_STORAGE_HINT	approved/index-before-supabase-auth-20260704-192024.html	100
UPLOAD_STORAGE_HINT	approved/index-before-supabase-auth-20260704-192024.html	109
UPLOAD_STORAGE_HINT	approved/index-before-supabase-auth-20260704-192024.html	110
UPLOAD_STORAGE_HINT	approved/index-before-vvip-gate-login-20260707.html	96
UPLOAD_STORAGE_HINT	approved/index-before-vvip-gate-login-20260707.html	98
UPLOAD_STORAGE_HINT	approved/index-before-vvip-gate-login-20260707.html	99
UPLOAD_STORAGE_HINT	approved/index-before-vvip-gate-login-20260707.html	100
UPLOAD_STORAGE_HINT	approved/index-before-vvip-gate-login-20260707.html	109
UPLOAD_STORAGE_HINT	approved/index-before-vvip-gate-login-20260707.html	110
UPLOAD_STORAGE_HINT	approved/index-supabase-auth-approved.html	21
UPLOAD_STORAGE_HINT	approved/index-supabase-auth-approved.html	96
UPLOAD_STORAGE_HINT	approved/index-supabase-auth-approved.html	98
UPLOAD_STORAGE_HINT	approved/index-supabase-auth-approved.html	99
UPLOAD_STORAGE_HINT	approved/index-supabase-auth-approved.html	100
UPLOAD_STORAGE_HINT	approved/index-supabase-auth-approved.html	109
UPLOAD_STORAGE_HINT	approved/index-supabase-auth-approved.html	110
UPLOAD_STORAGE_HINT	approved/index-supabase-auth-final.html	21
UPLOAD_STORAGE_HINT	approved/index-supabase-auth-final.html	96
UPLOAD_STORAGE_HINT	approved/index-supabase-auth-final.html	98
UPLOAD_STORAGE_HINT	approved/index-supabase-auth-final.html	99
UPLOAD_STORAGE_HINT	approved/index-supabase-auth-final.html	100
UPLOAD_STORAGE_HINT	approved/index-supabase-auth-final.html	109
UPLOAD_STORAGE_HINT	approved/index-supabase-auth-final.html	110
UPLOAD_STORAGE_HINT	approved/legacy-auth-audit-7-1/clerk-private-profile-before-linkrel-fix-20260708.html	6
UPLOAD_STORAGE_HINT	approved/legacy-auth-audit-7-1/clerk-private-profile-before-linkrel-fix-20260708.html	22
UPLOAD_STORAGE_HINT	approved/legacy-auth-audit-7-1/clerk-private-profile-before-linkrel-fix-20260708.html	124
UPLOAD_STORAGE_HINT	approved/legacy-auth-audit-7-1/clerk-private-profile-before-linkrel-fix-20260708.html	150
UPLOAD_STORAGE_HINT	approved/legacy-auth-audit-7-1/clerk-private-profile-before-linkrel-fix-20260708.html	156
UPLOAD_STORAGE_HINT	approved/legacy-auth-audit-7-1/clerk-private-profile-before-linkrel-fix-20260708.html	169
UPLOAD_STORAGE_HINT	approved/legacy-auth-audit-7-1/clerk-private-profile-before-linkrel-fix-20260708.html	210
UPLOAD_STORAGE_HINT	approved/legacy-auth-audit-7-1/clerk-private-profile-before-linkrel-fix-20260708.html	231
UPLOAD_STORAGE_HINT	approved/legacy-auth-audit-7-1/clerk-private-profile-before-linkrel-fix-20260708.html	589
UPLOAD_STORAGE_HINT	approved/legacy-auth-audit-7-1/clerk-private-profile-before-linkrel-fix-20260708.html	594
UPLOAD_STORAGE_HINT	approved/legacy-auth-audit-7-1/clerk-private-profile-before-linkrel-fix-20260708.html	599
UPLOAD_STORAGE_HINT	approved/legacy-auth-audit-7-1/clerk-private-profile-before-linkrel-fix-20260708.html	604
UPLOAD_STORAGE_HINT	approved/legacy-auth-audit-7-1/clerk-private-profile-before-linkrel-fix-20260708.html	623
UPLOAD_STORAGE_HINT	approved/legacy-auth-audit-7-1/clerk-private-profile-before-linkrel-fix-20260708.html	660
UPLOAD_STORAGE_HINT	approved/legacy-auth-audit-7-1/clerk-private-profile-before-linkrel-fix-20260708.html	678
UPLOAD_STORAGE_HINT	approved/legacy-auth-audit-7-1/clerk-private-profile-before-linkrel-fix-20260708.html	682
UPLOAD_STORAGE_HINT	approved/legacy-auth-audit-7-1/clerk-private-profile-before-linkrel-fix-20260708.html	685
UPLOAD_STORAGE_HINT	approved/legacy-auth-audit-7-1/clerk-private-profile-before-linkrel-fix-20260708.html	696
UPLOAD_STORAGE_HINT	approved/legacy-auth-audit-7-1/clerk-private-profile-before-linkrel-fix-20260708.html	700
UPLOAD_STORAGE_HINT	approved/legacy-auth-audit-7-1/clerk-private-profile-before-linkrel-fix-20260708.html	712
UPLOAD_STORAGE_HINT	approved/legacy-auth-audit-7-1/clerk-private-profile-before-linkrel-fix-20260708.html	718
UPLOAD_STORAGE_HINT	approved/legacy-auth-audit-7-1/clerk-private-profile-before-linkrel-fix-20260708.html	723
UPLOAD_STORAGE_HINT	approved/legacy-auth-audit-7-1/clerk-private-profile-before-linkrel-fix-20260708.html	734
UPLOAD_STORAGE_HINT	approved/legacy-auth-audit-7-1/clerk-private-profile-before-linkrel-fix-20260708.html	739
UPLOAD_STORAGE_HINT	approved/legacy-auth-audit-7-1/clerk-private-profile-before-linkrel-fix-20260708.html	741
UPLOAD_STORAGE_HINT	approved/legacy-auth-audit-7-1/clerk-private-profile-before-linkrel-fix-20260708.html	747
UPLOAD_STORAGE_HINT	approved/legacy-auth-audit-7-1/clerk-private-profile-before-linkrel-fix-20260708.html	752
UPLOAD_STORAGE_HINT	approved/legacy-auth-audit-7-1/clerk-private-profile-before-linkrel-fix-20260708.html	757
UPLOAD_STORAGE_HINT	approved/legacy-auth-audit-7-1/clerk-private-profile-before-linkrel-fix-20260708.html	758
UPLOAD_STORAGE_HINT	approved/legacy-auth-audit-7-1/clerk-private-profile-before-linkrel-fix-20260708.html	759
UPLOAD_STORAGE_HINT	approved/legacy-auth-audit-7-1/clerk-private-profile-before-linkrel-fix-20260708.html	762
UPLOAD_STORAGE_HINT	approved/legacy-auth-audit-7-1/clerk-private-profile-before-linkrel-fix-20260708.html	767
UPLOAD_STORAGE_HINT	approved/legacy-auth-audit-7-1/clerk-private-profile-before-linkrel-fix-20260708.html	789
UPLOAD_STORAGE_HINT	approved/legacy-auth-audit-7-1/clerk-private-profile-before-linkrel-fix-20260708.html	790
UPLOAD_STORAGE_HINT	approved/legacy-auth-audit-7-1/clerk-private-profile-before-linkrel-fix-20260708.html	791
UPLOAD_STORAGE_HINT	approved/legacy-auth-audit-7-1/clerk-private-profile-before-linkrel-fix-20260708.html	800
UPLOAD_STORAGE_HINT	approved/legacy-auth-audit-7-1/clerk-private-profile-before-linkrel-fix-20260708.html	804
UPLOAD_STORAGE_HINT	approved/legacy-auth-audit-7-1/clerk-private-profile-before-linkrel-fix-20260708.html	805
UPLOAD_STORAGE_HINT	approved/legacy-auth-audit-7-1/clerk-private-profile-before-linkrel-fix-20260708.html	806
UPLOAD_STORAGE_HINT	approved/legacy-auth-audit-7-1/clerk-private-profile-before-linkrel-fix-20260708.html	947
UPLOAD_STORAGE_HINT	approved/legacy-auth-audit-7-1/clerk-private-profile-before-linkrel-fix-20260708.html	969
UPLOAD_STORAGE_HINT	approved/legacy-auth-audit-7-1/clerk-private-profile-before-linkrel-fix-20260708.html	1028
UPLOAD_STORAGE_HINT	approved/legacy-auth-audit-7-1/clerk-private-profile-before-linkrel-fix-20260708.html	1030
UPLOAD_STORAGE_HINT	approved/legacy-auth-audit-7-1/clerk-private-profile-before-linkrel-fix-20260708.html	1032
UPLOAD_STORAGE_HINT	approved/legacy-auth-redirect-7-1/private-profile-before-redirect-20260708.html	14
UPLOAD_STORAGE_HINT	approved/legacy-auth-redirect-7-1/private-profile-before-redirect-20260708.html	15
UPLOAD_STORAGE_HINT	approved/legacy-auth-redirect-7-1/private-profile-before-redirect-20260708.html	22
UPLOAD_STORAGE_HINT	approved/legacy-auth-redirect-7-1/private-profile-before-redirect-20260708.html	31
UPLOAD_STORAGE_HINT	approved/legacy-auth-redirect-7-1/private-profile-before-redirect-20260708.html	36
UPLOAD_STORAGE_HINT	approved/legacy-auth-redirect-7-1/private-profile-before-redirect-20260708.html	37
UPLOAD_STORAGE_HINT	approved/legacy-auth-redirect-7-1/private-profile-before-redirect-20260708.html	42
UPLOAD_STORAGE_HINT	approved/legacy-auth-redirect-7-1/private-profile-before-redirect-20260708.html	43
UPLOAD_STORAGE_HINT	approved/legacy-auth-redirect-7-1/private-profile-before-redirect-20260708.html	44
UPLOAD_STORAGE_HINT	approved/legacy-auth-redirect-7-1/private-profile-before-redirect-20260708.html	53
UPLOAD_STORAGE_HINT	approved/legacy-auth-redirect-7-1/private-profile-before-redirect-20260708.html	54
UPLOAD_STORAGE_HINT	approved/legacy-auth-redirect-7-1/private-profile-before-redirect-20260708.html	55
UPLOAD_STORAGE_HINT	approved/legacy-auth-redirect-7-1/private-profile-before-redirect-20260708.html	58
UPLOAD_STORAGE_HINT	approved/legacy-auth-redirect-7-1/private-profile-before-redirect-20260708.html	59
UPLOAD_STORAGE_HINT	approved/legacy-auth-redirect-7-1/private-profile-before-redirect-20260708.html	60
UPLOAD_STORAGE_HINT	approved/legacy-auth-redirect-7-1/private-profile-before-redirect-20260708.html	62
UPLOAD_STORAGE_HINT	approved/legacy-auth-redirect-7-1/private-profile-before-redirect-20260708.html	67
UPLOAD_STORAGE_HINT	approved/legacy-auth-redirect-7-1/private-profile-before-redirect-20260708.html	68
UPLOAD_STORAGE_HINT	approved/legacy-auth-redirect-7-1/private-profile-before-redirect-20260708.html	69
UPLOAD_STORAGE_HINT	approved/legacy-auth-redirect-7-1/private-profile-before-redirect-20260708.html	71
UPLOAD_STORAGE_HINT	approved/legacy-auth-redirect-7-1/private-profile-before-redirect-20260708.html	72
UPLOAD_STORAGE_HINT	approved/legacy-auth-redirect-7-1/private-profile-before-redirect-20260708.html	73
UPLOAD_STORAGE_HINT	approved/legacy-auth-redirect-7-1/private-profile-before-redirect-20260708.html	74
UPLOAD_STORAGE_HINT	approved/legacy-auth-redirect-7-1/private-profile-before-redirect-20260708.html	79
UPLOAD_STORAGE_HINT	approved/legacy-auth-redirect-7-1/private-profile-before-redirect-20260708.html	80
UPLOAD_STORAGE_HINT	approved/legacy-auth-redirect-7-1/private-profile-before-redirect-20260708.html	81
UPLOAD_STORAGE_HINT	approved/legacy-auth-redirect-7-1/private-profile-before-redirect-20260708.html	82
UPLOAD_STORAGE_HINT	approved/legacy-auth-redirect-7-1/private-profile-before-redirect-20260708.html	83
UPLOAD_STORAGE_HINT	approved/legacy-auth-redirect-7-1/private-profile-before-redirect-20260708.html	84
UPLOAD_STORAGE_HINT	approved/legacy-auth-redirect-7-1/private-profile-before-redirect-20260708.html	85
UPLOAD_STORAGE_HINT	approved/legacy-auth-redirect-7-1/private-profile-before-redirect-20260708.html	88
UPLOAD_STORAGE_HINT	approved/legacy-auth-redirect-7-1/private-profile-before-redirect-20260708.html	90
UPLOAD_STORAGE_HINT	approved/legacy-auth-redirect-7-1/private-profile-before-redirect-20260708.html	91
UPLOAD_STORAGE_HINT	approved/legacy-auth-redirect-7-1/private-profile-before-redirect-20260708.html	106
UPLOAD_STORAGE_HINT	approved/legacy-auth-redirect-7-1/private-profile-before-redirect-20260708.html	107
UPLOAD_STORAGE_HINT	approved/legacy-auth-redirect-7-1/private-profile-before-redirect-20260708.html	110
UPLOAD_STORAGE_HINT	approved/legacy-auth-redirect-7-1/private-profile-before-redirect-20260708.html	140
UPLOAD_STORAGE_HINT	approved/legacy-auth-redirect-7-1/private-profile-before-redirect-20260708.html	178
UPLOAD_STORAGE_HINT	approved/legacy-auth-redirect-7-1/private-profile-before-redirect-20260708.html	187
UPLOAD_STORAGE_HINT	approved/legacy-auth-redirect-7-1/private-profile-before-redirect-20260708.html	188
UPLOAD_STORAGE_HINT	approved/legacy-auth-redirect-7-1/private-profile-before-redirect-20260708.html	192
UPLOAD_STORAGE_HINT	approved/legacy-auth-redirect-7-1/private-profile-before-redirect-20260708.html	199
UPLOAD_STORAGE_HINT	approved/legacy-auth-redirect-7-1/private-profile-before-redirect-20260708.html	200
UPLOAD_STORAGE_HINT	approved/legacy-auth-redirect-7-1/private-profile-before-redirect-20260708.html	201
UPLOAD_STORAGE_HINT	approved/legacy-auth-redirect-7-1/private-profile-before-redirect-20260708.html	202
UPLOAD_STORAGE_HINT	approved/legacy-auth-redirect-7-1/private-profile-before-redirect-20260708.html	203
UPLOAD_STORAGE_HINT	approved/legacy-auth-redirect-7-1/private-profile-before-redirect-20260708.html	204
UPLOAD_STORAGE_HINT	approved/legacy-auth-redirect-7-1/private-profile-before-redirect-20260708.html	205
UPLOAD_STORAGE_HINT	approved/legacy-auth-redirect-7-1/private-profile-before-redirect-20260708.html	206
UPLOAD_STORAGE_HINT	approved/legacy-auth-redirect-7-1/private-profile-before-redirect-20260708.html	213
UPLOAD_STORAGE_HINT	approved/legacy-auth-redirect-7-1/private-profile-before-redirect-20260708.html	216
UPLOAD_STORAGE_HINT	approved/legacy-auth-redirect-7-1/private-profile-before-redirect-20260708.html	217
UPLOAD_STORAGE_HINT	approved/legacy-auth-redirect-7-1/private-profile-before-redirect-20260708.html	221
UPLOAD_STORAGE_HINT	approved/legacy-auth-redirect-7-1/private-profile-before-redirect-20260708.html	222
UPLOAD_STORAGE_HINT	approved/legacy-auth-redirect-7-1/private-profile-before-redirect-20260708.html	223
UPLOAD_STORAGE_HINT	approved/legacy-auth-redirect-7-1/private-profile-before-redirect-20260708.html	224
UPLOAD_STORAGE_HINT	approved/legacy-auth-redirect-7-1/private-profile-before-redirect-20260708.html	225
UPLOAD_STORAGE_HINT	approved/legacy-auth-redirect-7-1/private-profile-before-redirect-20260708.html	226
UPLOAD_STORAGE_HINT	approved/legacy-auth-redirect-7-1/private-profile-before-redirect-20260708.html	227
UPLOAD_STORAGE_HINT	approved/legacy-auth-redirect-7-1/private-profile-before-redirect-20260708.html	230
UPLOAD_STORAGE_HINT	approved/legacy-auth-redirect-7-1/private-profile-before-redirect-20260708.html	231
UPLOAD_STORAGE_HINT	approved/legacy-auth-redirect-7-1/private-profile-before-redirect-20260708.html	232
UPLOAD_STORAGE_HINT	approved/legacy-auth-redirect-7-1/private-profile-before-redirect-20260708.html	233
UPLOAD_STORAGE_HINT	approved/legacy-auth-redirect-7-1/private-profile-before-redirect-20260708.html	234
UPLOAD_STORAGE_HINT	approved/legacy-auth-redirect-7-1/private-profile-before-redirect-20260708.html	235
UPLOAD_STORAGE_HINT	approved/legacy-auth-redirect-7-1/private-profile-before-redirect-20260708.html	236
UPLOAD_STORAGE_HINT	approved/legacy-auth-redirect-7-1/private-profile-before-redirect-20260708.html	238
UPLOAD_STORAGE_HINT	approved/legacy-auth-redirect-7-1/private-profile-before-redirect-20260708.html	239
UPLOAD_STORAGE_HINT	approved/legacy-auth-redirect-7-1/private-profile-before-redirect-20260708.html	338
UPLOAD_STORAGE_HINT	approved/legacy-auth-redirect-7-1/private-profile-before-redirect-20260708.html	437
UPLOAD_STORAGE_HINT	approved/legacy-auth-redirect-7-1/private-profile-before-redirect-20260708.html	449
UPLOAD_STORAGE_HINT	approved/legacy-auth-redirect-7-1/private-profile-before-redirect-20260708.html	450
UPLOAD_STORAGE_HINT	approved/legacy-auth-redirect-7-1/private-profile-before-redirect-20260708.html	452
UPLOAD_STORAGE_HINT	approved/legacy-auth-redirect-7-1/private-profile-before-redirect-20260708.html	453
UPLOAD_STORAGE_HINT	approved/legacy-auth-redirect-7-1/private-profile-before-redirect-20260708.html	454
UPLOAD_STORAGE_HINT	approved/legacy-auth-redirect-7-1/private-profile-before-redirect-20260708.html	456
UPLOAD_STORAGE_HINT	approved/legacy-auth-redirect-7-1/private-profile-before-redirect-20260708.html	469
UPLOAD_STORAGE_HINT	approved/legacy-auth-redirect-7-1/sw-before-legacy-auth-audit-20260708.js	5
UPLOAD_STORAGE_HINT	approved/legacy-auth-redirect-7-1/sw-before-legacy-auth-audit-20260708.js	6
UPLOAD_STORAGE_HINT	approved/legacy-auth-redirect-7-1/sw-before-legacy-auth-audit-20260708.js	7
UPLOAD_STORAGE_HINT	approved/mobile-public-buttons-audit-report.md	103
UPLOAD_STORAGE_HINT	approved/mobile-public-buttons-audit-report.md	479
UPLOAD_STORAGE_HINT	approved/mobile-public-buttons-audit-report.md	487
UPLOAD_STORAGE_HINT	approved/mobile-public-buttons-audit-report.md	510
UPLOAD_STORAGE_HINT	approved/mobile-public-buttons-audit-report.md	514
UPLOAD_STORAGE_HINT	approved/nav-cleanup-7-1/public-profile-before-private-link-cleanup-20260708.html	257
UPLOAD_STORAGE_HINT	approved/nav-cleanup-7-1/public-profile-before-private-link-cleanup-20260708.html	310
UPLOAD_STORAGE_HINT	approved/nav-cleanup-7-1/public-profile-before-private-link-cleanup-20260708.html	311
UPLOAD_STORAGE_HINT	approved/nav-cleanup-7-1/public-profile-before-private-link-cleanup-20260708.html	408
UPLOAD_STORAGE_HINT	approved/nav-cleanup-7-1/public-profile-before-private-link-cleanup-20260708.html	523
UPLOAD_STORAGE_HINT	approved/nav-cleanup-7-1/public-profile-before-private-link-cleanup-20260708.html	524
UPLOAD_STORAGE_HINT	approved/nav-cleanup-7-1/public-profile-before-private-link-cleanup-20260708.html	612
UPLOAD_STORAGE_HINT	approved/nav-cleanup-7-1/public-profile-before-private-link-cleanup-20260708.html	699
UPLOAD_STORAGE_HINT	approved/nav-cleanup-7-1/public-profile-before-private-link-cleanup-20260708.html	708
UPLOAD_STORAGE_HINT	approved/nav-cleanup-7-1/public-profile-before-private-link-cleanup-20260708.html	729
UPLOAD_STORAGE_HINT	approved/nav-cleanup-7-1/public-profile-before-private-link-cleanup-20260708.html	737
UPLOAD_STORAGE_HINT	approved/nav-cleanup-7-1/public-profile-before-private-link-cleanup-20260708.html	745
UPLOAD_STORAGE_HINT	approved/nav-cleanup-7-1/public-profile-before-private-link-cleanup-20260708.html	753
UPLOAD_STORAGE_HINT	approved/nav-cleanup-7-1/public-profile-before-private-link-cleanup-20260708.html	773
UPLOAD_STORAGE_HINT	approved/nav-cleanup-7-1/public-profile-before-private-link-cleanup-20260708.html	783
UPLOAD_STORAGE_HINT	approved/nav-cleanup-7-1/public-profile-before-private-link-cleanup-20260708.html	793
UPLOAD_STORAGE_HINT	approved/nav-cleanup-7-1/public-profile-before-private-link-cleanup-20260708.html	803
UPLOAD_STORAGE_HINT	approved/nav-cleanup-7-1/public-profile-before-private-link-cleanup-20260708.html	813
UPLOAD_STORAGE_HINT	approved/nav-cleanup-7-1/public-profile-before-private-link-cleanup-20260708.html	826
UPLOAD_STORAGE_HINT	approved/nav-cleanup-7-1/public-profile-before-private-link-cleanup-20260708.html	830
UPLOAD_STORAGE_HINT	approved/nav-cleanup-7-1/public-profile-before-private-link-cleanup-20260708.html	841
UPLOAD_STORAGE_HINT	approved/nav-cleanup-7-1/public-profile-before-private-link-cleanup-20260708.html	857
UPLOAD_STORAGE_HINT	approved/nav-cleanup-7-1/public-profile-before-private-link-cleanup-20260708.html	867
UPLOAD_STORAGE_HINT	approved/nav-cleanup-7-1/public-profile-before-private-link-cleanup-20260708.html	882
UPLOAD_STORAGE_HINT	approved/nav-cleanup-7-1/public-profile-before-private-link-cleanup-20260708.html	936
UPLOAD_STORAGE_HINT	approved/nav-cleanup-7-1/public-profile-before-private-link-cleanup-20260708.html	950
UPLOAD_STORAGE_HINT	approved/nav-cleanup-7-1/public-profile-before-private-link-cleanup-20260708.html	959
UPLOAD_STORAGE_HINT	approved/nav-cleanup-7-1/public-profile-before-private-link-cleanup-20260708.html	966
UPLOAD_STORAGE_HINT	approved/nav-cleanup-7-1/public-profile-before-private-link-cleanup-20260708.html	1027
UPLOAD_STORAGE_HINT	approved/nav-cleanup-7-1/public-profile-before-private-link-cleanup-20260708.html	1042
UPLOAD_STORAGE_HINT	approved/nav-cleanup-7-1/public-profile-before-private-link-cleanup-20260708.html	1078
UPLOAD_STORAGE_HINT	approved/nav-cleanup-7-1/public-profile-before-private-link-cleanup-20260708.html	1112
UPLOAD_STORAGE_HINT	approved/nav-cleanup-7-1/public-profile-before-private-link-cleanup-20260708.html	1115
UPLOAD_STORAGE_HINT	approved/nav-cleanup-7-1/public-profile-before-private-link-cleanup-20260708.html	1123
UPLOAD_STORAGE_HINT	approved/nav-cleanup-7-1/public-profile-before-private-link-cleanup-20260708.html	1124
UPLOAD_STORAGE_HINT	approved/nav-cleanup-7-1/public-profile-before-private-link-cleanup-20260708.html	1154
UPLOAD_STORAGE_HINT	approved/nav-cleanup-7-1/public-profile-before-private-link-cleanup-20260708.html	1158
UPLOAD_STORAGE_HINT	approved/nav-cleanup-7-1/public-profile-before-private-link-cleanup-20260708.html	1310
UPLOAD_STORAGE_HINT	approved/nav-cleanup-7-1/vvip-identity-before-clarity-patch-20260708.css	3
UPLOAD_STORAGE_HINT	approved/nav-cleanup-7-1/vvip-identity-before-clarity-patch-20260708.css	72
UPLOAD_STORAGE_HINT	approved/nav-cleanup-7-1/vvip-identity-before-clarity-patch-20260708.css	85
UPLOAD_STORAGE_HINT	approved/nav-cleanup-7-1/vvip-identity-before-clarity-patch-20260708.css	114
UPLOAD_STORAGE_HINT	approved/nav-cleanup-7-1/vvip-identity-before-clarity-patch-20260708.css	115
UPLOAD_STORAGE_HINT	approved/nav-cleanup-7-1/vvip-identity-before-clarity-patch-20260708.css	116
UPLOAD_STORAGE_HINT	approved/nav-cleanup-7-1/vvip-identity-before-clarity-patch-20260708.css	117
UPLOAD_STORAGE_HINT	approved/nav-cleanup-7-1/vvip-identity-before-clarity-patch-20260708.css	118
UPLOAD_STORAGE_HINT	approved/nav-cleanup-7-1/vvip-identity-before-clarity-patch-20260708.css	138
UPLOAD_STORAGE_HINT	approved/nav-cleanup-7-1/vvip-identity-before-clarity-patch-20260708.css	139
UPLOAD_STORAGE_HINT	approved/nav-cleanup-7-1/vvip-identity-before-clarity-patch-20260708.css	140
UPLOAD_STORAGE_HINT	approved/nav-cleanup-7-1/vvip-identity-before-clarity-patch-20260708.css	308
UPLOAD_STORAGE_HINT	approved/private-profile-auth-guard-approved.html	14
UPLOAD_STORAGE_HINT	approved/private-profile-auth-guard-approved.html	15
UPLOAD_STORAGE_HINT	approved/private-profile-auth-guard-approved.html	22
UPLOAD_STORAGE_HINT	approved/private-profile-auth-guard-approved.html	31
UPLOAD_STORAGE_HINT	approved/private-profile-auth-guard-approved.html	36
UPLOAD_STORAGE_HINT	approved/private-profile-auth-guard-approved.html	37
UPLOAD_STORAGE_HINT	approved/private-profile-auth-guard-approved.html	42
UPLOAD_STORAGE_HINT	approved/private-profile-auth-guard-approved.html	43
UPLOAD_STORAGE_HINT	approved/private-profile-auth-guard-approved.html	44
UPLOAD_STORAGE_HINT	approved/private-profile-auth-guard-approved.html	53
UPLOAD_STORAGE_HINT	approved/private-profile-auth-guard-approved.html	54
UPLOAD_STORAGE_HINT	approved/private-profile-auth-guard-approved.html	55
UPLOAD_STORAGE_HINT	approved/private-profile-auth-guard-approved.html	58
UPLOAD_STORAGE_HINT	approved/private-profile-auth-guard-approved.html	59
UPLOAD_STORAGE_HINT	approved/private-profile-auth-guard-approved.html	60
UPLOAD_STORAGE_HINT	approved/private-profile-auth-guard-approved.html	62
UPLOAD_STORAGE_HINT	approved/private-profile-auth-guard-approved.html	67
UPLOAD_STORAGE_HINT	approved/private-profile-auth-guard-approved.html	68
UPLOAD_STORAGE_HINT	approved/private-profile-auth-guard-approved.html	69
UPLOAD_STORAGE_HINT	approved/private-profile-auth-guard-approved.html	71
UPLOAD_STORAGE_HINT	approved/private-profile-auth-guard-approved.html	72
UPLOAD_STORAGE_HINT	approved/private-profile-auth-guard-approved.html	73
UPLOAD_STORAGE_HINT	approved/private-profile-auth-guard-approved.html	74
UPLOAD_STORAGE_HINT	approved/private-profile-auth-guard-approved.html	79
UPLOAD_STORAGE_HINT	approved/private-profile-auth-guard-approved.html	80
UPLOAD_STORAGE_HINT	approved/private-profile-auth-guard-approved.html	81
UPLOAD_STORAGE_HINT	approved/private-profile-auth-guard-approved.html	82
UPLOAD_STORAGE_HINT	approved/private-profile-auth-guard-approved.html	83
UPLOAD_STORAGE_HINT	approved/private-profile-auth-guard-approved.html	84
UPLOAD_STORAGE_HINT	approved/private-profile-auth-guard-approved.html	85
UPLOAD_STORAGE_HINT	approved/private-profile-auth-guard-approved.html	88
UPLOAD_STORAGE_HINT	approved/private-profile-auth-guard-approved.html	90
UPLOAD_STORAGE_HINT	approved/private-profile-auth-guard-approved.html	91
UPLOAD_STORAGE_HINT	approved/private-profile-auth-guard-approved.html	106
UPLOAD_STORAGE_HINT	approved/private-profile-auth-guard-approved.html	107
UPLOAD_STORAGE_HINT	approved/private-profile-auth-guard-approved.html	110
UPLOAD_STORAGE_HINT	approved/private-profile-auth-guard-approved.html	140
UPLOAD_STORAGE_HINT	approved/private-profile-auth-guard-approved.html	178
UPLOAD_STORAGE_HINT	approved/private-profile-auth-guard-approved.html	187
UPLOAD_STORAGE_HINT	approved/private-profile-auth-guard-approved.html	188
UPLOAD_STORAGE_HINT	approved/private-profile-auth-guard-approved.html	192
UPLOAD_STORAGE_HINT	approved/private-profile-auth-guard-approved.html	199
UPLOAD_STORAGE_HINT	approved/private-profile-auth-guard-approved.html	200
UPLOAD_STORAGE_HINT	approved/private-profile-auth-guard-approved.html	201
UPLOAD_STORAGE_HINT	approved/private-profile-auth-guard-approved.html	202
UPLOAD_STORAGE_HINT	approved/private-profile-auth-guard-approved.html	203
UPLOAD_STORAGE_HINT	approved/private-profile-auth-guard-approved.html	204
UPLOAD_STORAGE_HINT	approved/private-profile-auth-guard-approved.html	205
UPLOAD_STORAGE_HINT	approved/private-profile-auth-guard-approved.html	206
UPLOAD_STORAGE_HINT	approved/private-profile-auth-guard-approved.html	213
UPLOAD_STORAGE_HINT	approved/private-profile-auth-guard-approved.html	216
UPLOAD_STORAGE_HINT	approved/private-profile-auth-guard-approved.html	217
UPLOAD_STORAGE_HINT	approved/private-profile-auth-guard-approved.html	221
UPLOAD_STORAGE_HINT	approved/private-profile-auth-guard-approved.html	222
UPLOAD_STORAGE_HINT	approved/private-profile-auth-guard-approved.html	223
UPLOAD_STORAGE_HINT	approved/private-profile-auth-guard-approved.html	224
UPLOAD_STORAGE_HINT	approved/private-profile-auth-guard-approved.html	225
UPLOAD_STORAGE_HINT	approved/private-profile-auth-guard-approved.html	226
UPLOAD_STORAGE_HINT	approved/private-profile-auth-guard-approved.html	227
UPLOAD_STORAGE_HINT	approved/private-profile-auth-guard-approved.html	230
UPLOAD_STORAGE_HINT	approved/private-profile-auth-guard-approved.html	231
UPLOAD_STORAGE_HINT	approved/private-profile-auth-guard-approved.html	232
UPLOAD_STORAGE_HINT	approved/private-profile-auth-guard-approved.html	233
UPLOAD_STORAGE_HINT	approved/private-profile-auth-guard-approved.html	234
UPLOAD_STORAGE_HINT	approved/private-profile-auth-guard-approved.html	235
UPLOAD_STORAGE_HINT	approved/private-profile-auth-guard-approved.html	236
UPLOAD_STORAGE_HINT	approved/private-profile-auth-guard-approved.html	238
UPLOAD_STORAGE_HINT	approved/private-profile-auth-guard-approved.html	239
UPLOAD_STORAGE_HINT	approved/private-profile-auth-guard-approved.html	338
UPLOAD_STORAGE_HINT	approved/private-profile-auth-guard-approved.html	437
UPLOAD_STORAGE_HINT	approved/private-profile-auth-guard-approved.html	449
UPLOAD_STORAGE_HINT	approved/private-profile-auth-guard-approved.html	450
UPLOAD_STORAGE_HINT	approved/private-profile-auth-guard-approved.html	452
UPLOAD_STORAGE_HINT	approved/private-profile-auth-guard-approved.html	453
UPLOAD_STORAGE_HINT	approved/private-profile-auth-guard-approved.html	454
UPLOAD_STORAGE_HINT	approved/private-profile-auth-guard-approved.html	456
UPLOAD_STORAGE_HINT	approved/private-profile-auth-guard-final.html	14
UPLOAD_STORAGE_HINT	approved/private-profile-auth-guard-final.html	15
UPLOAD_STORAGE_HINT	approved/private-profile-auth-guard-final.html	22
UPLOAD_STORAGE_HINT	approved/private-profile-auth-guard-final.html	31
UPLOAD_STORAGE_HINT	approved/private-profile-auth-guard-final.html	36
UPLOAD_STORAGE_HINT	approved/private-profile-auth-guard-final.html	37
UPLOAD_STORAGE_HINT	approved/private-profile-auth-guard-final.html	42
UPLOAD_STORAGE_HINT	approved/private-profile-auth-guard-final.html	43
UPLOAD_STORAGE_HINT	approved/private-profile-auth-guard-final.html	44
UPLOAD_STORAGE_HINT	approved/private-profile-auth-guard-final.html	53
UPLOAD_STORAGE_HINT	approved/private-profile-auth-guard-final.html	54
UPLOAD_STORAGE_HINT	approved/private-profile-auth-guard-final.html	55
UPLOAD_STORAGE_HINT	approved/private-profile-auth-guard-final.html	58
UPLOAD_STORAGE_HINT	approved/private-profile-auth-guard-final.html	59
UPLOAD_STORAGE_HINT	approved/private-profile-auth-guard-final.html	60
UPLOAD_STORAGE_HINT	approved/private-profile-auth-guard-final.html	62
UPLOAD_STORAGE_HINT	approved/private-profile-auth-guard-final.html	67
UPLOAD_STORAGE_HINT	approved/private-profile-auth-guard-final.html	68
UPLOAD_STORAGE_HINT	approved/private-profile-auth-guard-final.html	69
UPLOAD_STORAGE_HINT	approved/private-profile-auth-guard-final.html	71
UPLOAD_STORAGE_HINT	approved/private-profile-auth-guard-final.html	72
UPLOAD_STORAGE_HINT	approved/private-profile-auth-guard-final.html	73
UPLOAD_STORAGE_HINT	approved/private-profile-auth-guard-final.html	74
UPLOAD_STORAGE_HINT	approved/private-profile-auth-guard-final.html	79
UPLOAD_STORAGE_HINT	approved/private-profile-auth-guard-final.html	80
UPLOAD_STORAGE_HINT	approved/private-profile-auth-guard-final.html	81
UPLOAD_STORAGE_HINT	approved/private-profile-auth-guard-final.html	82
UPLOAD_STORAGE_HINT	approved/private-profile-auth-guard-final.html	83
UPLOAD_STORAGE_HINT	approved/private-profile-auth-guard-final.html	84
UPLOAD_STORAGE_HINT	approved/private-profile-auth-guard-final.html	85
UPLOAD_STORAGE_HINT	approved/private-profile-auth-guard-final.html	88
UPLOAD_STORAGE_HINT	approved/private-profile-auth-guard-final.html	90
UPLOAD_STORAGE_HINT	approved/private-profile-auth-guard-final.html	91
UPLOAD_STORAGE_HINT	approved/private-profile-auth-guard-final.html	106
UPLOAD_STORAGE_HINT	approved/private-profile-auth-guard-final.html	107
UPLOAD_STORAGE_HINT	approved/private-profile-auth-guard-final.html	110
UPLOAD_STORAGE_HINT	approved/private-profile-auth-guard-final.html	140
UPLOAD_STORAGE_HINT	approved/private-profile-auth-guard-final.html	178
UPLOAD_STORAGE_HINT	approved/private-profile-auth-guard-final.html	187
UPLOAD_STORAGE_HINT	approved/private-profile-auth-guard-final.html	188
UPLOAD_STORAGE_HINT	approved/private-profile-auth-guard-final.html	192
UPLOAD_STORAGE_HINT	approved/private-profile-auth-guard-final.html	199
UPLOAD_STORAGE_HINT	approved/private-profile-auth-guard-final.html	200
UPLOAD_STORAGE_HINT	approved/private-profile-auth-guard-final.html	201
UPLOAD_STORAGE_HINT	approved/private-profile-auth-guard-final.html	202
UPLOAD_STORAGE_HINT	approved/private-profile-auth-guard-final.html	203
UPLOAD_STORAGE_HINT	approved/private-profile-auth-guard-final.html	204
UPLOAD_STORAGE_HINT	approved/private-profile-auth-guard-final.html	205
UPLOAD_STORAGE_HINT	approved/private-profile-auth-guard-final.html	206
UPLOAD_STORAGE_HINT	approved/private-profile-auth-guard-final.html	213
UPLOAD_STORAGE_HINT	approved/private-profile-auth-guard-final.html	216
UPLOAD_STORAGE_HINT	approved/private-profile-auth-guard-final.html	217
UPLOAD_STORAGE_HINT	approved/private-profile-auth-guard-final.html	221
UPLOAD_STORAGE_HINT	approved/private-profile-auth-guard-final.html	222
UPLOAD_STORAGE_HINT	approved/private-profile-auth-guard-final.html	223
UPLOAD_STORAGE_HINT	approved/private-profile-auth-guard-final.html	224
UPLOAD_STORAGE_HINT	approved/private-profile-auth-guard-final.html	225
UPLOAD_STORAGE_HINT	approved/private-profile-auth-guard-final.html	226
UPLOAD_STORAGE_HINT	approved/private-profile-auth-guard-final.html	227
UPLOAD_STORAGE_HINT	approved/private-profile-auth-guard-final.html	230
UPLOAD_STORAGE_HINT	approved/private-profile-auth-guard-final.html	231
UPLOAD_STORAGE_HINT	approved/private-profile-auth-guard-final.html	232
UPLOAD_STORAGE_HINT	approved/private-profile-auth-guard-final.html	233
UPLOAD_STORAGE_HINT	approved/private-profile-auth-guard-final.html	234
UPLOAD_STORAGE_HINT	approved/private-profile-auth-guard-final.html	235
UPLOAD_STORAGE_HINT	approved/private-profile-auth-guard-final.html	236
UPLOAD_STORAGE_HINT	approved/private-profile-auth-guard-final.html	238
UPLOAD_STORAGE_HINT	approved/private-profile-auth-guard-final.html	239
UPLOAD_STORAGE_HINT	approved/private-profile-auth-guard-final.html	338
UPLOAD_STORAGE_HINT	approved/private-profile-auth-guard-final.html	437
UPLOAD_STORAGE_HINT	approved/private-profile-auth-guard-final.html	449
UPLOAD_STORAGE_HINT	approved/private-profile-auth-guard-final.html	450
UPLOAD_STORAGE_HINT	approved/private-profile-auth-guard-final.html	452
UPLOAD_STORAGE_HINT	approved/private-profile-auth-guard-final.html	453
UPLOAD_STORAGE_HINT	approved/private-profile-auth-guard-final.html	454
UPLOAD_STORAGE_HINT	approved/private-profile-auth-guard-final.html	456
UPLOAD_STORAGE_HINT	approved/private-profile-before-auth-guard.html	14
UPLOAD_STORAGE_HINT	approved/private-profile-before-auth-guard.html	15
UPLOAD_STORAGE_HINT	approved/private-profile-before-auth-guard.html	22
UPLOAD_STORAGE_HINT	approved/private-profile-before-auth-guard.html	31
UPLOAD_STORAGE_HINT	approved/private-profile-before-auth-guard.html	36
UPLOAD_STORAGE_HINT	approved/private-profile-before-auth-guard.html	37
UPLOAD_STORAGE_HINT	approved/private-profile-before-auth-guard.html	42
UPLOAD_STORAGE_HINT	approved/private-profile-before-auth-guard.html	43
UPLOAD_STORAGE_HINT	approved/private-profile-before-auth-guard.html	44
UPLOAD_STORAGE_HINT	approved/private-profile-before-auth-guard.html	53
UPLOAD_STORAGE_HINT	approved/private-profile-before-auth-guard.html	54
UPLOAD_STORAGE_HINT	approved/private-profile-before-auth-guard.html	55
UPLOAD_STORAGE_HINT	approved/private-profile-before-auth-guard.html	58
UPLOAD_STORAGE_HINT	approved/private-profile-before-auth-guard.html	59
UPLOAD_STORAGE_HINT	approved/private-profile-before-auth-guard.html	60
UPLOAD_STORAGE_HINT	approved/private-profile-before-auth-guard.html	62
UPLOAD_STORAGE_HINT	approved/private-profile-before-auth-guard.html	67
UPLOAD_STORAGE_HINT	approved/private-profile-before-auth-guard.html	68
UPLOAD_STORAGE_HINT	approved/private-profile-before-auth-guard.html	69
UPLOAD_STORAGE_HINT	approved/private-profile-before-auth-guard.html	71
UPLOAD_STORAGE_HINT	approved/private-profile-before-auth-guard.html	72
UPLOAD_STORAGE_HINT	approved/private-profile-before-auth-guard.html	73
UPLOAD_STORAGE_HINT	approved/private-profile-before-auth-guard.html	74
UPLOAD_STORAGE_HINT	approved/private-profile-before-auth-guard.html	79
UPLOAD_STORAGE_HINT	approved/private-profile-before-auth-guard.html	80
UPLOAD_STORAGE_HINT	approved/private-profile-before-auth-guard.html	81
UPLOAD_STORAGE_HINT	approved/private-profile-before-auth-guard.html	82
UPLOAD_STORAGE_HINT	approved/private-profile-before-auth-guard.html	83
UPLOAD_STORAGE_HINT	approved/private-profile-before-auth-guard.html	84
UPLOAD_STORAGE_HINT	approved/private-profile-before-auth-guard.html	85
UPLOAD_STORAGE_HINT	approved/private-profile-before-auth-guard.html	88
UPLOAD_STORAGE_HINT	approved/private-profile-before-auth-guard.html	90
UPLOAD_STORAGE_HINT	approved/private-profile-before-auth-guard.html	91
UPLOAD_STORAGE_HINT	approved/private-profile-before-auth-guard.html	106
UPLOAD_STORAGE_HINT	approved/private-profile-before-auth-guard.html	107
UPLOAD_STORAGE_HINT	approved/private-profile-before-auth-guard.html	110
UPLOAD_STORAGE_HINT	approved/private-profile-before-auth-guard.html	140
UPLOAD_STORAGE_HINT	approved/private-profile-before-auth-guard.html	178
UPLOAD_STORAGE_HINT	approved/private-profile-before-auth-guard.html	187
UPLOAD_STORAGE_HINT	approved/private-profile-before-auth-guard.html	188
UPLOAD_STORAGE_HINT	approved/private-profile-before-auth-guard.html	192
UPLOAD_STORAGE_HINT	approved/private-profile-before-auth-guard.html	199
UPLOAD_STORAGE_HINT	approved/private-profile-before-auth-guard.html	200
UPLOAD_STORAGE_HINT	approved/private-profile-before-auth-guard.html	201
UPLOAD_STORAGE_HINT	approved/private-profile-before-auth-guard.html	202
UPLOAD_STORAGE_HINT	approved/private-profile-before-auth-guard.html	203
UPLOAD_STORAGE_HINT	approved/private-profile-before-auth-guard.html	204
UPLOAD_STORAGE_HINT	approved/private-profile-before-auth-guard.html	205
UPLOAD_STORAGE_HINT	approved/private-profile-before-auth-guard.html	206
UPLOAD_STORAGE_HINT	approved/private-profile-before-auth-guard.html	213
UPLOAD_STORAGE_HINT	approved/private-profile-before-auth-guard.html	216
UPLOAD_STORAGE_HINT	approved/private-profile-before-auth-guard.html	217
UPLOAD_STORAGE_HINT	approved/private-profile-before-auth-guard.html	221
UPLOAD_STORAGE_HINT	approved/private-profile-before-auth-guard.html	222
UPLOAD_STORAGE_HINT	approved/private-profile-before-auth-guard.html	223
UPLOAD_STORAGE_HINT	approved/private-profile-before-auth-guard.html	224
UPLOAD_STORAGE_HINT	approved/private-profile-before-auth-guard.html	225
UPLOAD_STORAGE_HINT	approved/private-profile-before-auth-guard.html	226
UPLOAD_STORAGE_HINT	approved/private-profile-before-auth-guard.html	227
UPLOAD_STORAGE_HINT	approved/private-profile-before-auth-guard.html	230
UPLOAD_STORAGE_HINT	approved/private-profile-before-auth-guard.html	231
UPLOAD_STORAGE_HINT	approved/private-profile-before-auth-guard.html	232
UPLOAD_STORAGE_HINT	approved/private-profile-before-auth-guard.html	233
UPLOAD_STORAGE_HINT	approved/private-profile-before-auth-guard.html	234
UPLOAD_STORAGE_HINT	approved/private-profile-before-auth-guard.html	235
UPLOAD_STORAGE_HINT	approved/private-profile-before-auth-guard.html	236
UPLOAD_STORAGE_HINT	approved/private-profile-before-auth-guard.html	238
UPLOAD_STORAGE_HINT	approved/private-profile-before-auth-guard.html	239
UPLOAD_STORAGE_HINT	approved/private-profile-before-auth-guard.html	338
UPLOAD_STORAGE_HINT	approved/private-profile-before-auth-guard.html	437
UPLOAD_STORAGE_HINT	approved/private-profile-before-auth-guard.html	449
UPLOAD_STORAGE_HINT	approved/private-profile-before-auth-guard.html	450
UPLOAD_STORAGE_HINT	approved/private-profile-before-auth-guard.html	452
UPLOAD_STORAGE_HINT	approved/private-profile-before-auth-guard.html	453
UPLOAD_STORAGE_HINT	approved/private-profile-before-auth-guard.html	454
UPLOAD_STORAGE_HINT	approved/private-profile-before-auth-guard.html	456
UPLOAD_STORAGE_HINT	approved/private-profile.desktop-approved.html	14
UPLOAD_STORAGE_HINT	approved/private-profile.desktop-approved.html	15
UPLOAD_STORAGE_HINT	approved/private-profile.desktop-approved.html	22
UPLOAD_STORAGE_HINT	approved/private-profile.desktop-approved.html	31
UPLOAD_STORAGE_HINT	approved/private-profile.desktop-approved.html	36
UPLOAD_STORAGE_HINT	approved/private-profile.desktop-approved.html	37
UPLOAD_STORAGE_HINT	approved/private-profile.desktop-approved.html	42
UPLOAD_STORAGE_HINT	approved/private-profile.desktop-approved.html	43
UPLOAD_STORAGE_HINT	approved/private-profile.desktop-approved.html	44
UPLOAD_STORAGE_HINT	approved/private-profile.desktop-approved.html	53
UPLOAD_STORAGE_HINT	approved/private-profile.desktop-approved.html	54
UPLOAD_STORAGE_HINT	approved/private-profile.desktop-approved.html	55
UPLOAD_STORAGE_HINT	approved/private-profile.desktop-approved.html	58
UPLOAD_STORAGE_HINT	approved/private-profile.desktop-approved.html	59
UPLOAD_STORAGE_HINT	approved/private-profile.desktop-approved.html	60
UPLOAD_STORAGE_HINT	approved/private-profile.desktop-approved.html	62
UPLOAD_STORAGE_HINT	approved/private-profile.desktop-approved.html	67
UPLOAD_STORAGE_HINT	approved/private-profile.desktop-approved.html	68
UPLOAD_STORAGE_HINT	approved/private-profile.desktop-approved.html	69
UPLOAD_STORAGE_HINT	approved/private-profile.desktop-approved.html	71
UPLOAD_STORAGE_HINT	approved/private-profile.desktop-approved.html	72
UPLOAD_STORAGE_HINT	approved/private-profile.desktop-approved.html	73
UPLOAD_STORAGE_HINT	approved/private-profile.desktop-approved.html	74
UPLOAD_STORAGE_HINT	approved/private-profile.desktop-approved.html	79
UPLOAD_STORAGE_HINT	approved/private-profile.desktop-approved.html	80
UPLOAD_STORAGE_HINT	approved/private-profile.desktop-approved.html	81
UPLOAD_STORAGE_HINT	approved/private-profile.desktop-approved.html	82
UPLOAD_STORAGE_HINT	approved/private-profile.desktop-approved.html	83
UPLOAD_STORAGE_HINT	approved/private-profile.desktop-approved.html	84
UPLOAD_STORAGE_HINT	approved/private-profile.desktop-approved.html	85
UPLOAD_STORAGE_HINT	approved/private-profile.desktop-approved.html	88
UPLOAD_STORAGE_HINT	approved/private-profile.desktop-approved.html	90
UPLOAD_STORAGE_HINT	approved/private-profile.desktop-approved.html	91
UPLOAD_STORAGE_HINT	approved/private-profile.desktop-approved.html	106
UPLOAD_STORAGE_HINT	approved/private-profile.desktop-approved.html	107
UPLOAD_STORAGE_HINT	approved/private-profile.desktop-approved.html	110
UPLOAD_STORAGE_HINT	approved/private-profile.desktop-approved.html	140
UPLOAD_STORAGE_HINT	approved/private-profile.desktop-approved.html	178
UPLOAD_STORAGE_HINT	approved/private-profile.desktop-approved.html	187
UPLOAD_STORAGE_HINT	approved/private-profile.desktop-approved.html	188
UPLOAD_STORAGE_HINT	approved/private-profile.desktop-approved.html	192
UPLOAD_STORAGE_HINT	approved/private-profile.desktop-approved.html	199
UPLOAD_STORAGE_HINT	approved/private-profile.desktop-approved.html	200
UPLOAD_STORAGE_HINT	approved/private-profile.desktop-approved.html	201
UPLOAD_STORAGE_HINT	approved/private-profile.desktop-approved.html	202
UPLOAD_STORAGE_HINT	approved/private-profile.desktop-approved.html	203
UPLOAD_STORAGE_HINT	approved/private-profile.desktop-approved.html	204
UPLOAD_STORAGE_HINT	approved/private-profile.desktop-approved.html	205
UPLOAD_STORAGE_HINT	approved/private-profile.desktop-approved.html	206
UPLOAD_STORAGE_HINT	approved/private-profile.desktop-approved.html	213
UPLOAD_STORAGE_HINT	approved/private-profile.desktop-approved.html	216
UPLOAD_STORAGE_HINT	approved/private-profile.desktop-approved.html	217
UPLOAD_STORAGE_HINT	approved/private-profile.desktop-approved.html	221
UPLOAD_STORAGE_HINT	approved/private-profile.desktop-approved.html	222
UPLOAD_STORAGE_HINT	approved/private-profile.desktop-approved.html	223
UPLOAD_STORAGE_HINT	approved/private-profile.desktop-approved.html	224
UPLOAD_STORAGE_HINT	approved/private-profile.desktop-approved.html	225
UPLOAD_STORAGE_HINT	approved/private-profile.desktop-approved.html	226
UPLOAD_STORAGE_HINT	approved/private-profile.desktop-approved.html	227
UPLOAD_STORAGE_HINT	approved/private-profile.desktop-approved.html	230
UPLOAD_STORAGE_HINT	approved/private-profile.desktop-approved.html	231
UPLOAD_STORAGE_HINT	approved/private-profile.desktop-approved.html	232
UPLOAD_STORAGE_HINT	approved/private-profile.desktop-approved.html	233
UPLOAD_STORAGE_HINT	approved/private-profile.desktop-approved.html	234
UPLOAD_STORAGE_HINT	approved/private-profile.desktop-approved.html	235
UPLOAD_STORAGE_HINT	approved/private-profile.desktop-approved.html	236
UPLOAD_STORAGE_HINT	approved/private-profile.desktop-approved.html	238
UPLOAD_STORAGE_HINT	approved/private-profile.desktop-approved.html	239
UPLOAD_STORAGE_HINT	approved/private-profile.desktop-approved.html	338
UPLOAD_STORAGE_HINT	approved/private-profile.desktop-approved.html	437
UPLOAD_STORAGE_HINT	approved/private-profile.desktop-approved.html	449
UPLOAD_STORAGE_HINT	approved/private-profile.desktop-approved.html	450
UPLOAD_STORAGE_HINT	approved/private-profile.desktop-approved.html	452
UPLOAD_STORAGE_HINT	approved/private-profile.desktop-approved.html	453
UPLOAD_STORAGE_HINT	approved/private-profile.desktop-approved.html	454
UPLOAD_STORAGE_HINT	approved/private-profile.desktop-approved.html	456
UPLOAD_STORAGE_HINT	approved/private-profile.final-approved.html	14
UPLOAD_STORAGE_HINT	approved/private-profile.final-approved.html	15
UPLOAD_STORAGE_HINT	approved/private-profile.final-approved.html	22
UPLOAD_STORAGE_HINT	approved/private-profile.final-approved.html	31
UPLOAD_STORAGE_HINT	approved/private-profile.final-approved.html	36
UPLOAD_STORAGE_HINT	approved/private-profile.final-approved.html	37
UPLOAD_STORAGE_HINT	approved/private-profile.final-approved.html	42
UPLOAD_STORAGE_HINT	approved/private-profile.final-approved.html	43
UPLOAD_STORAGE_HINT	approved/private-profile.final-approved.html	44
UPLOAD_STORAGE_HINT	approved/private-profile.final-approved.html	53
UPLOAD_STORAGE_HINT	approved/private-profile.final-approved.html	54
UPLOAD_STORAGE_HINT	approved/private-profile.final-approved.html	55
UPLOAD_STORAGE_HINT	approved/private-profile.final-approved.html	58
UPLOAD_STORAGE_HINT	approved/private-profile.final-approved.html	59
UPLOAD_STORAGE_HINT	approved/private-profile.final-approved.html	60
UPLOAD_STORAGE_HINT	approved/private-profile.final-approved.html	62
UPLOAD_STORAGE_HINT	approved/private-profile.final-approved.html	67
UPLOAD_STORAGE_HINT	approved/private-profile.final-approved.html	68
UPLOAD_STORAGE_HINT	approved/private-profile.final-approved.html	69
UPLOAD_STORAGE_HINT	approved/private-profile.final-approved.html	71
UPLOAD_STORAGE_HINT	approved/private-profile.final-approved.html	72
UPLOAD_STORAGE_HINT	approved/private-profile.final-approved.html	73
UPLOAD_STORAGE_HINT	approved/private-profile.final-approved.html	74
UPLOAD_STORAGE_HINT	approved/private-profile.final-approved.html	79
UPLOAD_STORAGE_HINT	approved/private-profile.final-approved.html	80
UPLOAD_STORAGE_HINT	approved/private-profile.final-approved.html	81
UPLOAD_STORAGE_HINT	approved/private-profile.final-approved.html	82
UPLOAD_STORAGE_HINT	approved/private-profile.final-approved.html	83
UPLOAD_STORAGE_HINT	approved/private-profile.final-approved.html	84
UPLOAD_STORAGE_HINT	approved/private-profile.final-approved.html	85
UPLOAD_STORAGE_HINT	approved/private-profile.final-approved.html	88
UPLOAD_STORAGE_HINT	approved/private-profile.final-approved.html	90
UPLOAD_STORAGE_HINT	approved/private-profile.final-approved.html	91
UPLOAD_STORAGE_HINT	approved/private-profile.final-approved.html	106
UPLOAD_STORAGE_HINT	approved/private-profile.final-approved.html	107
UPLOAD_STORAGE_HINT	approved/private-profile.final-approved.html	110
UPLOAD_STORAGE_HINT	approved/private-profile.final-approved.html	140
UPLOAD_STORAGE_HINT	approved/private-profile.final-approved.html	178
UPLOAD_STORAGE_HINT	approved/private-profile.final-approved.html	187
UPLOAD_STORAGE_HINT	approved/private-profile.final-approved.html	188
UPLOAD_STORAGE_HINT	approved/private-profile.final-approved.html	192
UPLOAD_STORAGE_HINT	approved/private-profile.final-approved.html	199
UPLOAD_STORAGE_HINT	approved/private-profile.final-approved.html	200
UPLOAD_STORAGE_HINT	approved/private-profile.final-approved.html	201
UPLOAD_STORAGE_HINT	approved/private-profile.final-approved.html	202
UPLOAD_STORAGE_HINT	approved/private-profile.final-approved.html	203
UPLOAD_STORAGE_HINT	approved/private-profile.final-approved.html	204
UPLOAD_STORAGE_HINT	approved/private-profile.final-approved.html	205
UPLOAD_STORAGE_HINT	approved/private-profile.final-approved.html	206
UPLOAD_STORAGE_HINT	approved/private-profile.final-approved.html	213
UPLOAD_STORAGE_HINT	approved/private-profile.final-approved.html	216
UPLOAD_STORAGE_HINT	approved/private-profile.final-approved.html	217
UPLOAD_STORAGE_HINT	approved/private-profile.final-approved.html	221
UPLOAD_STORAGE_HINT	approved/private-profile.final-approved.html	222
UPLOAD_STORAGE_HINT	approved/private-profile.final-approved.html	223
UPLOAD_STORAGE_HINT	approved/private-profile.final-approved.html	224
UPLOAD_STORAGE_HINT	approved/private-profile.final-approved.html	225
UPLOAD_STORAGE_HINT	approved/private-profile.final-approved.html	226
UPLOAD_STORAGE_HINT	approved/private-profile.final-approved.html	227
UPLOAD_STORAGE_HINT	approved/private-profile.final-approved.html	230
UPLOAD_STORAGE_HINT	approved/private-profile.final-approved.html	231
UPLOAD_STORAGE_HINT	approved/private-profile.final-approved.html	232
UPLOAD_STORAGE_HINT	approved/private-profile.final-approved.html	233
UPLOAD_STORAGE_HINT	approved/private-profile.final-approved.html	234
UPLOAD_STORAGE_HINT	approved/private-profile.final-approved.html	235
UPLOAD_STORAGE_HINT	approved/private-profile.final-approved.html	236
UPLOAD_STORAGE_HINT	approved/private-profile.final-approved.html	238
UPLOAD_STORAGE_HINT	approved/private-profile.final-approved.html	239
UPLOAD_STORAGE_HINT	approved/private-profile.final-approved.html	338
UPLOAD_STORAGE_HINT	approved/private-profile.final-approved.html	437
UPLOAD_STORAGE_HINT	approved/private-profile.final-approved.html	449
UPLOAD_STORAGE_HINT	approved/private-profile.final-approved.html	450
UPLOAD_STORAGE_HINT	approved/private-profile.final-approved.html	452
UPLOAD_STORAGE_HINT	approved/private-profile.final-approved.html	453
UPLOAD_STORAGE_HINT	approved/private-profile.final-approved.html	454
UPLOAD_STORAGE_HINT	approved/private-profile.final-approved.html	456
UPLOAD_STORAGE_HINT	approved/public-desktop-audit.md	103
UPLOAD_STORAGE_HINT	approved/public-desktop-audit.md	479
UPLOAD_STORAGE_HINT	approved/public-desktop-audit.md	487
UPLOAD_STORAGE_HINT	approved/public-desktop-audit.md	510
UPLOAD_STORAGE_HINT	approved/public-desktop-audit.md	514
UPLOAD_STORAGE_HINT	approved/public-mobile-audit.md	103
UPLOAD_STORAGE_HINT	approved/public-mobile-audit.md	479
UPLOAD_STORAGE_HINT	approved/public-mobile-audit.md	487
UPLOAD_STORAGE_HINT	approved/public-mobile-audit.md	510
UPLOAD_STORAGE_HINT	approved/public-mobile-audit.md	514
UPLOAD_STORAGE_HINT	approved/public-profile.final-approved.html	257
UPLOAD_STORAGE_HINT	approved/public-profile.final-approved.html	310
UPLOAD_STORAGE_HINT	approved/public-profile.final-approved.html	311
UPLOAD_STORAGE_HINT	approved/public-profile.final-approved.html	408
UPLOAD_STORAGE_HINT	approved/public-profile.final-approved.html	523
UPLOAD_STORAGE_HINT	approved/public-profile.final-approved.html	524
UPLOAD_STORAGE_HINT	approved/public-profile.final-approved.html	612
UPLOAD_STORAGE_HINT	approved/public-profile.final-approved.html	698
UPLOAD_STORAGE_HINT	approved/public-profile.final-approved.html	707
UPLOAD_STORAGE_HINT	approved/public-profile.final-approved.html	728
UPLOAD_STORAGE_HINT	approved/public-profile.final-approved.html	736
UPLOAD_STORAGE_HINT	approved/public-profile.final-approved.html	744
UPLOAD_STORAGE_HINT	approved/public-profile.final-approved.html	752
UPLOAD_STORAGE_HINT	approved/public-profile.final-approved.html	772
UPLOAD_STORAGE_HINT	approved/public-profile.final-approved.html	782
UPLOAD_STORAGE_HINT	approved/public-profile.final-approved.html	792
UPLOAD_STORAGE_HINT	approved/public-profile.final-approved.html	802
UPLOAD_STORAGE_HINT	approved/public-profile.final-approved.html	812
UPLOAD_STORAGE_HINT	approved/public-profile.final-approved.html	825
UPLOAD_STORAGE_HINT	approved/public-profile.final-approved.html	829
UPLOAD_STORAGE_HINT	approved/public-profile.final-approved.html	840
UPLOAD_STORAGE_HINT	approved/public-profile.final-approved.html	856
UPLOAD_STORAGE_HINT	approved/public-profile.final-approved.html	866
UPLOAD_STORAGE_HINT	approved/public-profile.final-approved.html	881
UPLOAD_STORAGE_HINT	approved/public-profile.final-approved.html	935
UPLOAD_STORAGE_HINT	approved/public-profile.final-approved.html	949
UPLOAD_STORAGE_HINT	approved/public-profile.final-approved.html	958
UPLOAD_STORAGE_HINT	approved/public-profile.final-approved.html	965
UPLOAD_STORAGE_HINT	approved/public-profile.final-approved.html	1026
UPLOAD_STORAGE_HINT	approved/public-profile.final-approved.html	1041
UPLOAD_STORAGE_HINT	approved/public-profile.final-approved.html	1077
UPLOAD_STORAGE_HINT	approved/public-profile.final-approved.html	1111
UPLOAD_STORAGE_HINT	approved/public-profile.final-approved.html	1114
UPLOAD_STORAGE_HINT	approved/public-profile.final-approved.html	1122
UPLOAD_STORAGE_HINT	approved/public-profile.final-approved.html	1123
UPLOAD_STORAGE_HINT	approved/public-profile.final-approved.html	1153
UPLOAD_STORAGE_HINT	approved/public-profile.final-approved.html	1157
UPLOAD_STORAGE_HINT	approved/public-profile.final-approved.html	1309
UPLOAD_STORAGE_HINT	approved/public-profile.mobile-approved.html	257
UPLOAD_STORAGE_HINT	approved/public-profile.mobile-approved.html	310
UPLOAD_STORAGE_HINT	approved/public-profile.mobile-approved.html	311
UPLOAD_STORAGE_HINT	approved/public-profile.mobile-approved.html	408
UPLOAD_STORAGE_HINT	approved/public-profile.mobile-approved.html	523
UPLOAD_STORAGE_HINT	approved/public-profile.mobile-approved.html	524
UPLOAD_STORAGE_HINT	approved/public-profile.mobile-approved.html	612
UPLOAD_STORAGE_HINT	approved/public-profile.mobile-approved.html	698
UPLOAD_STORAGE_HINT	approved/public-profile.mobile-approved.html	707
UPLOAD_STORAGE_HINT	approved/public-profile.mobile-approved.html	728
UPLOAD_STORAGE_HINT	approved/public-profile.mobile-approved.html	736
UPLOAD_STORAGE_HINT	approved/public-profile.mobile-approved.html	744
UPLOAD_STORAGE_HINT	approved/public-profile.mobile-approved.html	752
UPLOAD_STORAGE_HINT	approved/public-profile.mobile-approved.html	772
UPLOAD_STORAGE_HINT	approved/public-profile.mobile-approved.html	782
UPLOAD_STORAGE_HINT	approved/public-profile.mobile-approved.html	792
UPLOAD_STORAGE_HINT	approved/public-profile.mobile-approved.html	802
UPLOAD_STORAGE_HINT	approved/public-profile.mobile-approved.html	812
UPLOAD_STORAGE_HINT	approved/public-profile.mobile-approved.html	825
UPLOAD_STORAGE_HINT	approved/public-profile.mobile-approved.html	829
UPLOAD_STORAGE_HINT	approved/public-profile.mobile-approved.html	840
UPLOAD_STORAGE_HINT	approved/public-profile.mobile-approved.html	856
UPLOAD_STORAGE_HINT	approved/public-profile.mobile-approved.html	866
UPLOAD_STORAGE_HINT	approved/public-profile.mobile-approved.html	881
UPLOAD_STORAGE_HINT	approved/public-profile.mobile-approved.html	935
UPLOAD_STORAGE_HINT	approved/public-profile.mobile-approved.html	949
UPLOAD_STORAGE_HINT	approved/public-profile.mobile-approved.html	958
UPLOAD_STORAGE_HINT	approved/public-profile.mobile-approved.html	965
UPLOAD_STORAGE_HINT	approved/public-profile.mobile-approved.html	1026
UPLOAD_STORAGE_HINT	approved/public-profile.mobile-approved.html	1041
UPLOAD_STORAGE_HINT	approved/public-profile.mobile-approved.html	1077
UPLOAD_STORAGE_HINT	approved/public-profile.mobile-approved.html	1111
UPLOAD_STORAGE_HINT	approved/public-profile.mobile-approved.html	1114
UPLOAD_STORAGE_HINT	approved/public-profile.mobile-approved.html	1122
UPLOAD_STORAGE_HINT	approved/public-profile.mobile-approved.html	1123
UPLOAD_STORAGE_HINT	approved/public-profile.mobile-approved.html	1153
UPLOAD_STORAGE_HINT	approved/public-profile.mobile-approved.html	1157
UPLOAD_STORAGE_HINT	approved/public-profile.mobile-approved.html	1309
UPLOAD_STORAGE_HINT	approved/require-auth-approved.js	25
UPLOAD_STORAGE_HINT	approved/require-auth-final.js	25
UPLOAD_STORAGE_HINT	approved/service-worker-clerk-cache-7-1/sw-before-clerk-cache-cleanup-20260708.js	5
UPLOAD_STORAGE_HINT	approved/service-worker-clerk-cache-7-1/sw-before-clerk-cache-cleanup-20260708.js	6
UPLOAD_STORAGE_HINT	approved/service-worker-clerk-cache-7-1/sw-before-clerk-cache-cleanup-20260708.js	7
UPLOAD_STORAGE_HINT	approved/social-ui-before-force-post-options-menu-20260708.js	53
UPLOAD_STORAGE_HINT	approved/social-ui-before-force-post-options-menu-20260708.js	60
UPLOAD_STORAGE_HINT	approved/social-ui-before-force-post-options-menu-20260708.js	70
UPLOAD_STORAGE_HINT	approved/social-ui-before-force-post-options-menu-20260708.js	74
UPLOAD_STORAGE_HINT	approved/social-ui-before-force-post-options-menu-20260708.js	673
UPLOAD_STORAGE_HINT	approved/social-ui-before-force-post-options-menu-20260708.js	674
UPLOAD_STORAGE_HINT	approved/social-ui-before-force-post-options-menu-20260708.js	675
UPLOAD_STORAGE_HINT	approved/social-ui-before-force-post-options-menu-20260708.js	692
UPLOAD_STORAGE_HINT	approved/social-ui-before-force-post-options-menu-20260708.js	700
UPLOAD_STORAGE_HINT	approved/social-ui-before-force-post-options-menu-20260708.js	712
UPLOAD_STORAGE_HINT	approved/social-ui-before-force-post-options-menu-20260708.js	713
UPLOAD_STORAGE_HINT	approved/social-ui-before-force-post-options-menu-20260708.js	714
UPLOAD_STORAGE_HINT	approved/social-ui-before-force-post-options-menu-20260708.js	719
UPLOAD_STORAGE_HINT	approved/social-ui-before-force-post-options-menu-20260708.js	720
UPLOAD_STORAGE_HINT	approved/social-ui-before-force-post-options-menu-20260708.js	725
UPLOAD_STORAGE_HINT	approved/social-ui-before-force-post-options-menu-20260708.js	727
UPLOAD_STORAGE_HINT	approved/social-ui-before-force-post-options-menu-20260708.js	760
UPLOAD_STORAGE_HINT	approved/social-ui-before-force-post-options-menu-20260708.js	762
UPLOAD_STORAGE_HINT	approved/social-ui-before-force-post-options-menu-20260708.js	770
UPLOAD_STORAGE_HINT	approved/social-ui-before-force-post-options-menu-20260708.js	771
UPLOAD_STORAGE_HINT	approved/social-ui-before-force-post-options-menu-20260708.js	804
UPLOAD_STORAGE_HINT	approved/social-ui-before-force-post-options-menu-20260708.js	822
UPLOAD_STORAGE_HINT	approved/social-ui-before-force-post-options-menu-20260708.js	1110
UPLOAD_STORAGE_HINT	approved/social-ui-before-force-post-options-menu-20260708.js	1111
UPLOAD_STORAGE_HINT	approved/social-ui-before-force-post-options-menu-20260708.js	1296
UPLOAD_STORAGE_HINT	approved/social-ui-before-force-post-options-menu-20260708.js	1299
UPLOAD_STORAGE_HINT	approved/social-ui-before-force-post-options-menu-20260708.js	1300
UPLOAD_STORAGE_HINT	approved/social-ui-before-force-post-options-menu-20260708.js	1331
UPLOAD_STORAGE_HINT	approved/social-ui-before-force-post-options-menu-20260708.js	1493
UPLOAD_STORAGE_HINT	approved/social-ui-before-force-post-options-menu-20260708.js	1496
UPLOAD_STORAGE_HINT	approved/social-ui-before-force-post-options-menu-20260708.js	1715
UPLOAD_STORAGE_HINT	approved/social-ui-before-force-post-options-menu-20260708.js	1791
UPLOAD_STORAGE_HINT	approved/social-ui-before-force-post-options-menu-20260708.js	1807
UPLOAD_STORAGE_HINT	approved/social-ui-before-force-post-options-menu-20260708.js	1868
UPLOAD_STORAGE_HINT	approved/social-ui-before-force-post-options-menu-20260708.js	1967
UPLOAD_STORAGE_HINT	approved/social-ui-before-force-post-options-menu-20260708.js	1986
UPLOAD_STORAGE_HINT	approved/social-ui-before-force-post-options-menu-20260708.js	2211
UPLOAD_STORAGE_HINT	approved/social-ui-before-force-post-options-menu-20260708.js	2416
UPLOAD_STORAGE_HINT	approved/social-ui-before-force-post-options-menu-20260708.js	2738
UPLOAD_STORAGE_HINT	approved/social-ui-before-force-post-options-menu-20260708.js	2739
UPLOAD_STORAGE_HINT	approved/social-ui-before-force-post-options-menu-20260708.js	2740
UPLOAD_STORAGE_HINT	approved/social-ui-before-force-post-options-menu-20260708.js	2741
UPLOAD_STORAGE_HINT	approved/social-ui-before-force-post-options-menu-20260708.js	2742
UPLOAD_STORAGE_HINT	approved/social-ui-before-force-post-options-menu-20260708.js	2743
UPLOAD_STORAGE_HINT	approved/social-ui-before-force-post-options-menu-20260708.js	2746
UPLOAD_STORAGE_HINT	approved/social-ui-before-force-post-options-menu-20260708.js	2754
UPLOAD_STORAGE_HINT	approved/social-ui-before-force-post-options-menu-20260708.js	2778
UPLOAD_STORAGE_HINT	approved/social-ui-before-force-post-options-menu-20260708.js	2782
UPLOAD_STORAGE_HINT	approved/social-ui-before-force-post-options-menu-20260708.js	2798
UPLOAD_STORAGE_HINT	approved/social-ui-before-force-post-options-menu-20260708.js	2801
UPLOAD_STORAGE_HINT	approved/social-ui-before-force-post-options-menu-20260708.js	2802
UPLOAD_STORAGE_HINT	approved/social-ui-before-force-post-options-menu-20260708.js	2810
UPLOAD_STORAGE_HINT	approved/social-ui-before-force-post-options-menu-20260708.js	2816
UPLOAD_STORAGE_HINT	approved/social-ui-before-force-post-options-menu-20260708.js	2820
UPLOAD_STORAGE_HINT	approved/social-ui-before-force-post-options-menu-20260708.js	2824
UPLOAD_STORAGE_HINT	approved/social-ui-before-force-post-options-menu-20260708.js	2826
UPLOAD_STORAGE_HINT	approved/social-ui-before-force-post-options-menu-20260708.js	2828
UPLOAD_STORAGE_HINT	approved/social-ui-before-force-post-options-menu-20260708.js	2846
UPLOAD_STORAGE_HINT	approved/social-ui-before-force-post-options-menu-20260708.js	2848
UPLOAD_STORAGE_HINT	approved/social-ui-before-force-post-options-menu-20260708.js	2850
UPLOAD_STORAGE_HINT	approved/social-ui-before-force-post-options-menu-20260708.js	2857
UPLOAD_STORAGE_HINT	approved/social-ui-before-force-post-options-menu-20260708.js	2858
UPLOAD_STORAGE_HINT	approved/social-ui-before-force-post-options-menu-20260708.js	2859
UPLOAD_STORAGE_HINT	approved/social-ui-before-force-post-options-menu-20260708.js	2860
UPLOAD_STORAGE_HINT	approved/social-ui-before-force-post-options-menu-20260708.js	2862
UPLOAD_STORAGE_HINT	approved/social-ui-before-force-post-options-menu-20260708.js	2864
UPLOAD_STORAGE_HINT	approved/social-ui-before-force-post-options-menu-20260708.js	2871
UPLOAD_STORAGE_HINT	approved/social-ui-before-force-post-options-menu-20260708.js	2872
UPLOAD_STORAGE_HINT	approved/social-ui-before-force-post-options-menu-20260708.js	2873
UPLOAD_STORAGE_HINT	approved/social-ui-before-force-post-options-menu-20260708.js	2876
UPLOAD_STORAGE_HINT	approved/social-ui-before-force-post-options-menu-20260708.js	3067
UPLOAD_STORAGE_HINT	approved/social-ui-before-force-post-options-menu-20260708.js	3068
UPLOAD_STORAGE_HINT	approved/social-ui-before-force-post-options-menu-20260708.js	3074
UPLOAD_STORAGE_HINT	approved/social-ui-before-force-post-options-menu-20260708.js	3081
UPLOAD_STORAGE_HINT	approved/social-ui-before-force-post-options-menu-20260708.js	3099
UPLOAD_STORAGE_HINT	approved/social-ui-before-force-post-options-menu-20260708.js	3100
UPLOAD_STORAGE_HINT	approved/social-ui-before-force-post-options-menu-20260708.js	3101
UPLOAD_STORAGE_HINT	approved/social-ui-before-force-post-options-menu-20260708.js	3102
UPLOAD_STORAGE_HINT	approved/social-ui-before-force-post-options-menu-20260708.js	3124
UPLOAD_STORAGE_HINT	approved/social-ui-before-force-post-options-menu-20260708.js	3125
UPLOAD_STORAGE_HINT	approved/social-ui-before-force-post-options-menu-20260708.js	3126
UPLOAD_STORAGE_HINT	approved/social-ui-before-force-post-options-menu-20260708.js	3127
UPLOAD_STORAGE_HINT	approved/social-ui-before-force-post-options-menu-20260708.js	3133
UPLOAD_STORAGE_HINT	approved/social-ui-before-force-post-options-menu-20260708.js	3134
UPLOAD_STORAGE_HINT	approved/social-ui-before-force-post-options-menu-20260708.js	3141
UPLOAD_STORAGE_HINT	approved/social-ui-before-force-post-options-menu-20260708.js	3149
UPLOAD_STORAGE_HINT	approved/social-ui-before-force-post-options-menu-20260708.js	3153
UPLOAD_STORAGE_HINT	approved/social-ui-before-force-post-options-menu-20260708.js	3186
UPLOAD_STORAGE_HINT	approved/social-ui-before-force-post-options-menu-20260708.js	3223
UPLOAD_STORAGE_HINT	approved/social-ui-before-force-post-options-menu-20260708.js	3224
UPLOAD_STORAGE_HINT	approved/social-ui-before-force-post-options-menu-20260708.js	3225
UPLOAD_STORAGE_HINT	approved/social-ui-before-force-post-options-menu-20260708.js	3226
UPLOAD_STORAGE_HINT	approved/social-ui-before-force-post-options-menu-20260708.js	3227
UPLOAD_STORAGE_HINT	approved/social-ui-before-post-options-menu-tiger-care-20260707.js	53
UPLOAD_STORAGE_HINT	approved/social-ui-before-post-options-menu-tiger-care-20260707.js	60
UPLOAD_STORAGE_HINT	approved/social-ui-before-post-options-menu-tiger-care-20260707.js	70
UPLOAD_STORAGE_HINT	approved/social-ui-before-post-options-menu-tiger-care-20260707.js	74
UPLOAD_STORAGE_HINT	approved/social-ui-before-post-options-menu-tiger-care-20260707.js	454
UPLOAD_STORAGE_HINT	approved/social-ui-before-post-options-menu-tiger-care-20260707.js	455
UPLOAD_STORAGE_HINT	approved/social-ui-before-post-options-menu-tiger-care-20260707.js	456
UPLOAD_STORAGE_HINT	approved/social-ui-before-post-options-menu-tiger-care-20260707.js	473
UPLOAD_STORAGE_HINT	approved/social-ui-before-post-options-menu-tiger-care-20260707.js	481
UPLOAD_STORAGE_HINT	approved/social-ui-before-post-options-menu-tiger-care-20260707.js	493
UPLOAD_STORAGE_HINT	approved/social-ui-before-post-options-menu-tiger-care-20260707.js	494
UPLOAD_STORAGE_HINT	approved/social-ui-before-post-options-menu-tiger-care-20260707.js	495
UPLOAD_STORAGE_HINT	approved/social-ui-before-post-options-menu-tiger-care-20260707.js	500
UPLOAD_STORAGE_HINT	approved/social-ui-before-post-options-menu-tiger-care-20260707.js	501
UPLOAD_STORAGE_HINT	approved/social-ui-before-post-options-menu-tiger-care-20260707.js	506
UPLOAD_STORAGE_HINT	approved/social-ui-before-post-options-menu-tiger-care-20260707.js	508
UPLOAD_STORAGE_HINT	approved/social-ui-before-post-options-menu-tiger-care-20260707.js	541
UPLOAD_STORAGE_HINT	approved/social-ui-before-post-options-menu-tiger-care-20260707.js	543
UPLOAD_STORAGE_HINT	approved/social-ui-before-post-options-menu-tiger-care-20260707.js	551
UPLOAD_STORAGE_HINT	approved/social-ui-before-post-options-menu-tiger-care-20260707.js	552
UPLOAD_STORAGE_HINT	approved/social-ui-before-post-options-menu-tiger-care-20260707.js	585
UPLOAD_STORAGE_HINT	approved/social-ui-before-post-options-menu-tiger-care-20260707.js	603
UPLOAD_STORAGE_HINT	approved/social-ui-before-post-options-menu-tiger-care-20260707.js	891
UPLOAD_STORAGE_HINT	approved/social-ui-before-post-options-menu-tiger-care-20260707.js	892
UPLOAD_STORAGE_HINT	approved/social-ui-before-post-options-menu-tiger-care-20260707.js	1077
UPLOAD_STORAGE_HINT	approved/social-ui-before-post-options-menu-tiger-care-20260707.js	1080
UPLOAD_STORAGE_HINT	approved/social-ui-before-post-options-menu-tiger-care-20260707.js	1081
UPLOAD_STORAGE_HINT	approved/social-ui-before-post-options-menu-tiger-care-20260707.js	1112
UPLOAD_STORAGE_HINT	approved/social-ui-before-post-options-menu-tiger-care-20260707.js	1274
UPLOAD_STORAGE_HINT	approved/social-ui-before-post-options-menu-tiger-care-20260707.js	1277
UPLOAD_STORAGE_HINT	approved/social-ui-before-post-options-menu-tiger-care-20260707.js	1496
UPLOAD_STORAGE_HINT	approved/social-ui-before-post-options-menu-tiger-care-20260707.js	1572
UPLOAD_STORAGE_HINT	approved/social-ui-before-post-options-menu-tiger-care-20260707.js	1588
UPLOAD_STORAGE_HINT	approved/social-ui-before-post-options-menu-tiger-care-20260707.js	1649
UPLOAD_STORAGE_HINT	approved/social-ui-before-post-options-menu-tiger-care-20260707.js	1748
UPLOAD_STORAGE_HINT	approved/social-ui-before-post-options-menu-tiger-care-20260707.js	1767
UPLOAD_STORAGE_HINT	approved/social-ui-before-post-options-menu-tiger-care-20260707.js	1992
UPLOAD_STORAGE_HINT	approved/social-ui-before-post-options-menu-tiger-care-20260707.js	2197
UPLOAD_STORAGE_HINT	approved/social-ui-before-post-options-menu-tiger-care-20260707.js	2519
UPLOAD_STORAGE_HINT	approved/social-ui-before-post-options-menu-tiger-care-20260707.js	2520
UPLOAD_STORAGE_HINT	approved/social-ui-before-post-options-menu-tiger-care-20260707.js	2521
UPLOAD_STORAGE_HINT	approved/social-ui-before-post-options-menu-tiger-care-20260707.js	2522
UPLOAD_STORAGE_HINT	approved/social-ui-before-post-options-menu-tiger-care-20260707.js	2523
UPLOAD_STORAGE_HINT	approved/social-ui-before-post-options-menu-tiger-care-20260707.js	2524
UPLOAD_STORAGE_HINT	approved/social-ui-before-post-options-menu-tiger-care-20260707.js	2527
UPLOAD_STORAGE_HINT	approved/social-ui-before-post-options-menu-tiger-care-20260707.js	2535
UPLOAD_STORAGE_HINT	approved/social-ui-before-post-options-menu-tiger-care-20260707.js	2559
UPLOAD_STORAGE_HINT	approved/social-ui-before-post-options-menu-tiger-care-20260707.js	2563
UPLOAD_STORAGE_HINT	approved/social-ui-before-post-options-menu-tiger-care-20260707.js	2579
UPLOAD_STORAGE_HINT	approved/social-ui-before-post-options-menu-tiger-care-20260707.js	2582
UPLOAD_STORAGE_HINT	approved/social-ui-before-post-options-menu-tiger-care-20260707.js	2583
UPLOAD_STORAGE_HINT	approved/social-ui-before-post-options-menu-tiger-care-20260707.js	2591
UPLOAD_STORAGE_HINT	approved/social-ui-before-post-options-menu-tiger-care-20260707.js	2597
UPLOAD_STORAGE_HINT	approved/social-ui-before-post-options-menu-tiger-care-20260707.js	2601
UPLOAD_STORAGE_HINT	approved/social-ui-before-post-options-menu-tiger-care-20260707.js	2605
UPLOAD_STORAGE_HINT	approved/social-ui-before-post-options-menu-tiger-care-20260707.js	2607
UPLOAD_STORAGE_HINT	approved/social-ui-before-post-options-menu-tiger-care-20260707.js	2609
UPLOAD_STORAGE_HINT	approved/social-ui-before-post-options-menu-tiger-care-20260707.js	2627
UPLOAD_STORAGE_HINT	approved/social-ui-before-post-options-menu-tiger-care-20260707.js	2629
UPLOAD_STORAGE_HINT	approved/social-ui-before-post-options-menu-tiger-care-20260707.js	2631
UPLOAD_STORAGE_HINT	approved/social-ui-before-post-options-menu-tiger-care-20260707.js	2638
UPLOAD_STORAGE_HINT	approved/social-ui-before-post-options-menu-tiger-care-20260707.js	2639
UPLOAD_STORAGE_HINT	approved/social-ui-before-post-options-menu-tiger-care-20260707.js	2640
UPLOAD_STORAGE_HINT	approved/social-ui-before-post-options-menu-tiger-care-20260707.js	2641
UPLOAD_STORAGE_HINT	approved/social-ui-before-post-options-menu-tiger-care-20260707.js	2643
UPLOAD_STORAGE_HINT	approved/social-ui-before-post-options-menu-tiger-care-20260707.js	2645
UPLOAD_STORAGE_HINT	approved/social-ui-before-post-options-menu-tiger-care-20260707.js	2652
UPLOAD_STORAGE_HINT	approved/social-ui-before-post-options-menu-tiger-care-20260707.js	2653
UPLOAD_STORAGE_HINT	approved/social-ui-before-post-options-menu-tiger-care-20260707.js	2654
UPLOAD_STORAGE_HINT	approved/social-ui-before-post-options-menu-tiger-care-20260707.js	2657
UPLOAD_STORAGE_HINT	approved/social-ui-before-post-options-menu-tiger-care-20260707.js	2848
UPLOAD_STORAGE_HINT	approved/social-ui-before-post-options-menu-tiger-care-20260707.js	2849
UPLOAD_STORAGE_HINT	approved/social-ui-before-post-options-menu-tiger-care-20260707.js	2855
UPLOAD_STORAGE_HINT	approved/social-ui-before-post-options-menu-tiger-care-20260707.js	2862
UPLOAD_STORAGE_HINT	approved/social-ui-before-post-options-menu-tiger-care-20260707.js	2880
UPLOAD_STORAGE_HINT	approved/social-ui-before-post-options-menu-tiger-care-20260707.js	2881
UPLOAD_STORAGE_HINT	approved/social-ui-before-post-options-menu-tiger-care-20260707.js	2882
UPLOAD_STORAGE_HINT	approved/social-ui-before-post-options-menu-tiger-care-20260707.js	2883
UPLOAD_STORAGE_HINT	approved/social-ui-before-post-options-menu-tiger-care-20260707.js	2905
UPLOAD_STORAGE_HINT	approved/social-ui-before-post-options-menu-tiger-care-20260707.js	2906
UPLOAD_STORAGE_HINT	approved/social-ui-before-post-options-menu-tiger-care-20260707.js	2907
UPLOAD_STORAGE_HINT	approved/social-ui-before-post-options-menu-tiger-care-20260707.js	2908
UPLOAD_STORAGE_HINT	approved/social-ui-before-post-options-menu-tiger-care-20260707.js	2914
UPLOAD_STORAGE_HINT	approved/social-ui-before-post-options-menu-tiger-care-20260707.js	2915
UPLOAD_STORAGE_HINT	approved/social-ui-before-post-options-menu-tiger-care-20260707.js	2922
UPLOAD_STORAGE_HINT	approved/social-ui-before-post-options-menu-tiger-care-20260707.js	2930
UPLOAD_STORAGE_HINT	approved/social-ui-before-post-options-menu-tiger-care-20260707.js	2934
UPLOAD_STORAGE_HINT	approved/social-ui-before-post-options-menu-tiger-care-20260707.js	2967
UPLOAD_STORAGE_HINT	approved/social-ui-before-post-options-menu-tiger-care-20260707.js	3004
UPLOAD_STORAGE_HINT	approved/social-ui-before-post-options-menu-tiger-care-20260707.js	3005
UPLOAD_STORAGE_HINT	approved/social-ui-before-post-options-menu-tiger-care-20260707.js	3006
UPLOAD_STORAGE_HINT	approved/social-ui-before-post-options-menu-tiger-care-20260707.js	3007
UPLOAD_STORAGE_HINT	approved/social-ui-before-post-options-menu-tiger-care-20260707.js	3008
UPLOAD_STORAGE_HINT	approved/social-ui-before-tiger-care-feedback-fix-20260708.js	53
UPLOAD_STORAGE_HINT	approved/social-ui-before-tiger-care-feedback-fix-20260708.js	60
UPLOAD_STORAGE_HINT	approved/social-ui-before-tiger-care-feedback-fix-20260708.js	70
UPLOAD_STORAGE_HINT	approved/social-ui-before-tiger-care-feedback-fix-20260708.js	74
UPLOAD_STORAGE_HINT	approved/social-ui-before-tiger-care-feedback-fix-20260708.js	703
UPLOAD_STORAGE_HINT	approved/social-ui-before-tiger-care-feedback-fix-20260708.js	704
UPLOAD_STORAGE_HINT	approved/social-ui-before-tiger-care-feedback-fix-20260708.js	705
UPLOAD_STORAGE_HINT	approved/social-ui-before-tiger-care-feedback-fix-20260708.js	722
UPLOAD_STORAGE_HINT	approved/social-ui-before-tiger-care-feedback-fix-20260708.js	730
UPLOAD_STORAGE_HINT	approved/social-ui-before-tiger-care-feedback-fix-20260708.js	742
UPLOAD_STORAGE_HINT	approved/social-ui-before-tiger-care-feedback-fix-20260708.js	743
UPLOAD_STORAGE_HINT	approved/social-ui-before-tiger-care-feedback-fix-20260708.js	744
UPLOAD_STORAGE_HINT	approved/social-ui-before-tiger-care-feedback-fix-20260708.js	749
UPLOAD_STORAGE_HINT	approved/social-ui-before-tiger-care-feedback-fix-20260708.js	750
UPLOAD_STORAGE_HINT	approved/social-ui-before-tiger-care-feedback-fix-20260708.js	755
UPLOAD_STORAGE_HINT	approved/social-ui-before-tiger-care-feedback-fix-20260708.js	757
UPLOAD_STORAGE_HINT	approved/social-ui-before-tiger-care-feedback-fix-20260708.js	790
UPLOAD_STORAGE_HINT	approved/social-ui-before-tiger-care-feedback-fix-20260708.js	792
UPLOAD_STORAGE_HINT	approved/social-ui-before-tiger-care-feedback-fix-20260708.js	800
UPLOAD_STORAGE_HINT	approved/social-ui-before-tiger-care-feedback-fix-20260708.js	801
UPLOAD_STORAGE_HINT	approved/social-ui-before-tiger-care-feedback-fix-20260708.js	834
UPLOAD_STORAGE_HINT	approved/social-ui-before-tiger-care-feedback-fix-20260708.js	852
UPLOAD_STORAGE_HINT	approved/social-ui-before-tiger-care-feedback-fix-20260708.js	1140
UPLOAD_STORAGE_HINT	approved/social-ui-before-tiger-care-feedback-fix-20260708.js	1141
UPLOAD_STORAGE_HINT	approved/social-ui-before-tiger-care-feedback-fix-20260708.js	1326
UPLOAD_STORAGE_HINT	approved/social-ui-before-tiger-care-feedback-fix-20260708.js	1329
UPLOAD_STORAGE_HINT	approved/social-ui-before-tiger-care-feedback-fix-20260708.js	1330
UPLOAD_STORAGE_HINT	approved/social-ui-before-tiger-care-feedback-fix-20260708.js	1361
UPLOAD_STORAGE_HINT	approved/social-ui-before-tiger-care-feedback-fix-20260708.js	1523
UPLOAD_STORAGE_HINT	approved/social-ui-before-tiger-care-feedback-fix-20260708.js	1526
UPLOAD_STORAGE_HINT	approved/social-ui-before-tiger-care-feedback-fix-20260708.js	1745
UPLOAD_STORAGE_HINT	approved/social-ui-before-tiger-care-feedback-fix-20260708.js	1821
UPLOAD_STORAGE_HINT	approved/social-ui-before-tiger-care-feedback-fix-20260708.js	1837
UPLOAD_STORAGE_HINT	approved/social-ui-before-tiger-care-feedback-fix-20260708.js	1898
UPLOAD_STORAGE_HINT	approved/social-ui-before-tiger-care-feedback-fix-20260708.js	1997
UPLOAD_STORAGE_HINT	approved/social-ui-before-tiger-care-feedback-fix-20260708.js	2016
UPLOAD_STORAGE_HINT	approved/social-ui-before-tiger-care-feedback-fix-20260708.js	2241
UPLOAD_STORAGE_HINT	approved/social-ui-before-tiger-care-feedback-fix-20260708.js	2446
UPLOAD_STORAGE_HINT	approved/social-ui-before-tiger-care-feedback-fix-20260708.js	2768
UPLOAD_STORAGE_HINT	approved/social-ui-before-tiger-care-feedback-fix-20260708.js	2769
UPLOAD_STORAGE_HINT	approved/social-ui-before-tiger-care-feedback-fix-20260708.js	2770
UPLOAD_STORAGE_HINT	approved/social-ui-before-tiger-care-feedback-fix-20260708.js	2771
UPLOAD_STORAGE_HINT	approved/social-ui-before-tiger-care-feedback-fix-20260708.js	2772
UPLOAD_STORAGE_HINT	approved/social-ui-before-tiger-care-feedback-fix-20260708.js	2773
UPLOAD_STORAGE_HINT	approved/social-ui-before-tiger-care-feedback-fix-20260708.js	2776
UPLOAD_STORAGE_HINT	approved/social-ui-before-tiger-care-feedback-fix-20260708.js	2784
UPLOAD_STORAGE_HINT	approved/social-ui-before-tiger-care-feedback-fix-20260708.js	2808
UPLOAD_STORAGE_HINT	approved/social-ui-before-tiger-care-feedback-fix-20260708.js	2812
UPLOAD_STORAGE_HINT	approved/social-ui-before-tiger-care-feedback-fix-20260708.js	2828
UPLOAD_STORAGE_HINT	approved/social-ui-before-tiger-care-feedback-fix-20260708.js	2831
UPLOAD_STORAGE_HINT	approved/social-ui-before-tiger-care-feedback-fix-20260708.js	2832
UPLOAD_STORAGE_HINT	approved/social-ui-before-tiger-care-feedback-fix-20260708.js	2840
UPLOAD_STORAGE_HINT	approved/social-ui-before-tiger-care-feedback-fix-20260708.js	2846
UPLOAD_STORAGE_HINT	approved/social-ui-before-tiger-care-feedback-fix-20260708.js	2850
UPLOAD_STORAGE_HINT	approved/social-ui-before-tiger-care-feedback-fix-20260708.js	2854
UPLOAD_STORAGE_HINT	approved/social-ui-before-tiger-care-feedback-fix-20260708.js	2856
UPLOAD_STORAGE_HINT	approved/social-ui-before-tiger-care-feedback-fix-20260708.js	2858
UPLOAD_STORAGE_HINT	approved/social-ui-before-tiger-care-feedback-fix-20260708.js	2876
UPLOAD_STORAGE_HINT	approved/social-ui-before-tiger-care-feedback-fix-20260708.js	2878
UPLOAD_STORAGE_HINT	approved/social-ui-before-tiger-care-feedback-fix-20260708.js	2880
UPLOAD_STORAGE_HINT	approved/social-ui-before-tiger-care-feedback-fix-20260708.js	2887
UPLOAD_STORAGE_HINT	approved/social-ui-before-tiger-care-feedback-fix-20260708.js	2888
UPLOAD_STORAGE_HINT	approved/social-ui-before-tiger-care-feedback-fix-20260708.js	2889
UPLOAD_STORAGE_HINT	approved/social-ui-before-tiger-care-feedback-fix-20260708.js	2890
UPLOAD_STORAGE_HINT	approved/social-ui-before-tiger-care-feedback-fix-20260708.js	2892
UPLOAD_STORAGE_HINT	approved/social-ui-before-tiger-care-feedback-fix-20260708.js	2894
UPLOAD_STORAGE_HINT	approved/social-ui-before-tiger-care-feedback-fix-20260708.js	2901
UPLOAD_STORAGE_HINT	approved/social-ui-before-tiger-care-feedback-fix-20260708.js	2902
UPLOAD_STORAGE_HINT	approved/social-ui-before-tiger-care-feedback-fix-20260708.js	2903
UPLOAD_STORAGE_HINT	approved/social-ui-before-tiger-care-feedback-fix-20260708.js	2906
UPLOAD_STORAGE_HINT	approved/social-ui-before-tiger-care-feedback-fix-20260708.js	3097
UPLOAD_STORAGE_HINT	approved/social-ui-before-tiger-care-feedback-fix-20260708.js	3098
UPLOAD_STORAGE_HINT	approved/social-ui-before-tiger-care-feedback-fix-20260708.js	3104
UPLOAD_STORAGE_HINT	approved/social-ui-before-tiger-care-feedback-fix-20260708.js	3111
UPLOAD_STORAGE_HINT	approved/social-ui-before-tiger-care-feedback-fix-20260708.js	3129
UPLOAD_STORAGE_HINT	approved/social-ui-before-tiger-care-feedback-fix-20260708.js	3130
UPLOAD_STORAGE_HINT	approved/social-ui-before-tiger-care-feedback-fix-20260708.js	3131
UPLOAD_STORAGE_HINT	approved/social-ui-before-tiger-care-feedback-fix-20260708.js	3132
UPLOAD_STORAGE_HINT	approved/social-ui-before-tiger-care-feedback-fix-20260708.js	3154
UPLOAD_STORAGE_HINT	approved/social-ui-before-tiger-care-feedback-fix-20260708.js	3155
UPLOAD_STORAGE_HINT	approved/social-ui-before-tiger-care-feedback-fix-20260708.js	3156
UPLOAD_STORAGE_HINT	approved/social-ui-before-tiger-care-feedback-fix-20260708.js	3157
UPLOAD_STORAGE_HINT	approved/social-ui-before-tiger-care-feedback-fix-20260708.js	3163
UPLOAD_STORAGE_HINT	approved/social-ui-before-tiger-care-feedback-fix-20260708.js	3164
UPLOAD_STORAGE_HINT	approved/social-ui-before-tiger-care-feedback-fix-20260708.js	3171
UPLOAD_STORAGE_HINT	approved/social-ui-before-tiger-care-feedback-fix-20260708.js	3179
UPLOAD_STORAGE_HINT	approved/social-ui-before-tiger-care-feedback-fix-20260708.js	3183
UPLOAD_STORAGE_HINT	approved/social-ui-before-tiger-care-feedback-fix-20260708.js	3216
UPLOAD_STORAGE_HINT	approved/social-ui-before-tiger-care-feedback-fix-20260708.js	3253
UPLOAD_STORAGE_HINT	approved/social-ui-before-tiger-care-feedback-fix-20260708.js	3254
UPLOAD_STORAGE_HINT	approved/social-ui-before-tiger-care-feedback-fix-20260708.js	3255
UPLOAD_STORAGE_HINT	approved/social-ui-before-tiger-care-feedback-fix-20260708.js	3256
UPLOAD_STORAGE_HINT	approved/social-ui-before-tiger-care-feedback-fix-20260708.js	3257
UPLOAD_STORAGE_HINT	approved/styles-before-post-options-menu-tiger-care-20260707.css	308
UPLOAD_STORAGE_HINT	approved/styles-before-post-options-menu-tiger-care-20260707.css	309
UPLOAD_STORAGE_HINT	approved/styles-before-post-options-menu-tiger-care-20260707.css	314
UPLOAD_STORAGE_HINT	approved/styles-before-post-options-menu-tiger-care-20260707.css	538
UPLOAD_STORAGE_HINT	approved/styles-before-post-options-menu-tiger-care-20260707.css	902
UPLOAD_STORAGE_HINT	approved/styles-before-post-options-menu-tiger-care-20260707.css	917
UPLOAD_STORAGE_HINT	approved/styles-before-post-options-menu-tiger-care-20260707.css	923
UPLOAD_STORAGE_HINT	approved/styles-before-post-options-menu-tiger-care-20260707.css	929
UPLOAD_STORAGE_HINT	approved/styles-before-post-options-menu-tiger-care-20260707.css	1177
UPLOAD_STORAGE_HINT	approved/styles-before-post-options-menu-tiger-care-20260707.css	1184
UPLOAD_STORAGE_HINT	approved/styles-before-post-options-menu-tiger-care-20260707.css	1193
UPLOAD_STORAGE_HINT	approved/styles-before-post-options-menu-tiger-care-20260707.css	1197
UPLOAD_STORAGE_HINT	approved/styles-before-post-options-menu-tiger-care-20260707.css	1290
UPLOAD_STORAGE_HINT	approved/styles-before-post-options-menu-tiger-care-20260707.css	1431
UPLOAD_STORAGE_HINT	approved/styles-before-post-options-menu-tiger-care-20260707.css	1483
UPLOAD_STORAGE_HINT	approved/styles-before-post-options-menu-tiger-care-20260707.css	1638
UPLOAD_STORAGE_HINT	approved/styles-before-post-options-menu-tiger-care-20260707.css	1643
UPLOAD_STORAGE_HINT	approved/styles-before-post-options-menu-tiger-care-20260707.css	1644
UPLOAD_STORAGE_HINT	approved/styles-before-post-options-menu-tiger-care-20260707.css	1705
UPLOAD_STORAGE_HINT	approved/styles-before-post-options-menu-tiger-care-20260707.css	1902
UPLOAD_STORAGE_HINT	approved/styles-before-post-options-menu-tiger-care-20260707.css	2290
UPLOAD_STORAGE_HINT	approved/styles-before-post-options-menu-tiger-care-20260707.css	2451
UPLOAD_STORAGE_HINT	approved/styles-before-post-options-menu-tiger-care-20260707.css	2466
UPLOAD_STORAGE_HINT	approved/styles-before-post-options-menu-tiger-care-20260707.css	2467
UPLOAD_STORAGE_HINT	approved/styles-before-post-options-menu-tiger-care-20260707.css	2580
UPLOAD_STORAGE_HINT	approved/styles-before-post-options-menu-tiger-care-20260707.css	2586
UPLOAD_STORAGE_HINT	approved/styles-before-post-options-menu-tiger-care-20260707.css	2799
UPLOAD_STORAGE_HINT	approved/styles-before-post-options-menu-tiger-care-20260707.css	2807
UPLOAD_STORAGE_HINT	approved/styles-before-post-options-menu-tiger-care-20260707.css	2812
UPLOAD_STORAGE_HINT	approved/styles-before-post-options-menu-tiger-care-20260707.css	2816
UPLOAD_STORAGE_HINT	approved/styles-before-post-options-menu-tiger-care-20260707.css	2821
UPLOAD_STORAGE_HINT	approved/styles-before-post-options-menu-tiger-care-20260707.css	2848
UPLOAD_STORAGE_HINT	approved/styles-before-post-options-menu-tiger-care-20260707.css	2854
UPLOAD_STORAGE_HINT	approved/styles-before-post-options-menu-tiger-care-20260707.css	2859
UPLOAD_STORAGE_HINT	approved/styles-before-post-options-menu-tiger-care-20260707.css	2872
UPLOAD_STORAGE_HINT	approved/styles-before-post-options-menu-tiger-care-20260707.css	2879
UPLOAD_STORAGE_HINT	approved/styles-before-post-options-menu-tiger-care-20260707.css	3000
UPLOAD_STORAGE_HINT	approved/styles-before-post-options-menu-tiger-care-20260707.css	3014
UPLOAD_STORAGE_HINT	approved/styles-before-post-options-menu-tiger-care-20260707.css	3022
UPLOAD_STORAGE_HINT	approved/styles-before-post-options-menu-tiger-care-20260707.css	3032
UPLOAD_STORAGE_HINT	approved/styles-before-post-options-menu-tiger-care-20260707.css	3039
UPLOAD_STORAGE_HINT	approved/styles-before-post-options-menu-tiger-care-20260707.css	3047
UPLOAD_STORAGE_HINT	approved/styles-before-post-options-menu-tiger-care-20260707.css	3051
UPLOAD_STORAGE_HINT	approved/styles-before-post-options-menu-tiger-care-20260707.css	3062
UPLOAD_STORAGE_HINT	approved/styles-before-post-options-menu-tiger-care-20260707.css	3070
UPLOAD_STORAGE_HINT	approved/styles-before-post-options-menu-tiger-care-20260707.css	3074
UPLOAD_STORAGE_HINT	approved/styles-before-post-options-menu-tiger-care-20260707.css	3080
UPLOAD_STORAGE_HINT	approved/styles-before-post-options-menu-tiger-care-20260707.css	3087
UPLOAD_STORAGE_HINT	approved/styles-before-post-options-menu-tiger-care-20260707.css	3099
UPLOAD_STORAGE_HINT	approved/styles-before-post-options-menu-tiger-care-20260707.css	3103
UPLOAD_STORAGE_HINT	approved/styles-before-post-options-menu-tiger-care-20260707.css	3120
UPLOAD_STORAGE_HINT	approved/styles-before-post-options-menu-tiger-care-20260707.css	3127
UPLOAD_STORAGE_HINT	approved/styles-before-post-options-menu-tiger-care-20260707.css	3133
UPLOAD_STORAGE_HINT	approved/styles-before-post-options-menu-tiger-care-20260707.css	3145
UPLOAD_STORAGE_HINT	approved/styles-before-post-options-menu-tiger-care-20260707.css	3149
UPLOAD_STORAGE_HINT	approved/styles-before-post-options-menu-tiger-care-20260707.css	3433
UPLOAD_STORAGE_HINT	approved/styles-before-post-options-menu-tiger-care-20260707.css	3443
UPLOAD_STORAGE_HINT	approved/styles-before-post-options-menu-tiger-care-20260707.css	3447
UPLOAD_STORAGE_HINT	approved/styles-before-post-options-menu-tiger-care-20260707.css	3458
UPLOAD_STORAGE_HINT	approved/styles-before-post-options-menu-tiger-care-20260707.css	3463
UPLOAD_STORAGE_HINT	approved/styles-before-post-options-menu-tiger-care-20260707.css	3473
UPLOAD_STORAGE_HINT	approved/styles-before-post-options-menu-tiger-care-20260707.css	3483
UPLOAD_STORAGE_HINT	approved/styles-before-post-options-menu-tiger-care-20260707.css	3494
UPLOAD_STORAGE_HINT	approved/styles-before-post-options-menu-tiger-care-20260707.css	3501
UPLOAD_STORAGE_HINT	approved/styles-before-post-options-menu-tiger-care-20260707.css	3511
UPLOAD_STORAGE_HINT	approved/styles-before-post-options-menu-tiger-care-20260707.css	3523
UPLOAD_STORAGE_HINT	approved/styles-before-post-options-menu-tiger-care-20260707.css	3551
UPLOAD_STORAGE_HINT	approved/styles-before-post-options-menu-tiger-care-20260707.css	3564
UPLOAD_STORAGE_HINT	approved/styles-before-post-options-menu-tiger-care-20260707.css	3565
UPLOAD_STORAGE_HINT	approved/styles-before-post-options-menu-tiger-care-20260707.css	3577
UPLOAD_STORAGE_HINT	approved/styles-before-post-options-menu-tiger-care-20260707.css	3629
UPLOAD_STORAGE_HINT	approved/styles-before-post-options-menu-tiger-care-20260707.css	3642
UPLOAD_STORAGE_HINT	approved/styles-before-post-options-menu-tiger-care-20260707.css	3643
UPLOAD_STORAGE_HINT	approved/styles-before-post-options-menu-tiger-care-20260707.css	3655
UPLOAD_STORAGE_HINT	approved/styles-before-post-options-menu-tiger-care-20260707.css	3706
UPLOAD_STORAGE_HINT	approved/styles-before-post-options-menu-tiger-care-20260707.css	3709
UPLOAD_STORAGE_HINT	approved/styles-before-post-options-menu-tiger-care-20260707.css	3719
UPLOAD_STORAGE_HINT	approved/styles-before-post-options-menu-tiger-care-20260707.css	3982
UPLOAD_STORAGE_HINT	approved/styles-before-tiger-care-feedback-fix-20260708.css	308
UPLOAD_STORAGE_HINT	approved/styles-before-tiger-care-feedback-fix-20260708.css	309
UPLOAD_STORAGE_HINT	approved/styles-before-tiger-care-feedback-fix-20260708.css	314
UPLOAD_STORAGE_HINT	approved/styles-before-tiger-care-feedback-fix-20260708.css	538
UPLOAD_STORAGE_HINT	approved/styles-before-tiger-care-feedback-fix-20260708.css	902
UPLOAD_STORAGE_HINT	approved/styles-before-tiger-care-feedback-fix-20260708.css	917
UPLOAD_STORAGE_HINT	approved/styles-before-tiger-care-feedback-fix-20260708.css	923
UPLOAD_STORAGE_HINT	approved/styles-before-tiger-care-feedback-fix-20260708.css	929
UPLOAD_STORAGE_HINT	approved/styles-before-tiger-care-feedback-fix-20260708.css	1177
UPLOAD_STORAGE_HINT	approved/styles-before-tiger-care-feedback-fix-20260708.css	1184
UPLOAD_STORAGE_HINT	approved/styles-before-tiger-care-feedback-fix-20260708.css	1193
UPLOAD_STORAGE_HINT	approved/styles-before-tiger-care-feedback-fix-20260708.css	1197
UPLOAD_STORAGE_HINT	approved/styles-before-tiger-care-feedback-fix-20260708.css	1290
UPLOAD_STORAGE_HINT	approved/styles-before-tiger-care-feedback-fix-20260708.css	1431
UPLOAD_STORAGE_HINT	approved/styles-before-tiger-care-feedback-fix-20260708.css	1483
UPLOAD_STORAGE_HINT	approved/styles-before-tiger-care-feedback-fix-20260708.css	1638
UPLOAD_STORAGE_HINT	approved/styles-before-tiger-care-feedback-fix-20260708.css	1643
UPLOAD_STORAGE_HINT	approved/styles-before-tiger-care-feedback-fix-20260708.css	1644
UPLOAD_STORAGE_HINT	approved/styles-before-tiger-care-feedback-fix-20260708.css	1705
UPLOAD_STORAGE_HINT	approved/styles-before-tiger-care-feedback-fix-20260708.css	1902
UPLOAD_STORAGE_HINT	approved/styles-before-tiger-care-feedback-fix-20260708.css	2290
UPLOAD_STORAGE_HINT	approved/styles-before-tiger-care-feedback-fix-20260708.css	2451
UPLOAD_STORAGE_HINT	approved/styles-before-tiger-care-feedback-fix-20260708.css	2466
UPLOAD_STORAGE_HINT	approved/styles-before-tiger-care-feedback-fix-20260708.css	2467
UPLOAD_STORAGE_HINT	approved/styles-before-tiger-care-feedback-fix-20260708.css	2580
UPLOAD_STORAGE_HINT	approved/styles-before-tiger-care-feedback-fix-20260708.css	2586
UPLOAD_STORAGE_HINT	approved/styles-before-tiger-care-feedback-fix-20260708.css	2799
UPLOAD_STORAGE_HINT	approved/styles-before-tiger-care-feedback-fix-20260708.css	2807
UPLOAD_STORAGE_HINT	approved/styles-before-tiger-care-feedback-fix-20260708.css	2812
UPLOAD_STORAGE_HINT	approved/styles-before-tiger-care-feedback-fix-20260708.css	2816
UPLOAD_STORAGE_HINT	approved/styles-before-tiger-care-feedback-fix-20260708.css	2821
UPLOAD_STORAGE_HINT	approved/styles-before-tiger-care-feedback-fix-20260708.css	2848
UPLOAD_STORAGE_HINT	approved/styles-before-tiger-care-feedback-fix-20260708.css	2854
UPLOAD_STORAGE_HINT	approved/styles-before-tiger-care-feedback-fix-20260708.css	2859
UPLOAD_STORAGE_HINT	approved/styles-before-tiger-care-feedback-fix-20260708.css	2872
UPLOAD_STORAGE_HINT	approved/styles-before-tiger-care-feedback-fix-20260708.css	2879
UPLOAD_STORAGE_HINT	approved/styles-before-tiger-care-feedback-fix-20260708.css	3000
UPLOAD_STORAGE_HINT	approved/styles-before-tiger-care-feedback-fix-20260708.css	3014
UPLOAD_STORAGE_HINT	approved/styles-before-tiger-care-feedback-fix-20260708.css	3022
UPLOAD_STORAGE_HINT	approved/styles-before-tiger-care-feedback-fix-20260708.css	3032
UPLOAD_STORAGE_HINT	approved/styles-before-tiger-care-feedback-fix-20260708.css	3039
UPLOAD_STORAGE_HINT	approved/styles-before-tiger-care-feedback-fix-20260708.css	3047
UPLOAD_STORAGE_HINT	approved/styles-before-tiger-care-feedback-fix-20260708.css	3051
UPLOAD_STORAGE_HINT	approved/styles-before-tiger-care-feedback-fix-20260708.css	3062
UPLOAD_STORAGE_HINT	approved/styles-before-tiger-care-feedback-fix-20260708.css	3070
UPLOAD_STORAGE_HINT	approved/styles-before-tiger-care-feedback-fix-20260708.css	3074
UPLOAD_STORAGE_HINT	approved/styles-before-tiger-care-feedback-fix-20260708.css	3080
UPLOAD_STORAGE_HINT	approved/styles-before-tiger-care-feedback-fix-20260708.css	3087
UPLOAD_STORAGE_HINT	approved/styles-before-tiger-care-feedback-fix-20260708.css	3099
UPLOAD_STORAGE_HINT	approved/styles-before-tiger-care-feedback-fix-20260708.css	3103
UPLOAD_STORAGE_HINT	approved/styles-before-tiger-care-feedback-fix-20260708.css	3120
UPLOAD_STORAGE_HINT	approved/styles-before-tiger-care-feedback-fix-20260708.css	3127
UPLOAD_STORAGE_HINT	approved/styles-before-tiger-care-feedback-fix-20260708.css	3133
UPLOAD_STORAGE_HINT	approved/styles-before-tiger-care-feedback-fix-20260708.css	3145
UPLOAD_STORAGE_HINT	approved/styles-before-tiger-care-feedback-fix-20260708.css	3149
UPLOAD_STORAGE_HINT	approved/styles-before-tiger-care-feedback-fix-20260708.css	3433
UPLOAD_STORAGE_HINT	approved/styles-before-tiger-care-feedback-fix-20260708.css	3443
UPLOAD_STORAGE_HINT	approved/styles-before-tiger-care-feedback-fix-20260708.css	3447
UPLOAD_STORAGE_HINT	approved/styles-before-tiger-care-feedback-fix-20260708.css	3458
UPLOAD_STORAGE_HINT	approved/styles-before-tiger-care-feedback-fix-20260708.css	3463
UPLOAD_STORAGE_HINT	approved/styles-before-tiger-care-feedback-fix-20260708.css	3473
UPLOAD_STORAGE_HINT	approved/styles-before-tiger-care-feedback-fix-20260708.css	3483
UPLOAD_STORAGE_HINT	approved/styles-before-tiger-care-feedback-fix-20260708.css	3494
UPLOAD_STORAGE_HINT	approved/styles-before-tiger-care-feedback-fix-20260708.css	3501
UPLOAD_STORAGE_HINT	approved/styles-before-tiger-care-feedback-fix-20260708.css	3511
UPLOAD_STORAGE_HINT	approved/styles-before-tiger-care-feedback-fix-20260708.css	3523
UPLOAD_STORAGE_HINT	approved/styles-before-tiger-care-feedback-fix-20260708.css	3551
UPLOAD_STORAGE_HINT	approved/styles-before-tiger-care-feedback-fix-20260708.css	3564
UPLOAD_STORAGE_HINT	approved/styles-before-tiger-care-feedback-fix-20260708.css	3565
UPLOAD_STORAGE_HINT	approved/styles-before-tiger-care-feedback-fix-20260708.css	3577
UPLOAD_STORAGE_HINT	approved/styles-before-tiger-care-feedback-fix-20260708.css	3629
UPLOAD_STORAGE_HINT	approved/styles-before-tiger-care-feedback-fix-20260708.css	3642
UPLOAD_STORAGE_HINT	approved/styles-before-tiger-care-feedback-fix-20260708.css	3643
UPLOAD_STORAGE_HINT	approved/styles-before-tiger-care-feedback-fix-20260708.css	3655
UPLOAD_STORAGE_HINT	approved/styles-before-tiger-care-feedback-fix-20260708.css	3706
UPLOAD_STORAGE_HINT	approved/styles-before-tiger-care-feedback-fix-20260708.css	3709
UPLOAD_STORAGE_HINT	approved/styles-before-tiger-care-feedback-fix-20260708.css	3719
UPLOAD_STORAGE_HINT	approved/styles-before-tiger-care-feedback-fix-20260708.css	3982
UPLOAD_STORAGE_HINT	approved/styles-before-vvip-gate-login-20260707.css	308
UPLOAD_STORAGE_HINT	approved/styles-before-vvip-gate-login-20260707.css	309
UPLOAD_STORAGE_HINT	approved/styles-before-vvip-gate-login-20260707.css	314
UPLOAD_STORAGE_HINT	approved/styles-before-vvip-gate-login-20260707.css	538
UPLOAD_STORAGE_HINT	approved/styles-before-vvip-gate-login-20260707.css	902
UPLOAD_STORAGE_HINT	approved/styles-before-vvip-gate-login-20260707.css	917
UPLOAD_STORAGE_HINT	approved/styles-before-vvip-gate-login-20260707.css	923
UPLOAD_STORAGE_HINT	approved/styles-before-vvip-gate-login-20260707.css	929
UPLOAD_STORAGE_HINT	approved/styles-before-vvip-gate-login-20260707.css	1177
UPLOAD_STORAGE_HINT	approved/styles-before-vvip-gate-login-20260707.css	1184
UPLOAD_STORAGE_HINT	approved/styles-before-vvip-gate-login-20260707.css	1193
UPLOAD_STORAGE_HINT	approved/styles-before-vvip-gate-login-20260707.css	1197
UPLOAD_STORAGE_HINT	approved/styles-before-vvip-gate-login-20260707.css	1290
UPLOAD_STORAGE_HINT	approved/styles-before-vvip-gate-login-20260707.css	1431
UPLOAD_STORAGE_HINT	approved/styles-before-vvip-gate-login-20260707.css	1483
UPLOAD_STORAGE_HINT	approved/styles-before-vvip-gate-login-20260707.css	1638
UPLOAD_STORAGE_HINT	approved/styles-before-vvip-gate-login-20260707.css	1643
UPLOAD_STORAGE_HINT	approved/styles-before-vvip-gate-login-20260707.css	1644
UPLOAD_STORAGE_HINT	approved/styles-before-vvip-gate-login-20260707.css	1705
UPLOAD_STORAGE_HINT	approved/styles-before-vvip-gate-login-20260707.css	1902
UPLOAD_STORAGE_HINT	approved/styles-before-vvip-gate-login-20260707.css	2290
UPLOAD_STORAGE_HINT	approved/styles-before-vvip-gate-login-20260707.css	2451
UPLOAD_STORAGE_HINT	approved/styles-before-vvip-gate-login-20260707.css	2466
UPLOAD_STORAGE_HINT	approved/styles-before-vvip-gate-login-20260707.css	2467
UPLOAD_STORAGE_HINT	approved/styles-before-vvip-gate-login-20260707.css	2580
UPLOAD_STORAGE_HINT	approved/styles-before-vvip-gate-login-20260707.css	2586
UPLOAD_STORAGE_HINT	approved/styles-before-vvip-gate-login-20260707.css	2799
UPLOAD_STORAGE_HINT	approved/styles-before-vvip-gate-login-20260707.css	2807
UPLOAD_STORAGE_HINT	approved/styles-before-vvip-gate-login-20260707.css	2812
UPLOAD_STORAGE_HINT	approved/styles-before-vvip-gate-login-20260707.css	2816
UPLOAD_STORAGE_HINT	approved/styles-before-vvip-gate-login-20260707.css	2821
UPLOAD_STORAGE_HINT	approved/styles-before-vvip-gate-login-20260707.css	2848
UPLOAD_STORAGE_HINT	approved/styles-before-vvip-gate-login-20260707.css	2854
UPLOAD_STORAGE_HINT	approved/styles-before-vvip-gate-login-20260707.css	2859
UPLOAD_STORAGE_HINT	approved/styles-before-vvip-gate-login-20260707.css	2872
UPLOAD_STORAGE_HINT	approved/styles-before-vvip-gate-login-20260707.css	2879
UPLOAD_STORAGE_HINT	approved/styles-before-vvip-gate-login-20260707.css	3000
UPLOAD_STORAGE_HINT	approved/styles-before-vvip-gate-login-20260707.css	3014
UPLOAD_STORAGE_HINT	approved/styles-before-vvip-gate-login-20260707.css	3022
UPLOAD_STORAGE_HINT	approved/styles-before-vvip-gate-login-20260707.css	3032
UPLOAD_STORAGE_HINT	approved/styles-before-vvip-gate-login-20260707.css	3039
UPLOAD_STORAGE_HINT	approved/styles-before-vvip-gate-login-20260707.css	3047
UPLOAD_STORAGE_HINT	approved/styles-before-vvip-gate-login-20260707.css	3051
UPLOAD_STORAGE_HINT	approved/styles-before-vvip-gate-login-20260707.css	3062
UPLOAD_STORAGE_HINT	approved/styles-before-vvip-gate-login-20260707.css	3070
UPLOAD_STORAGE_HINT	approved/styles-before-vvip-gate-login-20260707.css	3074
UPLOAD_STORAGE_HINT	approved/styles-before-vvip-gate-login-20260707.css	3080
UPLOAD_STORAGE_HINT	approved/styles-before-vvip-gate-login-20260707.css	3087
UPLOAD_STORAGE_HINT	approved/styles-before-vvip-gate-login-20260707.css	3099
UPLOAD_STORAGE_HINT	approved/styles-before-vvip-gate-login-20260707.css	3103
UPLOAD_STORAGE_HINT	approved/styles-before-vvip-gate-login-20260707.css	3120
UPLOAD_STORAGE_HINT	approved/styles-before-vvip-gate-login-20260707.css	3127
UPLOAD_STORAGE_HINT	approved/styles-before-vvip-gate-login-20260707.css	3133
UPLOAD_STORAGE_HINT	approved/styles-before-vvip-gate-login-20260707.css	3145
UPLOAD_STORAGE_HINT	approved/styles-before-vvip-gate-login-20260707.css	3149
UPLOAD_STORAGE_HINT	approved/styles-before-vvip-gate-login-20260707.css	3433
UPLOAD_STORAGE_HINT	approved/styles-before-vvip-gate-login-20260707.css	3443
UPLOAD_STORAGE_HINT	approved/styles-before-vvip-gate-login-20260707.css	3447
UPLOAD_STORAGE_HINT	approved/styles-before-vvip-gate-login-20260707.css	3458
UPLOAD_STORAGE_HINT	approved/styles-before-vvip-gate-login-20260707.css	3463
UPLOAD_STORAGE_HINT	approved/styles-before-vvip-gate-login-20260707.css	3473
UPLOAD_STORAGE_HINT	approved/styles-before-vvip-gate-login-20260707.css	3483
UPLOAD_STORAGE_HINT	approved/styles-before-vvip-gate-login-20260707.css	3494
UPLOAD_STORAGE_HINT	approved/styles-before-vvip-gate-login-20260707.css	3501
UPLOAD_STORAGE_HINT	approved/styles-before-vvip-gate-login-20260707.css	3511
UPLOAD_STORAGE_HINT	approved/styles-before-vvip-gate-login-20260707.css	3523
UPLOAD_STORAGE_HINT	approved/styles-before-vvip-gate-login-20260707.css	3551
UPLOAD_STORAGE_HINT	approved/styles-before-vvip-gate-login-20260707.css	3564
UPLOAD_STORAGE_HINT	approved/styles-before-vvip-gate-login-20260707.css	3565
UPLOAD_STORAGE_HINT	approved/styles-before-vvip-gate-login-20260707.css	3577
UPLOAD_STORAGE_HINT	approved/styles-before-vvip-gate-login-20260707.css	3629
UPLOAD_STORAGE_HINT	approved/styles-before-vvip-gate-login-20260707.css	3642
UPLOAD_STORAGE_HINT	approved/styles-before-vvip-gate-login-20260707.css	3643
UPLOAD_STORAGE_HINT	approved/styles-before-vvip-gate-login-20260707.css	3655
UPLOAD_STORAGE_HINT	approved/styles-before-vvip-gate-login-20260707.css	3706
UPLOAD_STORAGE_HINT	approved/styles-before-vvip-gate-login-20260707.css	3709
UPLOAD_STORAGE_HINT	approved/styles-before-vvip-gate-login-20260707.css	3719
UPLOAD_STORAGE_HINT	approved/styles-before-vvip-gate-login-20260707.css	3982
UPLOAD_STORAGE_HINT	approved/supabase-auth-bridge-approved.js	4
UPLOAD_STORAGE_HINT	approved/supabase-auth-bridge-final.js	4
UPLOAD_STORAGE_HINT	approved/sw-before-post-options-cache-fix-20260708.js	5
UPLOAD_STORAGE_HINT	approved/sw-before-post-options-cache-fix-20260708.js	6
UPLOAD_STORAGE_HINT	approved/sw-before-post-options-cache-fix-20260708.js	7
UPLOAD_STORAGE_HINT	approved/visual-identity-pass-7-1/clerk-private-profile-before-visual-identity-20260708.html	6
UPLOAD_STORAGE_HINT	approved/visual-identity-pass-7-1/clerk-private-profile-before-visual-identity-20260708.html	22
UPLOAD_STORAGE_HINT	approved/visual-identity-pass-7-1/clerk-private-profile-before-visual-identity-20260708.html	124
UPLOAD_STORAGE_HINT	approved/visual-identity-pass-7-1/clerk-private-profile-before-visual-identity-20260708.html	150
UPLOAD_STORAGE_HINT	approved/visual-identity-pass-7-1/clerk-private-profile-before-visual-identity-20260708.html	156
UPLOAD_STORAGE_HINT	approved/visual-identity-pass-7-1/clerk-private-profile-before-visual-identity-20260708.html	169
UPLOAD_STORAGE_HINT	approved/visual-identity-pass-7-1/clerk-private-profile-before-visual-identity-20260708.html	210
UPLOAD_STORAGE_HINT	approved/visual-identity-pass-7-1/clerk-private-profile-before-visual-identity-20260708.html	231
UPLOAD_STORAGE_HINT	approved/visual-identity-pass-7-1/clerk-private-profile-before-visual-identity-20260708.html	589
UPLOAD_STORAGE_HINT	approved/visual-identity-pass-7-1/clerk-private-profile-before-visual-identity-20260708.html	594
UPLOAD_STORAGE_HINT	approved/visual-identity-pass-7-1/clerk-private-profile-before-visual-identity-20260708.html	599
UPLOAD_STORAGE_HINT	approved/visual-identity-pass-7-1/clerk-private-profile-before-visual-identity-20260708.html	604
UPLOAD_STORAGE_HINT	approved/visual-identity-pass-7-1/clerk-private-profile-before-visual-identity-20260708.html	622
UPLOAD_STORAGE_HINT	approved/visual-identity-pass-7-1/clerk-private-profile-before-visual-identity-20260708.html	659
UPLOAD_STORAGE_HINT	approved/visual-identity-pass-7-1/clerk-private-profile-before-visual-identity-20260708.html	677
UPLOAD_STORAGE_HINT	approved/visual-identity-pass-7-1/clerk-private-profile-before-visual-identity-20260708.html	681
UPLOAD_STORAGE_HINT	approved/visual-identity-pass-7-1/clerk-private-profile-before-visual-identity-20260708.html	684
UPLOAD_STORAGE_HINT	approved/visual-identity-pass-7-1/clerk-private-profile-before-visual-identity-20260708.html	695
UPLOAD_STORAGE_HINT	approved/visual-identity-pass-7-1/clerk-private-profile-before-visual-identity-20260708.html	699
UPLOAD_STORAGE_HINT	approved/visual-identity-pass-7-1/clerk-private-profile-before-visual-identity-20260708.html	711
UPLOAD_STORAGE_HINT	approved/visual-identity-pass-7-1/clerk-private-profile-before-visual-identity-20260708.html	717
UPLOAD_STORAGE_HINT	approved/visual-identity-pass-7-1/clerk-private-profile-before-visual-identity-20260708.html	722
UPLOAD_STORAGE_HINT	approved/visual-identity-pass-7-1/clerk-private-profile-before-visual-identity-20260708.html	733
UPLOAD_STORAGE_HINT	approved/visual-identity-pass-7-1/clerk-private-profile-before-visual-identity-20260708.html	738
UPLOAD_STORAGE_HINT	approved/visual-identity-pass-7-1/clerk-private-profile-before-visual-identity-20260708.html	740
UPLOAD_STORAGE_HINT	approved/visual-identity-pass-7-1/clerk-private-profile-before-visual-identity-20260708.html	746
UPLOAD_STORAGE_HINT	approved/visual-identity-pass-7-1/clerk-private-profile-before-visual-identity-20260708.html	751
UPLOAD_STORAGE_HINT	approved/visual-identity-pass-7-1/clerk-private-profile-before-visual-identity-20260708.html	756
UPLOAD_STORAGE_HINT	approved/visual-identity-pass-7-1/clerk-private-profile-before-visual-identity-20260708.html	757
UPLOAD_STORAGE_HINT	approved/visual-identity-pass-7-1/clerk-private-profile-before-visual-identity-20260708.html	758
UPLOAD_STORAGE_HINT	approved/visual-identity-pass-7-1/clerk-private-profile-before-visual-identity-20260708.html	761
UPLOAD_STORAGE_HINT	approved/visual-identity-pass-7-1/clerk-private-profile-before-visual-identity-20260708.html	766
UPLOAD_STORAGE_HINT	approved/visual-identity-pass-7-1/clerk-private-profile-before-visual-identity-20260708.html	788
UPLOAD_STORAGE_HINT	approved/visual-identity-pass-7-1/clerk-private-profile-before-visual-identity-20260708.html	789
UPLOAD_STORAGE_HINT	approved/visual-identity-pass-7-1/clerk-private-profile-before-visual-identity-20260708.html	790
UPLOAD_STORAGE_HINT	approved/visual-identity-pass-7-1/clerk-private-profile-before-visual-identity-20260708.html	799
UPLOAD_STORAGE_HINT	approved/visual-identity-pass-7-1/clerk-private-profile-before-visual-identity-20260708.html	803
UPLOAD_STORAGE_HINT	approved/visual-identity-pass-7-1/clerk-private-profile-before-visual-identity-20260708.html	804
UPLOAD_STORAGE_HINT	approved/visual-identity-pass-7-1/clerk-private-profile-before-visual-identity-20260708.html	805
UPLOAD_STORAGE_HINT	approved/visual-identity-pass-7-1/clerk-private-profile-before-visual-identity-20260708.html	946
UPLOAD_STORAGE_HINT	approved/visual-identity-pass-7-1/clerk-private-profile-before-visual-identity-20260708.html	968
UPLOAD_STORAGE_HINT	approved/visual-identity-pass-7-1/clerk-private-profile-before-visual-identity-20260708.html	1027
UPLOAD_STORAGE_HINT	approved/visual-identity-pass-7-1/clerk-private-profile-before-visual-identity-20260708.html	1029
UPLOAD_STORAGE_HINT	approved/visual-identity-pass-7-1/clerk-private-profile-before-visual-identity-20260708.html	1031
UPLOAD_STORAGE_HINT	approved/visual-identity-pass-7-1/enhanced-components-before-visual-identity-20260708.css	79
UPLOAD_STORAGE_HINT	approved/visual-identity-pass-7-1/enhanced-components-before-visual-identity-20260708.css	87
UPLOAD_STORAGE_HINT	approved/visual-identity-pass-7-1/enhanced-components-before-visual-identity-20260708.css	94
UPLOAD_STORAGE_HINT	approved/visual-identity-pass-7-1/enhanced-components-before-visual-identity-20260708.css	98
UPLOAD_STORAGE_HINT	approved/visual-identity-pass-7-1/enhanced-components-before-visual-identity-20260708.css	529
UPLOAD_STORAGE_HINT	approved/visual-identity-pass-7-1/enhanced-components-before-visual-identity-20260708.css	681
UPLOAD_STORAGE_HINT	approved/visual-identity-pass-7-1/index-before-visual-identity-20260708.html	63
UPLOAD_STORAGE_HINT	approved/visual-identity-pass-7-1/index-before-visual-identity-20260708.html	119
UPLOAD_STORAGE_HINT	approved/visual-identity-pass-7-1/index-before-visual-identity-20260708.html	121
UPLOAD_STORAGE_HINT	approved/visual-identity-pass-7-1/index-before-visual-identity-20260708.html	122
UPLOAD_STORAGE_HINT	approved/visual-identity-pass-7-1/index-before-visual-identity-20260708.html	123
UPLOAD_STORAGE_HINT	approved/visual-identity-pass-7-1/index-before-visual-identity-20260708.html	132
UPLOAD_STORAGE_HINT	approved/visual-identity-pass-7-1/index-before-visual-identity-20260708.html	133
UPLOAD_STORAGE_HINT	approved/visual-identity-pass-7-1/public-profile-before-visual-identity-20260708.html	257
UPLOAD_STORAGE_HINT	approved/visual-identity-pass-7-1/public-profile-before-visual-identity-20260708.html	310
UPLOAD_STORAGE_HINT	approved/visual-identity-pass-7-1/public-profile-before-visual-identity-20260708.html	311
UPLOAD_STORAGE_HINT	approved/visual-identity-pass-7-1/public-profile-before-visual-identity-20260708.html	408
UPLOAD_STORAGE_HINT	approved/visual-identity-pass-7-1/public-profile-before-visual-identity-20260708.html	523
UPLOAD_STORAGE_HINT	approved/visual-identity-pass-7-1/public-profile-before-visual-identity-20260708.html	524
UPLOAD_STORAGE_HINT	approved/visual-identity-pass-7-1/public-profile-before-visual-identity-20260708.html	612
UPLOAD_STORAGE_HINT	approved/visual-identity-pass-7-1/public-profile-before-visual-identity-20260708.html	698
UPLOAD_STORAGE_HINT	approved/visual-identity-pass-7-1/public-profile-before-visual-identity-20260708.html	707
UPLOAD_STORAGE_HINT	approved/visual-identity-pass-7-1/public-profile-before-visual-identity-20260708.html	728
UPLOAD_STORAGE_HINT	approved/visual-identity-pass-7-1/public-profile-before-visual-identity-20260708.html	736
UPLOAD_STORAGE_HINT	approved/visual-identity-pass-7-1/public-profile-before-visual-identity-20260708.html	744
UPLOAD_STORAGE_HINT	approved/visual-identity-pass-7-1/public-profile-before-visual-identity-20260708.html	752
UPLOAD_STORAGE_HINT	approved/visual-identity-pass-7-1/public-profile-before-visual-identity-20260708.html	772
UPLOAD_STORAGE_HINT	approved/visual-identity-pass-7-1/public-profile-before-visual-identity-20260708.html	782
UPLOAD_STORAGE_HINT	approved/visual-identity-pass-7-1/public-profile-before-visual-identity-20260708.html	792
UPLOAD_STORAGE_HINT	approved/visual-identity-pass-7-1/public-profile-before-visual-identity-20260708.html	802
UPLOAD_STORAGE_HINT	approved/visual-identity-pass-7-1/public-profile-before-visual-identity-20260708.html	812
UPLOAD_STORAGE_HINT	approved/visual-identity-pass-7-1/public-profile-before-visual-identity-20260708.html	825
UPLOAD_STORAGE_HINT	approved/visual-identity-pass-7-1/public-profile-before-visual-identity-20260708.html	829
UPLOAD_STORAGE_HINT	approved/visual-identity-pass-7-1/public-profile-before-visual-identity-20260708.html	840
UPLOAD_STORAGE_HINT	approved/visual-identity-pass-7-1/public-profile-before-visual-identity-20260708.html	856
UPLOAD_STORAGE_HINT	approved/visual-identity-pass-7-1/public-profile-before-visual-identity-20260708.html	866
UPLOAD_STORAGE_HINT	approved/visual-identity-pass-7-1/public-profile-before-visual-identity-20260708.html	881
UPLOAD_STORAGE_HINT	approved/visual-identity-pass-7-1/public-profile-before-visual-identity-20260708.html	935
UPLOAD_STORAGE_HINT	approved/visual-identity-pass-7-1/public-profile-before-visual-identity-20260708.html	949
UPLOAD_STORAGE_HINT	approved/visual-identity-pass-7-1/public-profile-before-visual-identity-20260708.html	958
UPLOAD_STORAGE_HINT	approved/visual-identity-pass-7-1/public-profile-before-visual-identity-20260708.html	965
UPLOAD_STORAGE_HINT	approved/visual-identity-pass-7-1/public-profile-before-visual-identity-20260708.html	1026
UPLOAD_STORAGE_HINT	approved/visual-identity-pass-7-1/public-profile-before-visual-identity-20260708.html	1041
UPLOAD_STORAGE_HINT	approved/visual-identity-pass-7-1/public-profile-before-visual-identity-20260708.html	1077
UPLOAD_STORAGE_HINT	approved/visual-identity-pass-7-1/public-profile-before-visual-identity-20260708.html	1111
UPLOAD_STORAGE_HINT	approved/visual-identity-pass-7-1/public-profile-before-visual-identity-20260708.html	1114
UPLOAD_STORAGE_HINT	approved/visual-identity-pass-7-1/public-profile-before-visual-identity-20260708.html	1122
UPLOAD_STORAGE_HINT	approved/visual-identity-pass-7-1/public-profile-before-visual-identity-20260708.html	1123
UPLOAD_STORAGE_HINT	approved/visual-identity-pass-7-1/public-profile-before-visual-identity-20260708.html	1153
UPLOAD_STORAGE_HINT	approved/visual-identity-pass-7-1/public-profile-before-visual-identity-20260708.html	1157
UPLOAD_STORAGE_HINT	approved/visual-identity-pass-7-1/public-profile-before-visual-identity-20260708.html	1309
UPLOAD_STORAGE_HINT	approved/visual-identity-pass-7-1/styles-before-visual-identity-20260708.css	308
UPLOAD_STORAGE_HINT	approved/visual-identity-pass-7-1/styles-before-visual-identity-20260708.css	309
UPLOAD_STORAGE_HINT	approved/visual-identity-pass-7-1/styles-before-visual-identity-20260708.css	314
UPLOAD_STORAGE_HINT	approved/visual-identity-pass-7-1/styles-before-visual-identity-20260708.css	538
UPLOAD_STORAGE_HINT	approved/visual-identity-pass-7-1/styles-before-visual-identity-20260708.css	902
UPLOAD_STORAGE_HINT	approved/visual-identity-pass-7-1/styles-before-visual-identity-20260708.css	917
UPLOAD_STORAGE_HINT	approved/visual-identity-pass-7-1/styles-before-visual-identity-20260708.css	923
UPLOAD_STORAGE_HINT	approved/visual-identity-pass-7-1/styles-before-visual-identity-20260708.css	929
UPLOAD_STORAGE_HINT	approved/visual-identity-pass-7-1/styles-before-visual-identity-20260708.css	1177
UPLOAD_STORAGE_HINT	approved/visual-identity-pass-7-1/styles-before-visual-identity-20260708.css	1184
UPLOAD_STORAGE_HINT	approved/visual-identity-pass-7-1/styles-before-visual-identity-20260708.css	1193
UPLOAD_STORAGE_HINT	approved/visual-identity-pass-7-1/styles-before-visual-identity-20260708.css	1197
UPLOAD_STORAGE_HINT	approved/visual-identity-pass-7-1/styles-before-visual-identity-20260708.css	1290
UPLOAD_STORAGE_HINT	approved/visual-identity-pass-7-1/styles-before-visual-identity-20260708.css	1431
UPLOAD_STORAGE_HINT	approved/visual-identity-pass-7-1/styles-before-visual-identity-20260708.css	1483
UPLOAD_STORAGE_HINT	approved/visual-identity-pass-7-1/styles-before-visual-identity-20260708.css	1638
UPLOAD_STORAGE_HINT	approved/visual-identity-pass-7-1/styles-before-visual-identity-20260708.css	1643
UPLOAD_STORAGE_HINT	approved/visual-identity-pass-7-1/styles-before-visual-identity-20260708.css	1644
UPLOAD_STORAGE_HINT	approved/visual-identity-pass-7-1/styles-before-visual-identity-20260708.css	1705
UPLOAD_STORAGE_HINT	approved/visual-identity-pass-7-1/styles-before-visual-identity-20260708.css	1902
UPLOAD_STORAGE_HINT	approved/visual-identity-pass-7-1/styles-before-visual-identity-20260708.css	2290
UPLOAD_STORAGE_HINT	approved/visual-identity-pass-7-1/styles-before-visual-identity-20260708.css	2451
UPLOAD_STORAGE_HINT	approved/visual-identity-pass-7-1/styles-before-visual-identity-20260708.css	2466
UPLOAD_STORAGE_HINT	approved/visual-identity-pass-7-1/styles-before-visual-identity-20260708.css	2467
UPLOAD_STORAGE_HINT	approved/visual-identity-pass-7-1/styles-before-visual-identity-20260708.css	2580
UPLOAD_STORAGE_HINT	approved/visual-identity-pass-7-1/styles-before-visual-identity-20260708.css	2586
UPLOAD_STORAGE_HINT	approved/visual-identity-pass-7-1/styles-before-visual-identity-20260708.css	2799
UPLOAD_STORAGE_HINT	approved/visual-identity-pass-7-1/styles-before-visual-identity-20260708.css	2807
UPLOAD_STORAGE_HINT	approved/visual-identity-pass-7-1/styles-before-visual-identity-20260708.css	2812
UPLOAD_STORAGE_HINT	approved/visual-identity-pass-7-1/styles-before-visual-identity-20260708.css	2816
UPLOAD_STORAGE_HINT	approved/visual-identity-pass-7-1/styles-before-visual-identity-20260708.css	2821
UPLOAD_STORAGE_HINT	approved/visual-identity-pass-7-1/styles-before-visual-identity-20260708.css	2848
UPLOAD_STORAGE_HINT	approved/visual-identity-pass-7-1/styles-before-visual-identity-20260708.css	2854
UPLOAD_STORAGE_HINT	approved/visual-identity-pass-7-1/styles-before-visual-identity-20260708.css	2859
UPLOAD_STORAGE_HINT	approved/visual-identity-pass-7-1/styles-before-visual-identity-20260708.css	2872
UPLOAD_STORAGE_HINT	approved/visual-identity-pass-7-1/styles-before-visual-identity-20260708.css	2879
UPLOAD_STORAGE_HINT	approved/visual-identity-pass-7-1/styles-before-visual-identity-20260708.css	3000
UPLOAD_STORAGE_HINT	approved/visual-identity-pass-7-1/styles-before-visual-identity-20260708.css	3014
UPLOAD_STORAGE_HINT	approved/visual-identity-pass-7-1/styles-before-visual-identity-20260708.css	3022
UPLOAD_STORAGE_HINT	approved/visual-identity-pass-7-1/styles-before-visual-identity-20260708.css	3032
UPLOAD_STORAGE_HINT	approved/visual-identity-pass-7-1/styles-before-visual-identity-20260708.css	3039
UPLOAD_STORAGE_HINT	approved/visual-identity-pass-7-1/styles-before-visual-identity-20260708.css	3047
UPLOAD_STORAGE_HINT	approved/visual-identity-pass-7-1/styles-before-visual-identity-20260708.css	3051
UPLOAD_STORAGE_HINT	approved/visual-identity-pass-7-1/styles-before-visual-identity-20260708.css	3062
UPLOAD_STORAGE_HINT	approved/visual-identity-pass-7-1/styles-before-visual-identity-20260708.css	3070
UPLOAD_STORAGE_HINT	approved/visual-identity-pass-7-1/styles-before-visual-identity-20260708.css	3074
UPLOAD_STORAGE_HINT	approved/visual-identity-pass-7-1/styles-before-visual-identity-20260708.css	3080
UPLOAD_STORAGE_HINT	approved/visual-identity-pass-7-1/styles-before-visual-identity-20260708.css	3087
UPLOAD_STORAGE_HINT	approved/visual-identity-pass-7-1/styles-before-visual-identity-20260708.css	3099
UPLOAD_STORAGE_HINT	approved/visual-identity-pass-7-1/styles-before-visual-identity-20260708.css	3103
UPLOAD_STORAGE_HINT	approved/visual-identity-pass-7-1/styles-before-visual-identity-20260708.css	3120
UPLOAD_STORAGE_HINT	approved/visual-identity-pass-7-1/styles-before-visual-identity-20260708.css	3127
UPLOAD_STORAGE_HINT	approved/visual-identity-pass-7-1/styles-before-visual-identity-20260708.css	3133
UPLOAD_STORAGE_HINT	approved/visual-identity-pass-7-1/styles-before-visual-identity-20260708.css	3145
UPLOAD_STORAGE_HINT	approved/visual-identity-pass-7-1/styles-before-visual-identity-20260708.css	3149
UPLOAD_STORAGE_HINT	approved/visual-identity-pass-7-1/styles-before-visual-identity-20260708.css	3433
UPLOAD_STORAGE_HINT	approved/visual-identity-pass-7-1/styles-before-visual-identity-20260708.css	3443
UPLOAD_STORAGE_HINT	approved/visual-identity-pass-7-1/styles-before-visual-identity-20260708.css	3447
UPLOAD_STORAGE_HINT	approved/visual-identity-pass-7-1/styles-before-visual-identity-20260708.css	3458
UPLOAD_STORAGE_HINT	approved/visual-identity-pass-7-1/styles-before-visual-identity-20260708.css	3463
UPLOAD_STORAGE_HINT	approved/visual-identity-pass-7-1/styles-before-visual-identity-20260708.css	3473
UPLOAD_STORAGE_HINT	approved/visual-identity-pass-7-1/styles-before-visual-identity-20260708.css	3483
UPLOAD_STORAGE_HINT	approved/visual-identity-pass-7-1/styles-before-visual-identity-20260708.css	3494
UPLOAD_STORAGE_HINT	approved/visual-identity-pass-7-1/styles-before-visual-identity-20260708.css	3501
UPLOAD_STORAGE_HINT	approved/visual-identity-pass-7-1/styles-before-visual-identity-20260708.css	3511
UPLOAD_STORAGE_HINT	approved/visual-identity-pass-7-1/styles-before-visual-identity-20260708.css	3523
UPLOAD_STORAGE_HINT	approved/visual-identity-pass-7-1/styles-before-visual-identity-20260708.css	3551
UPLOAD_STORAGE_HINT	approved/visual-identity-pass-7-1/styles-before-visual-identity-20260708.css	3564
UPLOAD_STORAGE_HINT	approved/visual-identity-pass-7-1/styles-before-visual-identity-20260708.css	3565
UPLOAD_STORAGE_HINT	approved/visual-identity-pass-7-1/styles-before-visual-identity-20260708.css	3577
UPLOAD_STORAGE_HINT	approved/visual-identity-pass-7-1/styles-before-visual-identity-20260708.css	3629
UPLOAD_STORAGE_HINT	approved/visual-identity-pass-7-1/styles-before-visual-identity-20260708.css	3642
UPLOAD_STORAGE_HINT	approved/visual-identity-pass-7-1/styles-before-visual-identity-20260708.css	3643
UPLOAD_STORAGE_HINT	approved/visual-identity-pass-7-1/styles-before-visual-identity-20260708.css	3655
UPLOAD_STORAGE_HINT	approved/visual-identity-pass-7-1/styles-before-visual-identity-20260708.css	3706
UPLOAD_STORAGE_HINT	approved/visual-identity-pass-7-1/styles-before-visual-identity-20260708.css	3709
UPLOAD_STORAGE_HINT	approved/visual-identity-pass-7-1/styles-before-visual-identity-20260708.css	3719
UPLOAD_STORAGE_HINT	approved/visual-identity-pass-7-1/styles-before-visual-identity-20260708.css	3982
UPLOAD_STORAGE_HINT	auth-clerk-index.js	49
UPLOAD_STORAGE_HINT	auth-clerk-index.js	58
UPLOAD_STORAGE_HINT	auth-supabase.js	2
UPLOAD_STORAGE_HINT	auth.js	21
UPLOAD_STORAGE_HINT	auth.js	49
UPLOAD_STORAGE_HINT	auth.js	58
UPLOAD_STORAGE_HINT	auth.js	60
UPLOAD_STORAGE_HINT	auth.js	61
UPLOAD_STORAGE_HINT	auth.js	87
UPLOAD_STORAGE_HINT	auth.js	90
UPLOAD_STORAGE_HINT	auth.js	93
UPLOAD_STORAGE_HINT	auth.js	179
UPLOAD_STORAGE_HINT	auth.js	181
UPLOAD_STORAGE_HINT	auth.js	198
UPLOAD_STORAGE_HINT	auth.js	437
UPLOAD_STORAGE_HINT	auth.js	526
UPLOAD_STORAGE_HINT	auth.js	530
UPLOAD_STORAGE_HINT	auth.js	531
UPLOAD_STORAGE_HINT	auth.js	532
UPLOAD_STORAGE_HINT	auth.js	546
UPLOAD_STORAGE_HINT	auth.js	550
UPLOAD_STORAGE_HINT	auth.js	552
UPLOAD_STORAGE_HINT	auth.js	553
UPLOAD_STORAGE_HINT	auth.js	554
UPLOAD_STORAGE_HINT	auth.js	555
UPLOAD_STORAGE_HINT	auth.js	557
UPLOAD_STORAGE_HINT	auth.js	558
UPLOAD_STORAGE_HINT	auth.js	559
UPLOAD_STORAGE_HINT	auth.js	574
UPLOAD_STORAGE_HINT	backups/clerk-private-profile.before-atomic-profile-resolver.html	6
UPLOAD_STORAGE_HINT	backups/clerk-private-profile.before-atomic-profile-resolver.html	22
UPLOAD_STORAGE_HINT	backups/clerk-private-profile.before-atomic-profile-resolver.html	124
UPLOAD_STORAGE_HINT	backups/clerk-private-profile.before-atomic-profile-resolver.html	150
UPLOAD_STORAGE_HINT	backups/clerk-private-profile.before-atomic-profile-resolver.html	156
UPLOAD_STORAGE_HINT	backups/clerk-private-profile.before-atomic-profile-resolver.html	169
UPLOAD_STORAGE_HINT	backups/clerk-private-profile.before-atomic-profile-resolver.html	210
UPLOAD_STORAGE_HINT	backups/clerk-private-profile.before-atomic-profile-resolver.html	231
UPLOAD_STORAGE_HINT	backups/clerk-private-profile.before-atomic-profile-resolver.html	589
UPLOAD_STORAGE_HINT	backups/clerk-private-profile.before-atomic-profile-resolver.html	594
UPLOAD_STORAGE_HINT	backups/clerk-private-profile.before-atomic-profile-resolver.html	599
UPLOAD_STORAGE_HINT	backups/clerk-private-profile.before-atomic-profile-resolver.html	604
UPLOAD_STORAGE_HINT	backups/clerk-private-profile.before-atomic-profile-resolver.html	623
UPLOAD_STORAGE_HINT	backups/clerk-private-profile.before-atomic-profile-resolver.html	660
UPLOAD_STORAGE_HINT	backups/clerk-private-profile.before-atomic-profile-resolver.html	780
UPLOAD_STORAGE_HINT	backups/clerk-private-profile.before-atomic-profile-resolver.html	789
UPLOAD_STORAGE_HINT	backups/clerk-private-profile.before-atomic-profile-resolver.html	790
UPLOAD_STORAGE_HINT	backups/clerk-private-profile.before-atomic-profile-resolver.html	804
UPLOAD_STORAGE_HINT	backups/clerk-private-profile.before-atomic-profile-resolver.html	808
UPLOAD_STORAGE_HINT	backups/clerk-private-profile.before-atomic-profile-resolver.html	809
UPLOAD_STORAGE_HINT	backups/clerk-private-profile.before-atomic-profile-resolver.html	822
UPLOAD_STORAGE_HINT	backups/clerk-private-profile.before-atomic-profile-resolver.html	826
UPLOAD_STORAGE_HINT	backups/clerk-private-profile.before-atomic-profile-resolver.html	831
UPLOAD_STORAGE_HINT	backups/clerk-private-profile.before-atomic-profile-resolver.html	832
UPLOAD_STORAGE_HINT	backups/clerk-private-profile.before-atomic-profile-resolver.html	863
UPLOAD_STORAGE_HINT	backups/clerk-private-profile.before-atomic-profile-resolver.html	897
UPLOAD_STORAGE_HINT	backups/clerk-private-profile.before-atomic-profile-resolver.html	905
UPLOAD_STORAGE_HINT	backups/clerk-private-profile.before-atomic-profile-resolver.html	911
UPLOAD_STORAGE_HINT	backups/clerk-private-profile.before-atomic-profile-resolver.html	918
UPLOAD_STORAGE_HINT	backups/clerk-private-profile.before-atomic-profile-resolver.html	928
UPLOAD_STORAGE_HINT	backups/clerk-private-profile.before-atomic-profile-resolver.html	929
UPLOAD_STORAGE_HINT	backups/clerk-private-profile.before-atomic-profile-resolver.html	936
UPLOAD_STORAGE_HINT	backups/clerk-private-profile.before-atomic-profile-resolver.html	943
UPLOAD_STORAGE_HINT	backups/clerk-private-profile.before-atomic-profile-resolver.html	949
UPLOAD_STORAGE_HINT	backups/clerk-private-profile.before-atomic-profile-resolver.html	951
UPLOAD_STORAGE_HINT	backups/clerk-private-profile.before-atomic-profile-resolver.html	959
UPLOAD_STORAGE_HINT	backups/clerk-private-profile.before-atomic-profile-resolver.html	966
UPLOAD_STORAGE_HINT	backups/clerk-private-profile.before-atomic-profile-resolver.html	968
UPLOAD_STORAGE_HINT	backups/clerk-private-profile.before-atomic-profile-resolver.html	972
UPLOAD_STORAGE_HINT	backups/clerk-private-profile.before-atomic-profile-resolver.html	973
UPLOAD_STORAGE_HINT	backups/clerk-private-profile.before-atomic-profile-resolver.html	979
UPLOAD_STORAGE_HINT	backups/clerk-private-profile.before-atomic-profile-resolver.html	986
UPLOAD_STORAGE_HINT	backups/clerk-private-profile.before-atomic-profile-resolver.html	993
UPLOAD_STORAGE_HINT	backups/clerk-private-profile.before-atomic-profile-resolver.html	995
UPLOAD_STORAGE_HINT	backups/clerk-private-profile.before-atomic-profile-resolver.html	997
UPLOAD_STORAGE_HINT	backups/clerk-private-profile.before-atomic-profile-resolver.html	1002
UPLOAD_STORAGE_HINT	backups/clerk-private-profile.before-atomic-profile-resolver.html	1004
UPLOAD_STORAGE_HINT	backups/clerk-private-profile.before-atomic-profile-resolver.html	1008
UPLOAD_STORAGE_HINT	backups/clerk-private-profile.before-atomic-profile-resolver.html	1017
UPLOAD_STORAGE_HINT	backups/clerk-private-profile.before-atomic-profile-resolver.html	1019
UPLOAD_STORAGE_HINT	backups/clerk-private-profile.before-atomic-profile-resolver.html	1024
UPLOAD_STORAGE_HINT	backups/clerk-private-profile.before-atomic-profile-resolver.html	1025
UPLOAD_STORAGE_HINT	backups/clerk-private-profile.before-atomic-profile-resolver.html	1026
UPLOAD_STORAGE_HINT	backups/clerk-private-profile.before-atomic-profile-resolver.html	1027
UPLOAD_STORAGE_HINT	backups/clerk-private-profile.before-atomic-profile-resolver.html	1055
UPLOAD_STORAGE_HINT	backups/clerk-private-profile.before-atomic-profile-resolver.html	1064
UPLOAD_STORAGE_HINT	backups/clerk-private-profile.before-atomic-profile-resolver.html	1071
UPLOAD_STORAGE_HINT	backups/clerk-private-profile.before-atomic-profile-resolver.html	1078
UPLOAD_STORAGE_HINT	backups/clerk-private-profile.before-atomic-profile-resolver.html	1080
UPLOAD_STORAGE_HINT	backups/clerk-private-profile.before-atomic-profile-resolver.html	1081
UPLOAD_STORAGE_HINT	backups/clerk-private-profile.before-atomic-profile-resolver.html	1083
UPLOAD_STORAGE_HINT	backups/clerk-private-profile.before-atomic-profile-resolver.html	1092
UPLOAD_STORAGE_HINT	backups/clerk-private-profile.before-atomic-profile-resolver.html	1103
UPLOAD_STORAGE_HINT	backups/clerk-private-profile.before-atomic-profile-resolver.html	1105
UPLOAD_STORAGE_HINT	backups/clerk-private-profile.before-atomic-profile-resolver.html	1110
UPLOAD_STORAGE_HINT	backups/clerk-private-profile.before-atomic-profile-resolver.html	1112
UPLOAD_STORAGE_HINT	backups/clerk-private-profile.before-atomic-profile-resolver.html	1117
UPLOAD_STORAGE_HINT	backups/clerk-private-profile.before-atomic-profile-resolver.html	1119
UPLOAD_STORAGE_HINT	backups/clerk-private-profile.before-atomic-profile-resolver.html	1126
UPLOAD_STORAGE_HINT	backups/clerk-private-profile.before-atomic-profile-resolver.html	1127
UPLOAD_STORAGE_HINT	backups/clerk-private-profile.before-atomic-profile-resolver.html	1128
UPLOAD_STORAGE_HINT	backups/clerk-private-profile.before-atomic-profile-resolver.html	1130
UPLOAD_STORAGE_HINT	backups/clerk-private-profile.before-atomic-profile-resolver.html	1136
UPLOAD_STORAGE_HINT	backups/clerk-private-profile.before-atomic-profile-resolver.html	1142
UPLOAD_STORAGE_HINT	backups/clerk-private-profile.before-atomic-profile-resolver.html	1152
UPLOAD_STORAGE_HINT	backups/clerk-private-profile.before-atomic-profile-resolver.html	1153
UPLOAD_STORAGE_HINT	backups/clerk-private-profile.before-atomic-profile-resolver.html	1154
UPLOAD_STORAGE_HINT	backups/clerk-private-profile.before-atomic-profile-resolver.html	1163
UPLOAD_STORAGE_HINT	backups/clerk-private-profile.before-atomic-profile-resolver.html	1166
UPLOAD_STORAGE_HINT	backups/clerk-private-profile.before-atomic-profile-resolver.html	1220
UPLOAD_STORAGE_HINT	backups/clerk-private-profile.before-atomic-profile-resolver.html	1223
UPLOAD_STORAGE_HINT	backups/clerk-private-profile.before-atomic-profile-resolver.html	1227
UPLOAD_STORAGE_HINT	backups/clerk-private-profile.before-atomic-profile-resolver.html	1232
UPLOAD_STORAGE_HINT	backups/clerk-private-profile.before-atomic-profile-resolver.html	1233
UPLOAD_STORAGE_HINT	backups/clerk-private-profile.before-atomic-profile-resolver.html	1234
UPLOAD_STORAGE_HINT	backups/clerk-private-profile.before-atomic-profile-resolver.html	1246
UPLOAD_STORAGE_HINT	backups/clerk-private-profile.before-atomic-profile-resolver.html	1261
UPLOAD_STORAGE_HINT	backups/clerk-private-profile.before-atomic-profile-resolver.html	1262
UPLOAD_STORAGE_HINT	backups/clerk-private-profile.before-atomic-profile-resolver.html	1263
UPLOAD_STORAGE_HINT	backups/clerk-private-profile.before-atomic-profile-resolver.html	1269
UPLOAD_STORAGE_HINT	backups/clerk-private-profile.before-atomic-profile-resolver.html	1270
UPLOAD_STORAGE_HINT	backups/clerk-private-profile.before-atomic-profile-resolver.html	1271
UPLOAD_STORAGE_HINT	backups/clerk-private-profile.before-atomic-profile-resolver.html	1275
UPLOAD_STORAGE_HINT	backups/clerk-private-profile.before-atomic-profile-resolver.html	1290
UPLOAD_STORAGE_HINT	backups/clerk-private-profile.before-atomic-profile-resolver.html	1305
UPLOAD_STORAGE_HINT	backups/clerk-private-profile.before-atomic-profile-resolver.html	1306
UPLOAD_STORAGE_HINT	backups/clerk-private-profile.before-atomic-profile-resolver.html	1307
UPLOAD_STORAGE_HINT	backups/clerk-private-profile.before-atomic-profile-resolver.html	1313
UPLOAD_STORAGE_HINT	backups/clerk-private-profile.before-atomic-profile-resolver.html	1314
UPLOAD_STORAGE_HINT	backups/clerk-private-profile.before-atomic-profile-resolver.html	1318
UPLOAD_STORAGE_HINT	backups/clerk-private-profile.before-atomic-profile-resolver.html	1321
UPLOAD_STORAGE_HINT	backups/clerk-private-profile.before-atomic-profile-resolver.html	1330
UPLOAD_STORAGE_HINT	backups/clerk-private-profile.before-atomic-profile-resolver.html	1337
UPLOAD_STORAGE_HINT	backups/clerk-private-profile.before-atomic-profile-resolver.html	1338
UPLOAD_STORAGE_HINT	backups/clerk-private-profile.before-atomic-profile-resolver.html	1343
UPLOAD_STORAGE_HINT	backups/clerk-private-profile.before-atomic-profile-resolver.html	1344
UPLOAD_STORAGE_HINT	backups/clerk-private-profile.before-atomic-profile-resolver.html	1345
UPLOAD_STORAGE_HINT	backups/clerk-private-profile.before-atomic-profile-resolver.html	1346
UPLOAD_STORAGE_HINT	backups/clerk-private-profile.before-atomic-profile-resolver.html	1351
UPLOAD_STORAGE_HINT	backups/clerk-private-profile.before-atomic-profile-resolver.html	1358
UPLOAD_STORAGE_HINT	backups/clerk-private-profile.before-atomic-profile-resolver.html	1360
UPLOAD_STORAGE_HINT	backups/clerk-private-profile.before-atomic-profile-resolver.html	1367
UPLOAD_STORAGE_HINT	backups/clerk-private-profile.before-atomic-profile-resolver.html	1368
UPLOAD_STORAGE_HINT	backups/clerk-private-profile.before-atomic-profile-resolver.html	1369
UPLOAD_STORAGE_HINT	backups/clerk-private-profile.before-atomic-profile-resolver.html	1370
UPLOAD_STORAGE_HINT	backups/clerk-private-profile.before-atomic-profile-resolver.html	1375
UPLOAD_STORAGE_HINT	backups/clerk-private-profile.before-atomic-profile-resolver.html	1382
UPLOAD_STORAGE_HINT	backups/clerk-private-profile.before-atomic-profile-resolver.html	1383
UPLOAD_STORAGE_HINT	backups/clerk-private-profile.before-atomic-profile-resolver.html	1388
UPLOAD_STORAGE_HINT	backups/clerk-private-profile.before-atomic-profile-resolver.html	1395
UPLOAD_STORAGE_HINT	backups/clerk-private-profile.before-atomic-profile-resolver.html	1404
UPLOAD_STORAGE_HINT	backups/clerk-private-profile.before-atomic-profile-resolver.html	1411
UPLOAD_STORAGE_HINT	backups/clerk-private-profile.before-atomic-profile-resolver.html	1415
UPLOAD_STORAGE_HINT	backups/clerk-private-profile.before-atomic-profile-resolver.html	1419
UPLOAD_STORAGE_HINT	backups/clerk-private-profile.before-atomic-profile-resolver.html	1423
UPLOAD_STORAGE_HINT	backups/clerk-private-profile.before-atomic-profile-resolver.html	1424
UPLOAD_STORAGE_HINT	backups/clerk-private-profile.before-atomic-profile-resolver.html	1425
UPLOAD_STORAGE_HINT	backups/clerk-private-profile.before-atomic-profile-resolver.html	1426
UPLOAD_STORAGE_HINT	backups/clerk-private-profile.before-atomic-profile-resolver.html	1427
UPLOAD_STORAGE_HINT	backups/clerk-private-profile.before-atomic-profile-resolver.html	1428
UPLOAD_STORAGE_HINT	backups/clerk-private-profile.before-atomic-profile-resolver.html	1432
UPLOAD_STORAGE_HINT	backups/clerk-private-profile.before-atomic-profile-resolver.html	1438
UPLOAD_STORAGE_HINT	backups/clerk-private-profile.before-atomic-profile-resolver.html	1443
UPLOAD_STORAGE_HINT	backups/clerk-private-profile.before-atomic-profile-resolver.html	1448
UPLOAD_STORAGE_HINT	backups/clerk-private-profile.before-atomic-profile-resolver.html	1449
UPLOAD_STORAGE_HINT	backups/clerk-private-profile.before-atomic-profile-resolver.html	1450
UPLOAD_STORAGE_HINT	backups/clerk-private-profile.before-atomic-profile-resolver.html	1453
UPLOAD_STORAGE_HINT	backups/clerk-private-profile.before-atomic-profile-resolver.html	1458
UPLOAD_STORAGE_HINT	backups/clerk-private-profile.before-atomic-profile-resolver.html	1480
UPLOAD_STORAGE_HINT	backups/clerk-private-profile.before-atomic-profile-resolver.html	1481
UPLOAD_STORAGE_HINT	backups/clerk-private-profile.before-atomic-profile-resolver.html	1482
UPLOAD_STORAGE_HINT	backups/clerk-private-profile.before-atomic-profile-resolver.html	1491
UPLOAD_STORAGE_HINT	backups/clerk-private-profile.before-atomic-profile-resolver.html	1495
UPLOAD_STORAGE_HINT	backups/clerk-private-profile.before-atomic-profile-resolver.html	1496
UPLOAD_STORAGE_HINT	backups/clerk-private-profile.before-atomic-profile-resolver.html	1497
UPLOAD_STORAGE_HINT	backups/clerk-private-profile.before-atomic-profile-resolver.html	1638
UPLOAD_STORAGE_HINT	backups/clerk-private-profile.before-atomic-profile-resolver.html	1701
UPLOAD_STORAGE_HINT	backups/clerk-private-profile.before-atomic-profile-resolver.html	1707
UPLOAD_STORAGE_HINT	backups/clerk-private-profile.before-atomic-profile-resolver.html	1709
UPLOAD_STORAGE_HINT	backups/clerk-private-profile.before-jwt-rls-bridge.html	6
UPLOAD_STORAGE_HINT	backups/clerk-private-profile.before-jwt-rls-bridge.html	22
UPLOAD_STORAGE_HINT	backups/clerk-private-profile.before-jwt-rls-bridge.html	124
UPLOAD_STORAGE_HINT	backups/clerk-private-profile.before-jwt-rls-bridge.html	150
UPLOAD_STORAGE_HINT	backups/clerk-private-profile.before-jwt-rls-bridge.html	156
UPLOAD_STORAGE_HINT	backups/clerk-private-profile.before-jwt-rls-bridge.html	169
UPLOAD_STORAGE_HINT	backups/clerk-private-profile.before-jwt-rls-bridge.html	210
UPLOAD_STORAGE_HINT	backups/clerk-private-profile.before-jwt-rls-bridge.html	231
UPLOAD_STORAGE_HINT	backups/clerk-private-profile.before-jwt-rls-bridge.html	589
UPLOAD_STORAGE_HINT	backups/clerk-private-profile.before-jwt-rls-bridge.html	594
UPLOAD_STORAGE_HINT	backups/clerk-private-profile.before-jwt-rls-bridge.html	599
UPLOAD_STORAGE_HINT	backups/clerk-private-profile.before-jwt-rls-bridge.html	604
UPLOAD_STORAGE_HINT	backups/clerk-private-profile.before-jwt-rls-bridge.html	623
UPLOAD_STORAGE_HINT	backups/clerk-private-profile.before-jwt-rls-bridge.html	660
UPLOAD_STORAGE_HINT	backups/clerk-private-profile.before-jwt-rls-bridge.html	678
UPLOAD_STORAGE_HINT	backups/clerk-private-profile.before-jwt-rls-bridge.html	679
UPLOAD_STORAGE_HINT	backups/clerk-private-profile.before-jwt-rls-bridge.html	692
UPLOAD_STORAGE_HINT	backups/clerk-private-profile.before-jwt-rls-bridge.html	696
UPLOAD_STORAGE_HINT	backups/clerk-private-profile.before-jwt-rls-bridge.html	701
UPLOAD_STORAGE_HINT	backups/clerk-private-profile.before-jwt-rls-bridge.html	702
UPLOAD_STORAGE_HINT	backups/clerk-private-profile.before-jwt-rls-bridge.html	724
UPLOAD_STORAGE_HINT	backups/clerk-private-profile.before-jwt-rls-bridge.html	782
UPLOAD_STORAGE_HINT	backups/clerk-private-profile.before-jwt-rls-bridge.html	790
UPLOAD_STORAGE_HINT	backups/clerk-private-profile.before-jwt-rls-bridge.html	798
UPLOAD_STORAGE_HINT	backups/clerk-private-profile.before-jwt-rls-bridge.html	804
UPLOAD_STORAGE_HINT	backups/clerk-private-profile.before-jwt-rls-bridge.html	811
UPLOAD_STORAGE_HINT	backups/clerk-private-profile.before-jwt-rls-bridge.html	821
UPLOAD_STORAGE_HINT	backups/clerk-private-profile.before-jwt-rls-bridge.html	823
UPLOAD_STORAGE_HINT	backups/clerk-private-profile.before-jwt-rls-bridge.html	830
UPLOAD_STORAGE_HINT	backups/clerk-private-profile.before-jwt-rls-bridge.html	832
UPLOAD_STORAGE_HINT	backups/clerk-private-profile.before-jwt-rls-bridge.html	838
UPLOAD_STORAGE_HINT	backups/clerk-private-profile.before-jwt-rls-bridge.html	845
UPLOAD_STORAGE_HINT	backups/clerk-private-profile.before-jwt-rls-bridge.html	847
UPLOAD_STORAGE_HINT	backups/clerk-private-profile.before-jwt-rls-bridge.html	851
UPLOAD_STORAGE_HINT	backups/clerk-private-profile.before-jwt-rls-bridge.html	853
UPLOAD_STORAGE_HINT	backups/clerk-private-profile.before-jwt-rls-bridge.html	860
UPLOAD_STORAGE_HINT	backups/clerk-private-profile.before-jwt-rls-bridge.html	862
UPLOAD_STORAGE_HINT	backups/clerk-private-profile.before-jwt-rls-bridge.html	864
UPLOAD_STORAGE_HINT	backups/clerk-private-profile.before-jwt-rls-bridge.html	869
UPLOAD_STORAGE_HINT	backups/clerk-private-profile.before-jwt-rls-bridge.html	871
UPLOAD_STORAGE_HINT	backups/clerk-private-profile.before-jwt-rls-bridge.html	875
UPLOAD_STORAGE_HINT	backups/clerk-private-profile.before-jwt-rls-bridge.html	884
UPLOAD_STORAGE_HINT	backups/clerk-private-profile.before-jwt-rls-bridge.html	886
UPLOAD_STORAGE_HINT	backups/clerk-private-profile.before-jwt-rls-bridge.html	891
UPLOAD_STORAGE_HINT	backups/clerk-private-profile.before-jwt-rls-bridge.html	892
UPLOAD_STORAGE_HINT	backups/clerk-private-profile.before-jwt-rls-bridge.html	893
UPLOAD_STORAGE_HINT	backups/clerk-private-profile.before-jwt-rls-bridge.html	894
UPLOAD_STORAGE_HINT	backups/clerk-private-profile.before-jwt-rls-bridge.html	922
UPLOAD_STORAGE_HINT	backups/clerk-private-profile.before-jwt-rls-bridge.html	932
UPLOAD_STORAGE_HINT	backups/clerk-private-profile.before-jwt-rls-bridge.html	934
UPLOAD_STORAGE_HINT	backups/clerk-private-profile.before-jwt-rls-bridge.html	935
UPLOAD_STORAGE_HINT	backups/clerk-private-profile.before-jwt-rls-bridge.html	937
UPLOAD_STORAGE_HINT	backups/clerk-private-profile.before-jwt-rls-bridge.html	946
UPLOAD_STORAGE_HINT	backups/clerk-private-profile.before-jwt-rls-bridge.html	957
UPLOAD_STORAGE_HINT	backups/clerk-private-profile.before-jwt-rls-bridge.html	959
UPLOAD_STORAGE_HINT	backups/clerk-private-profile.before-jwt-rls-bridge.html	968
UPLOAD_STORAGE_HINT	backups/clerk-private-profile.before-jwt-rls-bridge.html	969
UPLOAD_STORAGE_HINT	backups/clerk-private-profile.before-jwt-rls-bridge.html	970
UPLOAD_STORAGE_HINT	backups/clerk-private-profile.before-jwt-rls-bridge.html	972
UPLOAD_STORAGE_HINT	backups/clerk-private-profile.before-jwt-rls-bridge.html	978
UPLOAD_STORAGE_HINT	backups/clerk-private-profile.before-jwt-rls-bridge.html	984
UPLOAD_STORAGE_HINT	backups/clerk-private-profile.before-jwt-rls-bridge.html	994
UPLOAD_STORAGE_HINT	backups/clerk-private-profile.before-jwt-rls-bridge.html	995
UPLOAD_STORAGE_HINT	backups/clerk-private-profile.before-jwt-rls-bridge.html	996
UPLOAD_STORAGE_HINT	backups/clerk-private-profile.before-jwt-rls-bridge.html	1005
UPLOAD_STORAGE_HINT	backups/clerk-private-profile.before-jwt-rls-bridge.html	1008
UPLOAD_STORAGE_HINT	backups/clerk-private-profile.before-jwt-rls-bridge.html	1046
UPLOAD_STORAGE_HINT	backups/clerk-private-profile.before-jwt-rls-bridge.html	1062
UPLOAD_STORAGE_HINT	backups/clerk-private-profile.before-jwt-rls-bridge.html	1065
UPLOAD_STORAGE_HINT	backups/clerk-private-profile.before-jwt-rls-bridge.html	1069
UPLOAD_STORAGE_HINT	backups/clerk-private-profile.before-jwt-rls-bridge.html	1074
UPLOAD_STORAGE_HINT	backups/clerk-private-profile.before-jwt-rls-bridge.html	1075
UPLOAD_STORAGE_HINT	backups/clerk-private-profile.before-jwt-rls-bridge.html	1085
UPLOAD_STORAGE_HINT	backups/clerk-private-profile.before-jwt-rls-bridge.html	1100
UPLOAD_STORAGE_HINT	backups/clerk-private-profile.before-jwt-rls-bridge.html	1101
UPLOAD_STORAGE_HINT	backups/clerk-private-profile.before-jwt-rls-bridge.html	1102
UPLOAD_STORAGE_HINT	backups/clerk-private-profile.before-jwt-rls-bridge.html	1108
UPLOAD_STORAGE_HINT	backups/clerk-private-profile.before-jwt-rls-bridge.html	1109
UPLOAD_STORAGE_HINT	backups/clerk-private-profile.before-jwt-rls-bridge.html	1111
UPLOAD_STORAGE_HINT	backups/clerk-private-profile.before-jwt-rls-bridge.html	1126
UPLOAD_STORAGE_HINT	backups/clerk-private-profile.before-jwt-rls-bridge.html	1141
UPLOAD_STORAGE_HINT	backups/clerk-private-profile.before-jwt-rls-bridge.html	1142
UPLOAD_STORAGE_HINT	backups/clerk-private-profile.before-jwt-rls-bridge.html	1143
UPLOAD_STORAGE_HINT	backups/clerk-private-profile.before-jwt-rls-bridge.html	1149
UPLOAD_STORAGE_HINT	backups/clerk-private-profile.before-jwt-rls-bridge.html	1150
UPLOAD_STORAGE_HINT	backups/clerk-private-profile.before-jwt-rls-bridge.html	1154
UPLOAD_STORAGE_HINT	backups/clerk-private-profile.before-jwt-rls-bridge.html	1164
UPLOAD_STORAGE_HINT	backups/clerk-private-profile.before-jwt-rls-bridge.html	1172
UPLOAD_STORAGE_HINT	backups/clerk-private-profile.before-jwt-rls-bridge.html	1173
UPLOAD_STORAGE_HINT	backups/clerk-private-profile.before-jwt-rls-bridge.html	1178
UPLOAD_STORAGE_HINT	backups/clerk-private-profile.before-jwt-rls-bridge.html	1179
UPLOAD_STORAGE_HINT	backups/clerk-private-profile.before-jwt-rls-bridge.html	1180
UPLOAD_STORAGE_HINT	backups/clerk-private-profile.before-jwt-rls-bridge.html	1181
UPLOAD_STORAGE_HINT	backups/clerk-private-profile.before-jwt-rls-bridge.html	1185
UPLOAD_STORAGE_HINT	backups/clerk-private-profile.before-jwt-rls-bridge.html	1187
UPLOAD_STORAGE_HINT	backups/clerk-private-profile.before-jwt-rls-bridge.html	1193
UPLOAD_STORAGE_HINT	backups/clerk-private-profile.before-jwt-rls-bridge.html	1194
UPLOAD_STORAGE_HINT	backups/clerk-private-profile.before-jwt-rls-bridge.html	1195
UPLOAD_STORAGE_HINT	backups/clerk-private-profile.before-jwt-rls-bridge.html	1196
UPLOAD_STORAGE_HINT	backups/clerk-private-profile.before-jwt-rls-bridge.html	1201
UPLOAD_STORAGE_HINT	backups/clerk-private-profile.before-jwt-rls-bridge.html	1207
UPLOAD_STORAGE_HINT	backups/clerk-private-profile.before-jwt-rls-bridge.html	1208
UPLOAD_STORAGE_HINT	backups/clerk-private-profile.before-jwt-rls-bridge.html	1212
UPLOAD_STORAGE_HINT	backups/clerk-private-profile.before-jwt-rls-bridge.html	1221
UPLOAD_STORAGE_HINT	backups/clerk-private-profile.before-jwt-rls-bridge.html	1227
UPLOAD_STORAGE_HINT	backups/clerk-private-profile.before-jwt-rls-bridge.html	1231
UPLOAD_STORAGE_HINT	backups/clerk-private-profile.before-jwt-rls-bridge.html	1235
UPLOAD_STORAGE_HINT	backups/clerk-private-profile.before-jwt-rls-bridge.html	1239
UPLOAD_STORAGE_HINT	backups/clerk-private-profile.before-jwt-rls-bridge.html	1240
UPLOAD_STORAGE_HINT	backups/clerk-private-profile.before-jwt-rls-bridge.html	1243
UPLOAD_STORAGE_HINT	backups/clerk-private-profile.before-jwt-rls-bridge.html	1249
UPLOAD_STORAGE_HINT	backups/clerk-private-profile.before-jwt-rls-bridge.html	1254
UPLOAD_STORAGE_HINT	backups/clerk-private-profile.before-jwt-rls-bridge.html	1259
UPLOAD_STORAGE_HINT	backups/clerk-private-profile.before-jwt-rls-bridge.html	1260
UPLOAD_STORAGE_HINT	backups/clerk-private-profile.before-jwt-rls-bridge.html	1261
UPLOAD_STORAGE_HINT	backups/clerk-private-profile.before-jwt-rls-bridge.html	1264
UPLOAD_STORAGE_HINT	backups/clerk-private-profile.before-jwt-rls-bridge.html	1269
UPLOAD_STORAGE_HINT	backups/clerk-private-profile.before-jwt-rls-bridge.html	1291
UPLOAD_STORAGE_HINT	backups/clerk-private-profile.before-jwt-rls-bridge.html	1292
UPLOAD_STORAGE_HINT	backups/clerk-private-profile.before-jwt-rls-bridge.html	1293
UPLOAD_STORAGE_HINT	backups/clerk-private-profile.before-jwt-rls-bridge.html	1302
UPLOAD_STORAGE_HINT	backups/clerk-private-profile.before-jwt-rls-bridge.html	1306
UPLOAD_STORAGE_HINT	backups/clerk-private-profile.before-jwt-rls-bridge.html	1307
UPLOAD_STORAGE_HINT	backups/clerk-private-profile.before-jwt-rls-bridge.html	1308
UPLOAD_STORAGE_HINT	backups/clerk-private-profile.before-jwt-rls-bridge.html	1449
UPLOAD_STORAGE_HINT	backups/clerk-private-profile.before-jwt-rls-bridge.html	1471
UPLOAD_STORAGE_HINT	backups/clerk-private-profile.before-jwt-rls-bridge.html	1512
UPLOAD_STORAGE_HINT	backups/clerk-private-profile.before-jwt-rls-bridge.html	1518
UPLOAD_STORAGE_HINT	backups/clerk-private-profile.before-jwt-rls-bridge.html	1520
UPLOAD_STORAGE_HINT	backups/clerk-private-profile.before-profile-resilience-shell.html	6
UPLOAD_STORAGE_HINT	backups/clerk-private-profile.before-profile-resilience-shell.html	22
UPLOAD_STORAGE_HINT	backups/clerk-private-profile.before-profile-resilience-shell.html	124
UPLOAD_STORAGE_HINT	backups/clerk-private-profile.before-profile-resilience-shell.html	150
UPLOAD_STORAGE_HINT	backups/clerk-private-profile.before-profile-resilience-shell.html	156
UPLOAD_STORAGE_HINT	backups/clerk-private-profile.before-profile-resilience-shell.html	169
UPLOAD_STORAGE_HINT	backups/clerk-private-profile.before-profile-resilience-shell.html	210
UPLOAD_STORAGE_HINT	backups/clerk-private-profile.before-profile-resilience-shell.html	231
UPLOAD_STORAGE_HINT	backups/clerk-private-profile.before-profile-resilience-shell.html	589
UPLOAD_STORAGE_HINT	backups/clerk-private-profile.before-profile-resilience-shell.html	594
UPLOAD_STORAGE_HINT	backups/clerk-private-profile.before-profile-resilience-shell.html	599
UPLOAD_STORAGE_HINT	backups/clerk-private-profile.before-profile-resilience-shell.html	604
UPLOAD_STORAGE_HINT	backups/clerk-private-profile.before-profile-resilience-shell.html	623
UPLOAD_STORAGE_HINT	backups/clerk-private-profile.before-profile-resilience-shell.html	660
UPLOAD_STORAGE_HINT	backups/clerk-private-profile.before-profile-resilience-shell.html	781
UPLOAD_STORAGE_HINT	backups/clerk-private-profile.before-profile-resilience-shell.html	790
UPLOAD_STORAGE_HINT	backups/clerk-private-profile.before-profile-resilience-shell.html	791
UPLOAD_STORAGE_HINT	backups/clerk-private-profile.before-profile-resilience-shell.html	805
UPLOAD_STORAGE_HINT	backups/clerk-private-profile.before-profile-resilience-shell.html	813
UPLOAD_STORAGE_HINT	backups/clerk-private-profile.before-profile-resilience-shell.html	814
UPLOAD_STORAGE_HINT	backups/clerk-private-profile.before-profile-resilience-shell.html	827
UPLOAD_STORAGE_HINT	backups/clerk-private-profile.before-profile-resilience-shell.html	831
UPLOAD_STORAGE_HINT	backups/clerk-private-profile.before-profile-resilience-shell.html	836
UPLOAD_STORAGE_HINT	backups/clerk-private-profile.before-profile-resilience-shell.html	837
UPLOAD_STORAGE_HINT	backups/clerk-private-profile.before-profile-resilience-shell.html	868
UPLOAD_STORAGE_HINT	backups/clerk-private-profile.before-profile-resilience-shell.html	902
UPLOAD_STORAGE_HINT	backups/clerk-private-profile.before-profile-resilience-shell.html	910
UPLOAD_STORAGE_HINT	backups/clerk-private-profile.before-profile-resilience-shell.html	916
UPLOAD_STORAGE_HINT	backups/clerk-private-profile.before-profile-resilience-shell.html	923
UPLOAD_STORAGE_HINT	backups/clerk-private-profile.before-profile-resilience-shell.html	933
UPLOAD_STORAGE_HINT	backups/clerk-private-profile.before-profile-resilience-shell.html	934
UPLOAD_STORAGE_HINT	backups/clerk-private-profile.before-profile-resilience-shell.html	941
UPLOAD_STORAGE_HINT	backups/clerk-private-profile.before-profile-resilience-shell.html	948
UPLOAD_STORAGE_HINT	backups/clerk-private-profile.before-profile-resilience-shell.html	954
UPLOAD_STORAGE_HINT	backups/clerk-private-profile.before-profile-resilience-shell.html	956
UPLOAD_STORAGE_HINT	backups/clerk-private-profile.before-profile-resilience-shell.html	964
UPLOAD_STORAGE_HINT	backups/clerk-private-profile.before-profile-resilience-shell.html	971
UPLOAD_STORAGE_HINT	backups/clerk-private-profile.before-profile-resilience-shell.html	973
UPLOAD_STORAGE_HINT	backups/clerk-private-profile.before-profile-resilience-shell.html	977
UPLOAD_STORAGE_HINT	backups/clerk-private-profile.before-profile-resilience-shell.html	978
UPLOAD_STORAGE_HINT	backups/clerk-private-profile.before-profile-resilience-shell.html	984
UPLOAD_STORAGE_HINT	backups/clerk-private-profile.before-profile-resilience-shell.html	991
UPLOAD_STORAGE_HINT	backups/clerk-private-profile.before-profile-resilience-shell.html	998
UPLOAD_STORAGE_HINT	backups/clerk-private-profile.before-profile-resilience-shell.html	1000
UPLOAD_STORAGE_HINT	backups/clerk-private-profile.before-profile-resilience-shell.html	1002
UPLOAD_STORAGE_HINT	backups/clerk-private-profile.before-profile-resilience-shell.html	1007
UPLOAD_STORAGE_HINT	backups/clerk-private-profile.before-profile-resilience-shell.html	1009
UPLOAD_STORAGE_HINT	backups/clerk-private-profile.before-profile-resilience-shell.html	1013
UPLOAD_STORAGE_HINT	backups/clerk-private-profile.before-profile-resilience-shell.html	1022
UPLOAD_STORAGE_HINT	backups/clerk-private-profile.before-profile-resilience-shell.html	1024
UPLOAD_STORAGE_HINT	backups/clerk-private-profile.before-profile-resilience-shell.html	1029
UPLOAD_STORAGE_HINT	backups/clerk-private-profile.before-profile-resilience-shell.html	1030
UPLOAD_STORAGE_HINT	backups/clerk-private-profile.before-profile-resilience-shell.html	1031
UPLOAD_STORAGE_HINT	backups/clerk-private-profile.before-profile-resilience-shell.html	1032
UPLOAD_STORAGE_HINT	backups/clerk-private-profile.before-profile-resilience-shell.html	1060
UPLOAD_STORAGE_HINT	backups/clerk-private-profile.before-profile-resilience-shell.html	1069
UPLOAD_STORAGE_HINT	backups/clerk-private-profile.before-profile-resilience-shell.html	1076
UPLOAD_STORAGE_HINT	backups/clerk-private-profile.before-profile-resilience-shell.html	1083
UPLOAD_STORAGE_HINT	backups/clerk-private-profile.before-profile-resilience-shell.html	1085
UPLOAD_STORAGE_HINT	backups/clerk-private-profile.before-profile-resilience-shell.html	1086
UPLOAD_STORAGE_HINT	backups/clerk-private-profile.before-profile-resilience-shell.html	1088
UPLOAD_STORAGE_HINT	backups/clerk-private-profile.before-profile-resilience-shell.html	1097
UPLOAD_STORAGE_HINT	backups/clerk-private-profile.before-profile-resilience-shell.html	1108
UPLOAD_STORAGE_HINT	backups/clerk-private-profile.before-profile-resilience-shell.html	1110
UPLOAD_STORAGE_HINT	backups/clerk-private-profile.before-profile-resilience-shell.html	1115
UPLOAD_STORAGE_HINT	backups/clerk-private-profile.before-profile-resilience-shell.html	1117
UPLOAD_STORAGE_HINT	backups/clerk-private-profile.before-profile-resilience-shell.html	1122
UPLOAD_STORAGE_HINT	backups/clerk-private-profile.before-profile-resilience-shell.html	1124
UPLOAD_STORAGE_HINT	backups/clerk-private-profile.before-profile-resilience-shell.html	1131
UPLOAD_STORAGE_HINT	backups/clerk-private-profile.before-profile-resilience-shell.html	1132
UPLOAD_STORAGE_HINT	backups/clerk-private-profile.before-profile-resilience-shell.html	1133
UPLOAD_STORAGE_HINT	backups/clerk-private-profile.before-profile-resilience-shell.html	1135
UPLOAD_STORAGE_HINT	backups/clerk-private-profile.before-profile-resilience-shell.html	1141
UPLOAD_STORAGE_HINT	backups/clerk-private-profile.before-profile-resilience-shell.html	1146
UPLOAD_STORAGE_HINT	backups/clerk-private-profile.before-profile-resilience-shell.html	1147
UPLOAD_STORAGE_HINT	backups/clerk-private-profile.before-profile-resilience-shell.html	1148
UPLOAD_STORAGE_HINT	backups/clerk-private-profile.before-profile-resilience-shell.html	1153
UPLOAD_STORAGE_HINT	backups/clerk-private-profile.before-profile-resilience-shell.html	1158
UPLOAD_STORAGE_HINT	backups/clerk-private-profile.before-profile-resilience-shell.html	1162
UPLOAD_STORAGE_HINT	backups/clerk-private-profile.before-profile-resilience-shell.html	1169
UPLOAD_STORAGE_HINT	backups/clerk-private-profile.before-profile-resilience-shell.html	1174
UPLOAD_STORAGE_HINT	backups/clerk-private-profile.before-profile-resilience-shell.html	1176
UPLOAD_STORAGE_HINT	backups/clerk-private-profile.before-profile-resilience-shell.html	1178
UPLOAD_STORAGE_HINT	backups/clerk-private-profile.before-profile-resilience-shell.html	1180
UPLOAD_STORAGE_HINT	backups/clerk-private-profile.before-profile-resilience-shell.html	1181
UPLOAD_STORAGE_HINT	backups/clerk-private-profile.before-profile-resilience-shell.html	1188
UPLOAD_STORAGE_HINT	backups/clerk-private-profile.before-profile-resilience-shell.html	1189
UPLOAD_STORAGE_HINT	backups/clerk-private-profile.before-profile-resilience-shell.html	1190
UPLOAD_STORAGE_HINT	backups/clerk-private-profile.before-profile-resilience-shell.html	1193
UPLOAD_STORAGE_HINT	backups/clerk-private-profile.before-profile-resilience-shell.html	1194
UPLOAD_STORAGE_HINT	backups/clerk-private-profile.before-profile-resilience-shell.html	1200
UPLOAD_STORAGE_HINT	backups/clerk-private-profile.before-profile-resilience-shell.html	1203
UPLOAD_STORAGE_HINT	backups/clerk-private-profile.before-profile-resilience-shell.html	1206
UPLOAD_STORAGE_HINT	backups/clerk-private-profile.before-profile-resilience-shell.html	1214
UPLOAD_STORAGE_HINT	backups/clerk-private-profile.before-profile-resilience-shell.html	1224
UPLOAD_STORAGE_HINT	backups/clerk-private-profile.before-profile-resilience-shell.html	1225
UPLOAD_STORAGE_HINT	backups/clerk-private-profile.before-profile-resilience-shell.html	1226
UPLOAD_STORAGE_HINT	backups/clerk-private-profile.before-profile-resilience-shell.html	1235
UPLOAD_STORAGE_HINT	backups/clerk-private-profile.before-profile-resilience-shell.html	1238
UPLOAD_STORAGE_HINT	backups/clerk-private-profile.before-profile-resilience-shell.html	1292
UPLOAD_STORAGE_HINT	backups/clerk-private-profile.before-profile-resilience-shell.html	1295
UPLOAD_STORAGE_HINT	backups/clerk-private-profile.before-profile-resilience-shell.html	1299
UPLOAD_STORAGE_HINT	backups/clerk-private-profile.before-profile-resilience-shell.html	1304
UPLOAD_STORAGE_HINT	backups/clerk-private-profile.before-profile-resilience-shell.html	1305
UPLOAD_STORAGE_HINT	backups/clerk-private-profile.before-profile-resilience-shell.html	1306
UPLOAD_STORAGE_HINT	backups/clerk-private-profile.before-profile-resilience-shell.html	1318
UPLOAD_STORAGE_HINT	backups/clerk-private-profile.before-profile-resilience-shell.html	1333
UPLOAD_STORAGE_HINT	backups/clerk-private-profile.before-profile-resilience-shell.html	1334
UPLOAD_STORAGE_HINT	backups/clerk-private-profile.before-profile-resilience-shell.html	1335
UPLOAD_STORAGE_HINT	backups/clerk-private-profile.before-profile-resilience-shell.html	1341
UPLOAD_STORAGE_HINT	backups/clerk-private-profile.before-profile-resilience-shell.html	1342
UPLOAD_STORAGE_HINT	backups/clerk-private-profile.before-profile-resilience-shell.html	1343
UPLOAD_STORAGE_HINT	backups/clerk-private-profile.before-profile-resilience-shell.html	1347
UPLOAD_STORAGE_HINT	backups/clerk-private-profile.before-profile-resilience-shell.html	1362
UPLOAD_STORAGE_HINT	backups/clerk-private-profile.before-profile-resilience-shell.html	1377
UPLOAD_STORAGE_HINT	backups/clerk-private-profile.before-profile-resilience-shell.html	1378
UPLOAD_STORAGE_HINT	backups/clerk-private-profile.before-profile-resilience-shell.html	1379
UPLOAD_STORAGE_HINT	backups/clerk-private-profile.before-profile-resilience-shell.html	1385
UPLOAD_STORAGE_HINT	backups/clerk-private-profile.before-profile-resilience-shell.html	1386
UPLOAD_STORAGE_HINT	backups/clerk-private-profile.before-profile-resilience-shell.html	1390
UPLOAD_STORAGE_HINT	backups/clerk-private-profile.before-profile-resilience-shell.html	1398
UPLOAD_STORAGE_HINT	backups/clerk-private-profile.before-profile-resilience-shell.html	1405
UPLOAD_STORAGE_HINT	backups/clerk-private-profile.before-profile-resilience-shell.html	1406
UPLOAD_STORAGE_HINT	backups/clerk-private-profile.before-profile-resilience-shell.html	1411
UPLOAD_STORAGE_HINT	backups/clerk-private-profile.before-profile-resilience-shell.html	1412
UPLOAD_STORAGE_HINT	backups/clerk-private-profile.before-profile-resilience-shell.html	1413
UPLOAD_STORAGE_HINT	backups/clerk-private-profile.before-profile-resilience-shell.html	1414
UPLOAD_STORAGE_HINT	backups/clerk-private-profile.before-profile-resilience-shell.html	1423
UPLOAD_STORAGE_HINT	backups/clerk-private-profile.before-profile-resilience-shell.html	1430
UPLOAD_STORAGE_HINT	backups/clerk-private-profile.before-profile-resilience-shell.html	1431
UPLOAD_STORAGE_HINT	backups/clerk-private-profile.before-profile-resilience-shell.html	1432
UPLOAD_STORAGE_HINT	backups/clerk-private-profile.before-profile-resilience-shell.html	1433
UPLOAD_STORAGE_HINT	backups/clerk-private-profile.before-profile-resilience-shell.html	1438
UPLOAD_STORAGE_HINT	backups/clerk-private-profile.before-profile-resilience-shell.html	1445
UPLOAD_STORAGE_HINT	backups/clerk-private-profile.before-profile-resilience-shell.html	1447
UPLOAD_STORAGE_HINT	backups/clerk-private-profile.before-profile-resilience-shell.html	1454
UPLOAD_STORAGE_HINT	backups/clerk-private-profile.before-profile-resilience-shell.html	1455
UPLOAD_STORAGE_HINT	backups/clerk-private-profile.before-profile-resilience-shell.html	1456
UPLOAD_STORAGE_HINT	backups/clerk-private-profile.before-profile-resilience-shell.html	1457
UPLOAD_STORAGE_HINT	backups/clerk-private-profile.before-profile-resilience-shell.html	1462
UPLOAD_STORAGE_HINT	backups/clerk-private-profile.before-profile-resilience-shell.html	1469
UPLOAD_STORAGE_HINT	backups/clerk-private-profile.before-profile-resilience-shell.html	1470
UPLOAD_STORAGE_HINT	backups/clerk-private-profile.before-profile-resilience-shell.html	1475
UPLOAD_STORAGE_HINT	backups/clerk-private-profile.before-profile-resilience-shell.html	1482
UPLOAD_STORAGE_HINT	backups/clerk-private-profile.before-profile-resilience-shell.html	1491
UPLOAD_STORAGE_HINT	backups/clerk-private-profile.before-profile-resilience-shell.html	1498
UPLOAD_STORAGE_HINT	backups/clerk-private-profile.before-profile-resilience-shell.html	1502
UPLOAD_STORAGE_HINT	backups/clerk-private-profile.before-profile-resilience-shell.html	1506
UPLOAD_STORAGE_HINT	backups/clerk-private-profile.before-profile-resilience-shell.html	1510
UPLOAD_STORAGE_HINT	backups/clerk-private-profile.before-profile-resilience-shell.html	1511
UPLOAD_STORAGE_HINT	backups/clerk-private-profile.before-profile-resilience-shell.html	1512
UPLOAD_STORAGE_HINT	backups/clerk-private-profile.before-profile-resilience-shell.html	1513
UPLOAD_STORAGE_HINT	backups/clerk-private-profile.before-profile-resilience-shell.html	1514
UPLOAD_STORAGE_HINT	backups/clerk-private-profile.before-profile-resilience-shell.html	1515
UPLOAD_STORAGE_HINT	backups/clerk-private-profile.before-profile-resilience-shell.html	1519
UPLOAD_STORAGE_HINT	backups/clerk-private-profile.before-profile-resilience-shell.html	1525
UPLOAD_STORAGE_HINT	backups/clerk-private-profile.before-profile-resilience-shell.html	1530
UPLOAD_STORAGE_HINT	backups/clerk-private-profile.before-profile-resilience-shell.html	1535
UPLOAD_STORAGE_HINT	backups/clerk-private-profile.before-profile-resilience-shell.html	1536
UPLOAD_STORAGE_HINT	backups/clerk-private-profile.before-profile-resilience-shell.html	1537
UPLOAD_STORAGE_HINT	backups/clerk-private-profile.before-profile-resilience-shell.html	1540
UPLOAD_STORAGE_HINT	backups/clerk-private-profile.before-profile-resilience-shell.html	1545
UPLOAD_STORAGE_HINT	backups/clerk-private-profile.before-profile-resilience-shell.html	1567
UPLOAD_STORAGE_HINT	backups/clerk-private-profile.before-profile-resilience-shell.html	1568
UPLOAD_STORAGE_HINT	backups/clerk-private-profile.before-profile-resilience-shell.html	1569
UPLOAD_STORAGE_HINT	backups/clerk-private-profile.before-profile-resilience-shell.html	1578
UPLOAD_STORAGE_HINT	backups/clerk-private-profile.before-profile-resilience-shell.html	1582
UPLOAD_STORAGE_HINT	backups/clerk-private-profile.before-profile-resilience-shell.html	1583
UPLOAD_STORAGE_HINT	backups/clerk-private-profile.before-profile-resilience-shell.html	1584
UPLOAD_STORAGE_HINT	backups/clerk-private-profile.before-profile-resilience-shell.html	1725
UPLOAD_STORAGE_HINT	backups/clerk-private-profile.before-profile-resilience-shell.html	1788
UPLOAD_STORAGE_HINT	backups/clerk-private-profile.before-profile-resilience-shell.html	1794
UPLOAD_STORAGE_HINT	backups/clerk-private-profile.before-profile-resilience-shell.html	1796
UPLOAD_STORAGE_HINT	backups/clerk-private-profile.before-self-healing-profile-gateway.html	6
UPLOAD_STORAGE_HINT	backups/clerk-private-profile.before-self-healing-profile-gateway.html	22
UPLOAD_STORAGE_HINT	backups/clerk-private-profile.before-self-healing-profile-gateway.html	124
UPLOAD_STORAGE_HINT	backups/clerk-private-profile.before-self-healing-profile-gateway.html	150
UPLOAD_STORAGE_HINT	backups/clerk-private-profile.before-self-healing-profile-gateway.html	156
UPLOAD_STORAGE_HINT	backups/clerk-private-profile.before-self-healing-profile-gateway.html	169
UPLOAD_STORAGE_HINT	backups/clerk-private-profile.before-self-healing-profile-gateway.html	210
UPLOAD_STORAGE_HINT	backups/clerk-private-profile.before-self-healing-profile-gateway.html	231
UPLOAD_STORAGE_HINT	backups/clerk-private-profile.before-self-healing-profile-gateway.html	589
UPLOAD_STORAGE_HINT	backups/clerk-private-profile.before-self-healing-profile-gateway.html	594
UPLOAD_STORAGE_HINT	backups/clerk-private-profile.before-self-healing-profile-gateway.html	599
UPLOAD_STORAGE_HINT	backups/clerk-private-profile.before-self-healing-profile-gateway.html	604
UPLOAD_STORAGE_HINT	backups/clerk-private-profile.before-self-healing-profile-gateway.html	623
UPLOAD_STORAGE_HINT	backups/clerk-private-profile.before-self-healing-profile-gateway.html	660
UPLOAD_STORAGE_HINT	backups/clerk-private-profile.before-self-healing-profile-gateway.html	678
UPLOAD_STORAGE_HINT	backups/clerk-private-profile.before-self-healing-profile-gateway.html	682
UPLOAD_STORAGE_HINT	backups/clerk-private-profile.before-self-healing-profile-gateway.html	685
UPLOAD_STORAGE_HINT	backups/clerk-private-profile.before-self-healing-profile-gateway.html	686
UPLOAD_STORAGE_HINT	backups/clerk-private-profile.before-self-healing-profile-gateway.html	691
UPLOAD_STORAGE_HINT	backups/clerk-private-profile.before-self-healing-profile-gateway.html	697
UPLOAD_STORAGE_HINT	backups/clerk-private-profile.before-self-healing-profile-gateway.html	699
UPLOAD_STORAGE_HINT	backups/clerk-private-profile.before-self-healing-profile-gateway.html	711
UPLOAD_STORAGE_HINT	backups/clerk-private-profile.before-self-healing-profile-gateway.html	712
UPLOAD_STORAGE_HINT	backups/clerk-private-profile.before-self-healing-profile-gateway.html	713
UPLOAD_STORAGE_HINT	backups/clerk-private-profile.before-self-healing-profile-gateway.html	714
UPLOAD_STORAGE_HINT	backups/clerk-private-profile.before-self-healing-profile-gateway.html	720
UPLOAD_STORAGE_HINT	backups/clerk-private-profile.before-self-healing-profile-gateway.html	731
UPLOAD_STORAGE_HINT	backups/clerk-private-profile.before-self-healing-profile-gateway.html	738
UPLOAD_STORAGE_HINT	backups/clerk-private-profile.before-self-healing-profile-gateway.html	739
UPLOAD_STORAGE_HINT	backups/clerk-private-profile.before-self-healing-profile-gateway.html	740
UPLOAD_STORAGE_HINT	backups/clerk-private-profile.before-self-healing-profile-gateway.html	741
UPLOAD_STORAGE_HINT	backups/clerk-private-profile.before-self-healing-profile-gateway.html	742
UPLOAD_STORAGE_HINT	backups/clerk-private-profile.before-self-healing-profile-gateway.html	743
UPLOAD_STORAGE_HINT	backups/clerk-private-profile.before-self-healing-profile-gateway.html	750
UPLOAD_STORAGE_HINT	backups/clerk-private-profile.before-self-healing-profile-gateway.html	760
UPLOAD_STORAGE_HINT	backups/clerk-private-profile.before-self-healing-profile-gateway.html	765
UPLOAD_STORAGE_HINT	backups/clerk-private-profile.before-self-healing-profile-gateway.html	767
UPLOAD_STORAGE_HINT	backups/clerk-private-profile.before-self-healing-profile-gateway.html	773
UPLOAD_STORAGE_HINT	backups/clerk-private-profile.before-self-healing-profile-gateway.html	778
UPLOAD_STORAGE_HINT	backups/clerk-private-profile.before-self-healing-profile-gateway.html	783
UPLOAD_STORAGE_HINT	backups/clerk-private-profile.before-self-healing-profile-gateway.html	784
UPLOAD_STORAGE_HINT	backups/clerk-private-profile.before-self-healing-profile-gateway.html	785
UPLOAD_STORAGE_HINT	backups/clerk-private-profile.before-self-healing-profile-gateway.html	788
UPLOAD_STORAGE_HINT	backups/clerk-private-profile.before-self-healing-profile-gateway.html	793
UPLOAD_STORAGE_HINT	backups/clerk-private-profile.before-self-healing-profile-gateway.html	815
UPLOAD_STORAGE_HINT	backups/clerk-private-profile.before-self-healing-profile-gateway.html	816
UPLOAD_STORAGE_HINT	backups/clerk-private-profile.before-self-healing-profile-gateway.html	817
UPLOAD_STORAGE_HINT	backups/clerk-private-profile.before-self-healing-profile-gateway.html	826
UPLOAD_STORAGE_HINT	backups/clerk-private-profile.before-self-healing-profile-gateway.html	830
UPLOAD_STORAGE_HINT	backups/clerk-private-profile.before-self-healing-profile-gateway.html	831
UPLOAD_STORAGE_HINT	backups/clerk-private-profile.before-self-healing-profile-gateway.html	832
UPLOAD_STORAGE_HINT	backups/clerk-private-profile.before-self-healing-profile-gateway.html	973
UPLOAD_STORAGE_HINT	backups/clerk-private-profile.before-self-healing-profile-gateway.html	995
UPLOAD_STORAGE_HINT	backups/clerk-private-profile.before-self-healing-profile-gateway.html	1054
UPLOAD_STORAGE_HINT	backups/clerk-private-profile.before-self-healing-profile-gateway.html	1056
UPLOAD_STORAGE_HINT	backups/clerk-private-profile.before-self-healing-profile-gateway.html	1058
UPLOAD_STORAGE_HINT	backups/visual-trust-layer/phase-2-2/public-profile.before-readable-lock.20260709-184736.html	257
UPLOAD_STORAGE_HINT	backups/visual-trust-layer/phase-2-2/public-profile.before-readable-lock.20260709-184736.html	310
UPLOAD_STORAGE_HINT	backups/visual-trust-layer/phase-2-2/public-profile.before-readable-lock.20260709-184736.html	311
UPLOAD_STORAGE_HINT	backups/visual-trust-layer/phase-2-2/public-profile.before-readable-lock.20260709-184736.html	408
UPLOAD_STORAGE_HINT	backups/visual-trust-layer/phase-2-2/public-profile.before-readable-lock.20260709-184736.html	523
UPLOAD_STORAGE_HINT	backups/visual-trust-layer/phase-2-2/public-profile.before-readable-lock.20260709-184736.html	524
UPLOAD_STORAGE_HINT	backups/visual-trust-layer/phase-2-2/public-profile.before-readable-lock.20260709-184736.html	612
UPLOAD_STORAGE_HINT	backups/visual-trust-layer/phase-2-2/public-profile.before-readable-lock.20260709-184736.html	700
UPLOAD_STORAGE_HINT	backups/visual-trust-layer/phase-2-2/public-profile.before-readable-lock.20260709-184736.html	709
UPLOAD_STORAGE_HINT	backups/visual-trust-layer/phase-2-2/public-profile.before-readable-lock.20260709-184736.html	730
UPLOAD_STORAGE_HINT	backups/visual-trust-layer/phase-2-2/public-profile.before-readable-lock.20260709-184736.html	738
UPLOAD_STORAGE_HINT	backups/visual-trust-layer/phase-2-2/public-profile.before-readable-lock.20260709-184736.html	746
UPLOAD_STORAGE_HINT	backups/visual-trust-layer/phase-2-2/public-profile.before-readable-lock.20260709-184736.html	754
UPLOAD_STORAGE_HINT	backups/visual-trust-layer/phase-2-2/public-profile.before-readable-lock.20260709-184736.html	774
UPLOAD_STORAGE_HINT	backups/visual-trust-layer/phase-2-2/public-profile.before-readable-lock.20260709-184736.html	784
UPLOAD_STORAGE_HINT	backups/visual-trust-layer/phase-2-2/public-profile.before-readable-lock.20260709-184736.html	794
UPLOAD_STORAGE_HINT	backups/visual-trust-layer/phase-2-2/public-profile.before-readable-lock.20260709-184736.html	804
UPLOAD_STORAGE_HINT	backups/visual-trust-layer/phase-2-2/public-profile.before-readable-lock.20260709-184736.html	814
UPLOAD_STORAGE_HINT	backups/visual-trust-layer/phase-2-2/public-profile.before-readable-lock.20260709-184736.html	827
UPLOAD_STORAGE_HINT	backups/visual-trust-layer/phase-2-2/public-profile.before-readable-lock.20260709-184736.html	831
UPLOAD_STORAGE_HINT	backups/visual-trust-layer/phase-2-2/public-profile.before-readable-lock.20260709-184736.html	842
UPLOAD_STORAGE_HINT	backups/visual-trust-layer/phase-2-2/public-profile.before-readable-lock.20260709-184736.html	858
UPLOAD_STORAGE_HINT	backups/visual-trust-layer/phase-2-2/public-profile.before-readable-lock.20260709-184736.html	868
UPLOAD_STORAGE_HINT	backups/visual-trust-layer/phase-2-2/public-profile.before-readable-lock.20260709-184736.html	883
UPLOAD_STORAGE_HINT	backups/visual-trust-layer/phase-2-2/public-profile.before-readable-lock.20260709-184736.html	937
UPLOAD_STORAGE_HINT	backups/visual-trust-layer/phase-2-2/public-profile.before-readable-lock.20260709-184736.html	951
UPLOAD_STORAGE_HINT	backups/visual-trust-layer/phase-2-2/public-profile.before-readable-lock.20260709-184736.html	960
UPLOAD_STORAGE_HINT	backups/visual-trust-layer/phase-2-2/public-profile.before-readable-lock.20260709-184736.html	967
UPLOAD_STORAGE_HINT	backups/visual-trust-layer/phase-2-2/public-profile.before-readable-lock.20260709-184736.html	1028
UPLOAD_STORAGE_HINT	backups/visual-trust-layer/phase-2-2/public-profile.before-readable-lock.20260709-184736.html	1043
UPLOAD_STORAGE_HINT	backups/visual-trust-layer/phase-2-2/public-profile.before-readable-lock.20260709-184736.html	1079
UPLOAD_STORAGE_HINT	backups/visual-trust-layer/phase-2-2/public-profile.before-readable-lock.20260709-184736.html	1113
UPLOAD_STORAGE_HINT	backups/visual-trust-layer/phase-2-2/public-profile.before-readable-lock.20260709-184736.html	1116
UPLOAD_STORAGE_HINT	backups/visual-trust-layer/phase-2-2/public-profile.before-readable-lock.20260709-184736.html	1124
UPLOAD_STORAGE_HINT	backups/visual-trust-layer/phase-2-2/public-profile.before-readable-lock.20260709-184736.html	1125
UPLOAD_STORAGE_HINT	backups/visual-trust-layer/phase-2-2/public-profile.before-readable-lock.20260709-184736.html	1155
UPLOAD_STORAGE_HINT	backups/visual-trust-layer/phase-2-2/public-profile.before-readable-lock.20260709-184736.html	1159
UPLOAD_STORAGE_HINT	backups/visual-trust-layer/phase-2-2/public-profile.before-readable-lock.20260709-184736.html	1311
UPLOAD_STORAGE_HINT	backups/visual-trust-layer/phase-2-2/vvip-visual-trust-layer.before-readable-lock.20260709-184736.css	45
UPLOAD_STORAGE_HINT	backups/visual-trust-layer/phase-2-2/vvip-visual-trust-layer.before-readable-lock.20260709-184736.css	46
UPLOAD_STORAGE_HINT	backups/visual-trust-layer/phase-2-2/vvip-visual-trust-layer.before-readable-lock.20260709-184736.css	56
UPLOAD_STORAGE_HINT	backups/visual-trust-layer/phase-2-2/vvip-visual-trust-layer.before-readable-lock.20260709-184736.css	57
UPLOAD_STORAGE_HINT	backups/visual-trust-layer/phase-2-2/vvip-visual-trust-layer.before-readable-lock.20260709-184736.css	67
UPLOAD_STORAGE_HINT	backups/visual-trust-layer/phase-2-2/vvip-visual-trust-layer.before-readable-lock.20260709-184736.css	160
UPLOAD_STORAGE_HINT	backups/visual-trust-layer/phase-2-2/vvip-visual-trust-layer.before-readable-lock.20260709-184736.css	161
UPLOAD_STORAGE_HINT	backups/visual-trust-layer/phase-2-2/vvip-visual-trust-layer.before-readable-lock.20260709-184736.css	182
UPLOAD_STORAGE_HINT	backups/visual-trust-layer/phase-2-2/vvip-visual-trust-layer.before-readable-lock.20260709-184736.css	194
UPLOAD_STORAGE_HINT	backups/visual-trust-layer/phase-2-2/vvip-visual-trust-layer.before-readable-lock.20260709-184736.css	214
UPLOAD_STORAGE_HINT	backups/visual-trust-layer/phase-2-2/vvip-visual-trust-layer.before-readable-lock.20260709-184736.css	234
UPLOAD_STORAGE_HINT	backups/visual-trust-layer/phase-2-2/vvip-visual-trust-layer.before-readable-lock.20260709-184736.css	254
UPLOAD_STORAGE_HINT	backups/visual-trust-layer/phase-2-2/vvip-visual-trust-layer.before-readable-lock.20260709-184736.css	333
UPLOAD_STORAGE_HINT	backups/visual-trust-layer/phase-2-2/vvip-visual-trust-layer.before-readable-lock.20260709-184736.css	346
UPLOAD_STORAGE_HINT	backups/visual-trust-layer/phase-2-2/vvip-visual-trust-layer.before-readable-lock.20260709-184736.css	359
UPLOAD_STORAGE_HINT	backups/visual-trust-layer/phase-2-2/vvip-visual-trust-layer.before-readable-lock.20260709-184736.css	381
UPLOAD_STORAGE_HINT	backups/visual-trust-layer/phase-2-2/vvip-visual-trust-layer.before-readable-lock.20260709-184736.css	402
UPLOAD_STORAGE_HINT	backups/visual-trust-layer/phase-2-2/vvip-visual-trust-layer.before-readable-lock.20260709-184736.css	404
UPLOAD_STORAGE_HINT	clerk-private-profile.html	6
UPLOAD_STORAGE_HINT	clerk-private-profile.html	22
UPLOAD_STORAGE_HINT	clerk-private-profile.html	124
UPLOAD_STORAGE_HINT	clerk-private-profile.html	150
UPLOAD_STORAGE_HINT	clerk-private-profile.html	156
UPLOAD_STORAGE_HINT	clerk-private-profile.html	169
UPLOAD_STORAGE_HINT	clerk-private-profile.html	210
UPLOAD_STORAGE_HINT	clerk-private-profile.html	231
UPLOAD_STORAGE_HINT	clerk-private-profile.html	589
UPLOAD_STORAGE_HINT	clerk-private-profile.html	594
UPLOAD_STORAGE_HINT	clerk-private-profile.html	599
UPLOAD_STORAGE_HINT	clerk-private-profile.html	604
UPLOAD_STORAGE_HINT	clerk-private-profile.html	623
UPLOAD_STORAGE_HINT	clerk-private-profile.html	624
UPLOAD_STORAGE_HINT	clerk-private-profile.html	661
UPLOAD_STORAGE_HINT	clerk-private-profile.html	782
UPLOAD_STORAGE_HINT	clerk-private-profile.html	791
UPLOAD_STORAGE_HINT	clerk-private-profile.html	792
UPLOAD_STORAGE_HINT	clerk-private-profile.html	801
UPLOAD_STORAGE_HINT	clerk-private-profile.html	803
UPLOAD_STORAGE_HINT	clerk-private-profile.html	805
UPLOAD_STORAGE_HINT	clerk-private-profile.html	806
UPLOAD_STORAGE_HINT	clerk-private-profile.html	822
UPLOAD_STORAGE_HINT	clerk-private-profile.html	824
UPLOAD_STORAGE_HINT	clerk-private-profile.html	831
UPLOAD_STORAGE_HINT	clerk-private-profile.html	835
UPLOAD_STORAGE_HINT	clerk-private-profile.html	841
UPLOAD_STORAGE_HINT	clerk-private-profile.html	848
UPLOAD_STORAGE_HINT	clerk-private-profile.html	850
UPLOAD_STORAGE_HINT	clerk-private-profile.html	855
UPLOAD_STORAGE_HINT	clerk-private-profile.html	860
UPLOAD_STORAGE_HINT	clerk-private-profile.html	868
UPLOAD_STORAGE_HINT	clerk-private-profile.html	869
UPLOAD_STORAGE_HINT	clerk-private-profile.html	874
UPLOAD_STORAGE_HINT	clerk-private-profile.html	875
UPLOAD_STORAGE_HINT	clerk-private-profile.html	876
UPLOAD_STORAGE_HINT	clerk-private-profile.html	877
UPLOAD_STORAGE_HINT	clerk-private-profile.html	878
UPLOAD_STORAGE_HINT	clerk-private-profile.html	879
UPLOAD_STORAGE_HINT	clerk-private-profile.html	880
UPLOAD_STORAGE_HINT	clerk-private-profile.html	881
UPLOAD_STORAGE_HINT	clerk-private-profile.html	882
UPLOAD_STORAGE_HINT	clerk-private-profile.html	883
UPLOAD_STORAGE_HINT	clerk-private-profile.html	887
UPLOAD_STORAGE_HINT	clerk-private-profile.html	890
UPLOAD_STORAGE_HINT	clerk-private-profile.html	917
UPLOAD_STORAGE_HINT	clerk-private-profile.html	919
UPLOAD_STORAGE_HINT	clerk-private-profile.html	920
UPLOAD_STORAGE_HINT	clerk-private-profile.html	925
UPLOAD_STORAGE_HINT	clerk-private-profile.html	926
UPLOAD_STORAGE_HINT	clerk-private-profile.html	927
UPLOAD_STORAGE_HINT	clerk-private-profile.html	929
UPLOAD_STORAGE_HINT	clerk-private-profile.html	933
UPLOAD_STORAGE_HINT	clerk-private-profile.html	950
UPLOAD_STORAGE_HINT	clerk-private-profile.html	951
UPLOAD_STORAGE_HINT	clerk-private-profile.html	958
UPLOAD_STORAGE_HINT	clerk-private-profile.html	964
UPLOAD_STORAGE_HINT	clerk-private-profile.html	965
UPLOAD_STORAGE_HINT	clerk-private-profile.html	966
UPLOAD_STORAGE_HINT	clerk-private-profile.html	967
UPLOAD_STORAGE_HINT	clerk-private-profile.html	971
UPLOAD_STORAGE_HINT	clerk-private-profile.html	972
UPLOAD_STORAGE_HINT	clerk-private-profile.html	985
UPLOAD_STORAGE_HINT	clerk-private-profile.html	989
UPLOAD_STORAGE_HINT	clerk-private-profile.html	994
UPLOAD_STORAGE_HINT	clerk-private-profile.html	995
UPLOAD_STORAGE_HINT	clerk-private-profile.html	1026
UPLOAD_STORAGE_HINT	clerk-private-profile.html	1060
UPLOAD_STORAGE_HINT	clerk-private-profile.html	1068
UPLOAD_STORAGE_HINT	clerk-private-profile.html	1074
UPLOAD_STORAGE_HINT	clerk-private-profile.html	1081
UPLOAD_STORAGE_HINT	clerk-private-profile.html	1091
UPLOAD_STORAGE_HINT	clerk-private-profile.html	1092
UPLOAD_STORAGE_HINT	clerk-private-profile.html	1099
UPLOAD_STORAGE_HINT	clerk-private-profile.html	1106
UPLOAD_STORAGE_HINT	clerk-private-profile.html	1112
UPLOAD_STORAGE_HINT	clerk-private-profile.html	1114
UPLOAD_STORAGE_HINT	clerk-private-profile.html	1122
UPLOAD_STORAGE_HINT	clerk-private-profile.html	1129
UPLOAD_STORAGE_HINT	clerk-private-profile.html	1131
UPLOAD_STORAGE_HINT	clerk-private-profile.html	1135
UPLOAD_STORAGE_HINT	clerk-private-profile.html	1136
UPLOAD_STORAGE_HINT	clerk-private-profile.html	1142
UPLOAD_STORAGE_HINT	clerk-private-profile.html	1149
UPLOAD_STORAGE_HINT	clerk-private-profile.html	1156
UPLOAD_STORAGE_HINT	clerk-private-profile.html	1158
UPLOAD_STORAGE_HINT	clerk-private-profile.html	1160
UPLOAD_STORAGE_HINT	clerk-private-profile.html	1165
UPLOAD_STORAGE_HINT	clerk-private-profile.html	1167
UPLOAD_STORAGE_HINT	clerk-private-profile.html	1171
UPLOAD_STORAGE_HINT	clerk-private-profile.html	1180
UPLOAD_STORAGE_HINT	clerk-private-profile.html	1182
UPLOAD_STORAGE_HINT	clerk-private-profile.html	1187
UPLOAD_STORAGE_HINT	clerk-private-profile.html	1188
UPLOAD_STORAGE_HINT	clerk-private-profile.html	1189
UPLOAD_STORAGE_HINT	clerk-private-profile.html	1190
UPLOAD_STORAGE_HINT	clerk-private-profile.html	1218
UPLOAD_STORAGE_HINT	clerk-private-profile.html	1227
UPLOAD_STORAGE_HINT	clerk-private-profile.html	1234
UPLOAD_STORAGE_HINT	clerk-private-profile.html	1241
UPLOAD_STORAGE_HINT	clerk-private-profile.html	1243
UPLOAD_STORAGE_HINT	clerk-private-profile.html	1244
UPLOAD_STORAGE_HINT	clerk-private-profile.html	1246
UPLOAD_STORAGE_HINT	clerk-private-profile.html	1255
UPLOAD_STORAGE_HINT	clerk-private-profile.html	1266
UPLOAD_STORAGE_HINT	clerk-private-profile.html	1268
UPLOAD_STORAGE_HINT	clerk-private-profile.html	1273
UPLOAD_STORAGE_HINT	clerk-private-profile.html	1275
UPLOAD_STORAGE_HINT	clerk-private-profile.html	1280
UPLOAD_STORAGE_HINT	clerk-private-profile.html	1282
UPLOAD_STORAGE_HINT	clerk-private-profile.html	1289
UPLOAD_STORAGE_HINT	clerk-private-profile.html	1290
UPLOAD_STORAGE_HINT	clerk-private-profile.html	1291
UPLOAD_STORAGE_HINT	clerk-private-profile.html	1293
UPLOAD_STORAGE_HINT	clerk-private-profile.html	1299
UPLOAD_STORAGE_HINT	clerk-private-profile.html	1304
UPLOAD_STORAGE_HINT	clerk-private-profile.html	1305
UPLOAD_STORAGE_HINT	clerk-private-profile.html	1306
UPLOAD_STORAGE_HINT	clerk-private-profile.html	1311
UPLOAD_STORAGE_HINT	clerk-private-profile.html	1316
UPLOAD_STORAGE_HINT	clerk-private-profile.html	1320
UPLOAD_STORAGE_HINT	clerk-private-profile.html	1327
UPLOAD_STORAGE_HINT	clerk-private-profile.html	1332
UPLOAD_STORAGE_HINT	clerk-private-profile.html	1334
UPLOAD_STORAGE_HINT	clerk-private-profile.html	1336
UPLOAD_STORAGE_HINT	clerk-private-profile.html	1338
UPLOAD_STORAGE_HINT	clerk-private-profile.html	1339
UPLOAD_STORAGE_HINT	clerk-private-profile.html	1346
UPLOAD_STORAGE_HINT	clerk-private-profile.html	1347
UPLOAD_STORAGE_HINT	clerk-private-profile.html	1348
UPLOAD_STORAGE_HINT	clerk-private-profile.html	1351
UPLOAD_STORAGE_HINT	clerk-private-profile.html	1352
UPLOAD_STORAGE_HINT	clerk-private-profile.html	1358
UPLOAD_STORAGE_HINT	clerk-private-profile.html	1361
UPLOAD_STORAGE_HINT	clerk-private-profile.html	1364
UPLOAD_STORAGE_HINT	clerk-private-profile.html	1372
UPLOAD_STORAGE_HINT	clerk-private-profile.html	1382
UPLOAD_STORAGE_HINT	clerk-private-profile.html	1383
UPLOAD_STORAGE_HINT	clerk-private-profile.html	1384
UPLOAD_STORAGE_HINT	clerk-private-profile.html	1393
UPLOAD_STORAGE_HINT	clerk-private-profile.html	1396
UPLOAD_STORAGE_HINT	clerk-private-profile.html	1450
UPLOAD_STORAGE_HINT	clerk-private-profile.html	1453
UPLOAD_STORAGE_HINT	clerk-private-profile.html	1457
UPLOAD_STORAGE_HINT	clerk-private-profile.html	1462
UPLOAD_STORAGE_HINT	clerk-private-profile.html	1463
UPLOAD_STORAGE_HINT	clerk-private-profile.html	1464
UPLOAD_STORAGE_HINT	clerk-private-profile.html	1476
UPLOAD_STORAGE_HINT	clerk-private-profile.html	1491
UPLOAD_STORAGE_HINT	clerk-private-profile.html	1492
UPLOAD_STORAGE_HINT	clerk-private-profile.html	1493
UPLOAD_STORAGE_HINT	clerk-private-profile.html	1499
UPLOAD_STORAGE_HINT	clerk-private-profile.html	1500
UPLOAD_STORAGE_HINT	clerk-private-profile.html	1501
UPLOAD_STORAGE_HINT	clerk-private-profile.html	1505
UPLOAD_STORAGE_HINT	clerk-private-profile.html	1520
UPLOAD_STORAGE_HINT	clerk-private-profile.html	1535
UPLOAD_STORAGE_HINT	clerk-private-profile.html	1536
UPLOAD_STORAGE_HINT	clerk-private-profile.html	1537
UPLOAD_STORAGE_HINT	clerk-private-profile.html	1543
UPLOAD_STORAGE_HINT	clerk-private-profile.html	1544
UPLOAD_STORAGE_HINT	clerk-private-profile.html	1549
UPLOAD_STORAGE_HINT	clerk-private-profile.html	1555
UPLOAD_STORAGE_HINT	clerk-private-profile.html	1556
UPLOAD_STORAGE_HINT	clerk-private-profile.html	1557
UPLOAD_STORAGE_HINT	clerk-private-profile.html	1569
UPLOAD_STORAGE_HINT	clerk-private-profile.html	1570
UPLOAD_STORAGE_HINT	clerk-private-profile.html	1571
UPLOAD_STORAGE_HINT	clerk-private-profile.html	1574
UPLOAD_STORAGE_HINT	clerk-private-profile.html	1579
UPLOAD_STORAGE_HINT	clerk-private-profile.html	1580
UPLOAD_STORAGE_HINT	clerk-private-profile.html	1581
UPLOAD_STORAGE_HINT	clerk-private-profile.html	1585
UPLOAD_STORAGE_HINT	clerk-private-profile.html	1592
UPLOAD_STORAGE_HINT	clerk-private-profile.html	1593
UPLOAD_STORAGE_HINT	clerk-private-profile.html	1603
UPLOAD_STORAGE_HINT	clerk-private-profile.html	1604
UPLOAD_STORAGE_HINT	clerk-private-profile.html	1608
UPLOAD_STORAGE_HINT	clerk-private-profile.html	1609
UPLOAD_STORAGE_HINT	clerk-private-profile.html	1610
UPLOAD_STORAGE_HINT	clerk-private-profile.html	1616
UPLOAD_STORAGE_HINT	clerk-private-profile.html	1624
UPLOAD_STORAGE_HINT	clerk-private-profile.html	1628
UPLOAD_STORAGE_HINT	clerk-private-profile.html	1634
UPLOAD_STORAGE_HINT	clerk-private-profile.html	1642
UPLOAD_STORAGE_HINT	clerk-private-profile.html	1643
UPLOAD_STORAGE_HINT	clerk-private-profile.html	1644
UPLOAD_STORAGE_HINT	clerk-private-profile.html	1652
UPLOAD_STORAGE_HINT	clerk-private-profile.html	1653
UPLOAD_STORAGE_HINT	clerk-private-profile.html	1654
UPLOAD_STORAGE_HINT	clerk-private-profile.html	1655
UPLOAD_STORAGE_HINT	clerk-private-profile.html	1658
UPLOAD_STORAGE_HINT	clerk-private-profile.html	1662
UPLOAD_STORAGE_HINT	clerk-private-profile.html	1663
UPLOAD_STORAGE_HINT	clerk-private-profile.html	1664
UPLOAD_STORAGE_HINT	clerk-private-profile.html	1670
UPLOAD_STORAGE_HINT	clerk-private-profile.html	1671
UPLOAD_STORAGE_HINT	clerk-private-profile.html	1673
UPLOAD_STORAGE_HINT	clerk-private-profile.html	1676
UPLOAD_STORAGE_HINT	clerk-private-profile.html	1677
UPLOAD_STORAGE_HINT	clerk-private-profile.html	1681
UPLOAD_STORAGE_HINT	clerk-private-profile.html	1684
UPLOAD_STORAGE_HINT	clerk-private-profile.html	1686
UPLOAD_STORAGE_HINT	clerk-private-profile.html	1692
UPLOAD_STORAGE_HINT	clerk-private-profile.html	1696
UPLOAD_STORAGE_HINT	clerk-private-profile.html	1697
UPLOAD_STORAGE_HINT	clerk-private-profile.html	1698
UPLOAD_STORAGE_HINT	clerk-private-profile.html	1699
UPLOAD_STORAGE_HINT	clerk-private-profile.html	1700
UPLOAD_STORAGE_HINT	clerk-private-profile.html	1701
UPLOAD_STORAGE_HINT	clerk-private-profile.html	1705
UPLOAD_STORAGE_HINT	clerk-private-profile.html	1711
UPLOAD_STORAGE_HINT	clerk-private-profile.html	1716
UPLOAD_STORAGE_HINT	clerk-private-profile.html	1721
UPLOAD_STORAGE_HINT	clerk-private-profile.html	1722
UPLOAD_STORAGE_HINT	clerk-private-profile.html	1723
UPLOAD_STORAGE_HINT	clerk-private-profile.html	1726
UPLOAD_STORAGE_HINT	clerk-private-profile.html	1731
UPLOAD_STORAGE_HINT	clerk-private-profile.html	1753
UPLOAD_STORAGE_HINT	clerk-private-profile.html	1754
UPLOAD_STORAGE_HINT	clerk-private-profile.html	1755
UPLOAD_STORAGE_HINT	clerk-private-profile.html	1764
UPLOAD_STORAGE_HINT	clerk-private-profile.html	1768
UPLOAD_STORAGE_HINT	clerk-private-profile.html	1769
UPLOAD_STORAGE_HINT	clerk-private-profile.html	1770
UPLOAD_STORAGE_HINT	clerk-private-profile.html	1911
UPLOAD_STORAGE_HINT	clerk-private-profile.html	1974
UPLOAD_STORAGE_HINT	clerk-private-profile.html	1980
UPLOAD_STORAGE_HINT	clerk-private-profile.html	1982
UPLOAD_STORAGE_HINT	clerk-test.html	196
UPLOAD_STORAGE_HINT	data-deletion.html	74
UPLOAD_STORAGE_HINT	docs/PROFILE_RESILIENCE_SHELL_CLOSURE.md	1
UPLOAD_STORAGE_HINT	docs/PROFILE_RESILIENCE_SHELL_CLOSURE.md	3
UPLOAD_STORAGE_HINT	docs/PROFILE_RESILIENCE_SHELL_CLOSURE.md	11
UPLOAD_STORAGE_HINT	docs/PROFILE_RESILIENCE_SHELL_CLOSURE.md	13
UPLOAD_STORAGE_HINT	docs/PROFILE_RESILIENCE_SHELL_CLOSURE.md	21
UPLOAD_STORAGE_HINT	docs/PROFILE_RESILIENCE_SHELL_CLOSURE.md	36
UPLOAD_STORAGE_HINT	docs/PROFILE_RESILIENCE_SHELL_CLOSURE.md	50
UPLOAD_STORAGE_HINT	docs/PROFILE_RESILIENCE_SHELL_CLOSURE.md	53
UPLOAD_STORAGE_HINT	docs/PROFILE_RESILIENCE_SHELL_CLOSURE.md	66
UPLOAD_STORAGE_HINT	docs/PROFILE_RESILIENCE_SHELL_CLOSURE.md	85
UPLOAD_STORAGE_HINT	docs/PROFILE_RESILIENCE_SHELL_CLOSURE.md	98
UPLOAD_STORAGE_HINT	docs/VVIP_TIGER_AUTH_AUDIT.md	27
UPLOAD_STORAGE_HINT	docs/VVIP_TIGER_AUTH_AUDIT.md	53
UPLOAD_STORAGE_HINT	docs/VVIP_TIGER_AUTH_AUDIT.md	57
UPLOAD_STORAGE_HINT	docs/VVIP_TIGER_AUTH_AUDIT.md	65
UPLOAD_STORAGE_HINT	docs/VVIP_TIGER_AUTH_AUDIT.md	67
UPLOAD_STORAGE_HINT	docs/VVIP_TIGER_AUTH_AUDIT.md	83
UPLOAD_STORAGE_HINT	docs/VVIP_TIGER_AUTH_AUDIT.md	89
UPLOAD_STORAGE_HINT	docs/VVIP_TIGER_AUTH_AUDIT.md	99
UPLOAD_STORAGE_HINT	docs/VVIP_TIGER_AUTH_AUDIT.md	106
UPLOAD_STORAGE_HINT	docs/VVIP_TIGER_CLERK_PROFILE_TABLE_LOG.md	2
UPLOAD_STORAGE_HINT	docs/VVIP_TIGER_CLERK_PROFILE_TABLE_LOG.md	4
UPLOAD_STORAGE_HINT	docs/VVIP_TIGER_CLERK_PROFILE_TABLE_LOG.md	10
UPLOAD_STORAGE_HINT	docs/VVIP_TIGER_CLERK_PROFILE_TABLE_LOG.md	12
UPLOAD_STORAGE_HINT	docs/VVIP_TIGER_CLERK_PROFILE_TABLE_LOG.md	16
UPLOAD_STORAGE_HINT	docs/VVIP_TIGER_CLERK_PROFILE_TABLE_LOG.md	32
UPLOAD_STORAGE_HINT	docs/VVIP_TIGER_CLERK_PROFILE_TABLE_LOG.md	36
UPLOAD_STORAGE_HINT	docs/VVIP_TIGER_CLERK_PROFILE_TABLE_LOG.md	37
UPLOAD_STORAGE_HINT	docs/VVIP_TIGER_CLERK_PROFILE_TABLE_LOG.md	38
UPLOAD_STORAGE_HINT	docs/VVIP_TIGER_CLERK_PROFILE_TABLE_LOG.md	54
UPLOAD_STORAGE_HINT	docs/VVIP_TIGER_CLERK_RLS_APPLY_LOG.md	4
UPLOAD_STORAGE_HINT	docs/VVIP_TIGER_CLERK_RLS_APPLY_LOG.md	25
UPLOAD_STORAGE_HINT	docs/VVIP_TIGER_CLERK_RLS_APPLY_LOG.md	29
UPLOAD_STORAGE_HINT	docs/VVIP_TIGER_CLERK_RLS_APPLY_LOG.md	30
UPLOAD_STORAGE_HINT	docs/VVIP_TIGER_CLERK_RLS_APPLY_LOG.md	31
UPLOAD_STORAGE_HINT	docs/VVIP_TIGER_CLERK_RLS_APPLY_LOG.md	39
UPLOAD_STORAGE_HINT	docs/VVIP_TIGER_CLERK_SUPABASE_LINK_SUCCESS.md	13
UPLOAD_STORAGE_HINT	docs/VVIP_TIGER_CLERK_SUPABASE_LINK_SUCCESS.md	22
UPLOAD_STORAGE_HINT	docs/VVIP_TIGER_CLERK_SUPABASE_LINK_SUCCESS.md	23
UPLOAD_STORAGE_HINT	docs/VVIP_TIGER_CLERK_SUPABASE_LINK_SUCCESS.md	31
UPLOAD_STORAGE_HINT	docs/VVIP_TIGER_CLERK_SUPABASE_LINK_SUCCESS.md	33
UPLOAD_STORAGE_HINT	docs/VVIP_TIGER_CLERK_SUPABASE_LINK_SUCCESS.md	35
UPLOAD_STORAGE_HINT	docs/VVIP_TIGER_CLERK_SUPABASE_LINK_SUCCESS.md	45
UPLOAD_STORAGE_HINT	docs/VVIP_TIGER_CLERK_SUPABASE_LINK_SUCCESS.md	57
UPLOAD_STORAGE_HINT	docs/VVIP_TIGER_CLERK_SUPABASE_LINK_SUCCESS.md	66
UPLOAD_STORAGE_HINT	docs/VVIP_TIGER_CLERK_SUPABASE_LINK_SUCCESS.md	70
UPLOAD_STORAGE_HINT	docs/VVIP_TIGER_CLERK_SUPABASE_LINK_SUCCESS.md	74
UPLOAD_STORAGE_HINT	docs/VVIP_TIGER_CLERK_SUPABASE_LINK_SUCCESS.md	87
UPLOAD_STORAGE_HINT	docs/VVIP_TIGER_DB_AUDIT.md	16
UPLOAD_STORAGE_HINT	docs/VVIP_TIGER_DB_AUDIT.md	22
UPLOAD_STORAGE_HINT	docs/VVIP_TIGER_DB_AUDIT.md	24
UPLOAD_STORAGE_HINT	docs/VVIP_TIGER_DB_AUDIT.md	29
UPLOAD_STORAGE_HINT	docs/VVIP_TIGER_DB_AUDIT.md	50
UPLOAD_STORAGE_HINT	docs/VVIP_TIGER_DB_AUDIT.md	62
UPLOAD_STORAGE_HINT	docs/VVIP_TIGER_DB_AUDIT.md	64
UPLOAD_STORAGE_HINT	docs/VVIP_TIGER_DB_AUDIT.md	98
UPLOAD_STORAGE_HINT	docs/VVIP_TIGER_DB_AUDIT.md	119
UPLOAD_STORAGE_HINT	docs/VVIP_TIGER_DB_AUDIT.md	230
UPLOAD_STORAGE_HINT	docs/VVIP_TIGER_DB_AUDIT.md	235
UPLOAD_STORAGE_HINT	docs/VVIP_TIGER_DB_AUDIT.md	239
UPLOAD_STORAGE_HINT	docs/VVIP_TIGER_DB_AUDIT.md	250
UPLOAD_STORAGE_HINT	docs/VVIP_TIGER_DB_AUDIT.md	254
UPLOAD_STORAGE_HINT	docs/VVIP_TIGER_DB_AUDIT.md	272
UPLOAD_STORAGE_HINT	docs/VVIP_TIGER_DB_AUDIT.md	276
UPLOAD_STORAGE_HINT	docs/VVIP_TIGER_DB_AUDIT.md	294
UPLOAD_STORAGE_HINT	docs/VVIP_TIGER_DB_AUDIT.md	326
UPLOAD_STORAGE_HINT	docs/VVIP_TIGER_DB_AUDIT.md	328
UPLOAD_STORAGE_HINT	docs/VVIP_TIGER_DB_AUDIT.md	339
UPLOAD_STORAGE_HINT	docs/VVIP_TIGER_DB_AUDIT.md	341
UPLOAD_STORAGE_HINT	docs/VVIP_TIGER_DB_AUDIT.md	345
UPLOAD_STORAGE_HINT	docs/VVIP_TIGER_DB_AUDIT.md	346
UPLOAD_STORAGE_HINT	docs/VVIP_TIGER_DB_AUDIT.md	350
UPLOAD_STORAGE_HINT	docs/VVIP_TIGER_FINAL_FRONTEND_SAFETY_SWEEP.md	14
UPLOAD_STORAGE_HINT	docs/VVIP_TIGER_FINAL_FRONTEND_SAFETY_SWEEP.md	15
UPLOAD_STORAGE_HINT	docs/VVIP_TIGER_FINAL_FRONTEND_SAFETY_SWEEP.md	16
UPLOAD_STORAGE_HINT	docs/VVIP_TIGER_FINAL_FRONTEND_SAFETY_SWEEP.md	34
UPLOAD_STORAGE_HINT	docs/VVIP_TIGER_FINAL_FRONTEND_SAFETY_SWEEP.md	35
UPLOAD_STORAGE_HINT	docs/VVIP_TIGER_FINAL_FRONTEND_SAFETY_SWEEP.md	38
UPLOAD_STORAGE_HINT	docs/VVIP_TIGER_FINAL_FRONTEND_SAFETY_SWEEP.md	74
UPLOAD_STORAGE_HINT	docs/VVIP_TIGER_FINAL_FRONTEND_SAFETY_SWEEP.md	78
UPLOAD_STORAGE_HINT	docs/VVIP_TIGER_FINAL_FRONTEND_SAFETY_SWEEP.md	82
UPLOAD_STORAGE_HINT	docs/VVIP_TIGER_FINAL_FRONTEND_SAFETY_SWEEP.md	86
UPLOAD_STORAGE_HINT	docs/VVIP_TIGER_FINAL_FRONTEND_SAFETY_SWEEP.md	116
UPLOAD_STORAGE_HINT	docs/VVIP_TIGER_FINAL_FRONTEND_SAFETY_SWEEP.md	118
UPLOAD_STORAGE_HINT	docs/VVIP_TIGER_FINAL_FRONTEND_SAFETY_SWEEP.md	120
UPLOAD_STORAGE_HINT	docs/VVIP_TIGER_FINAL_FRONTEND_SAFETY_SWEEP.md	138
UPLOAD_STORAGE_HINT	docs/VVIP_TIGER_FINAL_FRONTEND_SAFETY_SWEEP.md	139
UPLOAD_STORAGE_HINT	docs/VVIP_TIGER_FINAL_FRONTEND_SAFETY_SWEEP.md	140
UPLOAD_STORAGE_HINT	docs/VVIP_TIGER_FINAL_FRONTEND_SAFETY_SWEEP.md	141
UPLOAD_STORAGE_HINT	docs/VVIP_TIGER_FINAL_FRONTEND_SAFETY_SWEEP.md	142
UPLOAD_STORAGE_HINT	docs/VVIP_TIGER_FINAL_FRONTEND_SAFETY_SWEEP.md	162
UPLOAD_STORAGE_HINT	docs/VVIP_TIGER_FINAL_FRONTEND_SAFETY_SWEEP.md	163
UPLOAD_STORAGE_HINT	docs/VVIP_TIGER_FINAL_FRONTEND_SAFETY_SWEEP.md	164
UPLOAD_STORAGE_HINT	docs/VVIP_TIGER_FINAL_FRONTEND_SAFETY_SWEEP.md	165
UPLOAD_STORAGE_HINT	docs/VVIP_TIGER_FINAL_FRONTEND_SAFETY_SWEEP.md	166
UPLOAD_STORAGE_HINT	docs/VVIP_TIGER_FINAL_FRONTEND_SAFETY_SWEEP.md	167
UPLOAD_STORAGE_HINT	docs/VVIP_TIGER_FINAL_FRONTEND_SAFETY_SWEEP.md	168
UPLOAD_STORAGE_HINT	docs/VVIP_TIGER_FINAL_FRONTEND_SAFETY_SWEEP.md	169
UPLOAD_STORAGE_HINT	docs/VVIP_TIGER_FINAL_FRONTEND_SAFETY_SWEEP.md	170
UPLOAD_STORAGE_HINT	docs/VVIP_TIGER_FINAL_FRONTEND_SAFETY_SWEEP.md	171
UPLOAD_STORAGE_HINT	docs/VVIP_TIGER_FINAL_FRONTEND_SAFETY_SWEEP.md	172
UPLOAD_STORAGE_HINT	docs/VVIP_TIGER_FINAL_FRONTEND_SAFETY_SWEEP.md	173
UPLOAD_STORAGE_HINT	docs/VVIP_TIGER_FINAL_FRONTEND_SAFETY_SWEEP.md	174
UPLOAD_STORAGE_HINT	docs/VVIP_TIGER_FINAL_FRONTEND_SAFETY_SWEEP_REVIEW.md	9
UPLOAD_STORAGE_HINT	docs/VVIP_TIGER_FRONTEND_SAFE_BASELINE.md	26
UPLOAD_STORAGE_HINT	docs/VVIP_TIGER_FRONTEND_SAFE_BASELINE.md	28
UPLOAD_STORAGE_HINT	docs/VVIP_TIGER_FRONTEND_SAFE_BASELINE.md	30
UPLOAD_STORAGE_HINT	docs/VVIP_TIGER_FRONTEND_SAFE_BASELINE.md	38
UPLOAD_STORAGE_HINT	docs/VVIP_TIGER_FRONTEND_SAFE_BASELINE.md	40
UPLOAD_STORAGE_HINT	docs/VVIP_TIGER_FRONTEND_SAFE_BASELINE.md	54
UPLOAD_STORAGE_HINT	docs/VVIP_TIGER_LEGACY_AUTH_AUDIT.md	6
UPLOAD_STORAGE_HINT	docs/VVIP_TIGER_LEGACY_AUTH_AUDIT.md	20
UPLOAD_STORAGE_HINT	docs/VVIP_TIGER_LEGACY_AUTH_AUDIT.md	24
UPLOAD_STORAGE_HINT	docs/VVIP_TIGER_LEGACY_AUTH_AUDIT.md	41
UPLOAD_STORAGE_HINT	docs/VVIP_TIGER_LEGACY_AUTH_AUDIT.md	42
UPLOAD_STORAGE_HINT	docs/VVIP_TIGER_LEGACY_AUTH_AUDIT.md	52
UPLOAD_STORAGE_HINT	docs/VVIP_TIGER_LEGACY_AUTH_AUDIT.md	56
UPLOAD_STORAGE_HINT	docs/VVIP_TIGER_LEGACY_AUTH_AUDIT.md	60
UPLOAD_STORAGE_HINT	docs/VVIP_TIGER_LEGACY_AUTH_AUDIT.md	68
UPLOAD_STORAGE_HINT	docs/VVIP_TIGER_LEGACY_AUTH_AUDIT.md	84
UPLOAD_STORAGE_HINT	docs/VVIP_TIGER_LEGACY_AUTH_AUDIT.md	88
UPLOAD_STORAGE_HINT	docs/VVIP_TIGER_LEGACY_AUTH_AUDIT.md	93
UPLOAD_STORAGE_HINT	docs/VVIP_TIGER_LEGACY_AUTH_AUDIT.md	117
UPLOAD_STORAGE_HINT	docs/VVIP_TIGER_LEGACY_AUTH_AUDIT.md	118
UPLOAD_STORAGE_HINT	docs/VVIP_TIGER_LEGACY_AUTH_AUDIT.md	119
UPLOAD_STORAGE_HINT	docs/VVIP_TIGER_LEGACY_AUTH_AUDIT.md	138
UPLOAD_STORAGE_HINT	docs/VVIP_TIGER_LEGACY_AUTH_AUDIT.md	154
UPLOAD_STORAGE_HINT	docs/VVIP_TIGER_LEGACY_AUTH_AUDIT.md	155
UPLOAD_STORAGE_HINT	docs/VVIP_TIGER_LEGACY_AUTH_AUDIT.md	161
UPLOAD_STORAGE_HINT	docs/VVIP_TIGER_MANUAL_DB_APPLY_LOG.md	4
UPLOAD_STORAGE_HINT	docs/VVIP_TIGER_MANUAL_DB_APPLY_LOG.md	6
UPLOAD_STORAGE_HINT	docs/VVIP_TIGER_MANUAL_DB_APPLY_LOG.md	14
UPLOAD_STORAGE_HINT	docs/VVIP_TIGER_MANUAL_DB_APPLY_LOG.md	19
UPLOAD_STORAGE_HINT	docs/VVIP_TIGER_MANUAL_DB_APPLY_LOG.md	27
UPLOAD_STORAGE_HINT	docs/VVIP_TIGER_MANUAL_DB_APPLY_LOG.md	28
UPLOAD_STORAGE_HINT	docs/VVIP_TIGER_MANUAL_DB_APPLY_LOG.md	29
UPLOAD_STORAGE_HINT	docs/VVIP_TIGER_MANUAL_DB_APPLY_LOG.md	43
UPLOAD_STORAGE_HINT	docs/VVIP_TIGER_MANUAL_DB_APPLY_LOG.md	45
UPLOAD_STORAGE_HINT	docs/VVIP_TIGER_MANUAL_DB_APPLY_LOG.md	48
UPLOAD_STORAGE_HINT	docs/VVIP_TIGER_MEMORY_MAP.md	5
UPLOAD_STORAGE_HINT	docs/VVIP_TIGER_MEMORY_MAP.md	7
UPLOAD_STORAGE_HINT	docs/VVIP_TIGER_MEMORY_MAP.md	9
UPLOAD_STORAGE_HINT	docs/VVIP_TIGER_MEMORY_MAP.md	17
UPLOAD_STORAGE_HINT	docs/VVIP_TIGER_MEMORY_MAP.md	51
UPLOAD_STORAGE_HINT	docs/VVIP_TIGER_MEMORY_MAP.md	62
UPLOAD_STORAGE_HINT	docs/VVIP_TIGER_MEMORY_MAP.md	75
UPLOAD_STORAGE_HINT	docs/VVIP_TIGER_MEMORY_MAP.md	116
UPLOAD_STORAGE_HINT	docs/VVIP_TIGER_MEMORY_MAP.md	117
UPLOAD_STORAGE_HINT	docs/VVIP_TIGER_MEMORY_MAP.md	119
UPLOAD_STORAGE_HINT	docs/VVIP_TIGER_MEMORY_MAP.md	127
UPLOAD_STORAGE_HINT	docs/VVIP_TIGER_MEMORY_MAP.md	128
UPLOAD_STORAGE_HINT	docs/VVIP_TIGER_MEMORY_MAP.md	130
UPLOAD_STORAGE_HINT	docs/VVIP_TIGER_MEMORY_MAP.md	135
UPLOAD_STORAGE_HINT	docs/VVIP_TIGER_MEMORY_MAP.md	155
UPLOAD_STORAGE_HINT	docs/VVIP_TIGER_MEMORY_MAP.md	157
UPLOAD_STORAGE_HINT	docs/VVIP_TIGER_MEMORY_MAP.md	162
UPLOAD_STORAGE_HINT	docs/VVIP_TIGER_MEMORY_MAP.md	163
UPLOAD_STORAGE_HINT	docs/VVIP_TIGER_MEMORY_MAP.md	173
UPLOAD_STORAGE_HINT	docs/VVIP_TIGER_MEMORY_MAP.md	197
UPLOAD_STORAGE_HINT	docs/VVIP_TIGER_MEMORY_MAP.md	200
UPLOAD_STORAGE_HINT	docs/VVIP_TIGER_MEMORY_MAP.md	206
UPLOAD_STORAGE_HINT	docs/VVIP_TIGER_MEMORY_MAP.md	207
UPLOAD_STORAGE_HINT	docs/VVIP_TIGER_MEMORY_MAP.md	209
UPLOAD_STORAGE_HINT	docs/VVIP_TIGER_MEMORY_MAP.md	210
UPLOAD_STORAGE_HINT	docs/VVIP_TIGER_MEMORY_MAP.md	211
UPLOAD_STORAGE_HINT	docs/VVIP_TIGER_MEMORY_MAP.md	271
UPLOAD_STORAGE_HINT	docs/VVIP_TIGER_MEMORY_MAP.md	359
UPLOAD_STORAGE_HINT	docs/VVIP_TIGER_MEMORY_MAP.md	377
UPLOAD_STORAGE_HINT	docs/VVIP_TIGER_MEMORY_MAP.md	385
UPLOAD_STORAGE_HINT	docs/VVIP_TIGER_MEMORY_MAP.md	391
UPLOAD_STORAGE_HINT	docs/VVIP_TIGER_MEMORY_MAP.md	394
UPLOAD_STORAGE_HINT	docs/VVIP_TIGER_MEMORY_MAP.md	395
UPLOAD_STORAGE_HINT	docs/VVIP_TIGER_MEMORY_MAP.md	405
UPLOAD_STORAGE_HINT	docs/VVIP_TIGER_MEMORY_MAP.md	409
UPLOAD_STORAGE_HINT	docs/VVIP_TIGER_MEMORY_MAP.md	419
UPLOAD_STORAGE_HINT	docs/VVIP_TIGER_MEMORY_MAP.md	453
UPLOAD_STORAGE_HINT	docs/VVIP_TIGER_MEMORY_MAP.md	470
UPLOAD_STORAGE_HINT	docs/VVIP_TIGER_MEMORY_MAP.md	479
UPLOAD_STORAGE_HINT	docs/VVIP_TIGER_MEMORY_MAP.md	480
UPLOAD_STORAGE_HINT	docs/VVIP_TIGER_MEMORY_MAP.md	486
UPLOAD_STORAGE_HINT	docs/VVIP_TIGER_MEMORY_MAP.md	496
UPLOAD_STORAGE_HINT	docs/VVIP_TIGER_MEMORY_MAP.md	498
UPLOAD_STORAGE_HINT	docs/VVIP_TIGER_MEMORY_MAP.md	512
UPLOAD_STORAGE_HINT	docs/VVIP_TIGER_MEMORY_MAP.md	517
UPLOAD_STORAGE_HINT	docs/VVIP_TIGER_NAVIGATION_BUTTON_AUDIT.md	20
UPLOAD_STORAGE_HINT	docs/VVIP_TIGER_NAVIGATION_BUTTON_AUDIT.md	25
UPLOAD_STORAGE_HINT	docs/VVIP_TIGER_NAVIGATION_BUTTON_AUDIT.md	26
UPLOAD_STORAGE_HINT	docs/VVIP_TIGER_NAVIGATION_BUTTON_AUDIT.md	36
UPLOAD_STORAGE_HINT	docs/VVIP_TIGER_NAVIGATION_BUTTON_AUDIT.md	40
UPLOAD_STORAGE_HINT	docs/VVIP_TIGER_NAVIGATION_BUTTON_AUDIT.md	42
UPLOAD_STORAGE_HINT	docs/VVIP_TIGER_NAVIGATION_BUTTON_AUDIT.md	44
UPLOAD_STORAGE_HINT	docs/VVIP_TIGER_NAVIGATION_BUTTON_AUDIT.md	46
UPLOAD_STORAGE_HINT	docs/VVIP_TIGER_NAVIGATION_BUTTON_AUDIT.md	48
UPLOAD_STORAGE_HINT	docs/VVIP_TIGER_NAVIGATION_BUTTON_AUDIT.md	50
UPLOAD_STORAGE_HINT	docs/VVIP_TIGER_NAVIGATION_BUTTON_AUDIT.md	52
UPLOAD_STORAGE_HINT	docs/VVIP_TIGER_NAVIGATION_BUTTON_AUDIT.md	59
UPLOAD_STORAGE_HINT	docs/VVIP_TIGER_NAVIGATION_BUTTON_AUDIT.md	60
UPLOAD_STORAGE_HINT	docs/VVIP_TIGER_NAVIGATION_BUTTON_AUDIT.md	61
UPLOAD_STORAGE_HINT	docs/VVIP_TIGER_NAVIGATION_BUTTON_AUDIT.md	66
UPLOAD_STORAGE_HINT	docs/VVIP_TIGER_NAVIGATION_BUTTON_AUDIT.md	68
UPLOAD_STORAGE_HINT	docs/VVIP_TIGER_NAVIGATION_BUTTON_AUDIT.md	70
UPLOAD_STORAGE_HINT	docs/VVIP_TIGER_NAVIGATION_BUTTON_AUDIT.md	72
UPLOAD_STORAGE_HINT	docs/VVIP_TIGER_NAVIGATION_BUTTON_AUDIT.md	74
UPLOAD_STORAGE_HINT	docs/VVIP_TIGER_NAVIGATION_BUTTON_AUDIT.md	76
UPLOAD_STORAGE_HINT	docs/VVIP_TIGER_NAVIGATION_BUTTON_AUDIT.md	78
UPLOAD_STORAGE_HINT	docs/VVIP_TIGER_NAVIGATION_BUTTON_AUDIT.md	80
UPLOAD_STORAGE_HINT	docs/VVIP_TIGER_NAVIGATION_BUTTON_AUDIT.md	82
UPLOAD_STORAGE_HINT	docs/VVIP_TIGER_NAVIGATION_BUTTON_AUDIT.md	84
UPLOAD_STORAGE_HINT	docs/VVIP_TIGER_NAVIGATION_BUTTON_AUDIT.md	85
UPLOAD_STORAGE_HINT	docs/VVIP_TIGER_NAVIGATION_BUTTON_AUDIT.md	86
UPLOAD_STORAGE_HINT	docs/VVIP_TIGER_NAVIGATION_BUTTON_AUDIT.md	88
UPLOAD_STORAGE_HINT	docs/VVIP_TIGER_NAVIGATION_BUTTON_AUDIT.md	89
UPLOAD_STORAGE_HINT	docs/VVIP_TIGER_NAVIGATION_BUTTON_AUDIT.md	90
UPLOAD_STORAGE_HINT	docs/VVIP_TIGER_NAVIGATION_BUTTON_STABILITY_PATCH.md	10
UPLOAD_STORAGE_HINT	docs/VVIP_TIGER_NAVIGATION_BUTTON_STABILITY_PATCH.md	11
UPLOAD_STORAGE_HINT	docs/VVIP_TIGER_NAVIGATION_BUTTON_STABILITY_PATCH.md	23
UPLOAD_STORAGE_HINT	docs/VVIP_TIGER_NAVIGATION_SMOKE_AUDIT.md	24
UPLOAD_STORAGE_HINT	docs/VVIP_TIGER_NAVIGATION_SMOKE_AUDIT.md	25
UPLOAD_STORAGE_HINT	docs/VVIP_TIGER_NAVIGATION_SMOKE_AUDIT.md	26
UPLOAD_STORAGE_HINT	docs/VVIP_TIGER_NAVIGATION_SMOKE_AUDIT.md	27
UPLOAD_STORAGE_HINT	docs/VVIP_TIGER_NAVIGATION_SMOKE_AUDIT.md	28
UPLOAD_STORAGE_HINT	docs/VVIP_TIGER_NAVIGATION_SMOKE_AUDIT.md	29
UPLOAD_STORAGE_HINT	docs/VVIP_TIGER_NAVIGATION_SMOKE_AUDIT.md	41
UPLOAD_STORAGE_HINT	docs/VVIP_TIGER_NAVIGATION_SMOKE_AUDIT.md	43
UPLOAD_STORAGE_HINT	docs/VVIP_TIGER_OFFICIAL_PRIVATE_PROFILE_UI.md	2
UPLOAD_STORAGE_HINT	docs/VVIP_TIGER_OFFICIAL_PRIVATE_PROFILE_UI.md	5
UPLOAD_STORAGE_HINT	docs/VVIP_TIGER_OFFICIAL_PRIVATE_PROFILE_UI.md	6
UPLOAD_STORAGE_HINT	docs/VVIP_TIGER_OFFICIAL_PRIVATE_PROFILE_UI.md	14
UPLOAD_STORAGE_HINT	docs/VVIP_TIGER_OFFICIAL_PRIVATE_PROFILE_UI.md	28
UPLOAD_STORAGE_HINT	docs/VVIP_TIGER_OFFICIAL_PRIVATE_PROFILE_UI.md	30
UPLOAD_STORAGE_HINT	docs/VVIP_TIGER_OFFICIAL_PRIVATE_PROFILE_UI.md	41
UPLOAD_STORAGE_HINT	docs/VVIP_TIGER_OFFICIAL_PRIVATE_PROFILE_UI.md	43
UPLOAD_STORAGE_HINT	docs/VVIP_TIGER_OFFICIAL_PRIVATE_PROFILE_UI.md	72
UPLOAD_STORAGE_HINT	docs/VVIP_TIGER_OFFICIAL_PRIVATE_PROFILE_UI.md	76
UPLOAD_STORAGE_HINT	docs/VVIP_TIGER_OFFICIAL_PRIVATE_PROFILE_UI.md	80
UPLOAD_STORAGE_HINT	docs/VVIP_TIGER_OFFICIAL_PRIVATE_PROFILE_UI.md	90
UPLOAD_STORAGE_HINT	docs/VVIP_TIGER_OFFICIAL_PRIVATE_PROFILE_UI.md	94
UPLOAD_STORAGE_HINT	docs/VVIP_TIGER_OFFICIAL_PRODUCT_BLUEPRINT.md	5
UPLOAD_STORAGE_HINT	docs/VVIP_TIGER_OFFICIAL_PRODUCT_BLUEPRINT.md	37
UPLOAD_STORAGE_HINT	docs/VVIP_TIGER_OFFICIAL_PRODUCT_BLUEPRINT.md	58
UPLOAD_STORAGE_HINT	docs/VVIP_TIGER_PAGE_FLOW_USER_JOURNEY_AUDIT.md	5
UPLOAD_STORAGE_HINT	docs/VVIP_TIGER_PAGE_FLOW_USER_JOURNEY_AUDIT.md	13
UPLOAD_STORAGE_HINT	docs/VVIP_TIGER_PAGE_FLOW_USER_JOURNEY_AUDIT.md	20
UPLOAD_STORAGE_HINT	docs/VVIP_TIGER_PAGE_FLOW_USER_JOURNEY_AUDIT.md	21
UPLOAD_STORAGE_HINT	docs/VVIP_TIGER_PAGE_FLOW_USER_JOURNEY_AUDIT.md	22
UPLOAD_STORAGE_HINT	docs/VVIP_TIGER_PAGE_FLOW_USER_JOURNEY_AUDIT.md	33
UPLOAD_STORAGE_HINT	docs/VVIP_TIGER_PAGE_FLOW_USER_JOURNEY_AUDIT.md	34
UPLOAD_STORAGE_HINT	docs/VVIP_TIGER_PAGE_FLOW_USER_JOURNEY_AUDIT.md	35
UPLOAD_STORAGE_HINT	docs/VVIP_TIGER_PAGE_FLOW_USER_JOURNEY_AUDIT.md	37
UPLOAD_STORAGE_HINT	docs/VVIP_TIGER_PAGE_FLOW_USER_JOURNEY_AUDIT.md	42
UPLOAD_STORAGE_HINT	docs/VVIP_TIGER_PAGE_FLOW_USER_JOURNEY_AUDIT.md	43
UPLOAD_STORAGE_HINT	docs/VVIP_TIGER_PAGE_FLOW_USER_JOURNEY_AUDIT.md	44
UPLOAD_STORAGE_HINT	docs/VVIP_TIGER_PAGE_FLOW_USER_JOURNEY_AUDIT.md	51
UPLOAD_STORAGE_HINT	docs/VVIP_TIGER_PAGE_FLOW_USER_JOURNEY_AUDIT.md	52
UPLOAD_STORAGE_HINT	docs/VVIP_TIGER_PAGE_FLOW_USER_JOURNEY_AUDIT.md	53
UPLOAD_STORAGE_HINT	docs/VVIP_TIGER_PAGE_FLOW_USER_JOURNEY_AUDIT.md	60
UPLOAD_STORAGE_HINT	docs/VVIP_TIGER_PAGE_FLOW_USER_JOURNEY_AUDIT.md	61
UPLOAD_STORAGE_HINT	docs/VVIP_TIGER_PAGE_FLOW_USER_JOURNEY_AUDIT.md	62
UPLOAD_STORAGE_HINT	docs/VVIP_TIGER_PAGE_FLOW_USER_JOURNEY_AUDIT.md	69
UPLOAD_STORAGE_HINT	docs/VVIP_TIGER_PAGE_FLOW_USER_JOURNEY_AUDIT.md	70
UPLOAD_STORAGE_HINT	docs/VVIP_TIGER_PAGE_FLOW_USER_JOURNEY_AUDIT.md	71
UPLOAD_STORAGE_HINT	docs/VVIP_TIGER_PAGE_FLOW_USER_JOURNEY_AUDIT.md	78
UPLOAD_STORAGE_HINT	docs/VVIP_TIGER_PAGE_FLOW_USER_JOURNEY_AUDIT.md	79
UPLOAD_STORAGE_HINT	docs/VVIP_TIGER_PAGE_FLOW_USER_JOURNEY_AUDIT.md	80
UPLOAD_STORAGE_HINT	docs/VVIP_TIGER_PAGE_FLOW_USER_JOURNEY_AUDIT.md	82
UPLOAD_STORAGE_HINT	docs/VVIP_TIGER_PAGE_FLOW_USER_JOURNEY_AUDIT.md	87
UPLOAD_STORAGE_HINT	docs/VVIP_TIGER_PAGE_FLOW_USER_JOURNEY_AUDIT.md	88
UPLOAD_STORAGE_HINT	docs/VVIP_TIGER_PAGE_FLOW_USER_JOURNEY_AUDIT.md	89
UPLOAD_STORAGE_HINT	docs/VVIP_TIGER_PAGE_FLOW_USER_JOURNEY_AUDIT.md	91
UPLOAD_STORAGE_HINT	docs/VVIP_TIGER_PAGE_FLOW_USER_JOURNEY_AUDIT.md	96
UPLOAD_STORAGE_HINT	docs/VVIP_TIGER_PAGE_FLOW_USER_JOURNEY_AUDIT.md	97
UPLOAD_STORAGE_HINT	docs/VVIP_TIGER_PAGE_FLOW_USER_JOURNEY_AUDIT.md	98
UPLOAD_STORAGE_HINT	docs/VVIP_TIGER_PAGE_FLOW_USER_JOURNEY_AUDIT.md	105
UPLOAD_STORAGE_HINT	docs/VVIP_TIGER_PAGE_FLOW_USER_JOURNEY_AUDIT.md	106
UPLOAD_STORAGE_HINT	docs/VVIP_TIGER_PAGE_FLOW_USER_JOURNEY_AUDIT.md	107
UPLOAD_STORAGE_HINT	docs/VVIP_TIGER_PAGE_FLOW_USER_JOURNEY_AUDIT.md	114
UPLOAD_STORAGE_HINT	docs/VVIP_TIGER_PAGE_FLOW_USER_JOURNEY_AUDIT.md	115
UPLOAD_STORAGE_HINT	docs/VVIP_TIGER_PAGE_FLOW_USER_JOURNEY_AUDIT.md	116
UPLOAD_STORAGE_HINT	docs/VVIP_TIGER_PAGE_FLOW_USER_JOURNEY_AUDIT.md	122
UPLOAD_STORAGE_HINT	docs/VVIP_TIGER_PAGE_FLOW_USER_JOURNEY_AUDIT.md	123
UPLOAD_STORAGE_HINT	docs/VVIP_TIGER_PAGE_FLOW_USER_JOURNEY_AUDIT.md	124
UPLOAD_STORAGE_HINT	docs/VVIP_TIGER_PAGE_FLOW_USER_JOURNEY_AUDIT.md	125
UPLOAD_STORAGE_HINT	docs/VVIP_TIGER_PAGE_FLOW_USER_JOURNEY_AUDIT.md	126
UPLOAD_STORAGE_HINT	docs/VVIP_TIGER_PAGE_FLOW_USER_JOURNEY_AUDIT.md	130
UPLOAD_STORAGE_HINT	docs/VVIP_TIGER_PAGE_FLOW_USER_JOURNEY_AUDIT.md	132
UPLOAD_STORAGE_HINT	docs/VVIP_TIGER_PAGE_FLOW_USER_JOURNEY_AUDIT.md	136
UPLOAD_STORAGE_HINT	docs/VVIP_TIGER_PAGE_FLOW_USER_JOURNEY_AUDIT.md	140
UPLOAD_STORAGE_HINT	docs/VVIP_TIGER_PAGE_FLOW_USER_JOURNEY_AUDIT.md	141
UPLOAD_STORAGE_HINT	docs/VVIP_TIGER_PAGE_FLOW_USER_JOURNEY_AUDIT.md	142
UPLOAD_STORAGE_HINT	docs/VVIP_TIGER_PAGE_FLOW_USER_JOURNEY_AUDIT.md	143
UPLOAD_STORAGE_HINT	docs/VVIP_TIGER_PAGE_FLOW_USER_JOURNEY_AUDIT.md	144
UPLOAD_STORAGE_HINT	docs/VVIP_TIGER_PAGE_FLOW_USER_JOURNEY_AUDIT.md	145
UPLOAD_STORAGE_HINT	docs/VVIP_TIGER_PAGE_FLOW_USER_JOURNEY_AUDIT.md	146
UPLOAD_STORAGE_HINT	docs/VVIP_TIGER_PAGE_FLOW_USER_JOURNEY_AUDIT.md	155
UPLOAD_STORAGE_HINT	docs/VVIP_TIGER_PAGE_FLOW_USER_JOURNEY_AUDIT.md	156
UPLOAD_STORAGE_HINT	docs/VVIP_TIGER_PAGE_FLOW_USER_JOURNEY_AUDIT.md	157
UPLOAD_STORAGE_HINT	docs/VVIP_TIGER_PAGE_FLOW_USER_JOURNEY_AUDIT.md	158
UPLOAD_STORAGE_HINT	docs/VVIP_TIGER_PAGE_FLOW_USER_JOURNEY_AUDIT.md	159
UPLOAD_STORAGE_HINT	docs/VVIP_TIGER_PAGE_FLOW_USER_JOURNEY_AUDIT.md	160
UPLOAD_STORAGE_HINT	docs/VVIP_TIGER_PAGE_FLOW_USER_JOURNEY_AUDIT.md	161
UPLOAD_STORAGE_HINT	docs/VVIP_TIGER_PAGE_FLOW_USER_JOURNEY_AUDIT.md	162
UPLOAD_STORAGE_HINT	docs/VVIP_TIGER_PAGE_FLOW_USER_JOURNEY_AUDIT.md	163
UPLOAD_STORAGE_HINT	docs/VVIP_TIGER_PAGE_FLOW_USER_JOURNEY_AUDIT.md	166
UPLOAD_STORAGE_HINT	docs/VVIP_TIGER_PAGE_FLOW_USER_JOURNEY_AUDIT.md	167
UPLOAD_STORAGE_HINT	docs/VVIP_TIGER_PAGE_FLOW_USER_JOURNEY_AUDIT.md	172
UPLOAD_STORAGE_HINT	docs/VVIP_TIGER_PAGE_FLOW_USER_JOURNEY_AUDIT.md	173
UPLOAD_STORAGE_HINT	docs/VVIP_TIGER_PAGE_FLOW_USER_JOURNEY_AUDIT.md	174
UPLOAD_STORAGE_HINT	docs/VVIP_TIGER_PAGE_FLOW_USER_JOURNEY_AUDIT.md	175
UPLOAD_STORAGE_HINT	docs/VVIP_TIGER_PAGE_FLOW_USER_JOURNEY_AUDIT.md	176
UPLOAD_STORAGE_HINT	docs/VVIP_TIGER_PAGE_FLOW_USER_JOURNEY_AUDIT.md	177
UPLOAD_STORAGE_HINT	docs/VVIP_TIGER_PAGE_FLOW_USER_JOURNEY_AUDIT.md	178
UPLOAD_STORAGE_HINT	docs/VVIP_TIGER_PAGE_FLOW_USER_JOURNEY_AUDIT.md	183
UPLOAD_STORAGE_HINT	docs/VVIP_TIGER_PAGE_FLOW_USER_JOURNEY_AUDIT.md	184
UPLOAD_STORAGE_HINT	docs/VVIP_TIGER_PAGE_FLOW_USER_JOURNEY_AUDIT.md	185
UPLOAD_STORAGE_HINT	docs/VVIP_TIGER_PAGE_FLOW_USER_JOURNEY_AUDIT.md	186
UPLOAD_STORAGE_HINT	docs/VVIP_TIGER_PAGE_FLOW_USER_JOURNEY_AUDIT.md	194
UPLOAD_STORAGE_HINT	docs/VVIP_TIGER_PAGE_FLOW_USER_JOURNEY_AUDIT.md	199
UPLOAD_STORAGE_HINT	docs/VVIP_TIGER_PAGE_FLOW_USER_JOURNEY_AUDIT.md	200
UPLOAD_STORAGE_HINT	docs/VVIP_TIGER_PAGE_FLOW_USER_JOURNEY_AUDIT.md	201
UPLOAD_STORAGE_HINT	docs/VVIP_TIGER_PAGE_FLOW_USER_JOURNEY_AUDIT.md	202
UPLOAD_STORAGE_HINT	docs/VVIP_TIGER_PAGE_FLOW_USER_JOURNEY_AUDIT.md	203
UPLOAD_STORAGE_HINT	docs/VVIP_TIGER_PAGE_FLOW_USER_JOURNEY_AUDIT.md	204
UPLOAD_STORAGE_HINT	docs/VVIP_TIGER_PAGE_FLOW_USER_JOURNEY_AUDIT.md	205
UPLOAD_STORAGE_HINT	docs/VVIP_TIGER_PAGE_FLOW_USER_JOURNEY_AUDIT.md	206
UPLOAD_STORAGE_HINT	docs/VVIP_TIGER_PAGE_FLOW_USER_JOURNEY_AUDIT.md	207
UPLOAD_STORAGE_HINT	docs/VVIP_TIGER_PAGE_FLOW_USER_JOURNEY_AUDIT.md	208
UPLOAD_STORAGE_HINT	docs/VVIP_TIGER_PAGE_FLOW_USER_JOURNEY_AUDIT.md	209
UPLOAD_STORAGE_HINT	docs/VVIP_TIGER_PAGE_FLOW_USER_JOURNEY_AUDIT.md	210
UPLOAD_STORAGE_HINT	docs/VVIP_TIGER_PAGE_FLOW_USER_JOURNEY_AUDIT.md	211
UPLOAD_STORAGE_HINT	docs/VVIP_TIGER_PAGE_FLOW_USER_JOURNEY_AUDIT.md	212
UPLOAD_STORAGE_HINT	docs/VVIP_TIGER_PAGE_FLOW_USER_JOURNEY_AUDIT.md	213
UPLOAD_STORAGE_HINT	docs/VVIP_TIGER_PAGE_FLOW_USER_JOURNEY_AUDIT.md	214
UPLOAD_STORAGE_HINT	docs/VVIP_TIGER_PAGE_FLOW_USER_JOURNEY_AUDIT.md	215
UPLOAD_STORAGE_HINT	docs/VVIP_TIGER_PAGE_FLOW_USER_JOURNEY_AUDIT.md	216
UPLOAD_STORAGE_HINT	docs/VVIP_TIGER_PAGE_FLOW_USER_JOURNEY_AUDIT.md	217
UPLOAD_STORAGE_HINT	docs/VVIP_TIGER_PAGE_FLOW_USER_JOURNEY_AUDIT.md	218
UPLOAD_STORAGE_HINT	docs/VVIP_TIGER_PAGE_FLOW_USER_JOURNEY_AUDIT.md	219
UPLOAD_STORAGE_HINT	docs/VVIP_TIGER_PAGE_FLOW_USER_JOURNEY_AUDIT.md	220
UPLOAD_STORAGE_HINT	docs/VVIP_TIGER_PAGE_FLOW_USER_JOURNEY_AUDIT.md	221
UPLOAD_STORAGE_HINT	docs/VVIP_TIGER_PAGE_FLOW_USER_JOURNEY_AUDIT.md	222
UPLOAD_STORAGE_HINT	docs/VVIP_TIGER_PAGE_FLOW_USER_JOURNEY_AUDIT.md	223
UPLOAD_STORAGE_HINT	docs/VVIP_TIGER_PAGE_FLOW_USER_JOURNEY_AUDIT.md	224
UPLOAD_STORAGE_HINT	docs/VVIP_TIGER_PAGE_FLOW_USER_JOURNEY_AUDIT.md	225
UPLOAD_STORAGE_HINT	docs/VVIP_TIGER_PAGE_FLOW_USER_JOURNEY_AUDIT.md	226
UPLOAD_STORAGE_HINT	docs/VVIP_TIGER_PAGE_FLOW_USER_JOURNEY_AUDIT.md	227
UPLOAD_STORAGE_HINT	docs/VVIP_TIGER_PAGE_FLOW_USER_JOURNEY_AUDIT.md	228
UPLOAD_STORAGE_HINT	docs/VVIP_TIGER_PAGE_FLOW_USER_JOURNEY_AUDIT.md	229
UPLOAD_STORAGE_HINT	docs/VVIP_TIGER_PAGE_FLOW_USER_JOURNEY_AUDIT.md	230
UPLOAD_STORAGE_HINT	docs/VVIP_TIGER_PAGE_FLOW_USER_JOURNEY_AUDIT.md	231
UPLOAD_STORAGE_HINT	docs/VVIP_TIGER_PAGE_FLOW_USER_JOURNEY_AUDIT.md	232
UPLOAD_STORAGE_HINT	docs/VVIP_TIGER_PAGE_FLOW_USER_JOURNEY_AUDIT.md	233
UPLOAD_STORAGE_HINT	docs/VVIP_TIGER_PAGE_FLOW_USER_JOURNEY_AUDIT.md	234
UPLOAD_STORAGE_HINT	docs/VVIP_TIGER_PAGE_FLOW_USER_JOURNEY_AUDIT.md	235
UPLOAD_STORAGE_HINT	docs/VVIP_TIGER_PAGE_FLOW_USER_JOURNEY_AUDIT.md	236
UPLOAD_STORAGE_HINT	docs/VVIP_TIGER_PAGE_FLOW_USER_JOURNEY_AUDIT.md	237
UPLOAD_STORAGE_HINT	docs/VVIP_TIGER_PAGE_FLOW_USER_JOURNEY_AUDIT.md	238
UPLOAD_STORAGE_HINT	docs/VVIP_TIGER_PAGE_FLOW_USER_JOURNEY_AUDIT.md	239
UPLOAD_STORAGE_HINT	docs/VVIP_TIGER_PAGE_FLOW_USER_JOURNEY_AUDIT.md	240
UPLOAD_STORAGE_HINT	docs/VVIP_TIGER_PAGE_FLOW_USER_JOURNEY_AUDIT.md	241
UPLOAD_STORAGE_HINT	docs/VVIP_TIGER_PAGE_FLOW_USER_JOURNEY_AUDIT.md	242
UPLOAD_STORAGE_HINT	docs/VVIP_TIGER_PAGE_FLOW_USER_JOURNEY_AUDIT.md	243
UPLOAD_STORAGE_HINT	docs/VVIP_TIGER_PAGE_FLOW_USER_JOURNEY_AUDIT.md	244
UPLOAD_STORAGE_HINT	docs/VVIP_TIGER_PAGE_FLOW_USER_JOURNEY_AUDIT.md	245
UPLOAD_STORAGE_HINT	docs/VVIP_TIGER_PAGE_FLOW_USER_JOURNEY_AUDIT.md	246
UPLOAD_STORAGE_HINT	docs/VVIP_TIGER_PAGE_FLOW_USER_JOURNEY_AUDIT.md	247
UPLOAD_STORAGE_HINT	docs/VVIP_TIGER_PAGE_FLOW_USER_JOURNEY_AUDIT.md	248
UPLOAD_STORAGE_HINT	docs/VVIP_TIGER_PAGE_FLOW_USER_JOURNEY_AUDIT.md	249
UPLOAD_STORAGE_HINT	docs/VVIP_TIGER_PAGE_FLOW_USER_JOURNEY_AUDIT.md	250
UPLOAD_STORAGE_HINT	docs/VVIP_TIGER_PAGE_FLOW_USER_JOURNEY_AUDIT.md	251
UPLOAD_STORAGE_HINT	docs/VVIP_TIGER_PAGE_FLOW_USER_JOURNEY_AUDIT.md	252
UPLOAD_STORAGE_HINT	docs/VVIP_TIGER_PAGE_FLOW_USER_JOURNEY_AUDIT.md	253
UPLOAD_STORAGE_HINT	docs/VVIP_TIGER_PAGE_FLOW_USER_JOURNEY_AUDIT.md	254
UPLOAD_STORAGE_HINT	docs/VVIP_TIGER_PAGE_FLOW_USER_JOURNEY_AUDIT.md	255
UPLOAD_STORAGE_HINT	docs/VVIP_TIGER_PAGE_FLOW_USER_JOURNEY_AUDIT.md	256
UPLOAD_STORAGE_HINT	docs/VVIP_TIGER_PAGE_FLOW_USER_JOURNEY_AUDIT.md	257
UPLOAD_STORAGE_HINT	docs/VVIP_TIGER_PAGE_FLOW_USER_JOURNEY_AUDIT.md	258
UPLOAD_STORAGE_HINT	docs/VVIP_TIGER_PAGE_FLOW_USER_JOURNEY_AUDIT.md	259
UPLOAD_STORAGE_HINT	docs/VVIP_TIGER_PAGE_FLOW_USER_JOURNEY_AUDIT.md	260
UPLOAD_STORAGE_HINT	docs/VVIP_TIGER_PAGE_FLOW_USER_JOURNEY_AUDIT.md	261
UPLOAD_STORAGE_HINT	docs/VVIP_TIGER_PAGE_FLOW_USER_JOURNEY_AUDIT.md	262
UPLOAD_STORAGE_HINT	docs/VVIP_TIGER_PAGE_FLOW_USER_JOURNEY_AUDIT.md	263
UPLOAD_STORAGE_HINT	docs/VVIP_TIGER_PAGE_FLOW_USER_JOURNEY_AUDIT.md	264
UPLOAD_STORAGE_HINT	docs/VVIP_TIGER_PAGE_FLOW_USER_JOURNEY_AUDIT.md	265
UPLOAD_STORAGE_HINT	docs/VVIP_TIGER_PAGE_FLOW_USER_JOURNEY_AUDIT.md	266
UPLOAD_STORAGE_HINT	docs/VVIP_TIGER_PAGE_FLOW_USER_JOURNEY_AUDIT.md	267
UPLOAD_STORAGE_HINT	docs/VVIP_TIGER_PAGE_FLOW_USER_JOURNEY_AUDIT.md	268
UPLOAD_STORAGE_HINT	docs/VVIP_TIGER_PAGE_FLOW_USER_JOURNEY_AUDIT.md	269
UPLOAD_STORAGE_HINT	docs/VVIP_TIGER_PAGE_FLOW_USER_JOURNEY_AUDIT.md	270
UPLOAD_STORAGE_HINT	docs/VVIP_TIGER_PAGE_FLOW_USER_JOURNEY_AUDIT.md	275
UPLOAD_STORAGE_HINT	docs/VVIP_TIGER_PAGE_FLOW_USER_JOURNEY_AUDIT.md	276
UPLOAD_STORAGE_HINT	docs/VVIP_TIGER_PAGE_FLOW_USER_JOURNEY_AUDIT.md	277
UPLOAD_STORAGE_HINT	docs/VVIP_TIGER_PAGE_FLOW_USER_JOURNEY_AUDIT.md	284
UPLOAD_STORAGE_HINT	docs/VVIP_TIGER_PAGE_FLOW_USER_JOURNEY_AUDIT.md	285
UPLOAD_STORAGE_HINT	docs/VVIP_TIGER_PAGE_FLOW_USER_JOURNEY_AUDIT.md	286
UPLOAD_STORAGE_HINT	docs/VVIP_TIGER_PAGE_FLOW_USER_JOURNEY_AUDIT.md	287
UPLOAD_STORAGE_HINT	docs/VVIP_TIGER_PAGE_FLOW_USER_JOURNEY_AUDIT.md	288
UPLOAD_STORAGE_HINT	docs/VVIP_TIGER_PAGE_FLOW_USER_JOURNEY_AUDIT.md	308
UPLOAD_STORAGE_HINT	docs/VVIP_TIGER_PAGE_FLOW_USER_JOURNEY_AUDIT.md	309
UPLOAD_STORAGE_HINT	docs/VVIP_TIGER_PAGE_FLOW_USER_JOURNEY_AUDIT.md	310
UPLOAD_STORAGE_HINT	docs/VVIP_TIGER_PAGE_FLOW_USER_JOURNEY_AUDIT.md	311
UPLOAD_STORAGE_HINT	docs/VVIP_TIGER_PAGE_FLOW_USER_JOURNEY_AUDIT.md	312
UPLOAD_STORAGE_HINT	docs/VVIP_TIGER_PAGE_FLOW_USER_JOURNEY_AUDIT.md	313
UPLOAD_STORAGE_HINT	docs/VVIP_TIGER_PAGE_FLOW_USER_JOURNEY_AUDIT.md	314
UPLOAD_STORAGE_HINT	docs/VVIP_TIGER_PAGE_FLOW_USER_JOURNEY_AUDIT.md	315
UPLOAD_STORAGE_HINT	docs/VVIP_TIGER_PAGE_FLOW_USER_JOURNEY_AUDIT.md	316
UPLOAD_STORAGE_HINT	docs/VVIP_TIGER_PAGE_FLOW_USER_JOURNEY_AUDIT.md	317
UPLOAD_STORAGE_HINT	docs/VVIP_TIGER_PAGE_FLOW_USER_JOURNEY_AUDIT.md	318
UPLOAD_STORAGE_HINT	docs/VVIP_TIGER_PAGE_FLOW_USER_JOURNEY_AUDIT.md	319
UPLOAD_STORAGE_HINT	docs/VVIP_TIGER_PAGE_FLOW_USER_JOURNEY_AUDIT.md	320
UPLOAD_STORAGE_HINT	docs/VVIP_TIGER_PAGE_FLOW_USER_JOURNEY_AUDIT.md	335
UPLOAD_STORAGE_HINT	docs/VVIP_TIGER_PAGE_FLOW_USER_JOURNEY_AUDIT.md	336
UPLOAD_STORAGE_HINT	docs/VVIP_TIGER_PAGE_FLOW_USER_JOURNEY_PATCH.md	5
UPLOAD_STORAGE_HINT	docs/VVIP_TIGER_PAGE_FLOW_USER_JOURNEY_PATCH.md	8
UPLOAD_STORAGE_HINT	docs/VVIP_TIGER_PAGE_FLOW_USER_JOURNEY_PATCH.md	12
UPLOAD_STORAGE_HINT	docs/VVIP_TIGER_PAGE_FLOW_USER_JOURNEY_PATCH.md	13
UPLOAD_STORAGE_HINT	docs/VVIP_TIGER_PAGE_FLOW_USER_JOURNEY_PATCH.md	26
UPLOAD_STORAGE_HINT	docs/VVIP_TIGER_PAGE_FLOW_USER_JOURNEY_PATCH.md	33
UPLOAD_STORAGE_HINT	docs/VVIP_TIGER_PAGE_FLOW_USER_JOURNEY_PATCH.md	35
UPLOAD_STORAGE_HINT	docs/VVIP_TIGER_PROFILE_NAVIGATION_STABILITY_AUDIT.md	1
UPLOAD_STORAGE_HINT	docs/VVIP_TIGER_PROFILE_NAVIGATION_STABILITY_AUDIT.md	4
UPLOAD_STORAGE_HINT	docs/VVIP_TIGER_PROFILE_NAVIGATION_STABILITY_AUDIT.md	7
UPLOAD_STORAGE_HINT	docs/VVIP_TIGER_PROFILE_NAVIGATION_STABILITY_AUDIT.md	13
UPLOAD_STORAGE_HINT	docs/VVIP_TIGER_PROFILE_NAVIGATION_STABILITY_AUDIT.md	17
UPLOAD_STORAGE_HINT	docs/VVIP_TIGER_PROFILE_NAVIGATION_STABILITY_AUDIT.md	18
UPLOAD_STORAGE_HINT	docs/VVIP_TIGER_PROFILE_NAVIGATION_STABILITY_AUDIT.md	19
UPLOAD_STORAGE_HINT	docs/VVIP_TIGER_PROFILE_NAVIGATION_STABILITY_AUDIT.md	21
UPLOAD_STORAGE_HINT	docs/VVIP_TIGER_PROFILE_NAVIGATION_STABILITY_AUDIT.md	22
UPLOAD_STORAGE_HINT	docs/VVIP_TIGER_PROFILE_NAVIGATION_STABILITY_AUDIT.md	24
UPLOAD_STORAGE_HINT	docs/VVIP_TIGER_PROFILE_NAVIGATION_STABILITY_AUDIT.md	25
UPLOAD_STORAGE_HINT	docs/VVIP_TIGER_PROFILE_NAVIGATION_STABILITY_AUDIT.md	28
UPLOAD_STORAGE_HINT	docs/VVIP_TIGER_PROFILE_NAVIGATION_STABILITY_AUDIT.md	31
UPLOAD_STORAGE_HINT	docs/VVIP_TIGER_PROFILE_NAVIGATION_STABILITY_AUDIT.md	32
UPLOAD_STORAGE_HINT	docs/VVIP_TIGER_PROFILE_NAVIGATION_STABILITY_AUDIT.md	34
UPLOAD_STORAGE_HINT	docs/VVIP_TIGER_PROFILE_NAVIGATION_STABILITY_AUDIT.md	39
UPLOAD_STORAGE_HINT	docs/VVIP_TIGER_PROFILE_NAVIGATION_STABILITY_AUDIT.md	40
UPLOAD_STORAGE_HINT	docs/VVIP_TIGER_PROFILE_NAVIGATION_STABILITY_AUDIT.md	43
UPLOAD_STORAGE_HINT	docs/VVIP_TIGER_PROFILE_NAVIGATION_STABILITY_AUDIT.md	46
UPLOAD_STORAGE_HINT	docs/VVIP_TIGER_PROFILE_NAVIGATION_STABILITY_AUDIT.md	47
UPLOAD_STORAGE_HINT	docs/VVIP_TIGER_PROFILE_NAVIGATION_STABILITY_AUDIT.md	52
UPLOAD_STORAGE_HINT	docs/VVIP_TIGER_PROFILE_SOURCE_OF_TRUTH.md	1
UPLOAD_STORAGE_HINT	docs/VVIP_TIGER_PROFILE_SOURCE_OF_TRUTH.md	5
UPLOAD_STORAGE_HINT	docs/VVIP_TIGER_PROFILE_SOURCE_OF_TRUTH.md	9
UPLOAD_STORAGE_HINT	docs/VVIP_TIGER_PROFILE_SOURCE_OF_TRUTH.md	13
UPLOAD_STORAGE_HINT	docs/VVIP_TIGER_PROFILE_SOURCE_OF_TRUTH.md	14
UPLOAD_STORAGE_HINT	docs/VVIP_TIGER_PROFILE_SOURCE_OF_TRUTH.md	15
UPLOAD_STORAGE_HINT	docs/VVIP_TIGER_PROFILE_SOURCE_OF_TRUTH.md	17
UPLOAD_STORAGE_HINT	docs/VVIP_TIGER_PROFILE_SOURCE_OF_TRUTH.md	18
UPLOAD_STORAGE_HINT	docs/VVIP_TIGER_PROFILE_SOURCE_OF_TRUTH.md	19
UPLOAD_STORAGE_HINT	docs/VVIP_TIGER_PROFILE_SOURCE_OF_TRUTH.md	22
UPLOAD_STORAGE_HINT	docs/VVIP_TIGER_PROFILE_SOURCE_OF_TRUTH.md	24
UPLOAD_STORAGE_HINT	docs/VVIP_TIGER_PROFILE_SOURCE_OF_TRUTH.md	27
UPLOAD_STORAGE_HINT	docs/VVIP_TIGER_PROFILE_SOURCE_OF_TRUTH.md	28
UPLOAD_STORAGE_HINT	docs/VVIP_TIGER_PROFILE_SOURCE_OF_TRUTH.md	32
UPLOAD_STORAGE_HINT	docs/VVIP_TIGER_PROFILE_SOURCE_OF_TRUTH.md	33
UPLOAD_STORAGE_HINT	docs/VVIP_TIGER_PROFILE_SOURCE_OF_TRUTH.md	34
UPLOAD_STORAGE_HINT	docs/VVIP_TIGER_PROFILE_SOURCE_OF_TRUTH.md	35
UPLOAD_STORAGE_HINT	docs/VVIP_TIGER_PROFILE_SOURCE_OF_TRUTH.md	40
UPLOAD_STORAGE_HINT	docs/VVIP_TIGER_PROFILE_SOURCE_OF_TRUTH.md	41
UPLOAD_STORAGE_HINT	docs/VVIP_TIGER_PROFILE_SOURCE_OF_TRUTH.md	42
UPLOAD_STORAGE_HINT	docs/VVIP_TIGER_PROFILE_SOURCE_OF_TRUTH.md	43
UPLOAD_STORAGE_HINT	docs/VVIP_TIGER_PROFILE_SOURCE_OF_TRUTH.md	53
UPLOAD_STORAGE_HINT	docs/VVIP_TIGER_PUBLIC_PAGES_CONSISTENCY_AUDIT.md	12
UPLOAD_STORAGE_HINT	docs/VVIP_TIGER_PUBLIC_PAGES_CONSISTENCY_AUDIT.md	29
UPLOAD_STORAGE_HINT	docs/VVIP_TIGER_PUBLIC_PAGES_CONSISTENCY_AUDIT.md	33
UPLOAD_STORAGE_HINT	docs/VVIP_TIGER_PUBLIC_PAGES_CONSISTENCY_AUDIT.md	72
UPLOAD_STORAGE_HINT	docs/VVIP_TIGER_PUBLIC_PAGES_CONSISTENCY_AUDIT.md	73
UPLOAD_STORAGE_HINT	docs/VVIP_TIGER_REPOSITORY_HOUSEKEEPING_AUDIT.md	25
UPLOAD_STORAGE_HINT	docs/VVIP_TIGER_REPOSITORY_HOUSEKEEPING_AUDIT.md	29
UPLOAD_STORAGE_HINT	docs/VVIP_TIGER_REPOSITORY_HOUSEKEEPING_AUDIT.md	30
UPLOAD_STORAGE_HINT	docs/VVIP_TIGER_REPOSITORY_HOUSEKEEPING_AUDIT.md	34
UPLOAD_STORAGE_HINT	docs/VVIP_TIGER_REPOSITORY_HOUSEKEEPING_AUDIT.md	35
UPLOAD_STORAGE_HINT	docs/VVIP_TIGER_REPOSITORY_HOUSEKEEPING_AUDIT.md	37
UPLOAD_STORAGE_HINT	docs/VVIP_TIGER_REPOSITORY_HOUSEKEEPING_AUDIT.md	38
UPLOAD_STORAGE_HINT	docs/VVIP_TIGER_REPOSITORY_HOUSEKEEPING_AUDIT.md	39
UPLOAD_STORAGE_HINT	docs/VVIP_TIGER_REPOSITORY_HOUSEKEEPING_AUDIT.md	40
UPLOAD_STORAGE_HINT	docs/VVIP_TIGER_REPOSITORY_HOUSEKEEPING_AUDIT.md	42
UPLOAD_STORAGE_HINT	docs/VVIP_TIGER_REPOSITORY_HOUSEKEEPING_AUDIT.md	43
UPLOAD_STORAGE_HINT	docs/VVIP_TIGER_REPOSITORY_HOUSEKEEPING_AUDIT.md	44
UPLOAD_STORAGE_HINT	docs/VVIP_TIGER_REPOSITORY_HOUSEKEEPING_AUDIT.md	45
UPLOAD_STORAGE_HINT	docs/VVIP_TIGER_REPOSITORY_HOUSEKEEPING_AUDIT.md	47
UPLOAD_STORAGE_HINT	docs/VVIP_TIGER_REPOSITORY_HOUSEKEEPING_AUDIT.md	49
UPLOAD_STORAGE_HINT	docs/VVIP_TIGER_REPOSITORY_HOUSEKEEPING_AUDIT.md	57
UPLOAD_STORAGE_HINT	docs/VVIP_TIGER_REPOSITORY_HOUSEKEEPING_AUDIT.md	60
UPLOAD_STORAGE_HINT	docs/VVIP_TIGER_REPOSITORY_HOUSEKEEPING_AUDIT.md	61
UPLOAD_STORAGE_HINT	docs/VVIP_TIGER_REPOSITORY_HOUSEKEEPING_AUDIT.md	63
UPLOAD_STORAGE_HINT	docs/VVIP_TIGER_REPOSITORY_HOUSEKEEPING_AUDIT.md	73
UPLOAD_STORAGE_HINT	docs/VVIP_TIGER_REPOSITORY_HOUSEKEEPING_AUDIT.md	77
UPLOAD_STORAGE_HINT	docs/VVIP_TIGER_REPOSITORY_HOUSEKEEPING_AUDIT.md	78
UPLOAD_STORAGE_HINT	docs/VVIP_TIGER_REPOSITORY_HOUSEKEEPING_AUDIT.md	83
UPLOAD_STORAGE_HINT	docs/VVIP_TIGER_REPOSITORY_HOUSEKEEPING_AUDIT.md	86
UPLOAD_STORAGE_HINT	docs/VVIP_TIGER_REPOSITORY_HOUSEKEEPING_AUDIT.md	87
UPLOAD_STORAGE_HINT	docs/VVIP_TIGER_REPOSITORY_HOUSEKEEPING_AUDIT.md	88
UPLOAD_STORAGE_HINT	docs/VVIP_TIGER_REPOSITORY_HOUSEKEEPING_AUDIT.md	90
UPLOAD_STORAGE_HINT	docs/VVIP_TIGER_REPOSITORY_HOUSEKEEPING_AUDIT.md	91
UPLOAD_STORAGE_HINT	docs/VVIP_TIGER_REPOSITORY_HOUSEKEEPING_AUDIT.md	104
UPLOAD_STORAGE_HINT	docs/VVIP_TIGER_REPOSITORY_HOUSEKEEPING_AUDIT.md	108
UPLOAD_STORAGE_HINT	docs/VVIP_TIGER_REPOSITORY_HOUSEKEEPING_AUDIT.md	123
UPLOAD_STORAGE_HINT	docs/VVIP_TIGER_REPOSITORY_HOUSEKEEPING_AUDIT.md	127
UPLOAD_STORAGE_HINT	docs/VVIP_TIGER_VVIP_GATE_LOGIN.md	30
UPLOAD_STORAGE_HINT	docs/VVIP_TIGER_ZERO_VISIBLE_ERROR_EXPERIENCE.md	17
UPLOAD_STORAGE_HINT	docs/VVIP_TIGER_ZERO_VISIBLE_ERROR_EXPERIENCE.md	51
UPLOAD_STORAGE_HINT	docs/VVIP_TIGER_ZERO_VISIBLE_ERROR_EXPERIENCE.md	67
UPLOAD_STORAGE_HINT	docs/VVIP_TIGER_ZERO_VISIBLE_ERROR_EXPERIENCE.md	85
UPLOAD_STORAGE_HINT	docs/VVIP_TIGER_ZERO_VISIBLE_ERROR_EXPERIENCE.md	87
UPLOAD_STORAGE_HINT	docs/VVIP_TIGER_ZERO_VISIBLE_ERROR_EXPERIENCE.md	106
UPLOAD_STORAGE_HINT	docs/VVIP_TIGER_ZERO_VISIBLE_ERROR_EXPERIENCE.md	112
UPLOAD_STORAGE_HINT	docs/VVIP_TIGER_ZERO_VISIBLE_ERROR_EXPERIENCE.md	113
UPLOAD_STORAGE_HINT	docs/VVIP_TIGER_ZERO_VISIBLE_ERROR_EXPERIENCE.md	117
UPLOAD_STORAGE_HINT	docs/VVIP_TIGER_ZERO_VISIBLE_ERROR_EXPERIENCE.md	145
UPLOAD_STORAGE_HINT	docs/VVIP_TIGER_ZERO_VISIBLE_ERROR_EXPERIENCE.md	149
UPLOAD_STORAGE_HINT	docs/VVIP_TIGER_ZERO_VISIBLE_ERROR_EXPERIENCE.md	151
UPLOAD_STORAGE_HINT	docs/VVIP_TIGER_ZERO_VISIBLE_ERROR_EXPERIENCE.md	157
UPLOAD_STORAGE_HINT	docs/VVIP_TIGER_ZERO_VISIBLE_ERROR_EXPERIENCE.md	158
UPLOAD_STORAGE_HINT	docs/VVIP_TIGER_ZERO_VISIBLE_ERROR_EXPERIENCE.md	159
UPLOAD_STORAGE_HINT	docs/governance/VVIP_TIGER_SURGICAL_EXECUTION_RULE.md	31
UPLOAD_STORAGE_HINT	docs/governance/VVIP_TIGER_SURGICAL_EXECUTION_RULE.md	68
UPLOAD_STORAGE_HINT	docs/governance/VVIP_TIGER_SURGICAL_EXECUTION_RULE.md	93
UPLOAD_STORAGE_HINT	docs/governance/VVIP_TIGER_SURGICAL_EXECUTION_RULE.md	136
UPLOAD_STORAGE_HINT	docs/governance/VVIP_TIGER_SURGICAL_EXECUTION_RULE.md	139
UPLOAD_STORAGE_HINT	docs/governance/VVIP_TIGER_SURGICAL_EXECUTION_RULE.md	140
UPLOAD_STORAGE_HINT	docs/governance/VVIP_TIGER_SURGICAL_EXECUTION_RULE.md	167
UPLOAD_STORAGE_HINT	docs/governance/VVIP_TIGER_SURGICAL_EXECUTION_RULE.md	176
UPLOAD_STORAGE_HINT	docs/governance/VVIP_TIGER_SURGICAL_EXECUTION_RULE.md	191
UPLOAD_STORAGE_HINT	docs/governance/VVIP_TIGER_SURGICAL_EXECUTION_RULE.md	255
UPLOAD_STORAGE_HINT	docs/security/RPC_HARDENED_SECURITY_SCENARIOS_20260709.md	5
UPLOAD_STORAGE_HINT	docs/security/RPC_HARDENED_SECURITY_SCENARIOS_20260709.md	22
UPLOAD_STORAGE_HINT	docs/security/RPC_HARDENED_SECURITY_SCENARIOS_20260709.md	28
UPLOAD_STORAGE_HINT	docs/security/RPC_HARDENED_SECURITY_SCENARIOS_20260709.md	32
UPLOAD_STORAGE_HINT	docs/security/RPC_HARDENED_SECURITY_SCENARIOS_20260709.md	43
UPLOAD_STORAGE_HINT	docs/security/RPC_HARDENED_SECURITY_SCENARIOS_20260709.md	50
UPLOAD_STORAGE_HINT	docs/security/RPC_HARDENED_SECURITY_SCENARIOS_20260709.md	51
UPLOAD_STORAGE_HINT	docs/security/RPC_HARDENED_SECURITY_SCENARIOS_20260709.md	55
UPLOAD_STORAGE_HINT	docs/security/RPC_HARDENED_SECURITY_SCENARIOS_20260709.md	75
UPLOAD_STORAGE_HINT	docs/security/RPC_HARDENED_SECURITY_SCENARIOS_20260709.md	76
UPLOAD_STORAGE_HINT	docs/security/RPC_HARDENED_SECURITY_SCENARIOS_20260709.md	95
UPLOAD_STORAGE_HINT	docs/security/RPC_HARDENED_SECURITY_SCENARIOS_20260709.md	96
UPLOAD_STORAGE_HINT	docs/security/RPC_HARDENED_SECURITY_SCENARIOS_20260709.md	106
UPLOAD_STORAGE_HINT	docs/security/RPC_HARDENED_SECURITY_SCENARIOS_20260709.md	128
UPLOAD_STORAGE_HINT	docs/security/RPC_HARDENED_SECURITY_SCENARIOS_20260709.md	142
UPLOAD_STORAGE_HINT	docs/security/RPC_HARDENED_SECURITY_SCENARIOS_20260709.md	150
UPLOAD_STORAGE_HINT	docs/security/RPC_HARDENED_SECURITY_SCENARIOS_20260709.md	187
UPLOAD_STORAGE_HINT	docs/security/RPC_HARDENED_SECURITY_SCENARIOS_20260709.md	195
UPLOAD_STORAGE_HINT	docs/security/RPC_HARDENED_SECURITY_SCENARIOS_20260709.md	199
UPLOAD_STORAGE_HINT	docs/security/RPC_HARDENED_SECURITY_SCENARIOS_20260709.md	203
UPLOAD_STORAGE_HINT	docs/security/RPC_HARDENED_SECURITY_SCENARIOS_20260709.md	217
UPLOAD_STORAGE_HINT	docs/security/RPC_HARDENED_SECURITY_SCENARIOS_20260709.md	256
UPLOAD_STORAGE_HINT	docs/security/RPC_REVIEW_FINDINGS_20260709.md	5
UPLOAD_STORAGE_HINT	docs/security/RPC_REVIEW_FINDINGS_20260709.md	9
UPLOAD_STORAGE_HINT	docs/security/RPC_REVIEW_FINDINGS_20260709.md	17
UPLOAD_STORAGE_HINT	docs/security/RPC_REVIEW_FINDINGS_20260709.md	32
UPLOAD_STORAGE_HINT	docs/security/RPC_REVIEW_FINDINGS_20260709.md	34
UPLOAD_STORAGE_HINT	docs/security/RPC_REVIEW_FINDINGS_20260709.md	45
UPLOAD_STORAGE_HINT	docs/security/RPC_REVIEW_FINDINGS_20260709.md	48
UPLOAD_STORAGE_HINT	docs/security/RPC_REVIEW_FINDINGS_20260709.md	51
UPLOAD_STORAGE_HINT	docs/security/RPC_REVIEW_FINDINGS_20260709.md	53
UPLOAD_STORAGE_HINT	docs/security/SUPABASE_CLERK_SECURITY_AUDIT_LOCK_20260709.md	21
UPLOAD_STORAGE_HINT	docs/security/SUPABASE_CLERK_SECURITY_AUDIT_LOCK_20260709.md	41
UPLOAD_STORAGE_HINT	docs/security/SUPABASE_CLERK_SECURITY_AUDIT_LOCK_20260709.md	47
UPLOAD_STORAGE_HINT	docs/security/SUPABASE_CLERK_SECURITY_AUDIT_LOCK_20260709.md	48
UPLOAD_STORAGE_HINT	docs/security/SUPABASE_CLERK_SECURITY_AUDIT_LOCK_20260709.md	49
UPLOAD_STORAGE_HINT	docs/security/SUPABASE_CLERK_SECURITY_AUDIT_LOCK_20260709.md	53
UPLOAD_STORAGE_HINT	docs/security/SUPABASE_CLERK_SECURITY_AUDIT_LOCK_20260709.md	66
UPLOAD_STORAGE_HINT	docs/security/production-apply/SUPABASE_MANUAL_BACKUP_PRODUCTION_APPLY_PLAN_DRAFT.md	52
UPLOAD_STORAGE_HINT	docs/security/production-apply/SUPABASE_MANUAL_BACKUP_PRODUCTION_APPLY_PLAN_DRAFT.md	54
UPLOAD_STORAGE_HINT	docs/security/production-apply/SUPABASE_MANUAL_BACKUP_PRODUCTION_APPLY_PLAN_DRAFT.md	56
UPLOAD_STORAGE_HINT	docs/security/production-apply/SUPABASE_MANUAL_BACKUP_PRODUCTION_APPLY_PLAN_DRAFT.md	58
UPLOAD_STORAGE_HINT	docs/security/production-apply/SUPABASE_MANUAL_BACKUP_PRODUCTION_APPLY_PLAN_DRAFT.md	92
UPLOAD_STORAGE_HINT	docs/security/production-apply/SUPABASE_MANUAL_BACKUP_PRODUCTION_APPLY_PLAN_DRAFT.md	93
UPLOAD_STORAGE_HINT	docs/security/production-apply/SUPABASE_MANUAL_BACKUP_PRODUCTION_APPLY_PLAN_DRAFT.md	94
UPLOAD_STORAGE_HINT	docs/security/production-apply/SUPABASE_MANUAL_BACKUP_PRODUCTION_APPLY_PLAN_DRAFT.md	155
UPLOAD_STORAGE_HINT	docs/security/production-apply/SUPABASE_MANUAL_BACKUP_PRODUCTION_APPLY_PLAN_DRAFT.md	156
UPLOAD_STORAGE_HINT	docs/security/production-apply/SUPABASE_MANUAL_BACKUP_PRODUCTION_APPLY_PLAN_DRAFT.md	160
UPLOAD_STORAGE_HINT	docs/security/sql-review/20260709_vvip_tiger_atomic_profile_resolver_rpc_hardened_review.sql	1
UPLOAD_STORAGE_HINT	docs/security/sql-review/20260709_vvip_tiger_atomic_profile_resolver_rpc_hardened_review.sql	5
UPLOAD_STORAGE_HINT	docs/security/sql-review/20260709_vvip_tiger_atomic_profile_resolver_rpc_hardened_review.sql	8
UPLOAD_STORAGE_HINT	docs/security/sql-review/20260709_vvip_tiger_atomic_profile_resolver_rpc_hardened_review.sql	14
UPLOAD_STORAGE_HINT	docs/security/sql-review/20260709_vvip_tiger_atomic_profile_resolver_rpc_hardened_review.sql	15
UPLOAD_STORAGE_HINT	docs/security/sql-review/20260709_vvip_tiger_atomic_profile_resolver_rpc_hardened_review.sql	22
UPLOAD_STORAGE_HINT	docs/security/sql-review/20260709_vvip_tiger_atomic_profile_resolver_rpc_hardened_review.sql	25
UPLOAD_STORAGE_HINT	docs/security/sql-review/20260709_vvip_tiger_atomic_profile_resolver_rpc_hardened_review.sql	26
UPLOAD_STORAGE_HINT	docs/security/sql-review/20260709_vvip_tiger_atomic_profile_resolver_rpc_hardened_review.sql	27
UPLOAD_STORAGE_HINT	docs/security/sql-review/20260709_vvip_tiger_atomic_profile_resolver_rpc_hardened_review.sql	28
UPLOAD_STORAGE_HINT	docs/security/sql-review/20260709_vvip_tiger_atomic_profile_resolver_rpc_hardened_review.sql	29
UPLOAD_STORAGE_HINT	docs/security/sql-review/20260709_vvip_tiger_atomic_profile_resolver_rpc_hardened_review.sql	30
UPLOAD_STORAGE_HINT	docs/security/sql-review/20260709_vvip_tiger_atomic_profile_resolver_rpc_hardened_review.sql	31
UPLOAD_STORAGE_HINT	docs/security/sql-review/20260709_vvip_tiger_atomic_profile_resolver_rpc_hardened_review.sql	32
UPLOAD_STORAGE_HINT	docs/security/sql-review/20260709_vvip_tiger_atomic_profile_resolver_rpc_hardened_review.sql	33
UPLOAD_STORAGE_HINT	docs/security/sql-review/20260709_vvip_tiger_atomic_profile_resolver_rpc_hardened_review.sql	35
UPLOAD_STORAGE_HINT	docs/security/sql-review/20260709_vvip_tiger_atomic_profile_resolver_rpc_hardened_review.sql	36
UPLOAD_STORAGE_HINT	docs/security/sql-review/20260709_vvip_tiger_atomic_profile_resolver_rpc_hardened_review.sql	39
UPLOAD_STORAGE_HINT	docs/security/sql-review/20260709_vvip_tiger_atomic_profile_resolver_rpc_hardened_review.sql	40
UPLOAD_STORAGE_HINT	docs/security/sql-review/20260709_vvip_tiger_atomic_profile_resolver_rpc_hardened_review.sql	42
UPLOAD_STORAGE_HINT	docs/security/sql-review/20260709_vvip_tiger_atomic_profile_resolver_rpc_hardened_review.sql	43
UPLOAD_STORAGE_HINT	docs/security/sql-review/20260709_vvip_tiger_atomic_profile_resolver_rpc_hardened_review.sql	49
UPLOAD_STORAGE_HINT	docs/security/sql-review/20260709_vvip_tiger_atomic_profile_resolver_rpc_hardened_review.sql	53
UPLOAD_STORAGE_HINT	docs/security/sql-review/20260709_vvip_tiger_atomic_profile_resolver_rpc_hardened_review.sql	54
UPLOAD_STORAGE_HINT	docs/security/sql-review/20260709_vvip_tiger_atomic_profile_resolver_rpc_hardened_review.sql	57
UPLOAD_STORAGE_HINT	docs/security/sql-review/20260709_vvip_tiger_atomic_profile_resolver_rpc_hardened_review.sql	58
UPLOAD_STORAGE_HINT	docs/security/sql-review/20260709_vvip_tiger_atomic_profile_resolver_rpc_hardened_review.sql	61
UPLOAD_STORAGE_HINT	docs/security/sql-review/20260709_vvip_tiger_atomic_profile_resolver_rpc_hardened_review.sql	64
UPLOAD_STORAGE_HINT	docs/security/sql-review/20260709_vvip_tiger_atomic_profile_resolver_rpc_hardened_review.sql	65
UPLOAD_STORAGE_HINT	docs/security/sql-review/20260709_vvip_tiger_atomic_profile_resolver_rpc_hardened_review.sql	66
UPLOAD_STORAGE_HINT	docs/security/sql-review/20260709_vvip_tiger_atomic_profile_resolver_rpc_hardened_review.sql	67
UPLOAD_STORAGE_HINT	docs/security/sql-review/20260709_vvip_tiger_atomic_profile_resolver_rpc_hardened_review.sql	68
UPLOAD_STORAGE_HINT	docs/security/sql-review/20260709_vvip_tiger_atomic_profile_resolver_rpc_hardened_review.sql	69
UPLOAD_STORAGE_HINT	docs/security/sql-review/20260709_vvip_tiger_atomic_profile_resolver_rpc_hardened_review.sql	71
UPLOAD_STORAGE_HINT	docs/security/sql-review/20260709_vvip_tiger_atomic_profile_resolver_rpc_hardened_review.sql	72
UPLOAD_STORAGE_HINT	docs/security/sql-review/20260709_vvip_tiger_atomic_profile_resolver_rpc_hardened_review.sql	80
UPLOAD_STORAGE_HINT	docs/security/sql-review/20260709_vvip_tiger_atomic_profile_resolver_rpc_hardened_review.sql	83
UPLOAD_STORAGE_HINT	docs/security/sql-review/20260709_vvip_tiger_atomic_profile_resolver_rpc_hardened_review.sql	103
UPLOAD_STORAGE_HINT	docs/security/sql-review/20260709_vvip_tiger_atomic_profile_resolver_rpc_hardened_review.sql	106
UPLOAD_STORAGE_HINT	docs/security/sql-review/20260709_vvip_tiger_atomic_profile_resolver_rpc_hardened_review.sql	107
UPLOAD_STORAGE_HINT	docs/security/sql-review/20260709_vvip_tiger_atomic_profile_resolver_rpc_hardened_review.sql	126
UPLOAD_STORAGE_HINT	docs/security/sql-review/20260709_vvip_tiger_atomic_profile_resolver_rpc_hardened_review.sql	128
UPLOAD_STORAGE_HINT	docs/security/sql-review/20260709_vvip_tiger_atomic_profile_resolver_rpc_hardened_review.sql	129
UPLOAD_STORAGE_HINT	docs/security/sql-review/20260709_vvip_tiger_atomic_profile_resolver_rpc_hardened_review.sql	134
UPLOAD_STORAGE_HINT	docs/security/sql-review/20260709_vvip_tiger_atomic_profile_resolver_rpc_hardened_review.sql	135
UPLOAD_STORAGE_HINT	docs/security/sql-review/20260709_vvip_tiger_atomic_profile_resolver_rpc_hardened_review.sql	136
UPLOAD_STORAGE_HINT	docs/security/sql-review/20260709_vvip_tiger_atomic_profile_resolver_rpc_hardened_review.sql	137
UPLOAD_STORAGE_HINT	docs/security/sql-review/20260709_vvip_tiger_atomic_profile_resolver_rpc_hardened_review.sql	138
UPLOAD_STORAGE_HINT	docs/security/sql-review/20260709_vvip_tiger_atomic_profile_resolver_rpc_hardened_review.sql	139
UPLOAD_STORAGE_HINT	docs/security/sql-review/20260709_vvip_tiger_atomic_profile_resolver_rpc_hardened_review.sql	140
UPLOAD_STORAGE_HINT	docs/security/sql-review/20260709_vvip_tiger_atomic_profile_resolver_rpc_hardened_review.sql	141
UPLOAD_STORAGE_HINT	docs/security/sql-review/20260709_vvip_tiger_atomic_profile_resolver_rpc_hardened_review.sql	142
UPLOAD_STORAGE_HINT	docs/security/sql-review/20260709_vvip_tiger_atomic_profile_resolver_rpc_hardened_review.sql	143
UPLOAD_STORAGE_HINT	docs/security/sql-review/20260709_vvip_tiger_atomic_profile_resolver_rpc_hardened_review.sql	144
UPLOAD_STORAGE_HINT	docs/security/sql-review/20260709_vvip_tiger_atomic_profile_resolver_rpc_hardened_review.sql	149
UPLOAD_STORAGE_HINT	docs/security/sql-review/20260709_vvip_tiger_atomic_profile_resolver_rpc_hardened_review.sql	150
UPLOAD_STORAGE_HINT	docs/security/sql-review/20260709_vvip_tiger_atomic_profile_resolver_rpc_hardened_review.sql	157
UPLOAD_STORAGE_HINT	docs/security/sql-review/20260709_vvip_tiger_atomic_profile_resolver_rpc_hardened_review.sql	169
UPLOAD_STORAGE_HINT	docs/security/sql-review/20260709_vvip_tiger_atomic_profile_resolver_rpc_hardened_review.sql	172
UPLOAD_STORAGE_HINT	docs/security/sql-review/20260709_vvip_tiger_atomic_profile_resolver_rpc_hardened_review.sql	173
UPLOAD_STORAGE_HINT	docs/security/sql-review/20260709_vvip_tiger_atomic_profile_resolver_rpc_hardened_review.sql	174
UPLOAD_STORAGE_HINT	docs/security/sql-review/20260709_vvip_tiger_atomic_profile_resolver_rpc_hardened_review.sql	175
UPLOAD_STORAGE_HINT	docs/security/sql-review/20260709_vvip_tiger_atomic_profile_resolver_rpc_hardened_review.sql	176
UPLOAD_STORAGE_HINT	docs/security/sql-review/20260709_vvip_tiger_atomic_profile_resolver_rpc_hardened_review.sql	177
UPLOAD_STORAGE_HINT	docs/security/sql-review/20260709_vvip_tiger_atomic_profile_resolver_rpc_hardened_review.sql	178
UPLOAD_STORAGE_HINT	docs/security/sql-review/20260709_vvip_tiger_atomic_profile_resolver_rpc_hardened_review.sql	179
UPLOAD_STORAGE_HINT	docs/security/sql-review/20260709_vvip_tiger_atomic_profile_resolver_rpc_hardened_review.sql	180
UPLOAD_STORAGE_HINT	docs/security/sql-review/20260709_vvip_tiger_atomic_profile_resolver_rpc_hardened_review.sql	181
UPLOAD_STORAGE_HINT	docs/security/sql-review/20260709_vvip_tiger_atomic_profile_resolver_rpc_hardened_review.sql	182
UPLOAD_STORAGE_HINT	docs/security/sql-review/20260709_vvip_tiger_atomic_profile_resolver_rpc_hardened_review.sql	187
UPLOAD_STORAGE_HINT	docs/security/sql-review/20260709_vvip_tiger_atomic_profile_resolver_rpc_hardened_review.sql	188
UPLOAD_STORAGE_HINT	docs/security/sql-review/20260709_vvip_tiger_atomic_profile_resolver_rpc_hardened_review.sql	203
UPLOAD_STORAGE_HINT	docs/security/sql-review/20260709_vvip_tiger_atomic_profile_resolver_rpc_hardened_review.sql	205
UPLOAD_STORAGE_HINT	docs/security/sql-review/20260709_vvip_tiger_atomic_profile_resolver_rpc_hardened_review.sql	224
UPLOAD_STORAGE_HINT	docs/security/sql-review/20260709_vvip_tiger_atomic_profile_resolver_rpc_hardened_review.sql	226
UPLOAD_STORAGE_HINT	docs/security/sql-review/20260709_vvip_tiger_atomic_profile_resolver_rpc_hardened_review.sql	227
UPLOAD_STORAGE_HINT	docs/security/sql-review/20260709_vvip_tiger_atomic_profile_resolver_rpc_hardened_review.sql	228
UPLOAD_STORAGE_HINT	docs/security/sql-review/20260709_vvip_tiger_atomic_profile_resolver_rpc_hardened_review.sql	229
UPLOAD_STORAGE_HINT	docs/security/sql-review/20260709_vvip_tiger_atomic_profile_resolver_rpc_hardened_review.sql	230
UPLOAD_STORAGE_HINT	docs/security/sql-review/20260709_vvip_tiger_atomic_profile_resolver_rpc_hardened_review.sql	231
UPLOAD_STORAGE_HINT	docs/security/sql-review/20260709_vvip_tiger_atomic_profile_resolver_rpc_hardened_review.sql	232
UPLOAD_STORAGE_HINT	docs/security/sql-review/20260709_vvip_tiger_atomic_profile_resolver_rpc_hardened_review.sql	233
UPLOAD_STORAGE_HINT	docs/security/sql-review/20260709_vvip_tiger_atomic_profile_resolver_rpc_hardened_review.sql	234
UPLOAD_STORAGE_HINT	docs/security/sql-review/20260709_vvip_tiger_atomic_profile_resolver_rpc_hardened_review.sql	235
UPLOAD_STORAGE_HINT	docs/security/sql-review/20260709_vvip_tiger_atomic_profile_resolver_rpc_hardened_review.sql	236
UPLOAD_STORAGE_HINT	docs/security/sql-review/20260709_vvip_tiger_atomic_profile_resolver_rpc_hardened_review.sql	241
UPLOAD_STORAGE_HINT	docs/security/sql-review/20260709_vvip_tiger_atomic_profile_resolver_rpc_hardened_review.sql	242
UPLOAD_STORAGE_HINT	docs/security/sql-review/20260709_vvip_tiger_atomic_profile_resolver_rpc_hardened_review.sql	248
UPLOAD_STORAGE_HINT	docs/security/sql-review/20260709_vvip_tiger_atomic_profile_resolver_rpc_hardened_review.sql	249
UPLOAD_STORAGE_HINT	docs/security/sql-review/20260709_vvip_tiger_atomic_profile_resolver_rpc_hardened_review.sql	254
UPLOAD_STORAGE_HINT	docs/security/sql-review/20260709_vvip_tiger_atomic_profile_resolver_rpc_hardened_review.sql	255
UPLOAD_STORAGE_HINT	docs/security/sql-review/20260709_vvip_tiger_atomic_profile_resolver_rpc_hardened_review.sql	256
UPLOAD_STORAGE_HINT	docs/security/sql-review/20260709_vvip_tiger_atomic_profile_resolver_rpc_hardened_review.sql	257
UPLOAD_STORAGE_HINT	docs/security/sql-review/20260709_vvip_tiger_atomic_profile_resolver_rpc_hardened_review.sql	258
UPLOAD_STORAGE_HINT	docs/security/sql-review/20260709_vvip_tiger_atomic_profile_resolver_rpc_hardened_review.sql	259
UPLOAD_STORAGE_HINT	docs/security/sql-review/20260709_vvip_tiger_atomic_profile_resolver_rpc_hardened_review.sql	260
UPLOAD_STORAGE_HINT	docs/security/sql-review/20260709_vvip_tiger_atomic_profile_resolver_rpc_hardened_review.sql	261
UPLOAD_STORAGE_HINT	docs/security/sql-review/20260709_vvip_tiger_atomic_profile_resolver_rpc_hardened_review.sql	262
UPLOAD_STORAGE_HINT	docs/security/sql-review/20260709_vvip_tiger_atomic_profile_resolver_rpc_hardened_review.sql	263
UPLOAD_STORAGE_HINT	docs/security/sql-review/20260709_vvip_tiger_atomic_profile_resolver_rpc_hardened_review.sql	264
UPLOAD_STORAGE_HINT	docs/security/sql-review/20260709_vvip_tiger_atomic_profile_resolver_rpc_hardened_review.sql	269
UPLOAD_STORAGE_HINT	docs/security/sql-review/20260709_vvip_tiger_atomic_profile_resolver_rpc_hardened_review.sql	270
UPLOAD_STORAGE_HINT	docs/security/sql-review/20260709_vvip_tiger_atomic_profile_resolver_rpc_hardened_review.sql	276
UPLOAD_STORAGE_HINT	docs/security/sql-review/20260709_vvip_tiger_atomic_profile_resolver_rpc_hardened_review.sql	283
UPLOAD_STORAGE_HINT	docs/security/sql-review/20260709_vvip_tiger_atomic_profile_resolver_rpc_hardened_review.sql	290
UPLOAD_STORAGE_HINT	docs/security/sql-review/20260709_vvip_tiger_atomic_profile_resolver_rpc_hardened_review.sql	291
UPLOAD_STORAGE_HINT	docs/security/sql-review/20260709_vvip_tiger_atomic_profile_resolver_rpc_hardened_review.sql	292
UPLOAD_STORAGE_HINT	docs/security/sql-review/20260709_vvip_tiger_atomic_profile_resolver_rpc_hardened_review.sql	293
UPLOAD_STORAGE_HINT	docs/security/sql-review/20260709_vvip_tiger_atomic_profile_resolver_rpc_hardened_review.sql	295
UPLOAD_STORAGE_HINT	docs/security/sql-review/20260709_vvip_tiger_atomic_profile_resolver_rpc_hardened_review.sql	296
UPLOAD_STORAGE_HINT	enhanced-components.css	79
UPLOAD_STORAGE_HINT	enhanced-components.css	87
UPLOAD_STORAGE_HINT	enhanced-components.css	94
UPLOAD_STORAGE_HINT	enhanced-components.css	98
UPLOAD_STORAGE_HINT	enhanced-components.css	529
UPLOAD_STORAGE_HINT	enhanced-components.css	681
UPLOAD_STORAGE_HINT	index.html	65
UPLOAD_STORAGE_HINT	index.html	121
UPLOAD_STORAGE_HINT	index.html	123
UPLOAD_STORAGE_HINT	index.html	124
UPLOAD_STORAGE_HINT	index.html	125
UPLOAD_STORAGE_HINT	index.html	134
UPLOAD_STORAGE_HINT	index.html	135
UPLOAD_STORAGE_HINT	private-profile.html	7
UPLOAD_STORAGE_HINT	private-profile.html	84
UPLOAD_STORAGE_HINT	private-profile.html	85
UPLOAD_STORAGE_HINT	private-profile.html	87
UPLOAD_STORAGE_HINT	private-profile.html	88
UPLOAD_STORAGE_HINT	private-profile.html	98
UPLOAD_STORAGE_HINT	private-profile.html	104
UPLOAD_STORAGE_HINT	private-profile.html	153
UPLOAD_STORAGE_HINT	public-profile.html	257
UPLOAD_STORAGE_HINT	public-profile.html	310
UPLOAD_STORAGE_HINT	public-profile.html	311
UPLOAD_STORAGE_HINT	public-profile.html	408
UPLOAD_STORAGE_HINT	public-profile.html	523
UPLOAD_STORAGE_HINT	public-profile.html	524
UPLOAD_STORAGE_HINT	public-profile.html	612
UPLOAD_STORAGE_HINT	public-profile.html	683
UPLOAD_STORAGE_HINT	public-profile.html	700
UPLOAD_STORAGE_HINT	public-profile.html	709
UPLOAD_STORAGE_HINT	public-profile.html	713
UPLOAD_STORAGE_HINT	public-profile.html	714
UPLOAD_STORAGE_HINT	public-profile.html	715
UPLOAD_STORAGE_HINT	public-profile.html	716
UPLOAD_STORAGE_HINT	public-profile.html	717
UPLOAD_STORAGE_HINT	public-profile.html	730
UPLOAD_STORAGE_HINT	public-profile.html	738
UPLOAD_STORAGE_HINT	public-profile.html	746
UPLOAD_STORAGE_HINT	public-profile.html	754
UPLOAD_STORAGE_HINT	public-profile.html	774
UPLOAD_STORAGE_HINT	public-profile.html	784
UPLOAD_STORAGE_HINT	public-profile.html	794
UPLOAD_STORAGE_HINT	public-profile.html	804
UPLOAD_STORAGE_HINT	public-profile.html	814
UPLOAD_STORAGE_HINT	public-profile.html	827
UPLOAD_STORAGE_HINT	public-profile.html	831
UPLOAD_STORAGE_HINT	public-profile.html	842
UPLOAD_STORAGE_HINT	public-profile.html	858
UPLOAD_STORAGE_HINT	public-profile.html	868
UPLOAD_STORAGE_HINT	public-profile.html	883
UPLOAD_STORAGE_HINT	public-profile.html	937
UPLOAD_STORAGE_HINT	public-profile.html	951
UPLOAD_STORAGE_HINT	public-profile.html	960
UPLOAD_STORAGE_HINT	public-profile.html	967
UPLOAD_STORAGE_HINT	public-profile.html	1028
UPLOAD_STORAGE_HINT	public-profile.html	1043
UPLOAD_STORAGE_HINT	public-profile.html	1079
UPLOAD_STORAGE_HINT	public-profile.html	1113
UPLOAD_STORAGE_HINT	public-profile.html	1116
UPLOAD_STORAGE_HINT	public-profile.html	1124
UPLOAD_STORAGE_HINT	public-profile.html	1125
UPLOAD_STORAGE_HINT	public-profile.html	1155
UPLOAD_STORAGE_HINT	public-profile.html	1159
UPLOAD_STORAGE_HINT	public-profile.html	1181
UPLOAD_STORAGE_HINT	public-profile.html	1311
UPLOAD_STORAGE_HINT	reset-password.html	17
UPLOAD_STORAGE_HINT	reset-password.js	14
UPLOAD_STORAGE_HINT	scripts/profile-loader.js	1
UPLOAD_STORAGE_HINT	scripts/profile-loader.js	67
UPLOAD_STORAGE_HINT	scripts/profile-loader.js	93
UPLOAD_STORAGE_HINT	scripts/profile-loader.js	94
UPLOAD_STORAGE_HINT	scripts/profile-loader.js	101
UPLOAD_STORAGE_HINT	scripts/profile-loader.js	104
UPLOAD_STORAGE_HINT	scripts/profile-loader.js	105
UPLOAD_STORAGE_HINT	scripts/profile-loader.js	108
UPLOAD_STORAGE_HINT	scripts/profile-loader.js	109
UPLOAD_STORAGE_HINT	scripts/profile-loader.js	110
UPLOAD_STORAGE_HINT	scripts/profile-loader.js	111
UPLOAD_STORAGE_HINT	scripts/profile-loader.js	112
UPLOAD_STORAGE_HINT	scripts/profile-loader.js	113
UPLOAD_STORAGE_HINT	scripts/profile-loader.js	120
UPLOAD_STORAGE_HINT	scripts/profile-loader.js	121
UPLOAD_STORAGE_HINT	scripts/profile-loader.js	122
UPLOAD_STORAGE_HINT	scripts/profile-loader.js	127
UPLOAD_STORAGE_HINT	scripts/profile-loader.js	128
UPLOAD_STORAGE_HINT	scripts/profile-loader.js	129
UPLOAD_STORAGE_HINT	scripts/profile-loader.js	135
UPLOAD_STORAGE_HINT	scripts/profile-loader.js	136
UPLOAD_STORAGE_HINT	scripts/profile-loader.js	137
UPLOAD_STORAGE_HINT	scripts/profile-loader.js	143
UPLOAD_STORAGE_HINT	scripts/profile-loader.js	144
UPLOAD_STORAGE_HINT	scripts/profile-loader.js	145
UPLOAD_STORAGE_HINT	scripts/profile-loader.js	150
UPLOAD_STORAGE_HINT	scripts/profile-loader.js	151
UPLOAD_STORAGE_HINT	scripts/profile-loader.js	152
UPLOAD_STORAGE_HINT	scripts/profile-loader.js	153
UPLOAD_STORAGE_HINT	scripts/profile-loader.js	154
UPLOAD_STORAGE_HINT	scripts/profile-loader.js	165
UPLOAD_STORAGE_HINT	scripts/profile-loader.js	170
UPLOAD_STORAGE_HINT	scripts/profile-loader.js	171
UPLOAD_STORAGE_HINT	scripts/profile-loader.js	175
UPLOAD_STORAGE_HINT	scripts/profile-loader.js	176
UPLOAD_STORAGE_HINT	scripts/profile-loader.js	177
UPLOAD_STORAGE_HINT	scripts/profile-loader.js	178
UPLOAD_STORAGE_HINT	scripts/profile-loader.js	180
UPLOAD_STORAGE_HINT	scripts/profile-loader.js	184
UPLOAD_STORAGE_HINT	scripts/profile-loader.js	185
UPLOAD_STORAGE_HINT	scripts/profile-loader.js	188
UPLOAD_STORAGE_HINT	scripts/profile-loader.js	193
UPLOAD_STORAGE_HINT	scripts/profile-loader.js	208
UPLOAD_STORAGE_HINT	scripts/profile-loader.js	209
UPLOAD_STORAGE_HINT	scripts/profile-loader.js	214
UPLOAD_STORAGE_HINT	scripts/profile-loader.js	215
UPLOAD_STORAGE_HINT	scripts/profile-loader.js	216
UPLOAD_STORAGE_HINT	scripts/profile-loader.js	217
UPLOAD_STORAGE_HINT	scripts/profile-loader.js	221
UPLOAD_STORAGE_HINT	scripts/profile-loader.js	223
UPLOAD_STORAGE_HINT	scripts/profile-loader.js	229
UPLOAD_STORAGE_HINT	scripts/profile-loader.js	231
UPLOAD_STORAGE_HINT	scripts/require-auth.js	25
UPLOAD_STORAGE_HINT	scripts/supabase-auth-bridge.js	4
UPLOAD_STORAGE_HINT	social-ui.js	53
UPLOAD_STORAGE_HINT	social-ui.js	60
UPLOAD_STORAGE_HINT	social-ui.js	70
UPLOAD_STORAGE_HINT	social-ui.js	74
UPLOAD_STORAGE_HINT	social-ui.js	726
UPLOAD_STORAGE_HINT	social-ui.js	727
UPLOAD_STORAGE_HINT	social-ui.js	728
UPLOAD_STORAGE_HINT	social-ui.js	745
UPLOAD_STORAGE_HINT	social-ui.js	753
UPLOAD_STORAGE_HINT	social-ui.js	765
UPLOAD_STORAGE_HINT	social-ui.js	766
UPLOAD_STORAGE_HINT	social-ui.js	767
UPLOAD_STORAGE_HINT	social-ui.js	772
UPLOAD_STORAGE_HINT	social-ui.js	773
UPLOAD_STORAGE_HINT	social-ui.js	778
UPLOAD_STORAGE_HINT	social-ui.js	780
UPLOAD_STORAGE_HINT	social-ui.js	813
UPLOAD_STORAGE_HINT	social-ui.js	815
UPLOAD_STORAGE_HINT	social-ui.js	823
UPLOAD_STORAGE_HINT	social-ui.js	824
UPLOAD_STORAGE_HINT	social-ui.js	857
UPLOAD_STORAGE_HINT	social-ui.js	875
UPLOAD_STORAGE_HINT	social-ui.js	1163
UPLOAD_STORAGE_HINT	social-ui.js	1164
UPLOAD_STORAGE_HINT	social-ui.js	1349
UPLOAD_STORAGE_HINT	social-ui.js	1352
UPLOAD_STORAGE_HINT	social-ui.js	1353
UPLOAD_STORAGE_HINT	social-ui.js	1384
UPLOAD_STORAGE_HINT	social-ui.js	1546
UPLOAD_STORAGE_HINT	social-ui.js	1549
UPLOAD_STORAGE_HINT	social-ui.js	1768
UPLOAD_STORAGE_HINT	social-ui.js	1844
UPLOAD_STORAGE_HINT	social-ui.js	1860
UPLOAD_STORAGE_HINT	social-ui.js	1921
UPLOAD_STORAGE_HINT	social-ui.js	2020
UPLOAD_STORAGE_HINT	social-ui.js	2039
UPLOAD_STORAGE_HINT	social-ui.js	2264
UPLOAD_STORAGE_HINT	social-ui.js	2469
UPLOAD_STORAGE_HINT	social-ui.js	2791
UPLOAD_STORAGE_HINT	social-ui.js	2792
UPLOAD_STORAGE_HINT	social-ui.js	2793
UPLOAD_STORAGE_HINT	social-ui.js	2794
UPLOAD_STORAGE_HINT	social-ui.js	2795
UPLOAD_STORAGE_HINT	social-ui.js	2796
UPLOAD_STORAGE_HINT	social-ui.js	2799
UPLOAD_STORAGE_HINT	social-ui.js	2807
UPLOAD_STORAGE_HINT	social-ui.js	2831
UPLOAD_STORAGE_HINT	social-ui.js	2835
UPLOAD_STORAGE_HINT	social-ui.js	2851
UPLOAD_STORAGE_HINT	social-ui.js	2854
UPLOAD_STORAGE_HINT	social-ui.js	2855
UPLOAD_STORAGE_HINT	social-ui.js	2863
UPLOAD_STORAGE_HINT	social-ui.js	2869
UPLOAD_STORAGE_HINT	social-ui.js	2873
UPLOAD_STORAGE_HINT	social-ui.js	2877
UPLOAD_STORAGE_HINT	social-ui.js	2879
UPLOAD_STORAGE_HINT	social-ui.js	2881
UPLOAD_STORAGE_HINT	social-ui.js	2899
UPLOAD_STORAGE_HINT	social-ui.js	2901
UPLOAD_STORAGE_HINT	social-ui.js	2903
UPLOAD_STORAGE_HINT	social-ui.js	2910
UPLOAD_STORAGE_HINT	social-ui.js	2911
UPLOAD_STORAGE_HINT	social-ui.js	2912
UPLOAD_STORAGE_HINT	social-ui.js	2913
UPLOAD_STORAGE_HINT	social-ui.js	2915
UPLOAD_STORAGE_HINT	social-ui.js	2917
UPLOAD_STORAGE_HINT	social-ui.js	2924
UPLOAD_STORAGE_HINT	social-ui.js	2925
UPLOAD_STORAGE_HINT	social-ui.js	2926
UPLOAD_STORAGE_HINT	social-ui.js	2929
UPLOAD_STORAGE_HINT	social-ui.js	3120
UPLOAD_STORAGE_HINT	social-ui.js	3121
UPLOAD_STORAGE_HINT	social-ui.js	3127
UPLOAD_STORAGE_HINT	social-ui.js	3134
UPLOAD_STORAGE_HINT	social-ui.js	3152
UPLOAD_STORAGE_HINT	social-ui.js	3153
UPLOAD_STORAGE_HINT	social-ui.js	3154
UPLOAD_STORAGE_HINT	social-ui.js	3155
UPLOAD_STORAGE_HINT	social-ui.js	3177
UPLOAD_STORAGE_HINT	social-ui.js	3178
UPLOAD_STORAGE_HINT	social-ui.js	3179
UPLOAD_STORAGE_HINT	social-ui.js	3180
UPLOAD_STORAGE_HINT	social-ui.js	3186
UPLOAD_STORAGE_HINT	social-ui.js	3187
UPLOAD_STORAGE_HINT	social-ui.js	3194
UPLOAD_STORAGE_HINT	social-ui.js	3202
UPLOAD_STORAGE_HINT	social-ui.js	3206
UPLOAD_STORAGE_HINT	social-ui.js	3239
UPLOAD_STORAGE_HINT	social-ui.js	3276
UPLOAD_STORAGE_HINT	social-ui.js	3277
UPLOAD_STORAGE_HINT	social-ui.js	3278
UPLOAD_STORAGE_HINT	social-ui.js	3279
UPLOAD_STORAGE_HINT	social-ui.js	3280
UPLOAD_STORAGE_HINT	styles.css	308
UPLOAD_STORAGE_HINT	styles.css	309
UPLOAD_STORAGE_HINT	styles.css	314
UPLOAD_STORAGE_HINT	styles.css	538
UPLOAD_STORAGE_HINT	styles.css	902
UPLOAD_STORAGE_HINT	styles.css	917
UPLOAD_STORAGE_HINT	styles.css	923
UPLOAD_STORAGE_HINT	styles.css	929
UPLOAD_STORAGE_HINT	styles.css	1177
UPLOAD_STORAGE_HINT	styles.css	1184
UPLOAD_STORAGE_HINT	styles.css	1193
UPLOAD_STORAGE_HINT	styles.css	1197
UPLOAD_STORAGE_HINT	styles.css	1290
UPLOAD_STORAGE_HINT	styles.css	1431
UPLOAD_STORAGE_HINT	styles.css	1483
UPLOAD_STORAGE_HINT	styles.css	1638
UPLOAD_STORAGE_HINT	styles.css	1643
UPLOAD_STORAGE_HINT	styles.css	1644
UPLOAD_STORAGE_HINT	styles.css	1705
UPLOAD_STORAGE_HINT	styles.css	1902
UPLOAD_STORAGE_HINT	styles.css	2290
UPLOAD_STORAGE_HINT	styles.css	2451
UPLOAD_STORAGE_HINT	styles.css	2466
UPLOAD_STORAGE_HINT	styles.css	2467
UPLOAD_STORAGE_HINT	styles.css	2580
UPLOAD_STORAGE_HINT	styles.css	2586
UPLOAD_STORAGE_HINT	styles.css	2799
UPLOAD_STORAGE_HINT	styles.css	2807
UPLOAD_STORAGE_HINT	styles.css	2812
UPLOAD_STORAGE_HINT	styles.css	2816
UPLOAD_STORAGE_HINT	styles.css	2821
UPLOAD_STORAGE_HINT	styles.css	2848
UPLOAD_STORAGE_HINT	styles.css	2854
UPLOAD_STORAGE_HINT	styles.css	2859
UPLOAD_STORAGE_HINT	styles.css	2872
UPLOAD_STORAGE_HINT	styles.css	2879
UPLOAD_STORAGE_HINT	styles.css	3000
UPLOAD_STORAGE_HINT	styles.css	3014
UPLOAD_STORAGE_HINT	styles.css	3022
UPLOAD_STORAGE_HINT	styles.css	3032
UPLOAD_STORAGE_HINT	styles.css	3039
UPLOAD_STORAGE_HINT	styles.css	3047
UPLOAD_STORAGE_HINT	styles.css	3051
UPLOAD_STORAGE_HINT	styles.css	3062
UPLOAD_STORAGE_HINT	styles.css	3070
UPLOAD_STORAGE_HINT	styles.css	3074
UPLOAD_STORAGE_HINT	styles.css	3080
UPLOAD_STORAGE_HINT	styles.css	3087
UPLOAD_STORAGE_HINT	styles.css	3099
UPLOAD_STORAGE_HINT	styles.css	3103
UPLOAD_STORAGE_HINT	styles.css	3120
UPLOAD_STORAGE_HINT	styles.css	3127
UPLOAD_STORAGE_HINT	styles.css	3133
UPLOAD_STORAGE_HINT	styles.css	3145
UPLOAD_STORAGE_HINT	styles.css	3149
UPLOAD_STORAGE_HINT	styles.css	3433
UPLOAD_STORAGE_HINT	styles.css	3443
UPLOAD_STORAGE_HINT	styles.css	3447
UPLOAD_STORAGE_HINT	styles.css	3458
UPLOAD_STORAGE_HINT	styles.css	3463
UPLOAD_STORAGE_HINT	styles.css	3473
UPLOAD_STORAGE_HINT	styles.css	3483
UPLOAD_STORAGE_HINT	styles.css	3494
UPLOAD_STORAGE_HINT	styles.css	3501
UPLOAD_STORAGE_HINT	styles.css	3511
UPLOAD_STORAGE_HINT	styles.css	3523
UPLOAD_STORAGE_HINT	styles.css	3551
UPLOAD_STORAGE_HINT	styles.css	3564
UPLOAD_STORAGE_HINT	styles.css	3565
UPLOAD_STORAGE_HINT	styles.css	3577
UPLOAD_STORAGE_HINT	styles.css	3629
UPLOAD_STORAGE_HINT	styles.css	3642
UPLOAD_STORAGE_HINT	styles.css	3643
UPLOAD_STORAGE_HINT	styles.css	3655
UPLOAD_STORAGE_HINT	styles.css	3706
UPLOAD_STORAGE_HINT	styles.css	3709
UPLOAD_STORAGE_HINT	styles.css	3719
UPLOAD_STORAGE_HINT	styles.css	3982
UPLOAD_STORAGE_HINT	styles/vvip-visual-trust-layer.css	45
UPLOAD_STORAGE_HINT	styles/vvip-visual-trust-layer.css	46
UPLOAD_STORAGE_HINT	styles/vvip-visual-trust-layer.css	56
UPLOAD_STORAGE_HINT	styles/vvip-visual-trust-layer.css	57
UPLOAD_STORAGE_HINT	styles/vvip-visual-trust-layer.css	67
UPLOAD_STORAGE_HINT	styles/vvip-visual-trust-layer.css	160
UPLOAD_STORAGE_HINT	styles/vvip-visual-trust-layer.css	161
UPLOAD_STORAGE_HINT	styles/vvip-visual-trust-layer.css	182
UPLOAD_STORAGE_HINT	styles/vvip-visual-trust-layer.css	194
UPLOAD_STORAGE_HINT	styles/vvip-visual-trust-layer.css	214
UPLOAD_STORAGE_HINT	styles/vvip-visual-trust-layer.css	234
UPLOAD_STORAGE_HINT	styles/vvip-visual-trust-layer.css	254
UPLOAD_STORAGE_HINT	styles/vvip-visual-trust-layer.css	333
UPLOAD_STORAGE_HINT	styles/vvip-visual-trust-layer.css	346
UPLOAD_STORAGE_HINT	styles/vvip-visual-trust-layer.css	359
UPLOAD_STORAGE_HINT	styles/vvip-visual-trust-layer.css	381
UPLOAD_STORAGE_HINT	styles/vvip-visual-trust-layer.css	402
UPLOAD_STORAGE_HINT	styles/vvip-visual-trust-layer.css	404
UPLOAD_STORAGE_HINT	styles/vvip-visual-trust-layer.css	411
UPLOAD_STORAGE_HINT	styles/vvip-visual-trust-layer.css	413
UPLOAD_STORAGE_HINT	styles/vvip-visual-trust-layer.css	418
UPLOAD_STORAGE_HINT	styles/vvip-visual-trust-layer.css	425
UPLOAD_STORAGE_HINT	styles/vvip-visual-trust-layer.css	438
UPLOAD_STORAGE_HINT	styles/vvip-visual-trust-layer.css	445
UPLOAD_STORAGE_HINT	styles/vvip-visual-trust-layer.css	476
UPLOAD_STORAGE_HINT	styles/vvip-visual-trust-layer.css	483
UPLOAD_STORAGE_HINT	styles/vvip-visual-trust-layer.css	506
UPLOAD_STORAGE_HINT	styles/vvip-visual-trust-layer.css	513
UPLOAD_STORAGE_HINT	styles/vvip-visual-trust-layer.css	528
UPLOAD_STORAGE_HINT	styles/vvip-visual-trust-layer.css	540
UPLOAD_STORAGE_HINT	styles/vvip-visual-trust-layer.css	551
UPLOAD_STORAGE_HINT	styles/vvip-visual-trust-layer.css	566
UPLOAD_STORAGE_HINT	styles/vvip-visual-trust-layer.css	570
UPLOAD_STORAGE_HINT	styles/vvip-visual-trust-layer.css	576
UPLOAD_STORAGE_HINT	styles/vvip-visual-trust-layer.css	578
UPLOAD_STORAGE_HINT	styles/vvip-visual-trust-layer.css	583
UPLOAD_STORAGE_HINT	styles/vvip-visual-trust-layer.css	584
UPLOAD_STORAGE_HINT	styles/vvip-visual-trust-layer.css	585
UPLOAD_STORAGE_HINT	styles/vvip-visual-trust-layer.css	588
UPLOAD_STORAGE_HINT	styles/vvip-visual-trust-layer.css	589
UPLOAD_STORAGE_HINT	styles/vvip-visual-trust-layer.css	590
UPLOAD_STORAGE_HINT	styles/vvip-visual-trust-layer.css	605
UPLOAD_STORAGE_HINT	styles/vvip-visual-trust-layer.css	610
UPLOAD_STORAGE_HINT	styles/vvip-visual-trust-layer.css	611
UPLOAD_STORAGE_HINT	styles/vvip-visual-trust-layer.css	612
UPLOAD_STORAGE_HINT	styles/vvip-visual-trust-layer.css	628
UPLOAD_STORAGE_HINT	styles/vvip-visual-trust-layer.css	629
UPLOAD_STORAGE_HINT	styles/vvip-visual-trust-layer.css	630
UPLOAD_STORAGE_HINT	styles/vvip-visual-trust-layer.css	646
UPLOAD_STORAGE_HINT	styles/vvip-visual-trust-layer.css	658
UPLOAD_STORAGE_HINT	styles/vvip-visual-trust-layer.css	663
UPLOAD_STORAGE_HINT	styles/vvip-visual-trust-layer.css	665
UPLOAD_STORAGE_HINT	styles/vvip-visual-trust-layer.css	674
UPLOAD_STORAGE_HINT	styles/vvip-visual-trust-layer.css	675
UPLOAD_STORAGE_HINT	styles/vvip-visual-trust-layer.css	685
UPLOAD_STORAGE_HINT	styles/vvip-visual-trust-layer.css	694
UPLOAD_STORAGE_HINT	styles/vvip-visual-trust-layer.css	707
UPLOAD_STORAGE_HINT	styles/vvip-visual-trust-layer.css	709
UPLOAD_STORAGE_HINT	styles/vvip-visual-trust-layer.css	720
UPLOAD_STORAGE_HINT	styles/vvip-visual-trust-layer.css	722
UPLOAD_STORAGE_HINT	styles/vvip-visual-trust-layer.css	734
UPLOAD_STORAGE_HINT	styles/vvip-visual-trust-layer.css	736
UPLOAD_STORAGE_HINT	supabase-schema.sql	38
UPLOAD_STORAGE_HINT	supabase-schema.sql	39
UPLOAD_STORAGE_HINT	supabase-schema.sql	49
UPLOAD_STORAGE_HINT	supabase-schema.sql	54
UPLOAD_STORAGE_HINT	supabase-schema.sql	57
UPLOAD_STORAGE_HINT	supabase-schema.sql	59
UPLOAD_STORAGE_HINT	supabase-schema.sql	64
UPLOAD_STORAGE_HINT	supabase-schema.sql	75
UPLOAD_STORAGE_HINT	supabase-schema.sql	77
UPLOAD_STORAGE_HINT	supabase-schema.sql	78
UPLOAD_STORAGE_HINT	supabase-schema.sql	87
UPLOAD_STORAGE_HINT	supabase-schema.sql	89
UPLOAD_STORAGE_HINT	supabase-schema.sql	90
UPLOAD_STORAGE_HINT	supabase-schema.sql	157
UPLOAD_STORAGE_HINT	supabase-schema.sql	158
UPLOAD_STORAGE_HINT	supabase-schema.sql	170
UPLOAD_STORAGE_HINT	supabase-schema.sql	171
UPLOAD_STORAGE_HINT	supabase-schema.sql	183
UPLOAD_STORAGE_HINT	supabase-schema.sql	197
UPLOAD_STORAGE_HINT	supabase-schema.sql	208
UPLOAD_STORAGE_HINT	supabase-schema.sql	214
UPLOAD_STORAGE_HINT	supabase-schema.sql	215
UPLOAD_STORAGE_HINT	supabase-schema.sql	229
UPLOAD_STORAGE_HINT	supabase-schema.sql	232
UPLOAD_STORAGE_HINT	supabase-schema.sql	233
UPLOAD_STORAGE_HINT	supabase-schema.sql	237
UPLOAD_STORAGE_HINT	supabase-schema.sql	243
UPLOAD_STORAGE_HINT	supabase-schema.sql	246
UPLOAD_STORAGE_HINT	supabase-schema.sql	250
UPLOAD_STORAGE_HINT	supabase-schema.sql	251
UPLOAD_STORAGE_HINT	supabase-schema.sql	255
UPLOAD_STORAGE_HINT	supabase-schema.sql	263
UPLOAD_STORAGE_HINT	supabase-schema.sql	278
UPLOAD_STORAGE_HINT	supabase-schema.sql	289
UPLOAD_STORAGE_HINT	supabase-schema.sql	305
UPLOAD_STORAGE_HINT	supabase-schema.sql	306
UPLOAD_STORAGE_HINT	supabase-schema.sql	399
UPLOAD_STORAGE_HINT	supabase-schema.sql	513
UPLOAD_STORAGE_HINT	supabase-schema.sql	522
UPLOAD_STORAGE_HINT	supabase-schema.sql	528
UPLOAD_STORAGE_HINT	supabase-schema.sql	537
UPLOAD_STORAGE_HINT	supabase-schema.sql	549
UPLOAD_STORAGE_HINT	supabase-schema.sql	554
UPLOAD_STORAGE_HINT	supabase-schema.sql	568
UPLOAD_STORAGE_HINT	supabase-schema.sql	578
UPLOAD_STORAGE_HINT	supabase-schema.sql	598
UPLOAD_STORAGE_HINT	supabase-schema.sql	603
UPLOAD_STORAGE_HINT	supabase-schema.sql	604
UPLOAD_STORAGE_HINT	supabase-schema.sql	609
UPLOAD_STORAGE_HINT	supabase-schema.sql	612
UPLOAD_STORAGE_HINT	supabase-schema.sql	629
UPLOAD_STORAGE_HINT	supabase-schema.sql	636
UPLOAD_STORAGE_HINT	supabase-schema.sql	642
UPLOAD_STORAGE_HINT	supabase-schema.sql	650
UPLOAD_STORAGE_HINT	supabase-schema.sql	651
UPLOAD_STORAGE_HINT	supabase-schema.sql	670
UPLOAD_STORAGE_HINT	supabase-schema.sql	678
UPLOAD_STORAGE_HINT	supabase-schema.sql	680
UPLOAD_STORAGE_HINT	supabase-schema.sql	681
UPLOAD_STORAGE_HINT	supabase-schema.sql	696
UPLOAD_STORAGE_HINT	supabase-schema.sql	698
UPLOAD_STORAGE_HINT	supabase-schema.sql	699
UPLOAD_STORAGE_HINT	supabase-schema.sql	714
UPLOAD_STORAGE_HINT	supabase-schema.sql	716
UPLOAD_STORAGE_HINT	supabase-schema.sql	719
UPLOAD_STORAGE_HINT	supabase-schema.sql	720
UPLOAD_STORAGE_HINT	supabase-schema.sql	723
UPLOAD_STORAGE_HINT	supabase-schema.sql	724
UPLOAD_STORAGE_HINT	supabase-schema.sql	734
UPLOAD_STORAGE_HINT	supabase-schema.sql	748
UPLOAD_STORAGE_HINT	supabase-schema.sql	754
UPLOAD_STORAGE_HINT	supabase-schema.sql	759
UPLOAD_STORAGE_HINT	supabase-schema.sql	760
UPLOAD_STORAGE_HINT	supabase-schema.sql	765
UPLOAD_STORAGE_HINT	supabase-schema.sql	770
UPLOAD_STORAGE_HINT	supabase-schema.sql	771
UPLOAD_STORAGE_HINT	supabase-schema.sql	775
UPLOAD_STORAGE_HINT	supabase-schema.sql	776
UPLOAD_STORAGE_HINT	supabase-schema.sql	779
UPLOAD_STORAGE_HINT	supabase-schema.sql	785
UPLOAD_STORAGE_HINT	supabase-schema.sql	795
UPLOAD_STORAGE_HINT	supabase-schema.sql	808
UPLOAD_STORAGE_HINT	supabase-schema.sql	814
UPLOAD_STORAGE_HINT	supabase-schema.sql	827
UPLOAD_STORAGE_HINT	supabase-schema.sql	837
UPLOAD_STORAGE_HINT	supabase-schema.sql	844
UPLOAD_STORAGE_HINT	supabase-schema.sql	854
UPLOAD_STORAGE_HINT	supabase-schema.sql	861
UPLOAD_STORAGE_HINT	supabase-schema.sql	871
UPLOAD_STORAGE_HINT	supabase-schema.sql	877
UPLOAD_STORAGE_HINT	supabase-schema.sql	884
UPLOAD_STORAGE_HINT	supabase-schema.sql	889
UPLOAD_STORAGE_HINT	supabase-schema.sql	896
UPLOAD_STORAGE_HINT	supabase-schema.sql	901
UPLOAD_STORAGE_HINT	supabase-schema.sql	902
UPLOAD_STORAGE_HINT	supabase/migrations/20260702_feed_posts_table.sql	7
UPLOAD_STORAGE_HINT	supabase/migrations/20260707_vvip_tiger_auth_profile_bridge.sql	1
UPLOAD_STORAGE_HINT	supabase/migrations/20260707_vvip_tiger_auth_profile_bridge.sql	2
UPLOAD_STORAGE_HINT	supabase/migrations/20260707_vvip_tiger_auth_profile_bridge.sql	4
UPLOAD_STORAGE_HINT	supabase/migrations/20260707_vvip_tiger_auth_profile_bridge.sql	5
UPLOAD_STORAGE_HINT	supabase/migrations/20260707_vvip_tiger_auth_profile_bridge.sql	6
UPLOAD_STORAGE_HINT	supabase/migrations/20260707_vvip_tiger_auth_profile_bridge.sql	7
UPLOAD_STORAGE_HINT	supabase/migrations/20260707_vvip_tiger_auth_profile_bridge.sql	8
UPLOAD_STORAGE_HINT	supabase/migrations/20260707_vvip_tiger_auth_profile_bridge.sql	9
UPLOAD_STORAGE_HINT	supabase/migrations/20260707_vvip_tiger_auth_profile_bridge.sql	10
UPLOAD_STORAGE_HINT	supabase/migrations/20260707_vvip_tiger_auth_profile_bridge.sql	11
UPLOAD_STORAGE_HINT	supabase/migrations/20260707_vvip_tiger_auth_profile_bridge.sql	13
UPLOAD_STORAGE_HINT	supabase/migrations/20260707_vvip_tiger_auth_profile_bridge.sql	14
UPLOAD_STORAGE_HINT	supabase/migrations/20260707_vvip_tiger_auth_profile_bridge.sql	17
UPLOAD_STORAGE_HINT	supabase/migrations/20260707_vvip_tiger_auth_profile_bridge.sql	18
UPLOAD_STORAGE_HINT	supabase/migrations/20260707_vvip_tiger_auth_profile_bridge.sql	20
UPLOAD_STORAGE_HINT	supabase/migrations/20260707_vvip_tiger_auth_profile_bridge.sql	21
UPLOAD_STORAGE_HINT	supabase/migrations/20260707_vvip_tiger_auth_profile_bridge.sql	28
UPLOAD_STORAGE_HINT	supabase/migrations/20260707_vvip_tiger_auth_profile_bridge.sql	29
UPLOAD_STORAGE_HINT	supabase/migrations/20260707_vvip_tiger_auth_profile_bridge.sql	31
UPLOAD_STORAGE_HINT	supabase/migrations/20260707_vvip_tiger_auth_profile_bridge.sql	32
UPLOAD_STORAGE_HINT	supabase/migrations/20260707_vvip_tiger_auth_profile_bridge.sql	47
UPLOAD_STORAGE_HINT	supabase/migrations/20260707_vvip_tiger_auth_profile_bridge.sql	49
UPLOAD_STORAGE_HINT	supabase/migrations/20260707_vvip_tiger_auth_profile_bridge.sql	50
UPLOAD_STORAGE_HINT	supabase/migrations/20260707_vvip_tiger_auth_profile_bridge.sql	54
UPLOAD_STORAGE_HINT	supabase/migrations/20260707_vvip_tiger_auth_profile_bridge.sql	55
UPLOAD_STORAGE_HINT	supabase/migrations/20260707_vvip_tiger_auth_profile_bridge.sql	56
UPLOAD_STORAGE_HINT	supabase/migrations/20260707_vvip_tiger_auth_profile_bridge.sql	57
UPLOAD_STORAGE_HINT	supabase/migrations/20260707_vvip_tiger_clerk_profiles_table.sql	1
UPLOAD_STORAGE_HINT	supabase/migrations/20260707_vvip_tiger_clerk_profiles_table.sql	3
UPLOAD_STORAGE_HINT	supabase/migrations/20260707_vvip_tiger_clerk_profiles_table.sql	7
UPLOAD_STORAGE_HINT	supabase/migrations/20260707_vvip_tiger_clerk_profiles_table.sql	11
UPLOAD_STORAGE_HINT	supabase/migrations/20260707_vvip_tiger_clerk_profiles_table.sql	17
UPLOAD_STORAGE_HINT	supabase/migrations/20260707_vvip_tiger_clerk_profiles_table.sql	21
UPLOAD_STORAGE_HINT	supabase/migrations/20260707_vvip_tiger_clerk_profiles_table.sql	22
UPLOAD_STORAGE_HINT	supabase/migrations/20260707_vvip_tiger_clerk_profiles_table.sql	24
UPLOAD_STORAGE_HINT	supabase/migrations/20260707_vvip_tiger_clerk_profiles_table.sql	25
UPLOAD_STORAGE_HINT	supabase/migrations/20260707_vvip_tiger_clerk_profiles_table.sql	27
UPLOAD_STORAGE_HINT	supabase/migrations/20260707_vvip_tiger_clerk_profiles_table.sql	29
UPLOAD_STORAGE_HINT	supabase/migrations/20260707_vvip_tiger_clerk_profiles_table.sql	30
UPLOAD_STORAGE_HINT	supabase/migrations/20260707_vvip_tiger_clerk_profiles_table.sql	32
UPLOAD_STORAGE_HINT	supabase/migrations/20260707_vvip_tiger_clerk_profiles_table.sql	33
UPLOAD_STORAGE_HINT	supabase/migrations/20260707_vvip_tiger_clerk_profiles_table.sql	37
UPLOAD_STORAGE_HINT	supabase/migrations/20260707_vvip_tiger_clerk_profiles_table.sql	38
UPLOAD_STORAGE_HINT	supabase/migrations/20260707_vvip_tiger_clerk_profiles_table.sql	40
UPLOAD_STORAGE_HINT	supabase/migrations/20260707_vvip_tiger_clerk_profiles_table.sql	41
UPLOAD_STORAGE_HINT	supabase/migrations/20260707_vvip_tiger_clerk_profiles_table.sql	45
UPLOAD_STORAGE_HINT	supabase/migrations/20260707_vvip_tiger_clerk_profiles_table.sql	46
UPLOAD_STORAGE_HINT	supabase/migrations/20260707_vvip_tiger_clerk_profiles_table.sql	48
UPLOAD_STORAGE_HINT	supabase/migrations/20260707_vvip_tiger_clerk_profiles_table.sql	49
UPLOAD_STORAGE_HINT	supabase/migrations/20260709_vvip_tiger_atomic_profile_resolver_rpc.sql	1
UPLOAD_STORAGE_HINT	supabase/migrations/20260709_vvip_tiger_atomic_profile_resolver_rpc.sql	3
UPLOAD_STORAGE_HINT	supabase/migrations/20260709_vvip_tiger_atomic_profile_resolver_rpc.sql	6
UPLOAD_STORAGE_HINT	supabase/migrations/20260709_vvip_tiger_atomic_profile_resolver_rpc.sql	17
UPLOAD_STORAGE_HINT	supabase/migrations/20260709_vvip_tiger_atomic_profile_resolver_rpc.sql	20
UPLOAD_STORAGE_HINT	supabase/migrations/20260709_vvip_tiger_atomic_profile_resolver_rpc.sql	21
UPLOAD_STORAGE_HINT	supabase/migrations/20260709_vvip_tiger_atomic_profile_resolver_rpc.sql	23
UPLOAD_STORAGE_HINT	supabase/migrations/20260709_vvip_tiger_atomic_profile_resolver_rpc.sql	24
UPLOAD_STORAGE_HINT	supabase/migrations/20260709_vvip_tiger_atomic_profile_resolver_rpc.sql	25
UPLOAD_STORAGE_HINT	supabase/migrations/20260709_vvip_tiger_atomic_profile_resolver_rpc.sql	26
UPLOAD_STORAGE_HINT	supabase/migrations/20260709_vvip_tiger_atomic_profile_resolver_rpc.sql	27
UPLOAD_STORAGE_HINT	supabase/migrations/20260709_vvip_tiger_atomic_profile_resolver_rpc.sql	28
UPLOAD_STORAGE_HINT	supabase/migrations/20260709_vvip_tiger_atomic_profile_resolver_rpc.sql	30
UPLOAD_STORAGE_HINT	supabase/migrations/20260709_vvip_tiger_atomic_profile_resolver_rpc.sql	31
UPLOAD_STORAGE_HINT	supabase/migrations/20260709_vvip_tiger_atomic_profile_resolver_rpc.sql	38
UPLOAD_STORAGE_HINT	supabase/migrations/20260709_vvip_tiger_atomic_profile_resolver_rpc.sql	39
UPLOAD_STORAGE_HINT	supabase/migrations/20260709_vvip_tiger_atomic_profile_resolver_rpc.sql	46
UPLOAD_STORAGE_HINT	supabase/migrations/20260709_vvip_tiger_atomic_profile_resolver_rpc.sql	47
UPLOAD_STORAGE_HINT	supabase/migrations/20260709_vvip_tiger_atomic_profile_resolver_rpc.sql	57
UPLOAD_STORAGE_HINT	supabase/migrations/20260709_vvip_tiger_atomic_profile_resolver_rpc.sql	74
UPLOAD_STORAGE_HINT	supabase/migrations/20260709_vvip_tiger_atomic_profile_resolver_rpc.sql	94
UPLOAD_STORAGE_HINT	supabase/migrations/20260709_vvip_tiger_atomic_profile_resolver_rpc.sql	95
UPLOAD_STORAGE_HINT	supabase/migrations/20260709_vvip_tiger_atomic_profile_resolver_rpc.sql	102
UPLOAD_STORAGE_HINT	supabase/migrations/20260709_vvip_tiger_atomic_profile_resolver_rpc.sql	103
UPLOAD_STORAGE_HINT	supabase/migrations/20260709_vvip_tiger_atomic_profile_resolver_rpc.sql	108
UPLOAD_STORAGE_HINT	supabase/migrations/20260709_vvip_tiger_atomic_profile_resolver_rpc.sql	119
UPLOAD_STORAGE_HINT	supabase/migrations/20260709_vvip_tiger_atomic_profile_resolver_rpc.sql	124
UPLOAD_STORAGE_HINT	supabase/migrations/20260709_vvip_tiger_atomic_profile_resolver_rpc.sql	125
UPLOAD_STORAGE_HINT	supabase/migrations/20260709_vvip_tiger_atomic_profile_resolver_rpc.sql	139
UPLOAD_STORAGE_HINT	supabase/migrations/20260709_vvip_tiger_atomic_profile_resolver_rpc.sql	158
UPLOAD_STORAGE_HINT	supabase/migrations/20260709_vvip_tiger_atomic_profile_resolver_rpc.sql	162
UPLOAD_STORAGE_HINT	supabase/migrations/20260709_vvip_tiger_atomic_profile_resolver_rpc.sql	163
UPLOAD_STORAGE_HINT	supabase/migrations/20260709_vvip_tiger_atomic_profile_resolver_rpc.sql	169
UPLOAD_STORAGE_HINT	supabase/migrations/20260709_vvip_tiger_atomic_profile_resolver_rpc.sql	170
UPLOAD_STORAGE_HINT	supabase/migrations/20260709_vvip_tiger_atomic_profile_resolver_rpc.sql	177
UPLOAD_STORAGE_HINT	supabase/migrations/20260709_vvip_tiger_atomic_profile_resolver_rpc.sql	178
UPLOAD_STORAGE_HINT	supabase/migrations/20260709_vvip_tiger_atomic_profile_resolver_rpc.sql	184
UPLOAD_STORAGE_HINT	supabase/migrations/20260709_vvip_tiger_atomic_profile_resolver_rpc.sql	191
UPLOAD_STORAGE_HINT	supabase/migrations/20260709_vvip_tiger_atomic_profile_resolver_rpc.sql	192
UPLOAD_STORAGE_HINT	supabase/migrations/20260709_vvip_tiger_atomic_profile_resolver_rpc.sql	193
UPLOAD_STORAGE_HINT	supabase/migrations/20260709_vvip_tiger_profiles_clerk_jwt_rls_bridge.sql	2
UPLOAD_STORAGE_HINT	supabase/migrations/20260709_vvip_tiger_profiles_clerk_jwt_rls_bridge.sql	7
UPLOAD_STORAGE_HINT	supabase/migrations/20260709_vvip_tiger_profiles_clerk_jwt_rls_bridge.sql	9
UPLOAD_STORAGE_HINT	supabase/migrations/20260709_vvip_tiger_profiles_clerk_jwt_rls_bridge.sql	10
UPLOAD_STORAGE_HINT	supabase/migrations/20260709_vvip_tiger_profiles_clerk_jwt_rls_bridge.sql	11
UPLOAD_STORAGE_HINT	supabase/migrations/20260709_vvip_tiger_profiles_clerk_jwt_rls_bridge.sql	13
UPLOAD_STORAGE_HINT	supabase/migrations/20260709_vvip_tiger_profiles_clerk_jwt_rls_bridge.sql	14
UPLOAD_STORAGE_HINT	supabase/migrations/20260709_vvip_tiger_profiles_clerk_jwt_rls_bridge.sql	19
UPLOAD_STORAGE_HINT	supabase/migrations/20260709_vvip_tiger_profiles_clerk_jwt_rls_bridge.sql	20
UPLOAD_STORAGE_HINT	supabase/migrations/20260709_vvip_tiger_profiles_clerk_jwt_rls_bridge.sql	25
UPLOAD_STORAGE_HINT	supabase/migrations/20260709_vvip_tiger_profiles_clerk_jwt_rls_bridge.sql	26
UPLOAD_STORAGE_HINT	sw.js	6
UPLOAD_STORAGE_HINT	sw.js	7
UPLOAD_STORAGE_HINT	sw.js	8
UPLOAD_STORAGE_HINT	vvip-identity.css	3
UPLOAD_STORAGE_HINT	vvip-identity.css	72
UPLOAD_STORAGE_HINT	vvip-identity.css	85
UPLOAD_STORAGE_HINT	vvip-identity.css	114
UPLOAD_STORAGE_HINT	vvip-identity.css	115
UPLOAD_STORAGE_HINT	vvip-identity.css	116
UPLOAD_STORAGE_HINT	vvip-identity.css	117
UPLOAD_STORAGE_HINT	vvip-identity.css	118
UPLOAD_STORAGE_HINT	vvip-identity.css	138
UPLOAD_STORAGE_HINT	vvip-identity.css	139
UPLOAD_STORAGE_HINT	vvip-identity.css	140
UPLOAD_STORAGE_HINT	vvip-identity.css	308
UPLOAD_STORAGE_HINT	vvip-identity.css	328
UPLOAD_STORAGE_HINT	vvip-identity.css	334
UPLOAD_STORAGE_HINT	vvip-identity.css	335
UPLOAD_STORAGE_HINT	vvip-identity.css	339
UPLOAD_STORAGE_HINT	vvip-identity.css	340
UPLOAD_STORAGE_HINT	vvip-identity.css	341
UPLOAD_STORAGE_HINT	vvip-identity.css	342
UPLOAD_STORAGE_HINT	vvip-identity.css	356
UPLOAD_STORAGE_HINT	vvip-identity.css	357
UPLOAD_STORAGE_HINT	vvip-identity.css	364
UPLOAD_STORAGE_HINT	vvip-identity.css	370
UPLOAD_STORAGE_HINT	vvip-identity.css	371
UPLOAD_STORAGE_HINT	vvip-identity.css	388
UPLOAD_STORAGE_HINT	vvip-identity.css	389
UPLOAD_STORAGE_HINT	vvip-identity.css	401
UPLOAD_STORAGE_HINT	vvip-identity.css	410
UPLOAD_STORAGE_HINT	vvip-identity.css	418
UPLOAD_STORAGE_HINT	vvip-identity.css	422
UPLOAD_STORAGE_HINT	vvip-identity.css	432
UPLOAD_STORAGE_HINT	vvip-identity.css	464
NAVIGATION_AUTH_HINT	.vscode/launch.json	35
NAVIGATION_AUTH_HINT	.vscode/launch.json	42
NAVIGATION_AUTH_HINT	.vscode/launch.json	49
NAVIGATION_AUTH_HINT	20260708_vvip_tiger_profiles_remove_legacy_auth_uid_policies.sql	1
NAVIGATION_AUTH_HINT	20260708_vvip_tiger_profiles_remove_legacy_auth_uid_policies.sql	4
NAVIGATION_AUTH_HINT	20260708_vvip_tiger_profiles_remove_legacy_auth_uid_policies.sql	5
NAVIGATION_AUTH_HINT	20260708_vvip_tiger_profiles_remove_legacy_auth_uid_policies.sql	10
NAVIGATION_AUTH_HINT	20260708_vvip_tiger_profiles_remove_legacy_auth_uid_policies.sql	11
NAVIGATION_AUTH_HINT	20260708_vvip_tiger_profiles_remove_legacy_auth_uid_policies.sql	12
NAVIGATION_AUTH_HINT	20260708_vvip_tiger_profiles_remove_legacy_auth_uid_policies.sql	13
NAVIGATION_AUTH_HINT	20260708_vvip_tiger_profiles_remove_legacy_auth_uid_policies.sql	14
NAVIGATION_AUTH_HINT	20260708_vvip_tiger_profiles_remove_legacy_auth_uid_policies.sql	15
NAVIGATION_AUTH_HINT	20260708_vvip_tiger_profiles_remove_legacy_auth_uid_policies.sql	16
NAVIGATION_AUTH_HINT	20260708_vvip_tiger_profiles_remove_legacy_auth_uid_policies.sql	17
NAVIGATION_AUTH_HINT	20260708_vvip_tiger_profiles_remove_legacy_auth_uid_policies.sql	20
NAVIGATION_AUTH_HINT	20260708_vvip_tiger_profiles_remove_legacy_auth_uid_policies.sql	21
NAVIGATION_AUTH_HINT	20260708_vvip_tiger_profiles_remove_legacy_auth_uid_policies.sql	22
NAVIGATION_AUTH_HINT	20260708_vvip_tiger_profiles_remove_legacy_auth_uid_policies.sql	24
NAVIGATION_AUTH_HINT	20260708_vvip_tiger_profiles_remove_legacy_auth_uid_policies.sql	25
NAVIGATION_AUTH_HINT	20260708_vvip_tiger_profiles_remove_legacy_auth_uid_policies.sql	26
NAVIGATION_AUTH_HINT	20260708_vvip_tiger_public_profiles_clerk_runtime_fix.sql	1
NAVIGATION_AUTH_HINT	20260708_vvip_tiger_public_profiles_clerk_runtime_fix.sql	2
NAVIGATION_AUTH_HINT	20260708_vvip_tiger_public_profiles_clerk_runtime_fix.sql	4
NAVIGATION_AUTH_HINT	20260708_vvip_tiger_public_profiles_clerk_runtime_fix.sql	6
NAVIGATION_AUTH_HINT	20260708_vvip_tiger_public_profiles_clerk_runtime_fix.sql	13
NAVIGATION_AUTH_HINT	20260708_vvip_tiger_public_profiles_clerk_runtime_fix.sql	16
NAVIGATION_AUTH_HINT	20260708_vvip_tiger_public_profiles_clerk_runtime_fix.sql	17
NAVIGATION_AUTH_HINT	20260708_vvip_tiger_public_profiles_clerk_runtime_fix.sql	19
NAVIGATION_AUTH_HINT	20260708_vvip_tiger_public_profiles_clerk_runtime_fix.sql	20
NAVIGATION_AUTH_HINT	20260708_vvip_tiger_public_profiles_clerk_runtime_fix.sql	21
NAVIGATION_AUTH_HINT	20260708_vvip_tiger_public_profiles_clerk_runtime_fix.sql	22
NAVIGATION_AUTH_HINT	20260708_vvip_tiger_public_profiles_clerk_runtime_fix.sql	23
NAVIGATION_AUTH_HINT	20260708_vvip_tiger_public_profiles_clerk_runtime_fix.sql	24
NAVIGATION_AUTH_HINT	20260708_vvip_tiger_public_profiles_clerk_runtime_fix.sql	25
NAVIGATION_AUTH_HINT	20260708_vvip_tiger_public_profiles_clerk_runtime_fix.sql	28
NAVIGATION_AUTH_HINT	20260708_vvip_tiger_public_profiles_clerk_runtime_fix.sql	29
NAVIGATION_AUTH_HINT	20260708_vvip_tiger_public_profiles_clerk_runtime_fix.sql	30
NAVIGATION_AUTH_HINT	20260708_vvip_tiger_public_profiles_clerk_runtime_fix.sql	32
NAVIGATION_AUTH_HINT	20260708_vvip_tiger_public_profiles_clerk_runtime_fix.sql	40
NAVIGATION_AUTH_HINT	20260708_vvip_tiger_public_profiles_clerk_runtime_fix.sql	41
NAVIGATION_AUTH_HINT	20260708_vvip_tiger_public_profiles_clerk_runtime_fix.sql	44
NAVIGATION_AUTH_HINT	20260708_vvip_tiger_public_profiles_clerk_runtime_fix.sql	45
NAVIGATION_AUTH_HINT	20260708_vvip_tiger_public_profiles_clerk_runtime_fix.sql	58
NAVIGATION_AUTH_HINT	20260708_vvip_tiger_public_profiles_clerk_runtime_fix.sql	59
NAVIGATION_AUTH_HINT	20260708_vvip_tiger_public_profiles_clerk_runtime_fix.sql	62
NAVIGATION_AUTH_HINT	20260708_vvip_tiger_public_profiles_clerk_runtime_fix.sql	63
NAVIGATION_AUTH_HINT	20260708_vvip_tiger_public_profiles_clerk_runtime_fix.sql	76
NAVIGATION_AUTH_HINT	20260708_vvip_tiger_public_profiles_clerk_runtime_fix.sql	77
NAVIGATION_AUTH_HINT	20260708_vvip_tiger_public_profiles_clerk_runtime_fix.sql	80
NAVIGATION_AUTH_HINT	20260708_vvip_tiger_public_profiles_clerk_runtime_fix.sql	81
NAVIGATION_AUTH_HINT	20260708_vvip_tiger_public_profiles_clerk_runtime_fix.sql	90
NAVIGATION_AUTH_HINT	20260708_vvip_tiger_public_profiles_clerk_runtime_fix.sql	91
NAVIGATION_AUTH_HINT	20260708_vvip_tiger_public_profiles_clerk_runtime_fix.sql	92
NAVIGATION_AUTH_HINT	ADMIN-ROLE-SPEC.md	36
NAVIGATION_AUTH_HINT	ADMIN-ROLE-SPEC.md	63
NAVIGATION_AUTH_HINT	ADMIN-ROLE-SPEC.md	71
NAVIGATION_AUTH_HINT	ADMIN-ROLE-SPEC.md	75
NAVIGATION_AUTH_HINT	ADMIN-ROLE-SPEC.md	76
NAVIGATION_AUTH_HINT	ADMIN-ROLE-SPEC.md	83
NAVIGATION_AUTH_HINT	ADMIN-ROLE-SPEC.md	84
NAVIGATION_AUTH_HINT	ADMIN-ROLE-SPEC.md	92
NAVIGATION_AUTH_HINT	ADMIN-ROLE-SPEC.md	93
NAVIGATION_AUTH_HINT	ADMIN-ROLE-SPEC.md	98
NAVIGATION_AUTH_HINT	ADMIN-ROLE-SPEC.md	99
NAVIGATION_AUTH_HINT	ADMIN-ROLE-SPEC.md	100
NAVIGATION_AUTH_HINT	ADMIN-ROLE-SPEC.md	107
NAVIGATION_AUTH_HINT	ADMIN-ROLE-SPEC.md	108
NAVIGATION_AUTH_HINT	ADMIN-ROLE-SPEC.md	113
NAVIGATION_AUTH_HINT	ADMIN-ROLE-SPEC.md	114
NAVIGATION_AUTH_HINT	ADMIN-ROLE-SPEC.md	115
NAVIGATION_AUTH_HINT	ADMIN-ROLE-SPEC.md	121
NAVIGATION_AUTH_HINT	ADMIN-ROLE-SPEC.md	122
NAVIGATION_AUTH_HINT	ADMIN-ROLE-SPEC.md	123
NAVIGATION_AUTH_HINT	ADMIN-ROLE-SPEC.md	130
NAVIGATION_AUTH_HINT	ADMIN-ROLE-SPEC.md	131
NAVIGATION_AUTH_HINT	ADMIN-ROLE-SPEC.md	136
NAVIGATION_AUTH_HINT	ADMIN-ROLE-SPEC.md	137
NAVIGATION_AUTH_HINT	ADMIN-ROLE-SPEC.md	138
NAVIGATION_AUTH_HINT	ADMIN-ROLE-SPEC.md	150
NAVIGATION_AUTH_HINT	ADMIN-ROLE-SPEC.md	154
NAVIGATION_AUTH_HINT	ADMIN-ROLE-SPEC.md	156
NAVIGATION_AUTH_HINT	ADMIN-ROLE-SPEC.md	162
NAVIGATION_AUTH_HINT	ADMIN-ROLE-SPEC.md	165
NAVIGATION_AUTH_HINT	ADMIN-ROLE-SPEC.md	168
NAVIGATION_AUTH_HINT	ADMIN-ROLE-SPEC.md	171
NAVIGATION_AUTH_HINT	ADMIN-ROLE-SPEC.md	185
NAVIGATION_AUTH_HINT	ADMIN-ROLE-SPEC.md	186
NAVIGATION_AUTH_HINT	ADMIN-ROLE-SPEC.md	190
NAVIGATION_AUTH_HINT	ADMIN-ROLE-SPEC.md	196
NAVIGATION_AUTH_HINT	ADMIN-ROLE-SPEC.md	197
NAVIGATION_AUTH_HINT	ADMIN-ROLE-SPEC.md	198
NAVIGATION_AUTH_HINT	ADMIN-ROLE-SPEC.md	199
NAVIGATION_AUTH_HINT	ADMIN-ROLE-SPEC.md	200
NAVIGATION_AUTH_HINT	ADMIN-ROLE-SPEC.md	211
NAVIGATION_AUTH_HINT	ADMIN-ROLE-SPEC.md	221
NAVIGATION_AUTH_HINT	ADMIN-ROLE-SPEC.md	224
NAVIGATION_AUTH_HINT	ADMIN-ROLE-SPEC.md	225
NAVIGATION_AUTH_HINT	ADMIN-ROLE-SPEC.md	226
NAVIGATION_AUTH_HINT	ADMIN-ROLE-SPEC.md	227
NAVIGATION_AUTH_HINT	ADMIN-ROLE-SPEC.md	231
NAVIGATION_AUTH_HINT	ADMIN-ROLE-SPEC.md	232
NAVIGATION_AUTH_HINT	ADMIN-ROLE-SPEC.md	236
NAVIGATION_AUTH_HINT	ADMIN-ROLE-SPEC.md	262
NAVIGATION_AUTH_HINT	ADMIN-ROLE-SPEC.md	263
NAVIGATION_AUTH_HINT	ADMIN-ROLE-SPEC.md	327
NAVIGATION_AUTH_HINT	ADMIN-SETUP.sql	17
NAVIGATION_AUTH_HINT	ADMIN-SETUP.sql	20
NAVIGATION_AUTH_HINT	ADMIN-SETUP.sql	64
NAVIGATION_AUTH_HINT	ADMIN-SETUP.sql	68
NAVIGATION_AUTH_HINT	ADMIN-SETUP.sql	69
NAVIGATION_AUTH_HINT	AGENTS.md	22
NAVIGATION_AUTH_HINT	AGENTS.md	23
NAVIGATION_AUTH_HINT	AGENTS.md	24
NAVIGATION_AUTH_HINT	AGENTS.md	32
NAVIGATION_AUTH_HINT	AGENTS.md	51
NAVIGATION_AUTH_HINT	AGENTS.md	74
NAVIGATION_AUTH_HINT	DOCUMENTATION-INDEX.md	14
NAVIGATION_AUTH_HINT	DOCUMENTATION-INDEX.md	15
NAVIGATION_AUTH_HINT	DOCUMENTATION-INDEX.md	17
NAVIGATION_AUTH_HINT	EMAIL-VERIFICATION-SETUP.md	22
NAVIGATION_AUTH_HINT	EMAIL-VERIFICATION-SETUP.md	27
NAVIGATION_AUTH_HINT	EMAIL-VERIFICATION-SETUP.md	33
NAVIGATION_AUTH_HINT	EMAIL-VERIFICATION-SETUP.md	144
NAVIGATION_AUTH_HINT	EMAIL-VERIFICATION-SETUP.md	151
NAVIGATION_AUTH_HINT	EMAIL-VERIFICATION-SETUP.md	152
NAVIGATION_AUTH_HINT	EMAIL-VERIFICATION-SETUP.md	153
NAVIGATION_AUTH_HINT	EMAIL-VERIFICATION-SETUP.md	160
NAVIGATION_AUTH_HINT	EMAIL-VERIFICATION-SETUP.md	163
NAVIGATION_AUTH_HINT	EMAIL-VERIFICATION-SETUP.md	164
NAVIGATION_AUTH_HINT	EMAIL-VERIFICATION-SETUP.md	193
NAVIGATION_AUTH_HINT	EMAIL-VERIFICATION-SETUP.md	199
NAVIGATION_AUTH_HINT	EMAIL-VERIFICATION-SETUP.md	200
NAVIGATION_AUTH_HINT	EMAIL-VERIFICATION-SETUP.md	214
NAVIGATION_AUTH_HINT	EMAIL-VERIFICATION-SETUP.md	238
NAVIGATION_AUTH_HINT	EMAIL-VERIFICATION-SETUP.md	241
NAVIGATION_AUTH_HINT	FEATURE-VERIFICATION.md	112
NAVIGATION_AUTH_HINT	FEATURE-VERIFICATION.md	132
NAVIGATION_AUTH_HINT	FEATURE-VERIFICATION.md	155
NAVIGATION_AUTH_HINT	FEATURES-COMPLETE.md	88
NAVIGATION_AUTH_HINT	FEATURES-COMPLETE.md	89
NAVIGATION_AUTH_HINT	FEATURES-COMPLETE.md	90
NAVIGATION_AUTH_HINT	FEATURES-COMPLETE.md	91
NAVIGATION_AUTH_HINT	FEATURES-COMPLETE.md	92
NAVIGATION_AUTH_HINT	FEATURES-COMPLETE.md	248
NAVIGATION_AUTH_HINT	FIREBASE-EMAIL-SETUP.md	49
NAVIGATION_AUTH_HINT	IMPLEMENTATION_CHECKLIST.md	71
NAVIGATION_AUTH_HINT	IMPLEMENTATION_CHECKLIST.md	72
NAVIGATION_AUTH_HINT	IMPLEMENTATION_CHECKLIST.md	74
NAVIGATION_AUTH_HINT	IMPLEMENTATION_CHECKLIST.md	81
NAVIGATION_AUTH_HINT	IMPLEMENTATION_CHECKLIST.md	105
NAVIGATION_AUTH_HINT	IMPLEMENTATION_CHECKLIST.md	108
NAVIGATION_AUTH_HINT	IMPLEMENTATION_CHECKLIST.md	109
NAVIGATION_AUTH_HINT	IMPLEMENTATION_CHECKLIST.md	118
NAVIGATION_AUTH_HINT	IMPLEMENTATION_CHECKLIST.md	136
NAVIGATION_AUTH_HINT	IMPLEMENTATION_CHECKLIST.md	273
NAVIGATION_AUTH_HINT	IMPLEMENTATION_CHECKLIST.md	274
NAVIGATION_AUTH_HINT	IMPLEMENTATION_CHECKLIST.md	304
NAVIGATION_AUTH_HINT	IMPLEMENTATION_CHECKLIST.md	305
NAVIGATION_AUTH_HINT	IMPLEMENTATION_CHECKLIST.md	306
NAVIGATION_AUTH_HINT	IMPLEMENTATION_CHECKLIST.md	307
NAVIGATION_AUTH_HINT	IMPLEMENTATION_CHECKLIST.md	328
NAVIGATION_AUTH_HINT	PRODUCT-REQUIREMENTS-ADDENDUM.md	25
NAVIGATION_AUTH_HINT	PRODUCT-REQUIREMENTS-ADDENDUM.md	27
NAVIGATION_AUTH_HINT	PRODUCT-REQUIREMENTS-ADDENDUM.md	82
NAVIGATION_AUTH_HINT	PROJECT-SUMMARY.md	55
NAVIGATION_AUTH_HINT	PROJECT-SUMMARY.md	56
NAVIGATION_AUTH_HINT	README.md	3
NAVIGATION_AUTH_HINT	README.md	10
NAVIGATION_AUTH_HINT	README.md	11
NAVIGATION_AUTH_HINT	README.md	13
NAVIGATION_AUTH_HINT	RLS-EMAIL-VERIFICATION-POLICIES.sql	6
NAVIGATION_AUTH_HINT	RLS-EMAIL-VERIFICATION-POLICIES.sql	7
NAVIGATION_AUTH_HINT	RLS-EMAIL-VERIFICATION-POLICIES.sql	10
NAVIGATION_AUTH_HINT	RLS-EMAIL-VERIFICATION-POLICIES.sql	12
NAVIGATION_AUTH_HINT	RLS-EMAIL-VERIFICATION-POLICIES.sql	13
NAVIGATION_AUTH_HINT	RLS-EMAIL-VERIFICATION-POLICIES.sql	18
NAVIGATION_AUTH_HINT	RLS-EMAIL-VERIFICATION-POLICIES.sql	20
NAVIGATION_AUTH_HINT	RLS-EMAIL-VERIFICATION-POLICIES.sql	21
NAVIGATION_AUTH_HINT	RLS-EMAIL-VERIFICATION-POLICIES.sql	27
NAVIGATION_AUTH_HINT	RLS-EMAIL-VERIFICATION-POLICIES.sql	29
NAVIGATION_AUTH_HINT	RLS-EMAIL-VERIFICATION-POLICIES.sql	30
NAVIGATION_AUTH_HINT	RLS-EMAIL-VERIFICATION-POLICIES.sql	35
NAVIGATION_AUTH_HINT	RLS-EMAIL-VERIFICATION-POLICIES.sql	37
NAVIGATION_AUTH_HINT	RLS-EMAIL-VERIFICATION-POLICIES.sql	38
NAVIGATION_AUTH_HINT	RLS-EMAIL-VERIFICATION-POLICIES.sql	47
NAVIGATION_AUTH_HINT	RLS-EMAIL-VERIFICATION-POLICIES.sql	49
NAVIGATION_AUTH_HINT	RLS-EMAIL-VERIFICATION-POLICIES.sql	50
NAVIGATION_AUTH_HINT	RLS-EMAIL-VERIFICATION-POLICIES.sql	59
NAVIGATION_AUTH_HINT	RLS-EMAIL-VERIFICATION-POLICIES.sql	61
NAVIGATION_AUTH_HINT	RLS-EMAIL-VERIFICATION-POLICIES.sql	62
NAVIGATION_AUTH_HINT	RLS-EMAIL-VERIFICATION-POLICIES.sql	71
NAVIGATION_AUTH_HINT	RLS-EMAIL-VERIFICATION-POLICIES.sql	73
NAVIGATION_AUTH_HINT	RLS-EMAIL-VERIFICATION-POLICIES.sql	75
NAVIGATION_AUTH_HINT	RLS-EMAIL-VERIFICATION-POLICIES.sql	83
NAVIGATION_AUTH_HINT	RLS-EMAIL-VERIFICATION-POLICIES.sql	84
NAVIGATION_AUTH_HINT	RLS-EMAIL-VERIFICATION-POLICIES.sql	86
NAVIGATION_AUTH_HINT	RLS-EMAIL-VERIFICATION-POLICIES.sql	87
NAVIGATION_AUTH_HINT	RLS-EMAIL-VERIFICATION-POLICIES.sql	95
NAVIGATION_AUTH_HINT	RLS-EMAIL-VERIFICATION-POLICIES.sql	134
NAVIGATION_AUTH_HINT	RLS-IMPLEMENTATION-GUIDE.md	11
NAVIGATION_AUTH_HINT	RLS-IMPLEMENTATION-GUIDE.md	44
NAVIGATION_AUTH_HINT	RLS-IMPLEMENTATION-GUIDE.md	50
NAVIGATION_AUTH_HINT	RLS-IMPLEMENTATION-GUIDE.md	51
NAVIGATION_AUTH_HINT	RLS-IMPLEMENTATION-GUIDE.md	52
NAVIGATION_AUTH_HINT	RLS-IMPLEMENTATION-GUIDE.md	53
NAVIGATION_AUTH_HINT	RLS-IMPLEMENTATION-GUIDE.md	54
NAVIGATION_AUTH_HINT	RLS-IMPLEMENTATION-GUIDE.md	65
NAVIGATION_AUTH_HINT	RLS-IMPLEMENTATION-GUIDE.md	70
NAVIGATION_AUTH_HINT	RLS-IMPLEMENTATION-GUIDE.md	79
NAVIGATION_AUTH_HINT	RLS-IMPLEMENTATION-GUIDE.md	96
NAVIGATION_AUTH_HINT	RLS-IMPLEMENTATION-GUIDE.md	99
NAVIGATION_AUTH_HINT	RLS-IMPLEMENTATION-GUIDE.md	109
NAVIGATION_AUTH_HINT	RLS-IMPLEMENTATION-GUIDE.md	124
NAVIGATION_AUTH_HINT	RLS-IMPLEMENTATION-GUIDE.md	154
NAVIGATION_AUTH_HINT	RLS-IMPLEMENTATION-GUIDE.md	165
NAVIGATION_AUTH_HINT	RLS-IMPLEMENTATION-GUIDE.md	177
NAVIGATION_AUTH_HINT	RLS-IMPLEMENTATION-GUIDE.md	195
NAVIGATION_AUTH_HINT	RLS-IMPLEMENTATION-GUIDE.md	198
NAVIGATION_AUTH_HINT	RLS-IMPLEMENTATION-GUIDE.md	205
NAVIGATION_AUTH_HINT	RLS-IMPLEMENTATION-GUIDE.md	206
NAVIGATION_AUTH_HINT	RLS-IMPLEMENTATION-GUIDE.md	209
NAVIGATION_AUTH_HINT	RLS-POLICIES.sql	9
NAVIGATION_AUTH_HINT	RLS-POLICIES.sql	11
NAVIGATION_AUTH_HINT	RLS-POLICIES.sql	15
NAVIGATION_AUTH_HINT	RLS-POLICIES.sql	17
NAVIGATION_AUTH_HINT	RLS-POLICIES.sql	18
NAVIGATION_AUTH_HINT	RLS-POLICIES.sql	22
NAVIGATION_AUTH_HINT	RLS-POLICIES.sql	23
NAVIGATION_AUTH_HINT	RLS-POLICIES.sql	27
NAVIGATION_AUTH_HINT	RLS-POLICIES.sql	29
NAVIGATION_AUTH_HINT	RLS-POLICIES.sql	30
NAVIGATION_AUTH_HINT	RLS-POLICIES.sql	35
NAVIGATION_AUTH_HINT	RLS-POLICIES.sql	36
NAVIGATION_AUTH_HINT	RLS-POLICIES.sql	40
NAVIGATION_AUTH_HINT	RLS-POLICIES.sql	42
NAVIGATION_AUTH_HINT	RLS-POLICIES.sql	43
NAVIGATION_AUTH_HINT	RLS-POLICIES.sql	48
NAVIGATION_AUTH_HINT	RLS-POLICIES.sql	49
NAVIGATION_AUTH_HINT	RLS-POLICIES.sql	50
NAVIGATION_AUTH_HINT	RLS-POLICIES.sql	54
NAVIGATION_AUTH_HINT	RLS-POLICIES.sql	55
NAVIGATION_AUTH_HINT	RLS-POLICIES.sql	59
NAVIGATION_AUTH_HINT	RLS-POLICIES.sql	61
NAVIGATION_AUTH_HINT	RLS-POLICIES.sql	62
NAVIGATION_AUTH_HINT	RLS-POLICIES.sql	67
NAVIGATION_AUTH_HINT	RLS-POLICIES.sql	68
NAVIGATION_AUTH_HINT	RLS-POLICIES.sql	69
NAVIGATION_AUTH_HINT	RLS-POLICIES.sql	75
NAVIGATION_AUTH_HINT	RLS-POLICIES.sql	76
NAVIGATION_AUTH_HINT	RLS-POLICIES.sql	77
NAVIGATION_AUTH_HINT	RLS-POLICIES.sql	81
NAVIGATION_AUTH_HINT	RLS-POLICIES.sql	82
NAVIGATION_AUTH_HINT	RLS-POLICIES.sql	86
NAVIGATION_AUTH_HINT	RLS-POLICIES.sql	88
NAVIGATION_AUTH_HINT	RLS-POLICIES.sql	89
NAVIGATION_AUTH_HINT	RLS-POLICIES.sql	94
NAVIGATION_AUTH_HINT	RLS-POLICIES.sql	95
NAVIGATION_AUTH_HINT	RLS-POLICIES.sql	96
NAVIGATION_AUTH_HINT	RLS-POLICIES.sql	100
NAVIGATION_AUTH_HINT	RLS-POLICIES.sql	101
NAVIGATION_AUTH_HINT	RLS-POLICIES.sql	118
NAVIGATION_AUTH_HINT	RLS-POLICIES.sql	127
NAVIGATION_AUTH_HINT	RLS-POLICIES.sql	128
NAVIGATION_AUTH_HINT	RLS-POLICIES.sql	129
NAVIGATION_AUTH_HINT	RLS-POLICIES.sql	131
NAVIGATION_AUTH_HINT	RLS-POLICIES.sql	132
NAVIGATION_AUTH_HINT	RLS-POLICIES.sql	134
NAVIGATION_AUTH_HINT	RLS-POLICIES.sql	135
NAVIGATION_AUTH_HINT	RLS-POLICIES.sql	136
NAVIGATION_AUTH_HINT	RLS-POLICIES.sql	138
NAVIGATION_AUTH_HINT	RLS-POLICIES.sql	139
NAVIGATION_AUTH_HINT	RLS-POLICIES.sql	141
NAVIGATION_AUTH_HINT	RLS-POLICIES.sql	142
NAVIGATION_AUTH_HINT	RLS-POLICIES.sql	145
NAVIGATION_AUTH_HINT	RLS-POLICIES.sql	152
NAVIGATION_AUTH_HINT	RLS-POLICIES.sql	153
NAVIGATION_AUTH_HINT	RLS-POLICIES.sql	154
NAVIGATION_AUTH_HINT	RLS-QUICK-REFERENCE.md	12
NAVIGATION_AUTH_HINT	RLS-QUICK-REFERENCE.md	13
NAVIGATION_AUTH_HINT	RLS-QUICK-REFERENCE.md	48
NAVIGATION_AUTH_HINT	RLS-QUICK-REFERENCE.md	49
NAVIGATION_AUTH_HINT	RLS-QUICK-REFERENCE.md	58
NAVIGATION_AUTH_HINT	RLS-QUICK-REFERENCE.md	59
NAVIGATION_AUTH_HINT	RLS-QUICK-REFERENCE.md	68
NAVIGATION_AUTH_HINT	RLS-QUICK-REFERENCE.md	69
NAVIGATION_AUTH_HINT	RLS-QUICK-REFERENCE.md	72
NAVIGATION_AUTH_HINT	RLS-QUICK-REFERENCE.md	78
NAVIGATION_AUTH_HINT	RLS-QUICK-REFERENCE.md	79
NAVIGATION_AUTH_HINT	RLS-QUICK-REFERENCE.md	88
NAVIGATION_AUTH_HINT	RLS-QUICK-REFERENCE.md	89
NAVIGATION_AUTH_HINT	RLS-QUICK-REFERENCE.md	98
NAVIGATION_AUTH_HINT	RLS-QUICK-REFERENCE.md	99
NAVIGATION_AUTH_HINT	RLS-QUICK-REFERENCE.md	102
NAVIGATION_AUTH_HINT	RLS-QUICK-REFERENCE.md	110
NAVIGATION_AUTH_HINT	RLS-QUICK-REFERENCE.md	114
NAVIGATION_AUTH_HINT	RLS-QUICK-REFERENCE.md	119
NAVIGATION_AUTH_HINT	RLS-QUICK-REFERENCE.md	121
NAVIGATION_AUTH_HINT	RLS-QUICK-REFERENCE.md	179
NAVIGATION_AUTH_HINT	RLS-QUICK-REFERENCE.md	190
NAVIGATION_AUTH_HINT	RLS-QUICK-REFERENCE.md	202
NAVIGATION_AUTH_HINT	RLS-QUICK-REFERENCE.md	205
NAVIGATION_AUTH_HINT	RLS-QUICK-REFERENCE.md	215
NAVIGATION_AUTH_HINT	RLS-QUICK-REFERENCE.md	222
NAVIGATION_AUTH_HINT	RLS-QUICK-REFERENCE.md	225
NAVIGATION_AUTH_HINT	RLS-QUICK-REFERENCE.md	233
NAVIGATION_AUTH_HINT	SETUP-GUIDE.md	18
NAVIGATION_AUTH_HINT	SETUP-GUIDE.md	19
NAVIGATION_AUTH_HINT	UNIFIED-PLATFORM-STATUS.md	11
NAVIGATION_AUTH_HINT	UNIFIED-PLATFORM-STATUS.md	17
NAVIGATION_AUTH_HINT	UNIFIED-PLATFORM-STATUS.md	18
NAVIGATION_AUTH_HINT	UNIFIED-PLATFORM-STATUS.md	35
NAVIGATION_AUTH_HINT	UNIFIED-PLATFORM-STATUS.md	38
NAVIGATION_AUTH_HINT	UNIFIED-PLATFORM-STATUS.md	39
NAVIGATION_AUTH_HINT	UNIFIED-PLATFORM-STATUS.md	40
NAVIGATION_AUTH_HINT	UNIFIED-PLATFORM-STATUS.md	75
NAVIGATION_AUTH_HINT	VVIP-AUTH-SYSTEM-SPEC.md	82
NAVIGATION_AUTH_HINT	approved/FINAL-QA-APPROVAL.md	5
NAVIGATION_AUTH_HINT	approved/FINAL-QA-APPROVAL.md	6
NAVIGATION_AUTH_HINT	approved/FINAL-QA-APPROVAL.md	7
NAVIGATION_AUTH_HINT	approved/FINAL-QA-APPROVAL.md	8
NAVIGATION_AUTH_HINT	approved/MOBILE-PUBLIC-APPROVED-README.md	3
NAVIGATION_AUTH_HINT	approved/PRIVATE-PROFILE-APPROVED-README.md	3
NAVIGATION_AUTH_HINT	approved/auth-clerk-index-before-profile-button-fix-20260707.js	43
NAVIGATION_AUTH_HINT	approved/auth-clerk-index-before-profile-button-fix-20260707.js	44
NAVIGATION_AUTH_HINT	approved/auth-clerk-index-before-profile-button-fix-20260707.js	59
NAVIGATION_AUTH_HINT	approved/auth-clerk-index-before-profile-button-fix-20260707.js	69
NAVIGATION_AUTH_HINT	approved/auth-clerk-index-before-vvip-gate-login-20260707.js	44
NAVIGATION_AUTH_HINT	approved/auth-clerk-index-before-vvip-gate-login-20260707.js	53
NAVIGATION_AUTH_HINT	approved/auth-clerk-index-before-vvip-gate-login-20260707.js	81
NAVIGATION_AUTH_HINT	approved/auth-clerk-index-before-vvip-gate-login-20260707.js	91
NAVIGATION_AUTH_HINT	approved/clerk-private-profile-before-official-ui-20260707.html	22
NAVIGATION_AUTH_HINT	approved/clerk-private-profile-before-official-ui-20260707.html	126
NAVIGATION_AUTH_HINT	approved/clerk-private-profile-before-official-ui-20260707.html	163
NAVIGATION_AUTH_HINT	approved/clerk-private-profile-before-official-ui-20260707.html	188
NAVIGATION_AUTH_HINT	approved/clerk-private-profile-before-official-ui-20260707.html	199
NAVIGATION_AUTH_HINT	approved/clerk-private-profile-before-official-ui-20260707.html	215
NAVIGATION_AUTH_HINT	approved/clerk-private-profile-before-official-ui-20260707.html	221
NAVIGATION_AUTH_HINT	approved/clerk-private-profile-before-official-ui-20260707.html	237
NAVIGATION_AUTH_HINT	approved/clerk-private-profile-before-official-ui-20260707.html	242
NAVIGATION_AUTH_HINT	approved/clerk-private-profile-before-official-ui-20260707.html	243
NAVIGATION_AUTH_HINT	approved/clerk-private-profile-before-official-ui-20260707.html	244
NAVIGATION_AUTH_HINT	approved/clerk-private-profile-before-official-ui-20260707.html	245
NAVIGATION_AUTH_HINT	approved/clerk-private-profile-before-official-ui-20260707.html	246
NAVIGATION_AUTH_HINT	approved/clerk-private-profile-before-official-ui-20260707.html	247
NAVIGATION_AUTH_HINT	approved/clerk-private-profile-before-official-ui-20260707.html	260
NAVIGATION_AUTH_HINT	approved/clerk-private-profile-before-official-ui-20260707.html	270
NAVIGATION_AUTH_HINT	approved/clerk-private-profile-before-official-ui-20260707.html	277
NAVIGATION_AUTH_HINT	approved/clerk-private-profile-before-official-ui-20260707.html	296
NAVIGATION_AUTH_HINT	approved/clerk-private-profile-before-official-ui-20260707.html	304
NAVIGATION_AUTH_HINT	approved/clerk-private-profile-before-official-ui-20260707.html	306
NAVIGATION_AUTH_HINT	approved/clerk-private-profile-before-supabase-bridge-20260707.html	22
NAVIGATION_AUTH_HINT	approved/clerk-private-profile-before-supabase-bridge-20260707.html	113
NAVIGATION_AUTH_HINT	approved/clerk-private-profile-before-supabase-bridge-20260707.html	129
NAVIGATION_AUTH_HINT	approved/clerk-private-profile-before-supabase-bridge-20260707.html	167
NAVIGATION_AUTH_HINT	approved/clerk-private-profile-before-supabase-bridge-20260707.html	170
NAVIGATION_AUTH_HINT	approved/clerk-private-profile-before-tiger-care-card-20260707.html	22
NAVIGATION_AUTH_HINT	approved/clerk-private-profile-before-tiger-care-card-20260707.html	124
NAVIGATION_AUTH_HINT	approved/clerk-private-profile-before-tiger-care-card-20260707.html	150
NAVIGATION_AUTH_HINT	approved/clerk-private-profile-before-tiger-care-card-20260707.html	156
NAVIGATION_AUTH_HINT	approved/clerk-private-profile-before-tiger-care-card-20260707.html	169
NAVIGATION_AUTH_HINT	approved/clerk-private-profile-before-tiger-care-card-20260707.html	210
NAVIGATION_AUTH_HINT	approved/clerk-private-profile-before-tiger-care-card-20260707.html	459
NAVIGATION_AUTH_HINT	approved/clerk-private-profile-before-tiger-care-card-20260707.html	464
NAVIGATION_AUTH_HINT	approved/clerk-private-profile-before-tiger-care-card-20260707.html	469
NAVIGATION_AUTH_HINT	approved/clerk-private-profile-before-tiger-care-card-20260707.html	474
NAVIGATION_AUTH_HINT	approved/clerk-private-profile-before-tiger-care-card-20260707.html	492
NAVIGATION_AUTH_HINT	approved/clerk-private-profile-before-tiger-care-card-20260707.html	529
NAVIGATION_AUTH_HINT	approved/clerk-private-profile-before-tiger-care-card-20260707.html	554
NAVIGATION_AUTH_HINT	approved/clerk-private-profile-before-tiger-care-card-20260707.html	565
NAVIGATION_AUTH_HINT	approved/clerk-private-profile-before-tiger-care-card-20260707.html	581
NAVIGATION_AUTH_HINT	approved/clerk-private-profile-before-tiger-care-card-20260707.html	587
NAVIGATION_AUTH_HINT	approved/clerk-private-profile-before-tiger-care-card-20260707.html	603
NAVIGATION_AUTH_HINT	approved/clerk-private-profile-before-tiger-care-card-20260707.html	608
NAVIGATION_AUTH_HINT	approved/clerk-private-profile-before-tiger-care-card-20260707.html	610
NAVIGATION_AUTH_HINT	approved/clerk-private-profile-before-tiger-care-card-20260707.html	616
NAVIGATION_AUTH_HINT	approved/clerk-private-profile-before-tiger-care-card-20260707.html	621
NAVIGATION_AUTH_HINT	approved/clerk-private-profile-before-tiger-care-card-20260707.html	627
NAVIGATION_AUTH_HINT	approved/clerk-private-profile-before-tiger-care-card-20260707.html	631
NAVIGATION_AUTH_HINT	approved/clerk-private-profile-before-tiger-care-card-20260707.html	636
NAVIGATION_AUTH_HINT	approved/clerk-private-profile-before-tiger-care-card-20260707.html	658
NAVIGATION_AUTH_HINT	approved/clerk-private-profile-before-tiger-care-card-20260707.html	659
NAVIGATION_AUTH_HINT	approved/clerk-private-profile-before-tiger-care-card-20260707.html	660
NAVIGATION_AUTH_HINT	approved/clerk-private-profile-before-tiger-care-card-20260707.html	669
NAVIGATION_AUTH_HINT	approved/clerk-private-profile-before-tiger-care-card-20260707.html	750
NAVIGATION_AUTH_HINT	approved/clerk-private-profile-before-tiger-care-card-20260707.html	772
NAVIGATION_AUTH_HINT	approved/clerk-private-profile-before-tiger-care-card-20260707.html	794
NAVIGATION_AUTH_HINT	approved/clerk-private-profile-before-tiger-care-card-20260707.html	814
NAVIGATION_AUTH_HINT	approved/clerk-private-profile-before-tiger-care-card-20260707.html	822
NAVIGATION_AUTH_HINT	approved/clerk-private-profile-before-tiger-care-card-20260707.html	824
NAVIGATION_AUTH_HINT	approved/clerk-private-profile-before-vip-membership-center-20260707.html	22
NAVIGATION_AUTH_HINT	approved/clerk-private-profile-before-vip-membership-center-20260707.html	124
NAVIGATION_AUTH_HINT	approved/clerk-private-profile-before-vip-membership-center-20260707.html	150
NAVIGATION_AUTH_HINT	approved/clerk-private-profile-before-vip-membership-center-20260707.html	156
NAVIGATION_AUTH_HINT	approved/clerk-private-profile-before-vip-membership-center-20260707.html	169
NAVIGATION_AUTH_HINT	approved/clerk-private-profile-before-vip-membership-center-20260707.html	210
NAVIGATION_AUTH_HINT	approved/clerk-private-profile-before-vip-membership-center-20260707.html	385
NAVIGATION_AUTH_HINT	approved/clerk-private-profile-before-vip-membership-center-20260707.html	390
NAVIGATION_AUTH_HINT	approved/clerk-private-profile-before-vip-membership-center-20260707.html	395
NAVIGATION_AUTH_HINT	approved/clerk-private-profile-before-vip-membership-center-20260707.html	400
NAVIGATION_AUTH_HINT	approved/clerk-private-profile-before-vip-membership-center-20260707.html	418
NAVIGATION_AUTH_HINT	approved/clerk-private-profile-before-vip-membership-center-20260707.html	455
NAVIGATION_AUTH_HINT	approved/clerk-private-profile-before-vip-membership-center-20260707.html	480
NAVIGATION_AUTH_HINT	approved/clerk-private-profile-before-vip-membership-center-20260707.html	491
NAVIGATION_AUTH_HINT	approved/clerk-private-profile-before-vip-membership-center-20260707.html	507
NAVIGATION_AUTH_HINT	approved/clerk-private-profile-before-vip-membership-center-20260707.html	513
NAVIGATION_AUTH_HINT	approved/clerk-private-profile-before-vip-membership-center-20260707.html	529
NAVIGATION_AUTH_HINT	approved/clerk-private-profile-before-vip-membership-center-20260707.html	534
NAVIGATION_AUTH_HINT	approved/clerk-private-profile-before-vip-membership-center-20260707.html	536
NAVIGATION_AUTH_HINT	approved/clerk-private-profile-before-vip-membership-center-20260707.html	542
NAVIGATION_AUTH_HINT	approved/clerk-private-profile-before-vip-membership-center-20260707.html	547
NAVIGATION_AUTH_HINT	approved/clerk-private-profile-before-vip-membership-center-20260707.html	553
NAVIGATION_AUTH_HINT	approved/clerk-private-profile-before-vip-membership-center-20260707.html	557
NAVIGATION_AUTH_HINT	approved/clerk-private-profile-before-vip-membership-center-20260707.html	558
NAVIGATION_AUTH_HINT	approved/clerk-private-profile-before-vip-membership-center-20260707.html	580
NAVIGATION_AUTH_HINT	approved/clerk-private-profile-before-vip-membership-center-20260707.html	581
NAVIGATION_AUTH_HINT	approved/clerk-private-profile-before-vip-membership-center-20260707.html	582
NAVIGATION_AUTH_HINT	approved/clerk-private-profile-before-vip-membership-center-20260707.html	591
NAVIGATION_AUTH_HINT	approved/clerk-private-profile-before-vip-membership-center-20260707.html	633
NAVIGATION_AUTH_HINT	approved/clerk-private-profile-before-vip-membership-center-20260707.html	655
NAVIGATION_AUTH_HINT	approved/clerk-private-profile-before-vip-membership-center-20260707.html	677
NAVIGATION_AUTH_HINT	approved/clerk-private-profile-before-vip-membership-center-20260707.html	697
NAVIGATION_AUTH_HINT	approved/clerk-private-profile-before-vip-membership-center-20260707.html	705
NAVIGATION_AUTH_HINT	approved/clerk-private-profile-before-vip-membership-center-20260707.html	707
NAVIGATION_AUTH_HINT	approved/enhanced-components.final-approved.css	681
NAVIGATION_AUTH_HINT	approved/index-before-supabase-auth-20260704-191914.html	96
NAVIGATION_AUTH_HINT	approved/index-before-supabase-auth-20260704-191914.html	98
NAVIGATION_AUTH_HINT	approved/index-before-supabase-auth-20260704-191914.html	109
NAVIGATION_AUTH_HINT	approved/index-before-supabase-auth-20260704-191914.html	110
NAVIGATION_AUTH_HINT	approved/index-before-supabase-auth-20260704-192024.html	96
NAVIGATION_AUTH_HINT	approved/index-before-supabase-auth-20260704-192024.html	98
NAVIGATION_AUTH_HINT	approved/index-before-supabase-auth-20260704-192024.html	109
NAVIGATION_AUTH_HINT	approved/index-before-supabase-auth-20260704-192024.html	110
NAVIGATION_AUTH_HINT	approved/index-before-vvip-gate-login-20260707.html	96
NAVIGATION_AUTH_HINT	approved/index-before-vvip-gate-login-20260707.html	98
NAVIGATION_AUTH_HINT	approved/index-before-vvip-gate-login-20260707.html	109
NAVIGATION_AUTH_HINT	approved/index-before-vvip-gate-login-20260707.html	110
NAVIGATION_AUTH_HINT	approved/index-supabase-auth-approved.html	96
NAVIGATION_AUTH_HINT	approved/index-supabase-auth-approved.html	98
NAVIGATION_AUTH_HINT	approved/index-supabase-auth-approved.html	109
NAVIGATION_AUTH_HINT	approved/index-supabase-auth-approved.html	110
NAVIGATION_AUTH_HINT	approved/index-supabase-auth-final.html	96
NAVIGATION_AUTH_HINT	approved/index-supabase-auth-final.html	98
NAVIGATION_AUTH_HINT	approved/index-supabase-auth-final.html	109
NAVIGATION_AUTH_HINT	approved/index-supabase-auth-final.html	110
NAVIGATION_AUTH_HINT	approved/legacy-auth-audit-7-1/clerk-private-profile-before-linkrel-fix-20260708.html	22
NAVIGATION_AUTH_HINT	approved/legacy-auth-audit-7-1/clerk-private-profile-before-linkrel-fix-20260708.html	124
NAVIGATION_AUTH_HINT	approved/legacy-auth-audit-7-1/clerk-private-profile-before-linkrel-fix-20260708.html	150
NAVIGATION_AUTH_HINT	approved/legacy-auth-audit-7-1/clerk-private-profile-before-linkrel-fix-20260708.html	156
NAVIGATION_AUTH_HINT	approved/legacy-auth-audit-7-1/clerk-private-profile-before-linkrel-fix-20260708.html	169
NAVIGATION_AUTH_HINT	approved/legacy-auth-audit-7-1/clerk-private-profile-before-linkrel-fix-20260708.html	210
NAVIGATION_AUTH_HINT	approved/legacy-auth-audit-7-1/clerk-private-profile-before-linkrel-fix-20260708.html	589
NAVIGATION_AUTH_HINT	approved/legacy-auth-audit-7-1/clerk-private-profile-before-linkrel-fix-20260708.html	594
NAVIGATION_AUTH_HINT	approved/legacy-auth-audit-7-1/clerk-private-profile-before-linkrel-fix-20260708.html	599
NAVIGATION_AUTH_HINT	approved/legacy-auth-audit-7-1/clerk-private-profile-before-linkrel-fix-20260708.html	604
NAVIGATION_AUTH_HINT	approved/legacy-auth-audit-7-1/clerk-private-profile-before-linkrel-fix-20260708.html	623
NAVIGATION_AUTH_HINT	approved/legacy-auth-audit-7-1/clerk-private-profile-before-linkrel-fix-20260708.html	660
NAVIGATION_AUTH_HINT	approved/legacy-auth-audit-7-1/clerk-private-profile-before-linkrel-fix-20260708.html	685
NAVIGATION_AUTH_HINT	approved/legacy-auth-audit-7-1/clerk-private-profile-before-linkrel-fix-20260708.html	696
NAVIGATION_AUTH_HINT	approved/legacy-auth-audit-7-1/clerk-private-profile-before-linkrel-fix-20260708.html	712
NAVIGATION_AUTH_HINT	approved/legacy-auth-audit-7-1/clerk-private-profile-before-linkrel-fix-20260708.html	718
NAVIGATION_AUTH_HINT	approved/legacy-auth-audit-7-1/clerk-private-profile-before-linkrel-fix-20260708.html	734
NAVIGATION_AUTH_HINT	approved/legacy-auth-audit-7-1/clerk-private-profile-before-linkrel-fix-20260708.html	739
NAVIGATION_AUTH_HINT	approved/legacy-auth-audit-7-1/clerk-private-profile-before-linkrel-fix-20260708.html	741
NAVIGATION_AUTH_HINT	approved/legacy-auth-audit-7-1/clerk-private-profile-before-linkrel-fix-20260708.html	747
NAVIGATION_AUTH_HINT	approved/legacy-auth-audit-7-1/clerk-private-profile-before-linkrel-fix-20260708.html	752
NAVIGATION_AUTH_HINT	approved/legacy-auth-audit-7-1/clerk-private-profile-before-linkrel-fix-20260708.html	758
NAVIGATION_AUTH_HINT	approved/legacy-auth-audit-7-1/clerk-private-profile-before-linkrel-fix-20260708.html	762
NAVIGATION_AUTH_HINT	approved/legacy-auth-audit-7-1/clerk-private-profile-before-linkrel-fix-20260708.html	767
NAVIGATION_AUTH_HINT	approved/legacy-auth-audit-7-1/clerk-private-profile-before-linkrel-fix-20260708.html	789
NAVIGATION_AUTH_HINT	approved/legacy-auth-audit-7-1/clerk-private-profile-before-linkrel-fix-20260708.html	790
NAVIGATION_AUTH_HINT	approved/legacy-auth-audit-7-1/clerk-private-profile-before-linkrel-fix-20260708.html	791
NAVIGATION_AUTH_HINT	approved/legacy-auth-audit-7-1/clerk-private-profile-before-linkrel-fix-20260708.html	800
NAVIGATION_AUTH_HINT	approved/legacy-auth-audit-7-1/clerk-private-profile-before-linkrel-fix-20260708.html	947
NAVIGATION_AUTH_HINT	approved/legacy-auth-audit-7-1/clerk-private-profile-before-linkrel-fix-20260708.html	969
NAVIGATION_AUTH_HINT	approved/legacy-auth-audit-7-1/clerk-private-profile-before-linkrel-fix-20260708.html	1002
NAVIGATION_AUTH_HINT	approved/legacy-auth-audit-7-1/clerk-private-profile-before-linkrel-fix-20260708.html	1022
NAVIGATION_AUTH_HINT	approved/legacy-auth-audit-7-1/clerk-private-profile-before-linkrel-fix-20260708.html	1030
NAVIGATION_AUTH_HINT	approved/legacy-auth-audit-7-1/clerk-private-profile-before-linkrel-fix-20260708.html	1032
NAVIGATION_AUTH_HINT	approved/legacy-auth-redirect-7-1/private-profile-before-redirect-20260708.html	15
NAVIGATION_AUTH_HINT	approved/legacy-auth-redirect-7-1/private-profile-before-redirect-20260708.html	22
NAVIGATION_AUTH_HINT	approved/legacy-auth-redirect-7-1/private-profile-before-redirect-20260708.html	31
NAVIGATION_AUTH_HINT	approved/legacy-auth-redirect-7-1/private-profile-before-redirect-20260708.html	36
NAVIGATION_AUTH_HINT	approved/legacy-auth-redirect-7-1/private-profile-before-redirect-20260708.html	37
NAVIGATION_AUTH_HINT	approved/legacy-auth-redirect-7-1/private-profile-before-redirect-20260708.html	42
NAVIGATION_AUTH_HINT	approved/legacy-auth-redirect-7-1/private-profile-before-redirect-20260708.html	43
NAVIGATION_AUTH_HINT	approved/legacy-auth-redirect-7-1/private-profile-before-redirect-20260708.html	44
NAVIGATION_AUTH_HINT	approved/legacy-auth-redirect-7-1/private-profile-before-redirect-20260708.html	58
NAVIGATION_AUTH_HINT	approved/legacy-auth-redirect-7-1/private-profile-before-redirect-20260708.html	59
NAVIGATION_AUTH_HINT	approved/legacy-auth-redirect-7-1/private-profile-before-redirect-20260708.html	60
NAVIGATION_AUTH_HINT	approved/legacy-auth-redirect-7-1/private-profile-before-redirect-20260708.html	62
NAVIGATION_AUTH_HINT	approved/legacy-auth-redirect-7-1/private-profile-before-redirect-20260708.html	67
NAVIGATION_AUTH_HINT	approved/legacy-auth-redirect-7-1/private-profile-before-redirect-20260708.html	68
NAVIGATION_AUTH_HINT	approved/legacy-auth-redirect-7-1/private-profile-before-redirect-20260708.html	69
NAVIGATION_AUTH_HINT	approved/legacy-auth-redirect-7-1/private-profile-before-redirect-20260708.html	71
NAVIGATION_AUTH_HINT	approved/legacy-auth-redirect-7-1/private-profile-before-redirect-20260708.html	72
NAVIGATION_AUTH_HINT	approved/legacy-auth-redirect-7-1/private-profile-before-redirect-20260708.html	73
NAVIGATION_AUTH_HINT	approved/legacy-auth-redirect-7-1/private-profile-before-redirect-20260708.html	74
NAVIGATION_AUTH_HINT	approved/legacy-auth-redirect-7-1/private-profile-before-redirect-20260708.html	79
NAVIGATION_AUTH_HINT	approved/legacy-auth-redirect-7-1/private-profile-before-redirect-20260708.html	80
NAVIGATION_AUTH_HINT	approved/legacy-auth-redirect-7-1/private-profile-before-redirect-20260708.html	81
NAVIGATION_AUTH_HINT	approved/legacy-auth-redirect-7-1/private-profile-before-redirect-20260708.html	82
NAVIGATION_AUTH_HINT	approved/legacy-auth-redirect-7-1/private-profile-before-redirect-20260708.html	83
NAVIGATION_AUTH_HINT	approved/legacy-auth-redirect-7-1/private-profile-before-redirect-20260708.html	84
NAVIGATION_AUTH_HINT	approved/legacy-auth-redirect-7-1/private-profile-before-redirect-20260708.html	85
NAVIGATION_AUTH_HINT	approved/legacy-auth-redirect-7-1/private-profile-before-redirect-20260708.html	88
NAVIGATION_AUTH_HINT	approved/legacy-auth-redirect-7-1/private-profile-before-redirect-20260708.html	90
NAVIGATION_AUTH_HINT	approved/legacy-auth-redirect-7-1/private-profile-before-redirect-20260708.html	91
NAVIGATION_AUTH_HINT	approved/legacy-auth-redirect-7-1/private-profile-before-redirect-20260708.html	106
NAVIGATION_AUTH_HINT	approved/legacy-auth-redirect-7-1/private-profile-before-redirect-20260708.html	107
NAVIGATION_AUTH_HINT	approved/legacy-auth-redirect-7-1/private-profile-before-redirect-20260708.html	140
NAVIGATION_AUTH_HINT	approved/legacy-auth-redirect-7-1/private-profile-before-redirect-20260708.html	178
NAVIGATION_AUTH_HINT	approved/legacy-auth-redirect-7-1/private-profile-before-redirect-20260708.html	187
NAVIGATION_AUTH_HINT	approved/legacy-auth-redirect-7-1/private-profile-before-redirect-20260708.html	188
NAVIGATION_AUTH_HINT	approved/legacy-auth-redirect-7-1/private-profile-before-redirect-20260708.html	192
NAVIGATION_AUTH_HINT	approved/legacy-auth-redirect-7-1/private-profile-before-redirect-20260708.html	199
NAVIGATION_AUTH_HINT	approved/legacy-auth-redirect-7-1/private-profile-before-redirect-20260708.html	200
NAVIGATION_AUTH_HINT	approved/legacy-auth-redirect-7-1/private-profile-before-redirect-20260708.html	201
NAVIGATION_AUTH_HINT	approved/legacy-auth-redirect-7-1/private-profile-before-redirect-20260708.html	202
NAVIGATION_AUTH_HINT	approved/legacy-auth-redirect-7-1/private-profile-before-redirect-20260708.html	203
NAVIGATION_AUTH_HINT	approved/legacy-auth-redirect-7-1/private-profile-before-redirect-20260708.html	204
NAVIGATION_AUTH_HINT	approved/legacy-auth-redirect-7-1/private-profile-before-redirect-20260708.html	205
NAVIGATION_AUTH_HINT	approved/legacy-auth-redirect-7-1/private-profile-before-redirect-20260708.html	206
NAVIGATION_AUTH_HINT	approved/legacy-auth-redirect-7-1/private-profile-before-redirect-20260708.html	213
NAVIGATION_AUTH_HINT	approved/legacy-auth-redirect-7-1/private-profile-before-redirect-20260708.html	216
NAVIGATION_AUTH_HINT	approved/legacy-auth-redirect-7-1/private-profile-before-redirect-20260708.html	217
NAVIGATION_AUTH_HINT	approved/legacy-auth-redirect-7-1/private-profile-before-redirect-20260708.html	221
NAVIGATION_AUTH_HINT	approved/legacy-auth-redirect-7-1/private-profile-before-redirect-20260708.html	222
NAVIGATION_AUTH_HINT	approved/legacy-auth-redirect-7-1/private-profile-before-redirect-20260708.html	223
NAVIGATION_AUTH_HINT	approved/legacy-auth-redirect-7-1/private-profile-before-redirect-20260708.html	224
NAVIGATION_AUTH_HINT	approved/legacy-auth-redirect-7-1/private-profile-before-redirect-20260708.html	225
NAVIGATION_AUTH_HINT	approved/legacy-auth-redirect-7-1/private-profile-before-redirect-20260708.html	226
NAVIGATION_AUTH_HINT	approved/legacy-auth-redirect-7-1/private-profile-before-redirect-20260708.html	227
NAVIGATION_AUTH_HINT	approved/legacy-auth-redirect-7-1/private-profile-before-redirect-20260708.html	230
NAVIGATION_AUTH_HINT	approved/legacy-auth-redirect-7-1/private-profile-before-redirect-20260708.html	231
NAVIGATION_AUTH_HINT	approved/legacy-auth-redirect-7-1/private-profile-before-redirect-20260708.html	232
NAVIGATION_AUTH_HINT	approved/legacy-auth-redirect-7-1/private-profile-before-redirect-20260708.html	233
NAVIGATION_AUTH_HINT	approved/legacy-auth-redirect-7-1/private-profile-before-redirect-20260708.html	234
NAVIGATION_AUTH_HINT	approved/legacy-auth-redirect-7-1/private-profile-before-redirect-20260708.html	235
NAVIGATION_AUTH_HINT	approved/legacy-auth-redirect-7-1/private-profile-before-redirect-20260708.html	236
NAVIGATION_AUTH_HINT	approved/legacy-auth-redirect-7-1/private-profile-before-redirect-20260708.html	238
NAVIGATION_AUTH_HINT	approved/legacy-auth-redirect-7-1/private-profile-before-redirect-20260708.html	239
NAVIGATION_AUTH_HINT	approved/legacy-auth-redirect-7-1/private-profile-before-redirect-20260708.html	338
NAVIGATION_AUTH_HINT	approved/legacy-auth-redirect-7-1/private-profile-before-redirect-20260708.html	377
NAVIGATION_AUTH_HINT	approved/legacy-auth-redirect-7-1/private-profile-before-redirect-20260708.html	391
NAVIGATION_AUTH_HINT	approved/legacy-auth-redirect-7-1/private-profile-before-redirect-20260708.html	437
NAVIGATION_AUTH_HINT	approved/legacy-auth-redirect-7-1/private-profile-before-redirect-20260708.html	449
NAVIGATION_AUTH_HINT	approved/legacy-auth-redirect-7-1/private-profile-before-redirect-20260708.html	450
NAVIGATION_AUTH_HINT	approved/legacy-auth-redirect-7-1/private-profile-before-redirect-20260708.html	453
NAVIGATION_AUTH_HINT	approved/legacy-auth-redirect-7-1/private-profile-before-redirect-20260708.html	454
NAVIGATION_AUTH_HINT	approved/legacy-auth-redirect-7-1/private-profile-before-redirect-20260708.html	469
NAVIGATION_AUTH_HINT	approved/legacy-auth-redirect-7-1/sw-before-legacy-auth-audit-20260708.js	5
NAVIGATION_AUTH_HINT	approved/legacy-auth-redirect-7-1/sw-before-legacy-auth-audit-20260708.js	6
NAVIGATION_AUTH_HINT	approved/legacy-auth-redirect-7-1/sw-before-legacy-auth-audit-20260708.js	7
NAVIGATION_AUTH_HINT	approved/mobile-public-buttons-audit-report.md	103
NAVIGATION_AUTH_HINT	approved/mobile-public-buttons-audit-report.md	479
NAVIGATION_AUTH_HINT	approved/mobile-public-buttons-audit-report.md	487
NAVIGATION_AUTH_HINT	approved/mobile-public-buttons-audit-report.md	510
NAVIGATION_AUTH_HINT	approved/mobile-public-buttons-audit-report.md	514
NAVIGATION_AUTH_HINT	approved/nav-cleanup-7-1/public-profile-before-private-link-cleanup-20260708.html	699
NAVIGATION_AUTH_HINT	approved/nav-cleanup-7-1/public-profile-before-private-link-cleanup-20260708.html	708
NAVIGATION_AUTH_HINT	approved/nav-cleanup-7-1/public-profile-before-private-link-cleanup-20260708.html	936
NAVIGATION_AUTH_HINT	approved/nav-cleanup-7-1/public-profile-before-private-link-cleanup-20260708.html	959
NAVIGATION_AUTH_HINT	approved/nav-cleanup-7-1/public-profile-before-private-link-cleanup-20260708.html	1154
NAVIGATION_AUTH_HINT	approved/nav-cleanup-7-1/public-profile-before-private-link-cleanup-20260708.html	1158
NAVIGATION_AUTH_HINT	approved/nav-cleanup-7-1/public-profile-before-private-link-cleanup-20260708.html	1310
NAVIGATION_AUTH_HINT	approved/nav-cleanup-7-1/public-profile-before-private-link-cleanup-20260708.html	1349
NAVIGATION_AUTH_HINT	approved/nav-cleanup-7-1/public-profile-before-private-link-cleanup-20260708.html	1363
NAVIGATION_AUTH_HINT	approved/nav-cleanup-7-1/vvip-identity-before-clarity-patch-20260708.css	3
NAVIGATION_AUTH_HINT	approved/nav-cleanup-7-1/vvip-identity-before-clarity-patch-20260708.css	72
NAVIGATION_AUTH_HINT	approved/nav-cleanup-7-1/vvip-identity-before-clarity-patch-20260708.css	85
NAVIGATION_AUTH_HINT	approved/nav-cleanup-7-1/vvip-identity-before-clarity-patch-20260708.css	114
NAVIGATION_AUTH_HINT	approved/nav-cleanup-7-1/vvip-identity-before-clarity-patch-20260708.css	115
NAVIGATION_AUTH_HINT	approved/nav-cleanup-7-1/vvip-identity-before-clarity-patch-20260708.css	116
NAVIGATION_AUTH_HINT	approved/nav-cleanup-7-1/vvip-identity-before-clarity-patch-20260708.css	117
NAVIGATION_AUTH_HINT	approved/nav-cleanup-7-1/vvip-identity-before-clarity-patch-20260708.css	118
NAVIGATION_AUTH_HINT	approved/nav-cleanup-7-1/vvip-identity-before-clarity-patch-20260708.css	138
NAVIGATION_AUTH_HINT	approved/nav-cleanup-7-1/vvip-identity-before-clarity-patch-20260708.css	139
NAVIGATION_AUTH_HINT	approved/nav-cleanup-7-1/vvip-identity-before-clarity-patch-20260708.css	140
NAVIGATION_AUTH_HINT	approved/nav-cleanup-7-1/vvip-identity-before-clarity-patch-20260708.css	308
NAVIGATION_AUTH_HINT	approved/private-profile-auth-guard-approved.html	15
NAVIGATION_AUTH_HINT	approved/private-profile-auth-guard-approved.html	22
NAVIGATION_AUTH_HINT	approved/private-profile-auth-guard-approved.html	31
NAVIGATION_AUTH_HINT	approved/private-profile-auth-guard-approved.html	36
NAVIGATION_AUTH_HINT	approved/private-profile-auth-guard-approved.html	37
NAVIGATION_AUTH_HINT	approved/private-profile-auth-guard-approved.html	42
NAVIGATION_AUTH_HINT	approved/private-profile-auth-guard-approved.html	43
NAVIGATION_AUTH_HINT	approved/private-profile-auth-guard-approved.html	44
NAVIGATION_AUTH_HINT	approved/private-profile-auth-guard-approved.html	58
NAVIGATION_AUTH_HINT	approved/private-profile-auth-guard-approved.html	59
NAVIGATION_AUTH_HINT	approved/private-profile-auth-guard-approved.html	60
NAVIGATION_AUTH_HINT	approved/private-profile-auth-guard-approved.html	62
NAVIGATION_AUTH_HINT	approved/private-profile-auth-guard-approved.html	67
NAVIGATION_AUTH_HINT	approved/private-profile-auth-guard-approved.html	68
NAVIGATION_AUTH_HINT	approved/private-profile-auth-guard-approved.html	69
NAVIGATION_AUTH_HINT	approved/private-profile-auth-guard-approved.html	71
NAVIGATION_AUTH_HINT	approved/private-profile-auth-guard-approved.html	72
NAVIGATION_AUTH_HINT	approved/private-profile-auth-guard-approved.html	73
NAVIGATION_AUTH_HINT	approved/private-profile-auth-guard-approved.html	74
NAVIGATION_AUTH_HINT	approved/private-profile-auth-guard-approved.html	79
NAVIGATION_AUTH_HINT	approved/private-profile-auth-guard-approved.html	80
NAVIGATION_AUTH_HINT	approved/private-profile-auth-guard-approved.html	81
NAVIGATION_AUTH_HINT	approved/private-profile-auth-guard-approved.html	82
NAVIGATION_AUTH_HINT	approved/private-profile-auth-guard-approved.html	83
NAVIGATION_AUTH_HINT	approved/private-profile-auth-guard-approved.html	84
NAVIGATION_AUTH_HINT	approved/private-profile-auth-guard-approved.html	85
NAVIGATION_AUTH_HINT	approved/private-profile-auth-guard-approved.html	88
NAVIGATION_AUTH_HINT	approved/private-profile-auth-guard-approved.html	90
NAVIGATION_AUTH_HINT	approved/private-profile-auth-guard-approved.html	91
NAVIGATION_AUTH_HINT	approved/private-profile-auth-guard-approved.html	106
NAVIGATION_AUTH_HINT	approved/private-profile-auth-guard-approved.html	107
NAVIGATION_AUTH_HINT	approved/private-profile-auth-guard-approved.html	140
NAVIGATION_AUTH_HINT	approved/private-profile-auth-guard-approved.html	178
NAVIGATION_AUTH_HINT	approved/private-profile-auth-guard-approved.html	187
NAVIGATION_AUTH_HINT	approved/private-profile-auth-guard-approved.html	188
NAVIGATION_AUTH_HINT	approved/private-profile-auth-guard-approved.html	192
NAVIGATION_AUTH_HINT	approved/private-profile-auth-guard-approved.html	199
NAVIGATION_AUTH_HINT	approved/private-profile-auth-guard-approved.html	200
NAVIGATION_AUTH_HINT	approved/private-profile-auth-guard-approved.html	201
NAVIGATION_AUTH_HINT	approved/private-profile-auth-guard-approved.html	202
NAVIGATION_AUTH_HINT	approved/private-profile-auth-guard-approved.html	203
NAVIGATION_AUTH_HINT	approved/private-profile-auth-guard-approved.html	204
NAVIGATION_AUTH_HINT	approved/private-profile-auth-guard-approved.html	205
NAVIGATION_AUTH_HINT	approved/private-profile-auth-guard-approved.html	206
NAVIGATION_AUTH_HINT	approved/private-profile-auth-guard-approved.html	213
NAVIGATION_AUTH_HINT	approved/private-profile-auth-guard-approved.html	216
NAVIGATION_AUTH_HINT	approved/private-profile-auth-guard-approved.html	217
NAVIGATION_AUTH_HINT	approved/private-profile-auth-guard-approved.html	221
NAVIGATION_AUTH_HINT	approved/private-profile-auth-guard-approved.html	222
NAVIGATION_AUTH_HINT	approved/private-profile-auth-guard-approved.html	223
NAVIGATION_AUTH_HINT	approved/private-profile-auth-guard-approved.html	224
NAVIGATION_AUTH_HINT	approved/private-profile-auth-guard-approved.html	225
NAVIGATION_AUTH_HINT	approved/private-profile-auth-guard-approved.html	226
NAVIGATION_AUTH_HINT	approved/private-profile-auth-guard-approved.html	227
NAVIGATION_AUTH_HINT	approved/private-profile-auth-guard-approved.html	230
NAVIGATION_AUTH_HINT	approved/private-profile-auth-guard-approved.html	231
NAVIGATION_AUTH_HINT	approved/private-profile-auth-guard-approved.html	232
NAVIGATION_AUTH_HINT	approved/private-profile-auth-guard-approved.html	233
NAVIGATION_AUTH_HINT	approved/private-profile-auth-guard-approved.html	234
NAVIGATION_AUTH_HINT	approved/private-profile-auth-guard-approved.html	235
NAVIGATION_AUTH_HINT	approved/private-profile-auth-guard-approved.html	236
NAVIGATION_AUTH_HINT	approved/private-profile-auth-guard-approved.html	238
NAVIGATION_AUTH_HINT	approved/private-profile-auth-guard-approved.html	239
NAVIGATION_AUTH_HINT	approved/private-profile-auth-guard-approved.html	338
NAVIGATION_AUTH_HINT	approved/private-profile-auth-guard-approved.html	377
NAVIGATION_AUTH_HINT	approved/private-profile-auth-guard-approved.html	391
NAVIGATION_AUTH_HINT	approved/private-profile-auth-guard-approved.html	437
NAVIGATION_AUTH_HINT	approved/private-profile-auth-guard-approved.html	449
NAVIGATION_AUTH_HINT	approved/private-profile-auth-guard-approved.html	450
NAVIGATION_AUTH_HINT	approved/private-profile-auth-guard-approved.html	453
NAVIGATION_AUTH_HINT	approved/private-profile-auth-guard-approved.html	454
NAVIGATION_AUTH_HINT	approved/private-profile-auth-guard-final.html	15
NAVIGATION_AUTH_HINT	approved/private-profile-auth-guard-final.html	22
NAVIGATION_AUTH_HINT	approved/private-profile-auth-guard-final.html	31
NAVIGATION_AUTH_HINT	approved/private-profile-auth-guard-final.html	36
NAVIGATION_AUTH_HINT	approved/private-profile-auth-guard-final.html	37
NAVIGATION_AUTH_HINT	approved/private-profile-auth-guard-final.html	42
NAVIGATION_AUTH_HINT	approved/private-profile-auth-guard-final.html	43
NAVIGATION_AUTH_HINT	approved/private-profile-auth-guard-final.html	44
NAVIGATION_AUTH_HINT	approved/private-profile-auth-guard-final.html	58
NAVIGATION_AUTH_HINT	approved/private-profile-auth-guard-final.html	59
NAVIGATION_AUTH_HINT	approved/private-profile-auth-guard-final.html	60
NAVIGATION_AUTH_HINT	approved/private-profile-auth-guard-final.html	62
NAVIGATION_AUTH_HINT	approved/private-profile-auth-guard-final.html	67
NAVIGATION_AUTH_HINT	approved/private-profile-auth-guard-final.html	68
NAVIGATION_AUTH_HINT	approved/private-profile-auth-guard-final.html	69
NAVIGATION_AUTH_HINT	approved/private-profile-auth-guard-final.html	71
NAVIGATION_AUTH_HINT	approved/private-profile-auth-guard-final.html	72
NAVIGATION_AUTH_HINT	approved/private-profile-auth-guard-final.html	73
NAVIGATION_AUTH_HINT	approved/private-profile-auth-guard-final.html	74
NAVIGATION_AUTH_HINT	approved/private-profile-auth-guard-final.html	79
NAVIGATION_AUTH_HINT	approved/private-profile-auth-guard-final.html	80
NAVIGATION_AUTH_HINT	approved/private-profile-auth-guard-final.html	81
NAVIGATION_AUTH_HINT	approved/private-profile-auth-guard-final.html	82
NAVIGATION_AUTH_HINT	approved/private-profile-auth-guard-final.html	83
NAVIGATION_AUTH_HINT	approved/private-profile-auth-guard-final.html	84
NAVIGATION_AUTH_HINT	approved/private-profile-auth-guard-final.html	85
NAVIGATION_AUTH_HINT	approved/private-profile-auth-guard-final.html	88
NAVIGATION_AUTH_HINT	approved/private-profile-auth-guard-final.html	90
NAVIGATION_AUTH_HINT	approved/private-profile-auth-guard-final.html	91
NAVIGATION_AUTH_HINT	approved/private-profile-auth-guard-final.html	106
NAVIGATION_AUTH_HINT	approved/private-profile-auth-guard-final.html	107
NAVIGATION_AUTH_HINT	approved/private-profile-auth-guard-final.html	140
NAVIGATION_AUTH_HINT	approved/private-profile-auth-guard-final.html	178
NAVIGATION_AUTH_HINT	approved/private-profile-auth-guard-final.html	187
NAVIGATION_AUTH_HINT	approved/private-profile-auth-guard-final.html	188
NAVIGATION_AUTH_HINT	approved/private-profile-auth-guard-final.html	192
NAVIGATION_AUTH_HINT	approved/private-profile-auth-guard-final.html	199
NAVIGATION_AUTH_HINT	approved/private-profile-auth-guard-final.html	200
NAVIGATION_AUTH_HINT	approved/private-profile-auth-guard-final.html	201
NAVIGATION_AUTH_HINT	approved/private-profile-auth-guard-final.html	202
NAVIGATION_AUTH_HINT	approved/private-profile-auth-guard-final.html	203
NAVIGATION_AUTH_HINT	approved/private-profile-auth-guard-final.html	204
NAVIGATION_AUTH_HINT	approved/private-profile-auth-guard-final.html	205
NAVIGATION_AUTH_HINT	approved/private-profile-auth-guard-final.html	206
NAVIGATION_AUTH_HINT	approved/private-profile-auth-guard-final.html	213
NAVIGATION_AUTH_HINT	approved/private-profile-auth-guard-final.html	216
NAVIGATION_AUTH_HINT	approved/private-profile-auth-guard-final.html	217
NAVIGATION_AUTH_HINT	approved/private-profile-auth-guard-final.html	221
NAVIGATION_AUTH_HINT	approved/private-profile-auth-guard-final.html	222
NAVIGATION_AUTH_HINT	approved/private-profile-auth-guard-final.html	223
NAVIGATION_AUTH_HINT	approved/private-profile-auth-guard-final.html	224
NAVIGATION_AUTH_HINT	approved/private-profile-auth-guard-final.html	225
NAVIGATION_AUTH_HINT	approved/private-profile-auth-guard-final.html	226
NAVIGATION_AUTH_HINT	approved/private-profile-auth-guard-final.html	227
NAVIGATION_AUTH_HINT	approved/private-profile-auth-guard-final.html	230
NAVIGATION_AUTH_HINT	approved/private-profile-auth-guard-final.html	231
NAVIGATION_AUTH_HINT	approved/private-profile-auth-guard-final.html	232
NAVIGATION_AUTH_HINT	approved/private-profile-auth-guard-final.html	233
NAVIGATION_AUTH_HINT	approved/private-profile-auth-guard-final.html	234
NAVIGATION_AUTH_HINT	approved/private-profile-auth-guard-final.html	235
NAVIGATION_AUTH_HINT	approved/private-profile-auth-guard-final.html	236
NAVIGATION_AUTH_HINT	approved/private-profile-auth-guard-final.html	238
NAVIGATION_AUTH_HINT	approved/private-profile-auth-guard-final.html	239
NAVIGATION_AUTH_HINT	approved/private-profile-auth-guard-final.html	338
NAVIGATION_AUTH_HINT	approved/private-profile-auth-guard-final.html	377
NAVIGATION_AUTH_HINT	approved/private-profile-auth-guard-final.html	391
NAVIGATION_AUTH_HINT	approved/private-profile-auth-guard-final.html	437
NAVIGATION_AUTH_HINT	approved/private-profile-auth-guard-final.html	449
NAVIGATION_AUTH_HINT	approved/private-profile-auth-guard-final.html	450
NAVIGATION_AUTH_HINT	approved/private-profile-auth-guard-final.html	453
NAVIGATION_AUTH_HINT	approved/private-profile-auth-guard-final.html	454
NAVIGATION_AUTH_HINT	approved/private-profile-before-auth-guard.html	15
NAVIGATION_AUTH_HINT	approved/private-profile-before-auth-guard.html	22
NAVIGATION_AUTH_HINT	approved/private-profile-before-auth-guard.html	31
NAVIGATION_AUTH_HINT	approved/private-profile-before-auth-guard.html	36
NAVIGATION_AUTH_HINT	approved/private-profile-before-auth-guard.html	37
NAVIGATION_AUTH_HINT	approved/private-profile-before-auth-guard.html	42
NAVIGATION_AUTH_HINT	approved/private-profile-before-auth-guard.html	43
NAVIGATION_AUTH_HINT	approved/private-profile-before-auth-guard.html	44
NAVIGATION_AUTH_HINT	approved/private-profile-before-auth-guard.html	58
NAVIGATION_AUTH_HINT	approved/private-profile-before-auth-guard.html	59
NAVIGATION_AUTH_HINT	approved/private-profile-before-auth-guard.html	60
NAVIGATION_AUTH_HINT	approved/private-profile-before-auth-guard.html	62
NAVIGATION_AUTH_HINT	approved/private-profile-before-auth-guard.html	67
NAVIGATION_AUTH_HINT	approved/private-profile-before-auth-guard.html	68
NAVIGATION_AUTH_HINT	approved/private-profile-before-auth-guard.html	69
NAVIGATION_AUTH_HINT	approved/private-profile-before-auth-guard.html	71
NAVIGATION_AUTH_HINT	approved/private-profile-before-auth-guard.html	72
NAVIGATION_AUTH_HINT	approved/private-profile-before-auth-guard.html	73
NAVIGATION_AUTH_HINT	approved/private-profile-before-auth-guard.html	74
NAVIGATION_AUTH_HINT	approved/private-profile-before-auth-guard.html	79
NAVIGATION_AUTH_HINT	approved/private-profile-before-auth-guard.html	80
NAVIGATION_AUTH_HINT	approved/private-profile-before-auth-guard.html	81
NAVIGATION_AUTH_HINT	approved/private-profile-before-auth-guard.html	82
NAVIGATION_AUTH_HINT	approved/private-profile-before-auth-guard.html	83
NAVIGATION_AUTH_HINT	approved/private-profile-before-auth-guard.html	84
NAVIGATION_AUTH_HINT	approved/private-profile-before-auth-guard.html	85
NAVIGATION_AUTH_HINT	approved/private-profile-before-auth-guard.html	88
NAVIGATION_AUTH_HINT	approved/private-profile-before-auth-guard.html	90
NAVIGATION_AUTH_HINT	approved/private-profile-before-auth-guard.html	91
NAVIGATION_AUTH_HINT	approved/private-profile-before-auth-guard.html	106
NAVIGATION_AUTH_HINT	approved/private-profile-before-auth-guard.html	107
NAVIGATION_AUTH_HINT	approved/private-profile-before-auth-guard.html	140
NAVIGATION_AUTH_HINT	approved/private-profile-before-auth-guard.html	178
NAVIGATION_AUTH_HINT	approved/private-profile-before-auth-guard.html	187
NAVIGATION_AUTH_HINT	approved/private-profile-before-auth-guard.html	188
NAVIGATION_AUTH_HINT	approved/private-profile-before-auth-guard.html	192
NAVIGATION_AUTH_HINT	approved/private-profile-before-auth-guard.html	199
NAVIGATION_AUTH_HINT	approved/private-profile-before-auth-guard.html	200
NAVIGATION_AUTH_HINT	approved/private-profile-before-auth-guard.html	201
NAVIGATION_AUTH_HINT	approved/private-profile-before-auth-guard.html	202
NAVIGATION_AUTH_HINT	approved/private-profile-before-auth-guard.html	203
NAVIGATION_AUTH_HINT	approved/private-profile-before-auth-guard.html	204
NAVIGATION_AUTH_HINT	approved/private-profile-before-auth-guard.html	205
NAVIGATION_AUTH_HINT	approved/private-profile-before-auth-guard.html	206
NAVIGATION_AUTH_HINT	approved/private-profile-before-auth-guard.html	213
NAVIGATION_AUTH_HINT	approved/private-profile-before-auth-guard.html	216
NAVIGATION_AUTH_HINT	approved/private-profile-before-auth-guard.html	217
NAVIGATION_AUTH_HINT	approved/private-profile-before-auth-guard.html	221
NAVIGATION_AUTH_HINT	approved/private-profile-before-auth-guard.html	222
NAVIGATION_AUTH_HINT	approved/private-profile-before-auth-guard.html	223
NAVIGATION_AUTH_HINT	approved/private-profile-before-auth-guard.html	224
NAVIGATION_AUTH_HINT	approved/private-profile-before-auth-guard.html	225
NAVIGATION_AUTH_HINT	approved/private-profile-before-auth-guard.html	226
NAVIGATION_AUTH_HINT	approved/private-profile-before-auth-guard.html	227
NAVIGATION_AUTH_HINT	approved/private-profile-before-auth-guard.html	230
NAVIGATION_AUTH_HINT	approved/private-profile-before-auth-guard.html	231
NAVIGATION_AUTH_HINT	approved/private-profile-before-auth-guard.html	232
NAVIGATION_AUTH_HINT	approved/private-profile-before-auth-guard.html	233
NAVIGATION_AUTH_HINT	approved/private-profile-before-auth-guard.html	234
NAVIGATION_AUTH_HINT	approved/private-profile-before-auth-guard.html	235
NAVIGATION_AUTH_HINT	approved/private-profile-before-auth-guard.html	236
NAVIGATION_AUTH_HINT	approved/private-profile-before-auth-guard.html	238
NAVIGATION_AUTH_HINT	approved/private-profile-before-auth-guard.html	239
NAVIGATION_AUTH_HINT	approved/private-profile-before-auth-guard.html	338
NAVIGATION_AUTH_HINT	approved/private-profile-before-auth-guard.html	377
NAVIGATION_AUTH_HINT	approved/private-profile-before-auth-guard.html	391
NAVIGATION_AUTH_HINT	approved/private-profile-before-auth-guard.html	437
NAVIGATION_AUTH_HINT	approved/private-profile-before-auth-guard.html	449
NAVIGATION_AUTH_HINT	approved/private-profile-before-auth-guard.html	450
NAVIGATION_AUTH_HINT	approved/private-profile-before-auth-guard.html	453
NAVIGATION_AUTH_HINT	approved/private-profile-before-auth-guard.html	454
NAVIGATION_AUTH_HINT	approved/private-profile.desktop-approved.html	15
NAVIGATION_AUTH_HINT	approved/private-profile.desktop-approved.html	22
NAVIGATION_AUTH_HINT	approved/private-profile.desktop-approved.html	31
NAVIGATION_AUTH_HINT	approved/private-profile.desktop-approved.html	36
NAVIGATION_AUTH_HINT	approved/private-profile.desktop-approved.html	37
NAVIGATION_AUTH_HINT	approved/private-profile.desktop-approved.html	42
NAVIGATION_AUTH_HINT	approved/private-profile.desktop-approved.html	43
NAVIGATION_AUTH_HINT	approved/private-profile.desktop-approved.html	44
NAVIGATION_AUTH_HINT	approved/private-profile.desktop-approved.html	58
NAVIGATION_AUTH_HINT	approved/private-profile.desktop-approved.html	59
NAVIGATION_AUTH_HINT	approved/private-profile.desktop-approved.html	60
NAVIGATION_AUTH_HINT	approved/private-profile.desktop-approved.html	62
NAVIGATION_AUTH_HINT	approved/private-profile.desktop-approved.html	67
NAVIGATION_AUTH_HINT	approved/private-profile.desktop-approved.html	68
NAVIGATION_AUTH_HINT	approved/private-profile.desktop-approved.html	69
NAVIGATION_AUTH_HINT	approved/private-profile.desktop-approved.html	71
NAVIGATION_AUTH_HINT	approved/private-profile.desktop-approved.html	72
NAVIGATION_AUTH_HINT	approved/private-profile.desktop-approved.html	73
NAVIGATION_AUTH_HINT	approved/private-profile.desktop-approved.html	74
NAVIGATION_AUTH_HINT	approved/private-profile.desktop-approved.html	79
NAVIGATION_AUTH_HINT	approved/private-profile.desktop-approved.html	80
NAVIGATION_AUTH_HINT	approved/private-profile.desktop-approved.html	81
NAVIGATION_AUTH_HINT	approved/private-profile.desktop-approved.html	82
NAVIGATION_AUTH_HINT	approved/private-profile.desktop-approved.html	83
NAVIGATION_AUTH_HINT	approved/private-profile.desktop-approved.html	84
NAVIGATION_AUTH_HINT	approved/private-profile.desktop-approved.html	85
NAVIGATION_AUTH_HINT	approved/private-profile.desktop-approved.html	88
NAVIGATION_AUTH_HINT	approved/private-profile.desktop-approved.html	90
NAVIGATION_AUTH_HINT	approved/private-profile.desktop-approved.html	91
NAVIGATION_AUTH_HINT	approved/private-profile.desktop-approved.html	106
NAVIGATION_AUTH_HINT	approved/private-profile.desktop-approved.html	107
NAVIGATION_AUTH_HINT	approved/private-profile.desktop-approved.html	140
NAVIGATION_AUTH_HINT	approved/private-profile.desktop-approved.html	178
NAVIGATION_AUTH_HINT	approved/private-profile.desktop-approved.html	187
NAVIGATION_AUTH_HINT	approved/private-profile.desktop-approved.html	188
NAVIGATION_AUTH_HINT	approved/private-profile.desktop-approved.html	192
NAVIGATION_AUTH_HINT	approved/private-profile.desktop-approved.html	199
NAVIGATION_AUTH_HINT	approved/private-profile.desktop-approved.html	200
NAVIGATION_AUTH_HINT	approved/private-profile.desktop-approved.html	201
NAVIGATION_AUTH_HINT	approved/private-profile.desktop-approved.html	202
NAVIGATION_AUTH_HINT	approved/private-profile.desktop-approved.html	203
NAVIGATION_AUTH_HINT	approved/private-profile.desktop-approved.html	204
NAVIGATION_AUTH_HINT	approved/private-profile.desktop-approved.html	205
NAVIGATION_AUTH_HINT	approved/private-profile.desktop-approved.html	206
NAVIGATION_AUTH_HINT	approved/private-profile.desktop-approved.html	213
NAVIGATION_AUTH_HINT	approved/private-profile.desktop-approved.html	216
NAVIGATION_AUTH_HINT	approved/private-profile.desktop-approved.html	217
NAVIGATION_AUTH_HINT	approved/private-profile.desktop-approved.html	221
NAVIGATION_AUTH_HINT	approved/private-profile.desktop-approved.html	222
NAVIGATION_AUTH_HINT	approved/private-profile.desktop-approved.html	223
NAVIGATION_AUTH_HINT	approved/private-profile.desktop-approved.html	224
NAVIGATION_AUTH_HINT	approved/private-profile.desktop-approved.html	225
NAVIGATION_AUTH_HINT	approved/private-profile.desktop-approved.html	226
NAVIGATION_AUTH_HINT	approved/private-profile.desktop-approved.html	227
NAVIGATION_AUTH_HINT	approved/private-profile.desktop-approved.html	230
NAVIGATION_AUTH_HINT	approved/private-profile.desktop-approved.html	231
NAVIGATION_AUTH_HINT	approved/private-profile.desktop-approved.html	232
NAVIGATION_AUTH_HINT	approved/private-profile.desktop-approved.html	233
NAVIGATION_AUTH_HINT	approved/private-profile.desktop-approved.html	234
NAVIGATION_AUTH_HINT	approved/private-profile.desktop-approved.html	235
NAVIGATION_AUTH_HINT	approved/private-profile.desktop-approved.html	236
NAVIGATION_AUTH_HINT	approved/private-profile.desktop-approved.html	238
NAVIGATION_AUTH_HINT	approved/private-profile.desktop-approved.html	239
NAVIGATION_AUTH_HINT	approved/private-profile.desktop-approved.html	338
NAVIGATION_AUTH_HINT	approved/private-profile.desktop-approved.html	377
NAVIGATION_AUTH_HINT	approved/private-profile.desktop-approved.html	391
NAVIGATION_AUTH_HINT	approved/private-profile.desktop-approved.html	437
NAVIGATION_AUTH_HINT	approved/private-profile.desktop-approved.html	449
NAVIGATION_AUTH_HINT	approved/private-profile.desktop-approved.html	450
NAVIGATION_AUTH_HINT	approved/private-profile.desktop-approved.html	453
NAVIGATION_AUTH_HINT	approved/private-profile.desktop-approved.html	454
NAVIGATION_AUTH_HINT	approved/private-profile.final-approved.html	15
NAVIGATION_AUTH_HINT	approved/private-profile.final-approved.html	22
NAVIGATION_AUTH_HINT	approved/private-profile.final-approved.html	31
NAVIGATION_AUTH_HINT	approved/private-profile.final-approved.html	36
NAVIGATION_AUTH_HINT	approved/private-profile.final-approved.html	37
NAVIGATION_AUTH_HINT	approved/private-profile.final-approved.html	42
NAVIGATION_AUTH_HINT	approved/private-profile.final-approved.html	43
NAVIGATION_AUTH_HINT	approved/private-profile.final-approved.html	44
NAVIGATION_AUTH_HINT	approved/private-profile.final-approved.html	58
NAVIGATION_AUTH_HINT	approved/private-profile.final-approved.html	59
NAVIGATION_AUTH_HINT	approved/private-profile.final-approved.html	60
NAVIGATION_AUTH_HINT	approved/private-profile.final-approved.html	62
NAVIGATION_AUTH_HINT	approved/private-profile.final-approved.html	67
NAVIGATION_AUTH_HINT	approved/private-profile.final-approved.html	68
NAVIGATION_AUTH_HINT	approved/private-profile.final-approved.html	69
NAVIGATION_AUTH_HINT	approved/private-profile.final-approved.html	71
NAVIGATION_AUTH_HINT	approved/private-profile.final-approved.html	72
NAVIGATION_AUTH_HINT	approved/private-profile.final-approved.html	73
NAVIGATION_AUTH_HINT	approved/private-profile.final-approved.html	74
NAVIGATION_AUTH_HINT	approved/private-profile.final-approved.html	79
NAVIGATION_AUTH_HINT	approved/private-profile.final-approved.html	80
NAVIGATION_AUTH_HINT	approved/private-profile.final-approved.html	81
NAVIGATION_AUTH_HINT	approved/private-profile.final-approved.html	82
NAVIGATION_AUTH_HINT	approved/private-profile.final-approved.html	83
NAVIGATION_AUTH_HINT	approved/private-profile.final-approved.html	84
NAVIGATION_AUTH_HINT	approved/private-profile.final-approved.html	85
NAVIGATION_AUTH_HINT	approved/private-profile.final-approved.html	88
NAVIGATION_AUTH_HINT	approved/private-profile.final-approved.html	90
NAVIGATION_AUTH_HINT	approved/private-profile.final-approved.html	91
NAVIGATION_AUTH_HINT	approved/private-profile.final-approved.html	106
NAVIGATION_AUTH_HINT	approved/private-profile.final-approved.html	107
NAVIGATION_AUTH_HINT	approved/private-profile.final-approved.html	140
NAVIGATION_AUTH_HINT	approved/private-profile.final-approved.html	178
NAVIGATION_AUTH_HINT	approved/private-profile.final-approved.html	187
NAVIGATION_AUTH_HINT	approved/private-profile.final-approved.html	188
NAVIGATION_AUTH_HINT	approved/private-profile.final-approved.html	192
NAVIGATION_AUTH_HINT	approved/private-profile.final-approved.html	199
NAVIGATION_AUTH_HINT	approved/private-profile.final-approved.html	200
NAVIGATION_AUTH_HINT	approved/private-profile.final-approved.html	201
NAVIGATION_AUTH_HINT	approved/private-profile.final-approved.html	202
NAVIGATION_AUTH_HINT	approved/private-profile.final-approved.html	203
NAVIGATION_AUTH_HINT	approved/private-profile.final-approved.html	204
NAVIGATION_AUTH_HINT	approved/private-profile.final-approved.html	205
NAVIGATION_AUTH_HINT	approved/private-profile.final-approved.html	206
NAVIGATION_AUTH_HINT	approved/private-profile.final-approved.html	213
NAVIGATION_AUTH_HINT	approved/private-profile.final-approved.html	216
NAVIGATION_AUTH_HINT	approved/private-profile.final-approved.html	217
NAVIGATION_AUTH_HINT	approved/private-profile.final-approved.html	221
NAVIGATION_AUTH_HINT	approved/private-profile.final-approved.html	222
NAVIGATION_AUTH_HINT	approved/private-profile.final-approved.html	223
NAVIGATION_AUTH_HINT	approved/private-profile.final-approved.html	224
NAVIGATION_AUTH_HINT	approved/private-profile.final-approved.html	225
NAVIGATION_AUTH_HINT	approved/private-profile.final-approved.html	226
NAVIGATION_AUTH_HINT	approved/private-profile.final-approved.html	227
NAVIGATION_AUTH_HINT	approved/private-profile.final-approved.html	230
NAVIGATION_AUTH_HINT	approved/private-profile.final-approved.html	231
NAVIGATION_AUTH_HINT	approved/private-profile.final-approved.html	232
NAVIGATION_AUTH_HINT	approved/private-profile.final-approved.html	233
NAVIGATION_AUTH_HINT	approved/private-profile.final-approved.html	234
NAVIGATION_AUTH_HINT	approved/private-profile.final-approved.html	235
NAVIGATION_AUTH_HINT	approved/private-profile.final-approved.html	236
NAVIGATION_AUTH_HINT	approved/private-profile.final-approved.html	238
NAVIGATION_AUTH_HINT	approved/private-profile.final-approved.html	239
NAVIGATION_AUTH_HINT	approved/private-profile.final-approved.html	338
NAVIGATION_AUTH_HINT	approved/private-profile.final-approved.html	377
NAVIGATION_AUTH_HINT	approved/private-profile.final-approved.html	391
NAVIGATION_AUTH_HINT	approved/private-profile.final-approved.html	437
NAVIGATION_AUTH_HINT	approved/private-profile.final-approved.html	449
NAVIGATION_AUTH_HINT	approved/private-profile.final-approved.html	450
NAVIGATION_AUTH_HINT	approved/private-profile.final-approved.html	453
NAVIGATION_AUTH_HINT	approved/private-profile.final-approved.html	454
NAVIGATION_AUTH_HINT	approved/public-desktop-audit.md	103
NAVIGATION_AUTH_HINT	approved/public-desktop-audit.md	479
NAVIGATION_AUTH_HINT	approved/public-desktop-audit.md	487
NAVIGATION_AUTH_HINT	approved/public-desktop-audit.md	510
NAVIGATION_AUTH_HINT	approved/public-desktop-audit.md	514
NAVIGATION_AUTH_HINT	approved/public-mobile-audit.md	103
NAVIGATION_AUTH_HINT	approved/public-mobile-audit.md	479
NAVIGATION_AUTH_HINT	approved/public-mobile-audit.md	487
NAVIGATION_AUTH_HINT	approved/public-mobile-audit.md	510
NAVIGATION_AUTH_HINT	approved/public-mobile-audit.md	514
NAVIGATION_AUTH_HINT	approved/public-profile.final-approved.html	698
NAVIGATION_AUTH_HINT	approved/public-profile.final-approved.html	707
NAVIGATION_AUTH_HINT	approved/public-profile.final-approved.html	935
NAVIGATION_AUTH_HINT	approved/public-profile.final-approved.html	958
NAVIGATION_AUTH_HINT	approved/public-profile.final-approved.html	1153
NAVIGATION_AUTH_HINT	approved/public-profile.final-approved.html	1157
NAVIGATION_AUTH_HINT	approved/public-profile.final-approved.html	1309
NAVIGATION_AUTH_HINT	approved/public-profile.final-approved.html	1348
NAVIGATION_AUTH_HINT	approved/public-profile.final-approved.html	1362
NAVIGATION_AUTH_HINT	approved/public-profile.mobile-approved.html	698
NAVIGATION_AUTH_HINT	approved/public-profile.mobile-approved.html	707
NAVIGATION_AUTH_HINT	approved/public-profile.mobile-approved.html	935
NAVIGATION_AUTH_HINT	approved/public-profile.mobile-approved.html	958
NAVIGATION_AUTH_HINT	approved/public-profile.mobile-approved.html	1153
NAVIGATION_AUTH_HINT	approved/public-profile.mobile-approved.html	1157
NAVIGATION_AUTH_HINT	approved/public-profile.mobile-approved.html	1309
NAVIGATION_AUTH_HINT	approved/public-profile.mobile-approved.html	1348
NAVIGATION_AUTH_HINT	approved/public-profile.mobile-approved.html	1362
NAVIGATION_AUTH_HINT	approved/require-auth-approved.js	7
NAVIGATION_AUTH_HINT	approved/require-auth-approved.js	15
NAVIGATION_AUTH_HINT	approved/require-auth-approved.js	21
NAVIGATION_AUTH_HINT	approved/require-auth-approved.js	25
NAVIGATION_AUTH_HINT	approved/require-auth-approved.js	28
NAVIGATION_AUTH_HINT	approved/require-auth-final.js	7
NAVIGATION_AUTH_HINT	approved/require-auth-final.js	15
NAVIGATION_AUTH_HINT	approved/require-auth-final.js	21
NAVIGATION_AUTH_HINT	approved/require-auth-final.js	25
NAVIGATION_AUTH_HINT	approved/require-auth-final.js	28
NAVIGATION_AUTH_HINT	approved/service-worker-clerk-cache-7-1/sw-before-clerk-cache-cleanup-20260708.js	5
NAVIGATION_AUTH_HINT	approved/service-worker-clerk-cache-7-1/sw-before-clerk-cache-cleanup-20260708.js	6
NAVIGATION_AUTH_HINT	approved/service-worker-clerk-cache-7-1/sw-before-clerk-cache-cleanup-20260708.js	7
NAVIGATION_AUTH_HINT	approved/social-ui-before-force-post-options-menu-20260708.js	53
NAVIGATION_AUTH_HINT	approved/social-ui-before-force-post-options-menu-20260708.js	60
NAVIGATION_AUTH_HINT	approved/social-ui-before-force-post-options-menu-20260708.js	482
NAVIGATION_AUTH_HINT	approved/social-ui-before-force-post-options-menu-20260708.js	673
NAVIGATION_AUTH_HINT	approved/social-ui-before-force-post-options-menu-20260708.js	674
NAVIGATION_AUTH_HINT	approved/social-ui-before-force-post-options-menu-20260708.js	675
NAVIGATION_AUTH_HINT	approved/social-ui-before-force-post-options-menu-20260708.js	692
NAVIGATION_AUTH_HINT	approved/social-ui-before-force-post-options-menu-20260708.js	700
NAVIGATION_AUTH_HINT	approved/social-ui-before-force-post-options-menu-20260708.js	712
NAVIGATION_AUTH_HINT	approved/social-ui-before-force-post-options-menu-20260708.js	713
NAVIGATION_AUTH_HINT	approved/social-ui-before-force-post-options-menu-20260708.js	714
NAVIGATION_AUTH_HINT	approved/social-ui-before-force-post-options-menu-20260708.js	719
NAVIGATION_AUTH_HINT	approved/social-ui-before-force-post-options-menu-20260708.js	720
NAVIGATION_AUTH_HINT	approved/social-ui-before-force-post-options-menu-20260708.js	725
NAVIGATION_AUTH_HINT	approved/social-ui-before-force-post-options-menu-20260708.js	727
NAVIGATION_AUTH_HINT	approved/social-ui-before-force-post-options-menu-20260708.js	1493
NAVIGATION_AUTH_HINT	approved/social-ui-before-force-post-options-menu-20260708.js	1496
NAVIGATION_AUTH_HINT	approved/social-ui-before-force-post-options-menu-20260708.js	1513
NAVIGATION_AUTH_HINT	approved/social-ui-before-force-post-options-menu-20260708.js	1668
NAVIGATION_AUTH_HINT	approved/social-ui-before-force-post-options-menu-20260708.js	2739
NAVIGATION_AUTH_HINT	approved/social-ui-before-force-post-options-menu-20260708.js	2740
NAVIGATION_AUTH_HINT	approved/social-ui-before-force-post-options-menu-20260708.js	2741
NAVIGATION_AUTH_HINT	approved/social-ui-before-force-post-options-menu-20260708.js	2742
NAVIGATION_AUTH_HINT	approved/social-ui-before-force-post-options-menu-20260708.js	2743
NAVIGATION_AUTH_HINT	approved/social-ui-before-force-post-options-menu-20260708.js	2810
NAVIGATION_AUTH_HINT	approved/social-ui-before-force-post-options-menu-20260708.js	2816
NAVIGATION_AUTH_HINT	approved/social-ui-before-force-post-options-menu-20260708.js	2820
NAVIGATION_AUTH_HINT	approved/social-ui-before-force-post-options-menu-20260708.js	2824
NAVIGATION_AUTH_HINT	approved/social-ui-before-force-post-options-menu-20260708.js	2826
NAVIGATION_AUTH_HINT	approved/social-ui-before-force-post-options-menu-20260708.js	2828
NAVIGATION_AUTH_HINT	approved/social-ui-before-force-post-options-menu-20260708.js	2858
NAVIGATION_AUTH_HINT	approved/social-ui-before-force-post-options-menu-20260708.js	2859
NAVIGATION_AUTH_HINT	approved/social-ui-before-force-post-options-menu-20260708.js	2860
NAVIGATION_AUTH_HINT	approved/social-ui-before-force-post-options-menu-20260708.js	2862
NAVIGATION_AUTH_HINT	approved/social-ui-before-force-post-options-menu-20260708.js	2864
NAVIGATION_AUTH_HINT	approved/social-ui-before-force-post-options-menu-20260708.js	2871
NAVIGATION_AUTH_HINT	approved/social-ui-before-force-post-options-menu-20260708.js	2872
NAVIGATION_AUTH_HINT	approved/social-ui-before-force-post-options-menu-20260708.js	2873
NAVIGATION_AUTH_HINT	approved/social-ui-before-force-post-options-menu-20260708.js	2876
NAVIGATION_AUTH_HINT	approved/social-ui-before-force-post-options-menu-20260708.js	3049
NAVIGATION_AUTH_HINT	approved/social-ui-before-force-post-options-menu-20260708.js	3068
NAVIGATION_AUTH_HINT	approved/social-ui-before-force-post-options-menu-20260708.js	3074
NAVIGATION_AUTH_HINT	approved/social-ui-before-force-post-options-menu-20260708.js	3081
NAVIGATION_AUTH_HINT	approved/social-ui-before-force-post-options-menu-20260708.js	3100
NAVIGATION_AUTH_HINT	approved/social-ui-before-force-post-options-menu-20260708.js	3101
NAVIGATION_AUTH_HINT	approved/social-ui-before-force-post-options-menu-20260708.js	3102
NAVIGATION_AUTH_HINT	approved/social-ui-before-force-post-options-menu-20260708.js	3125
NAVIGATION_AUTH_HINT	approved/social-ui-before-force-post-options-menu-20260708.js	3126
NAVIGATION_AUTH_HINT	approved/social-ui-before-force-post-options-menu-20260708.js	3127
NAVIGATION_AUTH_HINT	approved/social-ui-before-force-post-options-menu-20260708.js	3134
NAVIGATION_AUTH_HINT	approved/social-ui-before-force-post-options-menu-20260708.js	3149
NAVIGATION_AUTH_HINT	approved/social-ui-before-force-post-options-menu-20260708.js	3186
NAVIGATION_AUTH_HINT	approved/social-ui-before-post-options-menu-tiger-care-20260707.js	53
NAVIGATION_AUTH_HINT	approved/social-ui-before-post-options-menu-tiger-care-20260707.js	60
NAVIGATION_AUTH_HINT	approved/social-ui-before-post-options-menu-tiger-care-20260707.js	454
NAVIGATION_AUTH_HINT	approved/social-ui-before-post-options-menu-tiger-care-20260707.js	455
NAVIGATION_AUTH_HINT	approved/social-ui-before-post-options-menu-tiger-care-20260707.js	456
NAVIGATION_AUTH_HINT	approved/social-ui-before-post-options-menu-tiger-care-20260707.js	473
NAVIGATION_AUTH_HINT	approved/social-ui-before-post-options-menu-tiger-care-20260707.js	481
NAVIGATION_AUTH_HINT	approved/social-ui-before-post-options-menu-tiger-care-20260707.js	493
NAVIGATION_AUTH_HINT	approved/social-ui-before-post-options-menu-tiger-care-20260707.js	494
NAVIGATION_AUTH_HINT	approved/social-ui-before-post-options-menu-tiger-care-20260707.js	495
NAVIGATION_AUTH_HINT	approved/social-ui-before-post-options-menu-tiger-care-20260707.js	500
NAVIGATION_AUTH_HINT	approved/social-ui-before-post-options-menu-tiger-care-20260707.js	501
NAVIGATION_AUTH_HINT	approved/social-ui-before-post-options-menu-tiger-care-20260707.js	506
NAVIGATION_AUTH_HINT	approved/social-ui-before-post-options-menu-tiger-care-20260707.js	508
NAVIGATION_AUTH_HINT	approved/social-ui-before-post-options-menu-tiger-care-20260707.js	1274
NAVIGATION_AUTH_HINT	approved/social-ui-before-post-options-menu-tiger-care-20260707.js	1277
NAVIGATION_AUTH_HINT	approved/social-ui-before-post-options-menu-tiger-care-20260707.js	1294
NAVIGATION_AUTH_HINT	approved/social-ui-before-post-options-menu-tiger-care-20260707.js	1449
NAVIGATION_AUTH_HINT	approved/social-ui-before-post-options-menu-tiger-care-20260707.js	2520
NAVIGATION_AUTH_HINT	approved/social-ui-before-post-options-menu-tiger-care-20260707.js	2521
NAVIGATION_AUTH_HINT	approved/social-ui-before-post-options-menu-tiger-care-20260707.js	2522
NAVIGATION_AUTH_HINT	approved/social-ui-before-post-options-menu-tiger-care-20260707.js	2523
NAVIGATION_AUTH_HINT	approved/social-ui-before-post-options-menu-tiger-care-20260707.js	2524
NAVIGATION_AUTH_HINT	approved/social-ui-before-post-options-menu-tiger-care-20260707.js	2591
NAVIGATION_AUTH_HINT	approved/social-ui-before-post-options-menu-tiger-care-20260707.js	2597
NAVIGATION_AUTH_HINT	approved/social-ui-before-post-options-menu-tiger-care-20260707.js	2601
NAVIGATION_AUTH_HINT	approved/social-ui-before-post-options-menu-tiger-care-20260707.js	2605
NAVIGATION_AUTH_HINT	approved/social-ui-before-post-options-menu-tiger-care-20260707.js	2607
NAVIGATION_AUTH_HINT	approved/social-ui-before-post-options-menu-tiger-care-20260707.js	2609
NAVIGATION_AUTH_HINT	approved/social-ui-before-post-options-menu-tiger-care-20260707.js	2639
NAVIGATION_AUTH_HINT	approved/social-ui-before-post-options-menu-tiger-care-20260707.js	2640
NAVIGATION_AUTH_HINT	approved/social-ui-before-post-options-menu-tiger-care-20260707.js	2641
NAVIGATION_AUTH_HINT	approved/social-ui-before-post-options-menu-tiger-care-20260707.js	2643
NAVIGATION_AUTH_HINT	approved/social-ui-before-post-options-menu-tiger-care-20260707.js	2645
NAVIGATION_AUTH_HINT	approved/social-ui-before-post-options-menu-tiger-care-20260707.js	2652
NAVIGATION_AUTH_HINT	approved/social-ui-before-post-options-menu-tiger-care-20260707.js	2653
NAVIGATION_AUTH_HINT	approved/social-ui-before-post-options-menu-tiger-care-20260707.js	2654
NAVIGATION_AUTH_HINT	approved/social-ui-before-post-options-menu-tiger-care-20260707.js	2657
NAVIGATION_AUTH_HINT	approved/social-ui-before-post-options-menu-tiger-care-20260707.js	2830
NAVIGATION_AUTH_HINT	approved/social-ui-before-post-options-menu-tiger-care-20260707.js	2849
NAVIGATION_AUTH_HINT	approved/social-ui-before-post-options-menu-tiger-care-20260707.js	2855
NAVIGATION_AUTH_HINT	approved/social-ui-before-post-options-menu-tiger-care-20260707.js	2862
NAVIGATION_AUTH_HINT	approved/social-ui-before-post-options-menu-tiger-care-20260707.js	2881
NAVIGATION_AUTH_HINT	approved/social-ui-before-post-options-menu-tiger-care-20260707.js	2882
NAVIGATION_AUTH_HINT	approved/social-ui-before-post-options-menu-tiger-care-20260707.js	2883
NAVIGATION_AUTH_HINT	approved/social-ui-before-post-options-menu-tiger-care-20260707.js	2906
NAVIGATION_AUTH_HINT	approved/social-ui-before-post-options-menu-tiger-care-20260707.js	2907
NAVIGATION_AUTH_HINT	approved/social-ui-before-post-options-menu-tiger-care-20260707.js	2908
NAVIGATION_AUTH_HINT	approved/social-ui-before-post-options-menu-tiger-care-20260707.js	2915
NAVIGATION_AUTH_HINT	approved/social-ui-before-post-options-menu-tiger-care-20260707.js	2930
NAVIGATION_AUTH_HINT	approved/social-ui-before-post-options-menu-tiger-care-20260707.js	2967
NAVIGATION_AUTH_HINT	approved/social-ui-before-tiger-care-feedback-fix-20260708.js	53
NAVIGATION_AUTH_HINT	approved/social-ui-before-tiger-care-feedback-fix-20260708.js	60
NAVIGATION_AUTH_HINT	approved/social-ui-before-tiger-care-feedback-fix-20260708.js	482
NAVIGATION_AUTH_HINT	approved/social-ui-before-tiger-care-feedback-fix-20260708.js	703
NAVIGATION_AUTH_HINT	approved/social-ui-before-tiger-care-feedback-fix-20260708.js	704
NAVIGATION_AUTH_HINT	approved/social-ui-before-tiger-care-feedback-fix-20260708.js	705
NAVIGATION_AUTH_HINT	approved/social-ui-before-tiger-care-feedback-fix-20260708.js	722
NAVIGATION_AUTH_HINT	approved/social-ui-before-tiger-care-feedback-fix-20260708.js	730
NAVIGATION_AUTH_HINT	approved/social-ui-before-tiger-care-feedback-fix-20260708.js	742
NAVIGATION_AUTH_HINT	approved/social-ui-before-tiger-care-feedback-fix-20260708.js	743
NAVIGATION_AUTH_HINT	approved/social-ui-before-tiger-care-feedback-fix-20260708.js	744
NAVIGATION_AUTH_HINT	approved/social-ui-before-tiger-care-feedback-fix-20260708.js	749
NAVIGATION_AUTH_HINT	approved/social-ui-before-tiger-care-feedback-fix-20260708.js	750
NAVIGATION_AUTH_HINT	approved/social-ui-before-tiger-care-feedback-fix-20260708.js	755
NAVIGATION_AUTH_HINT	approved/social-ui-before-tiger-care-feedback-fix-20260708.js	757
NAVIGATION_AUTH_HINT	approved/social-ui-before-tiger-care-feedback-fix-20260708.js	1523
NAVIGATION_AUTH_HINT	approved/social-ui-before-tiger-care-feedback-fix-20260708.js	1526
NAVIGATION_AUTH_HINT	approved/social-ui-before-tiger-care-feedback-fix-20260708.js	1543
NAVIGATION_AUTH_HINT	approved/social-ui-before-tiger-care-feedback-fix-20260708.js	1698
NAVIGATION_AUTH_HINT	approved/social-ui-before-tiger-care-feedback-fix-20260708.js	2769
NAVIGATION_AUTH_HINT	approved/social-ui-before-tiger-care-feedback-fix-20260708.js	2770
NAVIGATION_AUTH_HINT	approved/social-ui-before-tiger-care-feedback-fix-20260708.js	2771
NAVIGATION_AUTH_HINT	approved/social-ui-before-tiger-care-feedback-fix-20260708.js	2772
NAVIGATION_AUTH_HINT	approved/social-ui-before-tiger-care-feedback-fix-20260708.js	2773
NAVIGATION_AUTH_HINT	approved/social-ui-before-tiger-care-feedback-fix-20260708.js	2840
NAVIGATION_AUTH_HINT	approved/social-ui-before-tiger-care-feedback-fix-20260708.js	2846
NAVIGATION_AUTH_HINT	approved/social-ui-before-tiger-care-feedback-fix-20260708.js	2850
NAVIGATION_AUTH_HINT	approved/social-ui-before-tiger-care-feedback-fix-20260708.js	2854
NAVIGATION_AUTH_HINT	approved/social-ui-before-tiger-care-feedback-fix-20260708.js	2856
NAVIGATION_AUTH_HINT	approved/social-ui-before-tiger-care-feedback-fix-20260708.js	2858
NAVIGATION_AUTH_HINT	approved/social-ui-before-tiger-care-feedback-fix-20260708.js	2888
NAVIGATION_AUTH_HINT	approved/social-ui-before-tiger-care-feedback-fix-20260708.js	2889
NAVIGATION_AUTH_HINT	approved/social-ui-before-tiger-care-feedback-fix-20260708.js	2890
NAVIGATION_AUTH_HINT	approved/social-ui-before-tiger-care-feedback-fix-20260708.js	2892
NAVIGATION_AUTH_HINT	approved/social-ui-before-tiger-care-feedback-fix-20260708.js	2894
NAVIGATION_AUTH_HINT	approved/social-ui-before-tiger-care-feedback-fix-20260708.js	2901
NAVIGATION_AUTH_HINT	approved/social-ui-before-tiger-care-feedback-fix-20260708.js	2902
NAVIGATION_AUTH_HINT	approved/social-ui-before-tiger-care-feedback-fix-20260708.js	2903
NAVIGATION_AUTH_HINT	approved/social-ui-before-tiger-care-feedback-fix-20260708.js	2906
NAVIGATION_AUTH_HINT	approved/social-ui-before-tiger-care-feedback-fix-20260708.js	3079
NAVIGATION_AUTH_HINT	approved/social-ui-before-tiger-care-feedback-fix-20260708.js	3098
NAVIGATION_AUTH_HINT	approved/social-ui-before-tiger-care-feedback-fix-20260708.js	3104
NAVIGATION_AUTH_HINT	approved/social-ui-before-tiger-care-feedback-fix-20260708.js	3111
NAVIGATION_AUTH_HINT	approved/social-ui-before-tiger-care-feedback-fix-20260708.js	3130
NAVIGATION_AUTH_HINT	approved/social-ui-before-tiger-care-feedback-fix-20260708.js	3131
NAVIGATION_AUTH_HINT	approved/social-ui-before-tiger-care-feedback-fix-20260708.js	3132
NAVIGATION_AUTH_HINT	approved/social-ui-before-tiger-care-feedback-fix-20260708.js	3155
NAVIGATION_AUTH_HINT	approved/social-ui-before-tiger-care-feedback-fix-20260708.js	3156
NAVIGATION_AUTH_HINT	approved/social-ui-before-tiger-care-feedback-fix-20260708.js	3157
NAVIGATION_AUTH_HINT	approved/social-ui-before-tiger-care-feedback-fix-20260708.js	3164
NAVIGATION_AUTH_HINT	approved/social-ui-before-tiger-care-feedback-fix-20260708.js	3179
NAVIGATION_AUTH_HINT	approved/social-ui-before-tiger-care-feedback-fix-20260708.js	3216
NAVIGATION_AUTH_HINT	approved/styles-before-post-options-menu-tiger-care-20260707.css	308
NAVIGATION_AUTH_HINT	approved/styles-before-post-options-menu-tiger-care-20260707.css	309
NAVIGATION_AUTH_HINT	approved/styles-before-post-options-menu-tiger-care-20260707.css	314
NAVIGATION_AUTH_HINT	approved/styles-before-post-options-menu-tiger-care-20260707.css	538
NAVIGATION_AUTH_HINT	approved/styles-before-post-options-menu-tiger-care-20260707.css	1177
NAVIGATION_AUTH_HINT	approved/styles-before-post-options-menu-tiger-care-20260707.css	1184
NAVIGATION_AUTH_HINT	approved/styles-before-post-options-menu-tiger-care-20260707.css	1193
NAVIGATION_AUTH_HINT	approved/styles-before-post-options-menu-tiger-care-20260707.css	1197
NAVIGATION_AUTH_HINT	approved/styles-before-post-options-menu-tiger-care-20260707.css	1290
NAVIGATION_AUTH_HINT	approved/styles-before-post-options-menu-tiger-care-20260707.css	1638
NAVIGATION_AUTH_HINT	approved/styles-before-post-options-menu-tiger-care-20260707.css	1643
NAVIGATION_AUTH_HINT	approved/styles-before-post-options-menu-tiger-care-20260707.css	1644
NAVIGATION_AUTH_HINT	approved/styles-before-post-options-menu-tiger-care-20260707.css	2799
NAVIGATION_AUTH_HINT	approved/styles-before-post-options-menu-tiger-care-20260707.css	2812
NAVIGATION_AUTH_HINT	approved/styles-before-post-options-menu-tiger-care-20260707.css	2816
NAVIGATION_AUTH_HINT	approved/styles-before-post-options-menu-tiger-care-20260707.css	2821
NAVIGATION_AUTH_HINT	approved/styles-before-post-options-menu-tiger-care-20260707.css	2848
NAVIGATION_AUTH_HINT	approved/styles-before-post-options-menu-tiger-care-20260707.css	3000
NAVIGATION_AUTH_HINT	approved/styles-before-post-options-menu-tiger-care-20260707.css	3014
NAVIGATION_AUTH_HINT	approved/styles-before-post-options-menu-tiger-care-20260707.css	3022
NAVIGATION_AUTH_HINT	approved/styles-before-post-options-menu-tiger-care-20260707.css	3032
NAVIGATION_AUTH_HINT	approved/styles-before-post-options-menu-tiger-care-20260707.css	3039
NAVIGATION_AUTH_HINT	approved/styles-before-post-options-menu-tiger-care-20260707.css	3047
NAVIGATION_AUTH_HINT	approved/styles-before-post-options-menu-tiger-care-20260707.css	3051
NAVIGATION_AUTH_HINT	approved/styles-before-post-options-menu-tiger-care-20260707.css	3062
NAVIGATION_AUTH_HINT	approved/styles-before-post-options-menu-tiger-care-20260707.css	3070
NAVIGATION_AUTH_HINT	approved/styles-before-post-options-menu-tiger-care-20260707.css	3074
NAVIGATION_AUTH_HINT	approved/styles-before-post-options-menu-tiger-care-20260707.css	3080
NAVIGATION_AUTH_HINT	approved/styles-before-post-options-menu-tiger-care-20260707.css	3087
NAVIGATION_AUTH_HINT	approved/styles-before-post-options-menu-tiger-care-20260707.css	3099
NAVIGATION_AUTH_HINT	approved/styles-before-post-options-menu-tiger-care-20260707.css	3103
NAVIGATION_AUTH_HINT	approved/styles-before-post-options-menu-tiger-care-20260707.css	3120
NAVIGATION_AUTH_HINT	approved/styles-before-post-options-menu-tiger-care-20260707.css	3127
NAVIGATION_AUTH_HINT	approved/styles-before-post-options-menu-tiger-care-20260707.css	3133
NAVIGATION_AUTH_HINT	approved/styles-before-post-options-menu-tiger-care-20260707.css	3145
NAVIGATION_AUTH_HINT	approved/styles-before-post-options-menu-tiger-care-20260707.css	3149
NAVIGATION_AUTH_HINT	approved/styles-before-post-options-menu-tiger-care-20260707.css	3433
NAVIGATION_AUTH_HINT	approved/styles-before-post-options-menu-tiger-care-20260707.css	3443
NAVIGATION_AUTH_HINT	approved/styles-before-post-options-menu-tiger-care-20260707.css	3447
NAVIGATION_AUTH_HINT	approved/styles-before-post-options-menu-tiger-care-20260707.css	3458
NAVIGATION_AUTH_HINT	approved/styles-before-post-options-menu-tiger-care-20260707.css	3463
NAVIGATION_AUTH_HINT	approved/styles-before-post-options-menu-tiger-care-20260707.css	3473
NAVIGATION_AUTH_HINT	approved/styles-before-post-options-menu-tiger-care-20260707.css	3483
NAVIGATION_AUTH_HINT	approved/styles-before-post-options-menu-tiger-care-20260707.css	3494
NAVIGATION_AUTH_HINT	approved/styles-before-post-options-menu-tiger-care-20260707.css	3501
NAVIGATION_AUTH_HINT	approved/styles-before-post-options-menu-tiger-care-20260707.css	3511
NAVIGATION_AUTH_HINT	approved/styles-before-post-options-menu-tiger-care-20260707.css	3523
NAVIGATION_AUTH_HINT	approved/styles-before-post-options-menu-tiger-care-20260707.css	3551
NAVIGATION_AUTH_HINT	approved/styles-before-post-options-menu-tiger-care-20260707.css	3564
NAVIGATION_AUTH_HINT	approved/styles-before-post-options-menu-tiger-care-20260707.css	3565
NAVIGATION_AUTH_HINT	approved/styles-before-post-options-menu-tiger-care-20260707.css	3577
NAVIGATION_AUTH_HINT	approved/styles-before-post-options-menu-tiger-care-20260707.css	3629
NAVIGATION_AUTH_HINT	approved/styles-before-post-options-menu-tiger-care-20260707.css	3642
NAVIGATION_AUTH_HINT	approved/styles-before-post-options-menu-tiger-care-20260707.css	3643
NAVIGATION_AUTH_HINT	approved/styles-before-post-options-menu-tiger-care-20260707.css	3655
NAVIGATION_AUTH_HINT	approved/styles-before-post-options-menu-tiger-care-20260707.css	3706
NAVIGATION_AUTH_HINT	approved/styles-before-post-options-menu-tiger-care-20260707.css	3709
NAVIGATION_AUTH_HINT	approved/styles-before-post-options-menu-tiger-care-20260707.css	3719
NAVIGATION_AUTH_HINT	approved/styles-before-post-options-menu-tiger-care-20260707.css	3982
NAVIGATION_AUTH_HINT	approved/styles-before-tiger-care-feedback-fix-20260708.css	308
NAVIGATION_AUTH_HINT	approved/styles-before-tiger-care-feedback-fix-20260708.css	309
NAVIGATION_AUTH_HINT	approved/styles-before-tiger-care-feedback-fix-20260708.css	314
NAVIGATION_AUTH_HINT	approved/styles-before-tiger-care-feedback-fix-20260708.css	538
NAVIGATION_AUTH_HINT	approved/styles-before-tiger-care-feedback-fix-20260708.css	1177
NAVIGATION_AUTH_HINT	approved/styles-before-tiger-care-feedback-fix-20260708.css	1184
NAVIGATION_AUTH_HINT	approved/styles-before-tiger-care-feedback-fix-20260708.css	1193
NAVIGATION_AUTH_HINT	approved/styles-before-tiger-care-feedback-fix-20260708.css	1197
NAVIGATION_AUTH_HINT	approved/styles-before-tiger-care-feedback-fix-20260708.css	1290
NAVIGATION_AUTH_HINT	approved/styles-before-tiger-care-feedback-fix-20260708.css	1638
NAVIGATION_AUTH_HINT	approved/styles-before-tiger-care-feedback-fix-20260708.css	1643
NAVIGATION_AUTH_HINT	approved/styles-before-tiger-care-feedback-fix-20260708.css	1644
NAVIGATION_AUTH_HINT	approved/styles-before-tiger-care-feedback-fix-20260708.css	2799
NAVIGATION_AUTH_HINT	approved/styles-before-tiger-care-feedback-fix-20260708.css	2812
NAVIGATION_AUTH_HINT	approved/styles-before-tiger-care-feedback-fix-20260708.css	2816
NAVIGATION_AUTH_HINT	approved/styles-before-tiger-care-feedback-fix-20260708.css	2821
NAVIGATION_AUTH_HINT	approved/styles-before-tiger-care-feedback-fix-20260708.css	2848
NAVIGATION_AUTH_HINT	approved/styles-before-tiger-care-feedback-fix-20260708.css	3000
NAVIGATION_AUTH_HINT	approved/styles-before-tiger-care-feedback-fix-20260708.css	3014
NAVIGATION_AUTH_HINT	approved/styles-before-tiger-care-feedback-fix-20260708.css	3022
NAVIGATION_AUTH_HINT	approved/styles-before-tiger-care-feedback-fix-20260708.css	3032
NAVIGATION_AUTH_HINT	approved/styles-before-tiger-care-feedback-fix-20260708.css	3039
NAVIGATION_AUTH_HINT	approved/styles-before-tiger-care-feedback-fix-20260708.css	3047
NAVIGATION_AUTH_HINT	approved/styles-before-tiger-care-feedback-fix-20260708.css	3051
NAVIGATION_AUTH_HINT	approved/styles-before-tiger-care-feedback-fix-20260708.css	3062
NAVIGATION_AUTH_HINT	approved/styles-before-tiger-care-feedback-fix-20260708.css	3070
NAVIGATION_AUTH_HINT	approved/styles-before-tiger-care-feedback-fix-20260708.css	3074
NAVIGATION_AUTH_HINT	approved/styles-before-tiger-care-feedback-fix-20260708.css	3080
NAVIGATION_AUTH_HINT	approved/styles-before-tiger-care-feedback-fix-20260708.css	3087
NAVIGATION_AUTH_HINT	approved/styles-before-tiger-care-feedback-fix-20260708.css	3099
NAVIGATION_AUTH_HINT	approved/styles-before-tiger-care-feedback-fix-20260708.css	3103
NAVIGATION_AUTH_HINT	approved/styles-before-tiger-care-feedback-fix-20260708.css	3120
NAVIGATION_AUTH_HINT	approved/styles-before-tiger-care-feedback-fix-20260708.css	3127
NAVIGATION_AUTH_HINT	approved/styles-before-tiger-care-feedback-fix-20260708.css	3133
NAVIGATION_AUTH_HINT	approved/styles-before-tiger-care-feedback-fix-20260708.css	3145
NAVIGATION_AUTH_HINT	approved/styles-before-tiger-care-feedback-fix-20260708.css	3149
NAVIGATION_AUTH_HINT	approved/styles-before-tiger-care-feedback-fix-20260708.css	3433
NAVIGATION_AUTH_HINT	approved/styles-before-tiger-care-feedback-fix-20260708.css	3443
NAVIGATION_AUTH_HINT	approved/styles-before-tiger-care-feedback-fix-20260708.css	3447
NAVIGATION_AUTH_HINT	approved/styles-before-tiger-care-feedback-fix-20260708.css	3458
NAVIGATION_AUTH_HINT	approved/styles-before-tiger-care-feedback-fix-20260708.css	3463
NAVIGATION_AUTH_HINT	approved/styles-before-tiger-care-feedback-fix-20260708.css	3473
NAVIGATION_AUTH_HINT	approved/styles-before-tiger-care-feedback-fix-20260708.css	3483
NAVIGATION_AUTH_HINT	approved/styles-before-tiger-care-feedback-fix-20260708.css	3494
NAVIGATION_AUTH_HINT	approved/styles-before-tiger-care-feedback-fix-20260708.css	3501
NAVIGATION_AUTH_HINT	approved/styles-before-tiger-care-feedback-fix-20260708.css	3511
NAVIGATION_AUTH_HINT	approved/styles-before-tiger-care-feedback-fix-20260708.css	3523
NAVIGATION_AUTH_HINT	approved/styles-before-tiger-care-feedback-fix-20260708.css	3551
NAVIGATION_AUTH_HINT	approved/styles-before-tiger-care-feedback-fix-20260708.css	3564
NAVIGATION_AUTH_HINT	approved/styles-before-tiger-care-feedback-fix-20260708.css	3565
NAVIGATION_AUTH_HINT	approved/styles-before-tiger-care-feedback-fix-20260708.css	3577
NAVIGATION_AUTH_HINT	approved/styles-before-tiger-care-feedback-fix-20260708.css	3629
NAVIGATION_AUTH_HINT	approved/styles-before-tiger-care-feedback-fix-20260708.css	3642
NAVIGATION_AUTH_HINT	approved/styles-before-tiger-care-feedback-fix-20260708.css	3643
NAVIGATION_AUTH_HINT	approved/styles-before-tiger-care-feedback-fix-20260708.css	3655
NAVIGATION_AUTH_HINT	approved/styles-before-tiger-care-feedback-fix-20260708.css	3706
NAVIGATION_AUTH_HINT	approved/styles-before-tiger-care-feedback-fix-20260708.css	3709
NAVIGATION_AUTH_HINT	approved/styles-before-tiger-care-feedback-fix-20260708.css	3719
NAVIGATION_AUTH_HINT	approved/styles-before-tiger-care-feedback-fix-20260708.css	3982
NAVIGATION_AUTH_HINT	approved/styles-before-vvip-gate-login-20260707.css	308
NAVIGATION_AUTH_HINT	approved/styles-before-vvip-gate-login-20260707.css	309
NAVIGATION_AUTH_HINT	approved/styles-before-vvip-gate-login-20260707.css	314
NAVIGATION_AUTH_HINT	approved/styles-before-vvip-gate-login-20260707.css	538
NAVIGATION_AUTH_HINT	approved/styles-before-vvip-gate-login-20260707.css	1177
NAVIGATION_AUTH_HINT	approved/styles-before-vvip-gate-login-20260707.css	1184
NAVIGATION_AUTH_HINT	approved/styles-before-vvip-gate-login-20260707.css	1193
NAVIGATION_AUTH_HINT	approved/styles-before-vvip-gate-login-20260707.css	1197
NAVIGATION_AUTH_HINT	approved/styles-before-vvip-gate-login-20260707.css	1290
NAVIGATION_AUTH_HINT	approved/styles-before-vvip-gate-login-20260707.css	1638
NAVIGATION_AUTH_HINT	approved/styles-before-vvip-gate-login-20260707.css	1643
NAVIGATION_AUTH_HINT	approved/styles-before-vvip-gate-login-20260707.css	1644
NAVIGATION_AUTH_HINT	approved/styles-before-vvip-gate-login-20260707.css	2799
NAVIGATION_AUTH_HINT	approved/styles-before-vvip-gate-login-20260707.css	2812
NAVIGATION_AUTH_HINT	approved/styles-before-vvip-gate-login-20260707.css	2816
NAVIGATION_AUTH_HINT	approved/styles-before-vvip-gate-login-20260707.css	2821
NAVIGATION_AUTH_HINT	approved/styles-before-vvip-gate-login-20260707.css	2848
NAVIGATION_AUTH_HINT	approved/styles-before-vvip-gate-login-20260707.css	3000
NAVIGATION_AUTH_HINT	approved/styles-before-vvip-gate-login-20260707.css	3014
NAVIGATION_AUTH_HINT	approved/styles-before-vvip-gate-login-20260707.css	3022
NAVIGATION_AUTH_HINT	approved/styles-before-vvip-gate-login-20260707.css	3032
NAVIGATION_AUTH_HINT	approved/styles-before-vvip-gate-login-20260707.css	3039
NAVIGATION_AUTH_HINT	approved/styles-before-vvip-gate-login-20260707.css	3047
NAVIGATION_AUTH_HINT	approved/styles-before-vvip-gate-login-20260707.css	3051
NAVIGATION_AUTH_HINT	approved/styles-before-vvip-gate-login-20260707.css	3062
NAVIGATION_AUTH_HINT	approved/styles-before-vvip-gate-login-20260707.css	3070
NAVIGATION_AUTH_HINT	approved/styles-before-vvip-gate-login-20260707.css	3074
NAVIGATION_AUTH_HINT	approved/styles-before-vvip-gate-login-20260707.css	3080
NAVIGATION_AUTH_HINT	approved/styles-before-vvip-gate-login-20260707.css	3087
NAVIGATION_AUTH_HINT	approved/styles-before-vvip-gate-login-20260707.css	3099
NAVIGATION_AUTH_HINT	approved/styles-before-vvip-gate-login-20260707.css	3103
NAVIGATION_AUTH_HINT	approved/styles-before-vvip-gate-login-20260707.css	3120
NAVIGATION_AUTH_HINT	approved/styles-before-vvip-gate-login-20260707.css	3127
NAVIGATION_AUTH_HINT	approved/styles-before-vvip-gate-login-20260707.css	3133
NAVIGATION_AUTH_HINT	approved/styles-before-vvip-gate-login-20260707.css	3145
NAVIGATION_AUTH_HINT	approved/styles-before-vvip-gate-login-20260707.css	3149
NAVIGATION_AUTH_HINT	approved/styles-before-vvip-gate-login-20260707.css	3433
NAVIGATION_AUTH_HINT	approved/styles-before-vvip-gate-login-20260707.css	3443
NAVIGATION_AUTH_HINT	approved/styles-before-vvip-gate-login-20260707.css	3447
NAVIGATION_AUTH_HINT	approved/styles-before-vvip-gate-login-20260707.css	3458
NAVIGATION_AUTH_HINT	approved/styles-before-vvip-gate-login-20260707.css	3463
NAVIGATION_AUTH_HINT	approved/styles-before-vvip-gate-login-20260707.css	3473
NAVIGATION_AUTH_HINT	approved/styles-before-vvip-gate-login-20260707.css	3483
NAVIGATION_AUTH_HINT	approved/styles-before-vvip-gate-login-20260707.css	3494
NAVIGATION_AUTH_HINT	approved/styles-before-vvip-gate-login-20260707.css	3501
NAVIGATION_AUTH_HINT	approved/styles-before-vvip-gate-login-20260707.css	3511
NAVIGATION_AUTH_HINT	approved/styles-before-vvip-gate-login-20260707.css	3523
NAVIGATION_AUTH_HINT	approved/styles-before-vvip-gate-login-20260707.css	3551
NAVIGATION_AUTH_HINT	approved/styles-before-vvip-gate-login-20260707.css	3564
NAVIGATION_AUTH_HINT	approved/styles-before-vvip-gate-login-20260707.css	3565
NAVIGATION_AUTH_HINT	approved/styles-before-vvip-gate-login-20260707.css	3577
NAVIGATION_AUTH_HINT	approved/styles-before-vvip-gate-login-20260707.css	3629
NAVIGATION_AUTH_HINT	approved/styles-before-vvip-gate-login-20260707.css	3642
NAVIGATION_AUTH_HINT	approved/styles-before-vvip-gate-login-20260707.css	3643
NAVIGATION_AUTH_HINT	approved/styles-before-vvip-gate-login-20260707.css	3655
NAVIGATION_AUTH_HINT	approved/styles-before-vvip-gate-login-20260707.css	3706
NAVIGATION_AUTH_HINT	approved/styles-before-vvip-gate-login-20260707.css	3709
NAVIGATION_AUTH_HINT	approved/styles-before-vvip-gate-login-20260707.css	3719
NAVIGATION_AUTH_HINT	approved/styles-before-vvip-gate-login-20260707.css	3982
NAVIGATION_AUTH_HINT	approved/supabase-auth-bridge-approved.js	4
NAVIGATION_AUTH_HINT	approved/supabase-auth-bridge-approved.js	118
NAVIGATION_AUTH_HINT	approved/supabase-auth-bridge-final.js	4
NAVIGATION_AUTH_HINT	approved/supabase-auth-bridge-final.js	118
NAVIGATION_AUTH_HINT	approved/sw-before-post-options-cache-fix-20260708.js	5
NAVIGATION_AUTH_HINT	approved/sw-before-post-options-cache-fix-20260708.js	6
NAVIGATION_AUTH_HINT	approved/sw-before-post-options-cache-fix-20260708.js	7
NAVIGATION_AUTH_HINT	approved/visual-identity-pass-7-1/clerk-private-profile-before-visual-identity-20260708.html	22
NAVIGATION_AUTH_HINT	approved/visual-identity-pass-7-1/clerk-private-profile-before-visual-identity-20260708.html	124
NAVIGATION_AUTH_HINT	approved/visual-identity-pass-7-1/clerk-private-profile-before-visual-identity-20260708.html	150
NAVIGATION_AUTH_HINT	approved/visual-identity-pass-7-1/clerk-private-profile-before-visual-identity-20260708.html	156
NAVIGATION_AUTH_HINT	approved/visual-identity-pass-7-1/clerk-private-profile-before-visual-identity-20260708.html	169
NAVIGATION_AUTH_HINT	approved/visual-identity-pass-7-1/clerk-private-profile-before-visual-identity-20260708.html	210
NAVIGATION_AUTH_HINT	approved/visual-identity-pass-7-1/clerk-private-profile-before-visual-identity-20260708.html	589
NAVIGATION_AUTH_HINT	approved/visual-identity-pass-7-1/clerk-private-profile-before-visual-identity-20260708.html	594
NAVIGATION_AUTH_HINT	approved/visual-identity-pass-7-1/clerk-private-profile-before-visual-identity-20260708.html	599
NAVIGATION_AUTH_HINT	approved/visual-identity-pass-7-1/clerk-private-profile-before-visual-identity-20260708.html	604
NAVIGATION_AUTH_HINT	approved/visual-identity-pass-7-1/clerk-private-profile-before-visual-identity-20260708.html	622
NAVIGATION_AUTH_HINT	approved/visual-identity-pass-7-1/clerk-private-profile-before-visual-identity-20260708.html	659
NAVIGATION_AUTH_HINT	approved/visual-identity-pass-7-1/clerk-private-profile-before-visual-identity-20260708.html	684
NAVIGATION_AUTH_HINT	approved/visual-identity-pass-7-1/clerk-private-profile-before-visual-identity-20260708.html	695
NAVIGATION_AUTH_HINT	approved/visual-identity-pass-7-1/clerk-private-profile-before-visual-identity-20260708.html	711
NAVIGATION_AUTH_HINT	approved/visual-identity-pass-7-1/clerk-private-profile-before-visual-identity-20260708.html	717
NAVIGATION_AUTH_HINT	approved/visual-identity-pass-7-1/clerk-private-profile-before-visual-identity-20260708.html	733
NAVIGATION_AUTH_HINT	approved/visual-identity-pass-7-1/clerk-private-profile-before-visual-identity-20260708.html	738
NAVIGATION_AUTH_HINT	approved/visual-identity-pass-7-1/clerk-private-profile-before-visual-identity-20260708.html	740
NAVIGATION_AUTH_HINT	approved/visual-identity-pass-7-1/clerk-private-profile-before-visual-identity-20260708.html	746
NAVIGATION_AUTH_HINT	approved/visual-identity-pass-7-1/clerk-private-profile-before-visual-identity-20260708.html	751
NAVIGATION_AUTH_HINT	approved/visual-identity-pass-7-1/clerk-private-profile-before-visual-identity-20260708.html	757
NAVIGATION_AUTH_HINT	approved/visual-identity-pass-7-1/clerk-private-profile-before-visual-identity-20260708.html	761
NAVIGATION_AUTH_HINT	approved/visual-identity-pass-7-1/clerk-private-profile-before-visual-identity-20260708.html	766
NAVIGATION_AUTH_HINT	approved/visual-identity-pass-7-1/clerk-private-profile-before-visual-identity-20260708.html	788
NAVIGATION_AUTH_HINT	approved/visual-identity-pass-7-1/clerk-private-profile-before-visual-identity-20260708.html	789
NAVIGATION_AUTH_HINT	approved/visual-identity-pass-7-1/clerk-private-profile-before-visual-identity-20260708.html	790
NAVIGATION_AUTH_HINT	approved/visual-identity-pass-7-1/clerk-private-profile-before-visual-identity-20260708.html	799
NAVIGATION_AUTH_HINT	approved/visual-identity-pass-7-1/clerk-private-profile-before-visual-identity-20260708.html	946
NAVIGATION_AUTH_HINT	approved/visual-identity-pass-7-1/clerk-private-profile-before-visual-identity-20260708.html	968
NAVIGATION_AUTH_HINT	approved/visual-identity-pass-7-1/clerk-private-profile-before-visual-identity-20260708.html	1001
NAVIGATION_AUTH_HINT	approved/visual-identity-pass-7-1/clerk-private-profile-before-visual-identity-20260708.html	1021
NAVIGATION_AUTH_HINT	approved/visual-identity-pass-7-1/clerk-private-profile-before-visual-identity-20260708.html	1029
NAVIGATION_AUTH_HINT	approved/visual-identity-pass-7-1/clerk-private-profile-before-visual-identity-20260708.html	1031
NAVIGATION_AUTH_HINT	approved/visual-identity-pass-7-1/enhanced-components-before-visual-identity-20260708.css	681
NAVIGATION_AUTH_HINT	approved/visual-identity-pass-7-1/index-before-visual-identity-20260708.html	119
NAVIGATION_AUTH_HINT	approved/visual-identity-pass-7-1/index-before-visual-identity-20260708.html	121
NAVIGATION_AUTH_HINT	approved/visual-identity-pass-7-1/index-before-visual-identity-20260708.html	132
NAVIGATION_AUTH_HINT	approved/visual-identity-pass-7-1/index-before-visual-identity-20260708.html	133
NAVIGATION_AUTH_HINT	approved/visual-identity-pass-7-1/public-profile-before-visual-identity-20260708.html	698
NAVIGATION_AUTH_HINT	approved/visual-identity-pass-7-1/public-profile-before-visual-identity-20260708.html	707
NAVIGATION_AUTH_HINT	approved/visual-identity-pass-7-1/public-profile-before-visual-identity-20260708.html	935
NAVIGATION_AUTH_HINT	approved/visual-identity-pass-7-1/public-profile-before-visual-identity-20260708.html	958
NAVIGATION_AUTH_HINT	approved/visual-identity-pass-7-1/public-profile-before-visual-identity-20260708.html	1153
NAVIGATION_AUTH_HINT	approved/visual-identity-pass-7-1/public-profile-before-visual-identity-20260708.html	1157
NAVIGATION_AUTH_HINT	approved/visual-identity-pass-7-1/public-profile-before-visual-identity-20260708.html	1309
NAVIGATION_AUTH_HINT	approved/visual-identity-pass-7-1/public-profile-before-visual-identity-20260708.html	1348
NAVIGATION_AUTH_HINT	approved/visual-identity-pass-7-1/public-profile-before-visual-identity-20260708.html	1362
NAVIGATION_AUTH_HINT	approved/visual-identity-pass-7-1/styles-before-visual-identity-20260708.css	308
NAVIGATION_AUTH_HINT	approved/visual-identity-pass-7-1/styles-before-visual-identity-20260708.css	309
NAVIGATION_AUTH_HINT	approved/visual-identity-pass-7-1/styles-before-visual-identity-20260708.css	314
NAVIGATION_AUTH_HINT	approved/visual-identity-pass-7-1/styles-before-visual-identity-20260708.css	538
NAVIGATION_AUTH_HINT	approved/visual-identity-pass-7-1/styles-before-visual-identity-20260708.css	1177
NAVIGATION_AUTH_HINT	approved/visual-identity-pass-7-1/styles-before-visual-identity-20260708.css	1184
NAVIGATION_AUTH_HINT	approved/visual-identity-pass-7-1/styles-before-visual-identity-20260708.css	1193
NAVIGATION_AUTH_HINT	approved/visual-identity-pass-7-1/styles-before-visual-identity-20260708.css	1197
NAVIGATION_AUTH_HINT	approved/visual-identity-pass-7-1/styles-before-visual-identity-20260708.css	1290
NAVIGATION_AUTH_HINT	approved/visual-identity-pass-7-1/styles-before-visual-identity-20260708.css	1638
NAVIGATION_AUTH_HINT	approved/visual-identity-pass-7-1/styles-before-visual-identity-20260708.css	1643
NAVIGATION_AUTH_HINT	approved/visual-identity-pass-7-1/styles-before-visual-identity-20260708.css	1644
NAVIGATION_AUTH_HINT	approved/visual-identity-pass-7-1/styles-before-visual-identity-20260708.css	2799
NAVIGATION_AUTH_HINT	approved/visual-identity-pass-7-1/styles-before-visual-identity-20260708.css	2812
NAVIGATION_AUTH_HINT	approved/visual-identity-pass-7-1/styles-before-visual-identity-20260708.css	2816
NAVIGATION_AUTH_HINT	approved/visual-identity-pass-7-1/styles-before-visual-identity-20260708.css	2821
NAVIGATION_AUTH_HINT	approved/visual-identity-pass-7-1/styles-before-visual-identity-20260708.css	2848
NAVIGATION_AUTH_HINT	approved/visual-identity-pass-7-1/styles-before-visual-identity-20260708.css	3000
NAVIGATION_AUTH_HINT	approved/visual-identity-pass-7-1/styles-before-visual-identity-20260708.css	3014
NAVIGATION_AUTH_HINT	approved/visual-identity-pass-7-1/styles-before-visual-identity-20260708.css	3022
NAVIGATION_AUTH_HINT	approved/visual-identity-pass-7-1/styles-before-visual-identity-20260708.css	3032
NAVIGATION_AUTH_HINT	approved/visual-identity-pass-7-1/styles-before-visual-identity-20260708.css	3039
NAVIGATION_AUTH_HINT	approved/visual-identity-pass-7-1/styles-before-visual-identity-20260708.css	3047
NAVIGATION_AUTH_HINT	approved/visual-identity-pass-7-1/styles-before-visual-identity-20260708.css	3051
NAVIGATION_AUTH_HINT	approved/visual-identity-pass-7-1/styles-before-visual-identity-20260708.css	3062
NAVIGATION_AUTH_HINT	approved/visual-identity-pass-7-1/styles-before-visual-identity-20260708.css	3070
NAVIGATION_AUTH_HINT	approved/visual-identity-pass-7-1/styles-before-visual-identity-20260708.css	3074
NAVIGATION_AUTH_HINT	approved/visual-identity-pass-7-1/styles-before-visual-identity-20260708.css	3080
NAVIGATION_AUTH_HINT	approved/visual-identity-pass-7-1/styles-before-visual-identity-20260708.css	3087
NAVIGATION_AUTH_HINT	approved/visual-identity-pass-7-1/styles-before-visual-identity-20260708.css	3099
NAVIGATION_AUTH_HINT	approved/visual-identity-pass-7-1/styles-before-visual-identity-20260708.css	3103
NAVIGATION_AUTH_HINT	approved/visual-identity-pass-7-1/styles-before-visual-identity-20260708.css	3120
NAVIGATION_AUTH_HINT	approved/visual-identity-pass-7-1/styles-before-visual-identity-20260708.css	3127
NAVIGATION_AUTH_HINT	approved/visual-identity-pass-7-1/styles-before-visual-identity-20260708.css	3133
NAVIGATION_AUTH_HINT	approved/visual-identity-pass-7-1/styles-before-visual-identity-20260708.css	3145
NAVIGATION_AUTH_HINT	approved/visual-identity-pass-7-1/styles-before-visual-identity-20260708.css	3149
NAVIGATION_AUTH_HINT	approved/visual-identity-pass-7-1/styles-before-visual-identity-20260708.css	3433
NAVIGATION_AUTH_HINT	approved/visual-identity-pass-7-1/styles-before-visual-identity-20260708.css	3443
NAVIGATION_AUTH_HINT	approved/visual-identity-pass-7-1/styles-before-visual-identity-20260708.css	3447
NAVIGATION_AUTH_HINT	approved/visual-identity-pass-7-1/styles-before-visual-identity-20260708.css	3458
NAVIGATION_AUTH_HINT	approved/visual-identity-pass-7-1/styles-before-visual-identity-20260708.css	3463
NAVIGATION_AUTH_HINT	approved/visual-identity-pass-7-1/styles-before-visual-identity-20260708.css	3473
NAVIGATION_AUTH_HINT	approved/visual-identity-pass-7-1/styles-before-visual-identity-20260708.css	3483
NAVIGATION_AUTH_HINT	approved/visual-identity-pass-7-1/styles-before-visual-identity-20260708.css	3494
NAVIGATION_AUTH_HINT	approved/visual-identity-pass-7-1/styles-before-visual-identity-20260708.css	3501
NAVIGATION_AUTH_HINT	approved/visual-identity-pass-7-1/styles-before-visual-identity-20260708.css	3511
NAVIGATION_AUTH_HINT	approved/visual-identity-pass-7-1/styles-before-visual-identity-20260708.css	3523
NAVIGATION_AUTH_HINT	approved/visual-identity-pass-7-1/styles-before-visual-identity-20260708.css	3551
NAVIGATION_AUTH_HINT	approved/visual-identity-pass-7-1/styles-before-visual-identity-20260708.css	3564
NAVIGATION_AUTH_HINT	approved/visual-identity-pass-7-1/styles-before-visual-identity-20260708.css	3565
NAVIGATION_AUTH_HINT	approved/visual-identity-pass-7-1/styles-before-visual-identity-20260708.css	3577
NAVIGATION_AUTH_HINT	approved/visual-identity-pass-7-1/styles-before-visual-identity-20260708.css	3629
NAVIGATION_AUTH_HINT	approved/visual-identity-pass-7-1/styles-before-visual-identity-20260708.css	3642
NAVIGATION_AUTH_HINT	approved/visual-identity-pass-7-1/styles-before-visual-identity-20260708.css	3643
NAVIGATION_AUTH_HINT	approved/visual-identity-pass-7-1/styles-before-visual-identity-20260708.css	3655
NAVIGATION_AUTH_HINT	approved/visual-identity-pass-7-1/styles-before-visual-identity-20260708.css	3706
NAVIGATION_AUTH_HINT	approved/visual-identity-pass-7-1/styles-before-visual-identity-20260708.css	3709
NAVIGATION_AUTH_HINT	approved/visual-identity-pass-7-1/styles-before-visual-identity-20260708.css	3719
NAVIGATION_AUTH_HINT	approved/visual-identity-pass-7-1/styles-before-visual-identity-20260708.css	3982
NAVIGATION_AUTH_HINT	auth-clerk-index.js	49
NAVIGATION_AUTH_HINT	auth-clerk-index.js	58
NAVIGATION_AUTH_HINT	auth-clerk-index.js	86
NAVIGATION_AUTH_HINT	auth-clerk-index.js	103
NAVIGATION_AUTH_HINT	auth-flow.html	9
NAVIGATION_AUTH_HINT	auth-supabase.js	2
NAVIGATION_AUTH_HINT	auth-supabase.js	142
NAVIGATION_AUTH_HINT	auth-supabase.js	214
NAVIGATION_AUTH_HINT	auth.js	3
NAVIGATION_AUTH_HINT	auth.js	4
NAVIGATION_AUTH_HINT	auth.js	6
NAVIGATION_AUTH_HINT	auth.js	49
NAVIGATION_AUTH_HINT	auth.js	58
NAVIGATION_AUTH_HINT	auth.js	87
NAVIGATION_AUTH_HINT	auth.js	90
NAVIGATION_AUTH_HINT	auth.js	93
NAVIGATION_AUTH_HINT	auth.js	134
NAVIGATION_AUTH_HINT	auth.js	179
NAVIGATION_AUTH_HINT	auth.js	181
NAVIGATION_AUTH_HINT	auth.js	363
NAVIGATION_AUTH_HINT	auth.js	380
NAVIGATION_AUTH_HINT	auth.js	431
NAVIGATION_AUTH_HINT	auth.js	437
NAVIGATION_AUTH_HINT	auth.js	526
NAVIGATION_AUTH_HINT	auth.js	532
NAVIGATION_AUTH_HINT	backups/clerk-private-profile.before-atomic-profile-resolver.html	22
NAVIGATION_AUTH_HINT	backups/clerk-private-profile.before-atomic-profile-resolver.html	124
NAVIGATION_AUTH_HINT	backups/clerk-private-profile.before-atomic-profile-resolver.html	150
NAVIGATION_AUTH_HINT	backups/clerk-private-profile.before-atomic-profile-resolver.html	156
NAVIGATION_AUTH_HINT	backups/clerk-private-profile.before-atomic-profile-resolver.html	169
NAVIGATION_AUTH_HINT	backups/clerk-private-profile.before-atomic-profile-resolver.html	210
NAVIGATION_AUTH_HINT	backups/clerk-private-profile.before-atomic-profile-resolver.html	589
NAVIGATION_AUTH_HINT	backups/clerk-private-profile.before-atomic-profile-resolver.html	594
NAVIGATION_AUTH_HINT	backups/clerk-private-profile.before-atomic-profile-resolver.html	599
NAVIGATION_AUTH_HINT	backups/clerk-private-profile.before-atomic-profile-resolver.html	604
NAVIGATION_AUTH_HINT	backups/clerk-private-profile.before-atomic-profile-resolver.html	623
NAVIGATION_AUTH_HINT	backups/clerk-private-profile.before-atomic-profile-resolver.html	660
NAVIGATION_AUTH_HINT	backups/clerk-private-profile.before-atomic-profile-resolver.html	808
NAVIGATION_AUTH_HINT	backups/clerk-private-profile.before-atomic-profile-resolver.html	809
NAVIGATION_AUTH_HINT	backups/clerk-private-profile.before-atomic-profile-resolver.html	826
NAVIGATION_AUTH_HINT	backups/clerk-private-profile.before-atomic-profile-resolver.html	863
NAVIGATION_AUTH_HINT	backups/clerk-private-profile.before-atomic-profile-resolver.html	911
NAVIGATION_AUTH_HINT	backups/clerk-private-profile.before-atomic-profile-resolver.html	936
NAVIGATION_AUTH_HINT	backups/clerk-private-profile.before-atomic-profile-resolver.html	943
NAVIGATION_AUTH_HINT	backups/clerk-private-profile.before-atomic-profile-resolver.html	951
NAVIGATION_AUTH_HINT	backups/clerk-private-profile.before-atomic-profile-resolver.html	959
NAVIGATION_AUTH_HINT	backups/clerk-private-profile.before-atomic-profile-resolver.html	966
NAVIGATION_AUTH_HINT	backups/clerk-private-profile.before-atomic-profile-resolver.html	968
NAVIGATION_AUTH_HINT	backups/clerk-private-profile.before-atomic-profile-resolver.html	979
NAVIGATION_AUTH_HINT	backups/clerk-private-profile.before-atomic-profile-resolver.html	986
NAVIGATION_AUTH_HINT	backups/clerk-private-profile.before-atomic-profile-resolver.html	993
NAVIGATION_AUTH_HINT	backups/clerk-private-profile.before-atomic-profile-resolver.html	1002
NAVIGATION_AUTH_HINT	backups/clerk-private-profile.before-atomic-profile-resolver.html	1004
NAVIGATION_AUTH_HINT	backups/clerk-private-profile.before-atomic-profile-resolver.html	1017
NAVIGATION_AUTH_HINT	backups/clerk-private-profile.before-atomic-profile-resolver.html	1019
NAVIGATION_AUTH_HINT	backups/clerk-private-profile.before-atomic-profile-resolver.html	1024
NAVIGATION_AUTH_HINT	backups/clerk-private-profile.before-atomic-profile-resolver.html	1025
NAVIGATION_AUTH_HINT	backups/clerk-private-profile.before-atomic-profile-resolver.html	1026
NAVIGATION_AUTH_HINT	backups/clerk-private-profile.before-atomic-profile-resolver.html	1027
NAVIGATION_AUTH_HINT	backups/clerk-private-profile.before-atomic-profile-resolver.html	1071
NAVIGATION_AUTH_HINT	backups/clerk-private-profile.before-atomic-profile-resolver.html	1080
NAVIGATION_AUTH_HINT	backups/clerk-private-profile.before-atomic-profile-resolver.html	1081
NAVIGATION_AUTH_HINT	backups/clerk-private-profile.before-atomic-profile-resolver.html	1083
NAVIGATION_AUTH_HINT	backups/clerk-private-profile.before-atomic-profile-resolver.html	1092
NAVIGATION_AUTH_HINT	backups/clerk-private-profile.before-atomic-profile-resolver.html	1103
NAVIGATION_AUTH_HINT	backups/clerk-private-profile.before-atomic-profile-resolver.html	1105
NAVIGATION_AUTH_HINT	backups/clerk-private-profile.before-atomic-profile-resolver.html	1112
NAVIGATION_AUTH_HINT	backups/clerk-private-profile.before-atomic-profile-resolver.html	1119
NAVIGATION_AUTH_HINT	backups/clerk-private-profile.before-atomic-profile-resolver.html	1127
NAVIGATION_AUTH_HINT	backups/clerk-private-profile.before-atomic-profile-resolver.html	1128
NAVIGATION_AUTH_HINT	backups/clerk-private-profile.before-atomic-profile-resolver.html	1130
NAVIGATION_AUTH_HINT	backups/clerk-private-profile.before-atomic-profile-resolver.html	1136
NAVIGATION_AUTH_HINT	backups/clerk-private-profile.before-atomic-profile-resolver.html	1152
NAVIGATION_AUTH_HINT	backups/clerk-private-profile.before-atomic-profile-resolver.html	1153
NAVIGATION_AUTH_HINT	backups/clerk-private-profile.before-atomic-profile-resolver.html	1154
NAVIGATION_AUTH_HINT	backups/clerk-private-profile.before-atomic-profile-resolver.html	1163
NAVIGATION_AUTH_HINT	backups/clerk-private-profile.before-atomic-profile-resolver.html	1220
NAVIGATION_AUTH_HINT	backups/clerk-private-profile.before-atomic-profile-resolver.html	1223
NAVIGATION_AUTH_HINT	backups/clerk-private-profile.before-atomic-profile-resolver.html	1233
NAVIGATION_AUTH_HINT	backups/clerk-private-profile.before-atomic-profile-resolver.html	1234
NAVIGATION_AUTH_HINT	backups/clerk-private-profile.before-atomic-profile-resolver.html	1246
NAVIGATION_AUTH_HINT	backups/clerk-private-profile.before-atomic-profile-resolver.html	1261
NAVIGATION_AUTH_HINT	backups/clerk-private-profile.before-atomic-profile-resolver.html	1262
NAVIGATION_AUTH_HINT	backups/clerk-private-profile.before-atomic-profile-resolver.html	1263
NAVIGATION_AUTH_HINT	backups/clerk-private-profile.before-atomic-profile-resolver.html	1270
NAVIGATION_AUTH_HINT	backups/clerk-private-profile.before-atomic-profile-resolver.html	1271
NAVIGATION_AUTH_HINT	backups/clerk-private-profile.before-atomic-profile-resolver.html	1290
NAVIGATION_AUTH_HINT	backups/clerk-private-profile.before-atomic-profile-resolver.html	1305
NAVIGATION_AUTH_HINT	backups/clerk-private-profile.before-atomic-profile-resolver.html	1306
NAVIGATION_AUTH_HINT	backups/clerk-private-profile.before-atomic-profile-resolver.html	1307
NAVIGATION_AUTH_HINT	backups/clerk-private-profile.before-atomic-profile-resolver.html	1314
NAVIGATION_AUTH_HINT	backups/clerk-private-profile.before-atomic-profile-resolver.html	1318
NAVIGATION_AUTH_HINT	backups/clerk-private-profile.before-atomic-profile-resolver.html	1337
NAVIGATION_AUTH_HINT	backups/clerk-private-profile.before-atomic-profile-resolver.html	1344
NAVIGATION_AUTH_HINT	backups/clerk-private-profile.before-atomic-profile-resolver.html	1345
NAVIGATION_AUTH_HINT	backups/clerk-private-profile.before-atomic-profile-resolver.html	1346
NAVIGATION_AUTH_HINT	backups/clerk-private-profile.before-atomic-profile-resolver.html	1368
NAVIGATION_AUTH_HINT	backups/clerk-private-profile.before-atomic-profile-resolver.html	1369
NAVIGATION_AUTH_HINT	backups/clerk-private-profile.before-atomic-profile-resolver.html	1370
NAVIGATION_AUTH_HINT	backups/clerk-private-profile.before-atomic-profile-resolver.html	1382
NAVIGATION_AUTH_HINT	backups/clerk-private-profile.before-atomic-profile-resolver.html	1383
NAVIGATION_AUTH_HINT	backups/clerk-private-profile.before-atomic-profile-resolver.html	1419
NAVIGATION_AUTH_HINT	backups/clerk-private-profile.before-atomic-profile-resolver.html	1423
NAVIGATION_AUTH_HINT	backups/clerk-private-profile.before-atomic-profile-resolver.html	1424
NAVIGATION_AUTH_HINT	backups/clerk-private-profile.before-atomic-profile-resolver.html	1425
NAVIGATION_AUTH_HINT	backups/clerk-private-profile.before-atomic-profile-resolver.html	1426
NAVIGATION_AUTH_HINT	backups/clerk-private-profile.before-atomic-profile-resolver.html	1427
NAVIGATION_AUTH_HINT	backups/clerk-private-profile.before-atomic-profile-resolver.html	1428
NAVIGATION_AUTH_HINT	backups/clerk-private-profile.before-atomic-profile-resolver.html	1432
NAVIGATION_AUTH_HINT	backups/clerk-private-profile.before-atomic-profile-resolver.html	1438
NAVIGATION_AUTH_HINT	backups/clerk-private-profile.before-atomic-profile-resolver.html	1443
NAVIGATION_AUTH_HINT	backups/clerk-private-profile.before-atomic-profile-resolver.html	1449
NAVIGATION_AUTH_HINT	backups/clerk-private-profile.before-atomic-profile-resolver.html	1453
NAVIGATION_AUTH_HINT	backups/clerk-private-profile.before-atomic-profile-resolver.html	1458
NAVIGATION_AUTH_HINT	backups/clerk-private-profile.before-atomic-profile-resolver.html	1480
NAVIGATION_AUTH_HINT	backups/clerk-private-profile.before-atomic-profile-resolver.html	1481
NAVIGATION_AUTH_HINT	backups/clerk-private-profile.before-atomic-profile-resolver.html	1482
NAVIGATION_AUTH_HINT	backups/clerk-private-profile.before-atomic-profile-resolver.html	1491
NAVIGATION_AUTH_HINT	backups/clerk-private-profile.before-atomic-profile-resolver.html	1638
NAVIGATION_AUTH_HINT	backups/clerk-private-profile.before-atomic-profile-resolver.html	1693
NAVIGATION_AUTH_HINT	backups/clerk-private-profile.before-jwt-rls-bridge.html	22
NAVIGATION_AUTH_HINT	backups/clerk-private-profile.before-jwt-rls-bridge.html	124
NAVIGATION_AUTH_HINT	backups/clerk-private-profile.before-jwt-rls-bridge.html	150
NAVIGATION_AUTH_HINT	backups/clerk-private-profile.before-jwt-rls-bridge.html	156
NAVIGATION_AUTH_HINT	backups/clerk-private-profile.before-jwt-rls-bridge.html	169
NAVIGATION_AUTH_HINT	backups/clerk-private-profile.before-jwt-rls-bridge.html	210
NAVIGATION_AUTH_HINT	backups/clerk-private-profile.before-jwt-rls-bridge.html	589
NAVIGATION_AUTH_HINT	backups/clerk-private-profile.before-jwt-rls-bridge.html	594
NAVIGATION_AUTH_HINT	backups/clerk-private-profile.before-jwt-rls-bridge.html	599
NAVIGATION_AUTH_HINT	backups/clerk-private-profile.before-jwt-rls-bridge.html	604
NAVIGATION_AUTH_HINT	backups/clerk-private-profile.before-jwt-rls-bridge.html	623
NAVIGATION_AUTH_HINT	backups/clerk-private-profile.before-jwt-rls-bridge.html	660
NAVIGATION_AUTH_HINT	backups/clerk-private-profile.before-jwt-rls-bridge.html	678
NAVIGATION_AUTH_HINT	backups/clerk-private-profile.before-jwt-rls-bridge.html	679
NAVIGATION_AUTH_HINT	backups/clerk-private-profile.before-jwt-rls-bridge.html	696
NAVIGATION_AUTH_HINT	backups/clerk-private-profile.before-jwt-rls-bridge.html	724
NAVIGATION_AUTH_HINT	backups/clerk-private-profile.before-jwt-rls-bridge.html	804
NAVIGATION_AUTH_HINT	backups/clerk-private-profile.before-jwt-rls-bridge.html	823
NAVIGATION_AUTH_HINT	backups/clerk-private-profile.before-jwt-rls-bridge.html	830
NAVIGATION_AUTH_HINT	backups/clerk-private-profile.before-jwt-rls-bridge.html	838
NAVIGATION_AUTH_HINT	backups/clerk-private-profile.before-jwt-rls-bridge.html	845
NAVIGATION_AUTH_HINT	backups/clerk-private-profile.before-jwt-rls-bridge.html	847
NAVIGATION_AUTH_HINT	backups/clerk-private-profile.before-jwt-rls-bridge.html	853
NAVIGATION_AUTH_HINT	backups/clerk-private-profile.before-jwt-rls-bridge.html	860
NAVIGATION_AUTH_HINT	backups/clerk-private-profile.before-jwt-rls-bridge.html	869
NAVIGATION_AUTH_HINT	backups/clerk-private-profile.before-jwt-rls-bridge.html	871
NAVIGATION_AUTH_HINT	backups/clerk-private-profile.before-jwt-rls-bridge.html	884
NAVIGATION_AUTH_HINT	backups/clerk-private-profile.before-jwt-rls-bridge.html	886
NAVIGATION_AUTH_HINT	backups/clerk-private-profile.before-jwt-rls-bridge.html	891
NAVIGATION_AUTH_HINT	backups/clerk-private-profile.before-jwt-rls-bridge.html	892
NAVIGATION_AUTH_HINT	backups/clerk-private-profile.before-jwt-rls-bridge.html	893
NAVIGATION_AUTH_HINT	backups/clerk-private-profile.before-jwt-rls-bridge.html	894
NAVIGATION_AUTH_HINT	backups/clerk-private-profile.before-jwt-rls-bridge.html	934
NAVIGATION_AUTH_HINT	backups/clerk-private-profile.before-jwt-rls-bridge.html	935
NAVIGATION_AUTH_HINT	backups/clerk-private-profile.before-jwt-rls-bridge.html	937
NAVIGATION_AUTH_HINT	backups/clerk-private-profile.before-jwt-rls-bridge.html	946
NAVIGATION_AUTH_HINT	backups/clerk-private-profile.before-jwt-rls-bridge.html	957
NAVIGATION_AUTH_HINT	backups/clerk-private-profile.before-jwt-rls-bridge.html	959
NAVIGATION_AUTH_HINT	backups/clerk-private-profile.before-jwt-rls-bridge.html	969
NAVIGATION_AUTH_HINT	backups/clerk-private-profile.before-jwt-rls-bridge.html	970
NAVIGATION_AUTH_HINT	backups/clerk-private-profile.before-jwt-rls-bridge.html	972
NAVIGATION_AUTH_HINT	backups/clerk-private-profile.before-jwt-rls-bridge.html	978
NAVIGATION_AUTH_HINT	backups/clerk-private-profile.before-jwt-rls-bridge.html	994
NAVIGATION_AUTH_HINT	backups/clerk-private-profile.before-jwt-rls-bridge.html	995
NAVIGATION_AUTH_HINT	backups/clerk-private-profile.before-jwt-rls-bridge.html	996
NAVIGATION_AUTH_HINT	backups/clerk-private-profile.before-jwt-rls-bridge.html	1005
NAVIGATION_AUTH_HINT	backups/clerk-private-profile.before-jwt-rls-bridge.html	1046
NAVIGATION_AUTH_HINT	backups/clerk-private-profile.before-jwt-rls-bridge.html	1062
NAVIGATION_AUTH_HINT	backups/clerk-private-profile.before-jwt-rls-bridge.html	1065
NAVIGATION_AUTH_HINT	backups/clerk-private-profile.before-jwt-rls-bridge.html	1075
NAVIGATION_AUTH_HINT	backups/clerk-private-profile.before-jwt-rls-bridge.html	1085
NAVIGATION_AUTH_HINT	backups/clerk-private-profile.before-jwt-rls-bridge.html	1100
NAVIGATION_AUTH_HINT	backups/clerk-private-profile.before-jwt-rls-bridge.html	1101
NAVIGATION_AUTH_HINT	backups/clerk-private-profile.before-jwt-rls-bridge.html	1102
NAVIGATION_AUTH_HINT	backups/clerk-private-profile.before-jwt-rls-bridge.html	1109
NAVIGATION_AUTH_HINT	backups/clerk-private-profile.before-jwt-rls-bridge.html	1126
NAVIGATION_AUTH_HINT	backups/clerk-private-profile.before-jwt-rls-bridge.html	1141
NAVIGATION_AUTH_HINT	backups/clerk-private-profile.before-jwt-rls-bridge.html	1142
NAVIGATION_AUTH_HINT	backups/clerk-private-profile.before-jwt-rls-bridge.html	1143
NAVIGATION_AUTH_HINT	backups/clerk-private-profile.before-jwt-rls-bridge.html	1150
NAVIGATION_AUTH_HINT	backups/clerk-private-profile.before-jwt-rls-bridge.html	1154
NAVIGATION_AUTH_HINT	backups/clerk-private-profile.before-jwt-rls-bridge.html	1172
NAVIGATION_AUTH_HINT	backups/clerk-private-profile.before-jwt-rls-bridge.html	1179
NAVIGATION_AUTH_HINT	backups/clerk-private-profile.before-jwt-rls-bridge.html	1180
NAVIGATION_AUTH_HINT	backups/clerk-private-profile.before-jwt-rls-bridge.html	1181
NAVIGATION_AUTH_HINT	backups/clerk-private-profile.before-jwt-rls-bridge.html	1194
NAVIGATION_AUTH_HINT	backups/clerk-private-profile.before-jwt-rls-bridge.html	1195
NAVIGATION_AUTH_HINT	backups/clerk-private-profile.before-jwt-rls-bridge.html	1196
NAVIGATION_AUTH_HINT	backups/clerk-private-profile.before-jwt-rls-bridge.html	1207
NAVIGATION_AUTH_HINT	backups/clerk-private-profile.before-jwt-rls-bridge.html	1208
NAVIGATION_AUTH_HINT	backups/clerk-private-profile.before-jwt-rls-bridge.html	1235
NAVIGATION_AUTH_HINT	backups/clerk-private-profile.before-jwt-rls-bridge.html	1239
NAVIGATION_AUTH_HINT	backups/clerk-private-profile.before-jwt-rls-bridge.html	1240
NAVIGATION_AUTH_HINT	backups/clerk-private-profile.before-jwt-rls-bridge.html	1243
NAVIGATION_AUTH_HINT	backups/clerk-private-profile.before-jwt-rls-bridge.html	1249
NAVIGATION_AUTH_HINT	backups/clerk-private-profile.before-jwt-rls-bridge.html	1254
NAVIGATION_AUTH_HINT	backups/clerk-private-profile.before-jwt-rls-bridge.html	1260
NAVIGATION_AUTH_HINT	backups/clerk-private-profile.before-jwt-rls-bridge.html	1264
NAVIGATION_AUTH_HINT	backups/clerk-private-profile.before-jwt-rls-bridge.html	1269
NAVIGATION_AUTH_HINT	backups/clerk-private-profile.before-jwt-rls-bridge.html	1291
NAVIGATION_AUTH_HINT	backups/clerk-private-profile.before-jwt-rls-bridge.html	1292
NAVIGATION_AUTH_HINT	backups/clerk-private-profile.before-jwt-rls-bridge.html	1293
NAVIGATION_AUTH_HINT	backups/clerk-private-profile.before-jwt-rls-bridge.html	1302
NAVIGATION_AUTH_HINT	backups/clerk-private-profile.before-jwt-rls-bridge.html	1449
NAVIGATION_AUTH_HINT	backups/clerk-private-profile.before-jwt-rls-bridge.html	1471
NAVIGATION_AUTH_HINT	backups/clerk-private-profile.before-jwt-rls-bridge.html	1504
NAVIGATION_AUTH_HINT	backups/clerk-private-profile.before-profile-resilience-shell.html	22
NAVIGATION_AUTH_HINT	backups/clerk-private-profile.before-profile-resilience-shell.html	124
NAVIGATION_AUTH_HINT	backups/clerk-private-profile.before-profile-resilience-shell.html	150
NAVIGATION_AUTH_HINT	backups/clerk-private-profile.before-profile-resilience-shell.html	156
NAVIGATION_AUTH_HINT	backups/clerk-private-profile.before-profile-resilience-shell.html	169
NAVIGATION_AUTH_HINT	backups/clerk-private-profile.before-profile-resilience-shell.html	210
NAVIGATION_AUTH_HINT	backups/clerk-private-profile.before-profile-resilience-shell.html	589
NAVIGATION_AUTH_HINT	backups/clerk-private-profile.before-profile-resilience-shell.html	594
NAVIGATION_AUTH_HINT	backups/clerk-private-profile.before-profile-resilience-shell.html	599
NAVIGATION_AUTH_HINT	backups/clerk-private-profile.before-profile-resilience-shell.html	604
NAVIGATION_AUTH_HINT	backups/clerk-private-profile.before-profile-resilience-shell.html	623
NAVIGATION_AUTH_HINT	backups/clerk-private-profile.before-profile-resilience-shell.html	660
NAVIGATION_AUTH_HINT	backups/clerk-private-profile.before-profile-resilience-shell.html	813
NAVIGATION_AUTH_HINT	backups/clerk-private-profile.before-profile-resilience-shell.html	814
NAVIGATION_AUTH_HINT	backups/clerk-private-profile.before-profile-resilience-shell.html	831
NAVIGATION_AUTH_HINT	backups/clerk-private-profile.before-profile-resilience-shell.html	868
NAVIGATION_AUTH_HINT	backups/clerk-private-profile.before-profile-resilience-shell.html	916
NAVIGATION_AUTH_HINT	backups/clerk-private-profile.before-profile-resilience-shell.html	941
NAVIGATION_AUTH_HINT	backups/clerk-private-profile.before-profile-resilience-shell.html	948
NAVIGATION_AUTH_HINT	backups/clerk-private-profile.before-profile-resilience-shell.html	956
NAVIGATION_AUTH_HINT	backups/clerk-private-profile.before-profile-resilience-shell.html	964
NAVIGATION_AUTH_HINT	backups/clerk-private-profile.before-profile-resilience-shell.html	971
NAVIGATION_AUTH_HINT	backups/clerk-private-profile.before-profile-resilience-shell.html	973
NAVIGATION_AUTH_HINT	backups/clerk-private-profile.before-profile-resilience-shell.html	984
NAVIGATION_AUTH_HINT	backups/clerk-private-profile.before-profile-resilience-shell.html	991
NAVIGATION_AUTH_HINT	backups/clerk-private-profile.before-profile-resilience-shell.html	998
NAVIGATION_AUTH_HINT	backups/clerk-private-profile.before-profile-resilience-shell.html	1007
NAVIGATION_AUTH_HINT	backups/clerk-private-profile.before-profile-resilience-shell.html	1009
NAVIGATION_AUTH_HINT	backups/clerk-private-profile.before-profile-resilience-shell.html	1022
NAVIGATION_AUTH_HINT	backups/clerk-private-profile.before-profile-resilience-shell.html	1024
NAVIGATION_AUTH_HINT	backups/clerk-private-profile.before-profile-resilience-shell.html	1029
NAVIGATION_AUTH_HINT	backups/clerk-private-profile.before-profile-resilience-shell.html	1030
NAVIGATION_AUTH_HINT	backups/clerk-private-profile.before-profile-resilience-shell.html	1031
NAVIGATION_AUTH_HINT	backups/clerk-private-profile.before-profile-resilience-shell.html	1032
NAVIGATION_AUTH_HINT	backups/clerk-private-profile.before-profile-resilience-shell.html	1076
NAVIGATION_AUTH_HINT	backups/clerk-private-profile.before-profile-resilience-shell.html	1085
NAVIGATION_AUTH_HINT	backups/clerk-private-profile.before-profile-resilience-shell.html	1086
NAVIGATION_AUTH_HINT	backups/clerk-private-profile.before-profile-resilience-shell.html	1088
NAVIGATION_AUTH_HINT	backups/clerk-private-profile.before-profile-resilience-shell.html	1097
NAVIGATION_AUTH_HINT	backups/clerk-private-profile.before-profile-resilience-shell.html	1108
NAVIGATION_AUTH_HINT	backups/clerk-private-profile.before-profile-resilience-shell.html	1110
NAVIGATION_AUTH_HINT	backups/clerk-private-profile.before-profile-resilience-shell.html	1117
NAVIGATION_AUTH_HINT	backups/clerk-private-profile.before-profile-resilience-shell.html	1124
NAVIGATION_AUTH_HINT	backups/clerk-private-profile.before-profile-resilience-shell.html	1132
NAVIGATION_AUTH_HINT	backups/clerk-private-profile.before-profile-resilience-shell.html	1133
NAVIGATION_AUTH_HINT	backups/clerk-private-profile.before-profile-resilience-shell.html	1135
NAVIGATION_AUTH_HINT	backups/clerk-private-profile.before-profile-resilience-shell.html	1141
NAVIGATION_AUTH_HINT	backups/clerk-private-profile.before-profile-resilience-shell.html	1162
NAVIGATION_AUTH_HINT	backups/clerk-private-profile.before-profile-resilience-shell.html	1169
NAVIGATION_AUTH_HINT	backups/clerk-private-profile.before-profile-resilience-shell.html	1178
NAVIGATION_AUTH_HINT	backups/clerk-private-profile.before-profile-resilience-shell.html	1180
NAVIGATION_AUTH_HINT	backups/clerk-private-profile.before-profile-resilience-shell.html	1188
NAVIGATION_AUTH_HINT	backups/clerk-private-profile.before-profile-resilience-shell.html	1190
NAVIGATION_AUTH_HINT	backups/clerk-private-profile.before-profile-resilience-shell.html	1193
NAVIGATION_AUTH_HINT	backups/clerk-private-profile.before-profile-resilience-shell.html	1194
NAVIGATION_AUTH_HINT	backups/clerk-private-profile.before-profile-resilience-shell.html	1203
NAVIGATION_AUTH_HINT	backups/clerk-private-profile.before-profile-resilience-shell.html	1206
NAVIGATION_AUTH_HINT	backups/clerk-private-profile.before-profile-resilience-shell.html	1224
NAVIGATION_AUTH_HINT	backups/clerk-private-profile.before-profile-resilience-shell.html	1225
NAVIGATION_AUTH_HINT	backups/clerk-private-profile.before-profile-resilience-shell.html	1226
NAVIGATION_AUTH_HINT	backups/clerk-private-profile.before-profile-resilience-shell.html	1235
NAVIGATION_AUTH_HINT	backups/clerk-private-profile.before-profile-resilience-shell.html	1292
NAVIGATION_AUTH_HINT	backups/clerk-private-profile.before-profile-resilience-shell.html	1295
NAVIGATION_AUTH_HINT	backups/clerk-private-profile.before-profile-resilience-shell.html	1305
NAVIGATION_AUTH_HINT	backups/clerk-private-profile.before-profile-resilience-shell.html	1306
NAVIGATION_AUTH_HINT	backups/clerk-private-profile.before-profile-resilience-shell.html	1318
NAVIGATION_AUTH_HINT	backups/clerk-private-profile.before-profile-resilience-shell.html	1333
NAVIGATION_AUTH_HINT	backups/clerk-private-profile.before-profile-resilience-shell.html	1334
NAVIGATION_AUTH_HINT	backups/clerk-private-profile.before-profile-resilience-shell.html	1335
NAVIGATION_AUTH_HINT	backups/clerk-private-profile.before-profile-resilience-shell.html	1342
NAVIGATION_AUTH_HINT	backups/clerk-private-profile.before-profile-resilience-shell.html	1343
NAVIGATION_AUTH_HINT	backups/clerk-private-profile.before-profile-resilience-shell.html	1362
NAVIGATION_AUTH_HINT	backups/clerk-private-profile.before-profile-resilience-shell.html	1377
NAVIGATION_AUTH_HINT	backups/clerk-private-profile.before-profile-resilience-shell.html	1378
NAVIGATION_AUTH_HINT	backups/clerk-private-profile.before-profile-resilience-shell.html	1379
NAVIGATION_AUTH_HINT	backups/clerk-private-profile.before-profile-resilience-shell.html	1386
NAVIGATION_AUTH_HINT	backups/clerk-private-profile.before-profile-resilience-shell.html	1390
NAVIGATION_AUTH_HINT	backups/clerk-private-profile.before-profile-resilience-shell.html	1405
NAVIGATION_AUTH_HINT	backups/clerk-private-profile.before-profile-resilience-shell.html	1412
NAVIGATION_AUTH_HINT	backups/clerk-private-profile.before-profile-resilience-shell.html	1413
NAVIGATION_AUTH_HINT	backups/clerk-private-profile.before-profile-resilience-shell.html	1414
NAVIGATION_AUTH_HINT	backups/clerk-private-profile.before-profile-resilience-shell.html	1431
NAVIGATION_AUTH_HINT	backups/clerk-private-profile.before-profile-resilience-shell.html	1432
NAVIGATION_AUTH_HINT	backups/clerk-private-profile.before-profile-resilience-shell.html	1433
NAVIGATION_AUTH_HINT	backups/clerk-private-profile.before-profile-resilience-shell.html	1455
NAVIGATION_AUTH_HINT	backups/clerk-private-profile.before-profile-resilience-shell.html	1456
NAVIGATION_AUTH_HINT	backups/clerk-private-profile.before-profile-resilience-shell.html	1457
NAVIGATION_AUTH_HINT	backups/clerk-private-profile.before-profile-resilience-shell.html	1469
NAVIGATION_AUTH_HINT	backups/clerk-private-profile.before-profile-resilience-shell.html	1470
NAVIGATION_AUTH_HINT	backups/clerk-private-profile.before-profile-resilience-shell.html	1506
NAVIGATION_AUTH_HINT	backups/clerk-private-profile.before-profile-resilience-shell.html	1510
NAVIGATION_AUTH_HINT	backups/clerk-private-profile.before-profile-resilience-shell.html	1511
NAVIGATION_AUTH_HINT	backups/clerk-private-profile.before-profile-resilience-shell.html	1512
NAVIGATION_AUTH_HINT	backups/clerk-private-profile.before-profile-resilience-shell.html	1513
NAVIGATION_AUTH_HINT	backups/clerk-private-profile.before-profile-resilience-shell.html	1514
NAVIGATION_AUTH_HINT	backups/clerk-private-profile.before-profile-resilience-shell.html	1515
NAVIGATION_AUTH_HINT	backups/clerk-private-profile.before-profile-resilience-shell.html	1519
NAVIGATION_AUTH_HINT	backups/clerk-private-profile.before-profile-resilience-shell.html	1525
NAVIGATION_AUTH_HINT	backups/clerk-private-profile.before-profile-resilience-shell.html	1530
NAVIGATION_AUTH_HINT	backups/clerk-private-profile.before-profile-resilience-shell.html	1536
NAVIGATION_AUTH_HINT	backups/clerk-private-profile.before-profile-resilience-shell.html	1540
NAVIGATION_AUTH_HINT	backups/clerk-private-profile.before-profile-resilience-shell.html	1545
NAVIGATION_AUTH_HINT	backups/clerk-private-profile.before-profile-resilience-shell.html	1567
NAVIGATION_AUTH_HINT	backups/clerk-private-profile.before-profile-resilience-shell.html	1568
NAVIGATION_AUTH_HINT	backups/clerk-private-profile.before-profile-resilience-shell.html	1569
NAVIGATION_AUTH_HINT	backups/clerk-private-profile.before-profile-resilience-shell.html	1578
NAVIGATION_AUTH_HINT	backups/clerk-private-profile.before-profile-resilience-shell.html	1725
NAVIGATION_AUTH_HINT	backups/clerk-private-profile.before-profile-resilience-shell.html	1780
NAVIGATION_AUTH_HINT	backups/clerk-private-profile.before-self-healing-profile-gateway.html	22
NAVIGATION_AUTH_HINT	backups/clerk-private-profile.before-self-healing-profile-gateway.html	124
NAVIGATION_AUTH_HINT	backups/clerk-private-profile.before-self-healing-profile-gateway.html	150
NAVIGATION_AUTH_HINT	backups/clerk-private-profile.before-self-healing-profile-gateway.html	156
NAVIGATION_AUTH_HINT	backups/clerk-private-profile.before-self-healing-profile-gateway.html	169
NAVIGATION_AUTH_HINT	backups/clerk-private-profile.before-self-healing-profile-gateway.html	210
NAVIGATION_AUTH_HINT	backups/clerk-private-profile.before-self-healing-profile-gateway.html	589
NAVIGATION_AUTH_HINT	backups/clerk-private-profile.before-self-healing-profile-gateway.html	594
NAVIGATION_AUTH_HINT	backups/clerk-private-profile.before-self-healing-profile-gateway.html	599
NAVIGATION_AUTH_HINT	backups/clerk-private-profile.before-self-healing-profile-gateway.html	604
NAVIGATION_AUTH_HINT	backups/clerk-private-profile.before-self-healing-profile-gateway.html	623
NAVIGATION_AUTH_HINT	backups/clerk-private-profile.before-self-healing-profile-gateway.html	660
NAVIGATION_AUTH_HINT	backups/clerk-private-profile.before-self-healing-profile-gateway.html	685
NAVIGATION_AUTH_HINT	backups/clerk-private-profile.before-self-healing-profile-gateway.html	697
NAVIGATION_AUTH_HINT	backups/clerk-private-profile.before-self-healing-profile-gateway.html	699
NAVIGATION_AUTH_HINT	backups/clerk-private-profile.before-self-healing-profile-gateway.html	720
NAVIGATION_AUTH_HINT	backups/clerk-private-profile.before-self-healing-profile-gateway.html	731
NAVIGATION_AUTH_HINT	backups/clerk-private-profile.before-self-healing-profile-gateway.html	750
NAVIGATION_AUTH_HINT	backups/clerk-private-profile.before-self-healing-profile-gateway.html	760
NAVIGATION_AUTH_HINT	backups/clerk-private-profile.before-self-healing-profile-gateway.html	765
NAVIGATION_AUTH_HINT	backups/clerk-private-profile.before-self-healing-profile-gateway.html	767
NAVIGATION_AUTH_HINT	backups/clerk-private-profile.before-self-healing-profile-gateway.html	773
NAVIGATION_AUTH_HINT	backups/clerk-private-profile.before-self-healing-profile-gateway.html	778
NAVIGATION_AUTH_HINT	backups/clerk-private-profile.before-self-healing-profile-gateway.html	784
NAVIGATION_AUTH_HINT	backups/clerk-private-profile.before-self-healing-profile-gateway.html	788
NAVIGATION_AUTH_HINT	backups/clerk-private-profile.before-self-healing-profile-gateway.html	793
NAVIGATION_AUTH_HINT	backups/clerk-private-profile.before-self-healing-profile-gateway.html	815
NAVIGATION_AUTH_HINT	backups/clerk-private-profile.before-self-healing-profile-gateway.html	816
NAVIGATION_AUTH_HINT	backups/clerk-private-profile.before-self-healing-profile-gateway.html	817
NAVIGATION_AUTH_HINT	backups/clerk-private-profile.before-self-healing-profile-gateway.html	826
NAVIGATION_AUTH_HINT	backups/clerk-private-profile.before-self-healing-profile-gateway.html	973
NAVIGATION_AUTH_HINT	backups/clerk-private-profile.before-self-healing-profile-gateway.html	995
NAVIGATION_AUTH_HINT	backups/clerk-private-profile.before-self-healing-profile-gateway.html	1028
NAVIGATION_AUTH_HINT	backups/clerk-private-profile.before-self-healing-profile-gateway.html	1048
NAVIGATION_AUTH_HINT	backups/clerk-private-profile.before-self-healing-profile-gateway.html	1056
NAVIGATION_AUTH_HINT	backups/clerk-private-profile.before-self-healing-profile-gateway.html	1058
NAVIGATION_AUTH_HINT	backups/visual-trust-layer/phase-2-2/public-profile.before-readable-lock.20260709-184736.html	700
NAVIGATION_AUTH_HINT	backups/visual-trust-layer/phase-2-2/public-profile.before-readable-lock.20260709-184736.html	709
NAVIGATION_AUTH_HINT	backups/visual-trust-layer/phase-2-2/public-profile.before-readable-lock.20260709-184736.html	937
NAVIGATION_AUTH_HINT	backups/visual-trust-layer/phase-2-2/public-profile.before-readable-lock.20260709-184736.html	960
NAVIGATION_AUTH_HINT	backups/visual-trust-layer/phase-2-2/public-profile.before-readable-lock.20260709-184736.html	1155
NAVIGATION_AUTH_HINT	backups/visual-trust-layer/phase-2-2/public-profile.before-readable-lock.20260709-184736.html	1159
NAVIGATION_AUTH_HINT	backups/visual-trust-layer/phase-2-2/public-profile.before-readable-lock.20260709-184736.html	1311
NAVIGATION_AUTH_HINT	backups/visual-trust-layer/phase-2-2/public-profile.before-readable-lock.20260709-184736.html	1350
NAVIGATION_AUTH_HINT	backups/visual-trust-layer/phase-2-2/public-profile.before-readable-lock.20260709-184736.html	1364
NAVIGATION_AUTH_HINT	backups/visual-trust-layer/phase-2-2/vvip-visual-trust-layer.before-readable-lock.20260709-184736.css	45
NAVIGATION_AUTH_HINT	backups/visual-trust-layer/phase-2-2/vvip-visual-trust-layer.before-readable-lock.20260709-184736.css	46
NAVIGATION_AUTH_HINT	backups/visual-trust-layer/phase-2-2/vvip-visual-trust-layer.before-readable-lock.20260709-184736.css	56
NAVIGATION_AUTH_HINT	backups/visual-trust-layer/phase-2-2/vvip-visual-trust-layer.before-readable-lock.20260709-184736.css	57
NAVIGATION_AUTH_HINT	backups/visual-trust-layer/phase-2-2/vvip-visual-trust-layer.before-readable-lock.20260709-184736.css	67
NAVIGATION_AUTH_HINT	backups/visual-trust-layer/phase-2-2/vvip-visual-trust-layer.before-readable-lock.20260709-184736.css	160
NAVIGATION_AUTH_HINT	backups/visual-trust-layer/phase-2-2/vvip-visual-trust-layer.before-readable-lock.20260709-184736.css	161
NAVIGATION_AUTH_HINT	backups/visual-trust-layer/phase-2-2/vvip-visual-trust-layer.before-readable-lock.20260709-184736.css	182
NAVIGATION_AUTH_HINT	backups/visual-trust-layer/phase-2-2/vvip-visual-trust-layer.before-readable-lock.20260709-184736.css	194
NAVIGATION_AUTH_HINT	backups/visual-trust-layer/phase-2-2/vvip-visual-trust-layer.before-readable-lock.20260709-184736.css	214
NAVIGATION_AUTH_HINT	backups/visual-trust-layer/phase-2-2/vvip-visual-trust-layer.before-readable-lock.20260709-184736.css	234
NAVIGATION_AUTH_HINT	backups/visual-trust-layer/phase-2-2/vvip-visual-trust-layer.before-readable-lock.20260709-184736.css	254
NAVIGATION_AUTH_HINT	backups/visual-trust-layer/phase-2-2/vvip-visual-trust-layer.before-readable-lock.20260709-184736.css	333
NAVIGATION_AUTH_HINT	backups/visual-trust-layer/phase-2-2/vvip-visual-trust-layer.before-readable-lock.20260709-184736.css	346
NAVIGATION_AUTH_HINT	backups/visual-trust-layer/phase-2-2/vvip-visual-trust-layer.before-readable-lock.20260709-184736.css	359
NAVIGATION_AUTH_HINT	backups/visual-trust-layer/phase-2-2/vvip-visual-trust-layer.before-readable-lock.20260709-184736.css	381
NAVIGATION_AUTH_HINT	backups/visual-trust-layer/phase-2-2/vvip-visual-trust-layer.before-readable-lock.20260709-184736.css	402
NAVIGATION_AUTH_HINT	backups/visual-trust-layer/phase-2-2/vvip-visual-trust-layer.before-readable-lock.20260709-184736.css	404
NAVIGATION_AUTH_HINT	clerk-private-profile.html	22
NAVIGATION_AUTH_HINT	clerk-private-profile.html	124
NAVIGATION_AUTH_HINT	clerk-private-profile.html	150
NAVIGATION_AUTH_HINT	clerk-private-profile.html	156
NAVIGATION_AUTH_HINT	clerk-private-profile.html	169
NAVIGATION_AUTH_HINT	clerk-private-profile.html	210
NAVIGATION_AUTH_HINT	clerk-private-profile.html	589
NAVIGATION_AUTH_HINT	clerk-private-profile.html	594
NAVIGATION_AUTH_HINT	clerk-private-profile.html	599
NAVIGATION_AUTH_HINT	clerk-private-profile.html	604
NAVIGATION_AUTH_HINT	clerk-private-profile.html	623
NAVIGATION_AUTH_HINT	clerk-private-profile.html	624
NAVIGATION_AUTH_HINT	clerk-private-profile.html	661
NAVIGATION_AUTH_HINT	clerk-private-profile.html	801
NAVIGATION_AUTH_HINT	clerk-private-profile.html	824
NAVIGATION_AUTH_HINT	clerk-private-profile.html	848
NAVIGATION_AUTH_HINT	clerk-private-profile.html	850
NAVIGATION_AUTH_HINT	clerk-private-profile.html	860
NAVIGATION_AUTH_HINT	clerk-private-profile.html	868
NAVIGATION_AUTH_HINT	clerk-private-profile.html	869
NAVIGATION_AUTH_HINT	clerk-private-profile.html	875
NAVIGATION_AUTH_HINT	clerk-private-profile.html	876
NAVIGATION_AUTH_HINT	clerk-private-profile.html	877
NAVIGATION_AUTH_HINT	clerk-private-profile.html	878
NAVIGATION_AUTH_HINT	clerk-private-profile.html	879
NAVIGATION_AUTH_HINT	clerk-private-profile.html	880
NAVIGATION_AUTH_HINT	clerk-private-profile.html	881
NAVIGATION_AUTH_HINT	clerk-private-profile.html	882
NAVIGATION_AUTH_HINT	clerk-private-profile.html	883
NAVIGATION_AUTH_HINT	clerk-private-profile.html	890
NAVIGATION_AUTH_HINT	clerk-private-profile.html	917
NAVIGATION_AUTH_HINT	clerk-private-profile.html	919
NAVIGATION_AUTH_HINT	clerk-private-profile.html	920
NAVIGATION_AUTH_HINT	clerk-private-profile.html	925
NAVIGATION_AUTH_HINT	clerk-private-profile.html	926
NAVIGATION_AUTH_HINT	clerk-private-profile.html	927
NAVIGATION_AUTH_HINT	clerk-private-profile.html	929
NAVIGATION_AUTH_HINT	clerk-private-profile.html	933
NAVIGATION_AUTH_HINT	clerk-private-profile.html	950
NAVIGATION_AUTH_HINT	clerk-private-profile.html	951
NAVIGATION_AUTH_HINT	clerk-private-profile.html	958
NAVIGATION_AUTH_HINT	clerk-private-profile.html	964
NAVIGATION_AUTH_HINT	clerk-private-profile.html	965
NAVIGATION_AUTH_HINT	clerk-private-profile.html	966
NAVIGATION_AUTH_HINT	clerk-private-profile.html	967
NAVIGATION_AUTH_HINT	clerk-private-profile.html	971
NAVIGATION_AUTH_HINT	clerk-private-profile.html	972
NAVIGATION_AUTH_HINT	clerk-private-profile.html	989
NAVIGATION_AUTH_HINT	clerk-private-profile.html	1026
NAVIGATION_AUTH_HINT	clerk-private-profile.html	1074
NAVIGATION_AUTH_HINT	clerk-private-profile.html	1099
NAVIGATION_AUTH_HINT	clerk-private-profile.html	1106
NAVIGATION_AUTH_HINT	clerk-private-profile.html	1114
NAVIGATION_AUTH_HINT	clerk-private-profile.html	1122
NAVIGATION_AUTH_HINT	clerk-private-profile.html	1129
NAVIGATION_AUTH_HINT	clerk-private-profile.html	1131
NAVIGATION_AUTH_HINT	clerk-private-profile.html	1142
NAVIGATION_AUTH_HINT	clerk-private-profile.html	1149
NAVIGATION_AUTH_HINT	clerk-private-profile.html	1156
NAVIGATION_AUTH_HINT	clerk-private-profile.html	1165
NAVIGATION_AUTH_HINT	clerk-private-profile.html	1167
NAVIGATION_AUTH_HINT	clerk-private-profile.html	1180
NAVIGATION_AUTH_HINT	clerk-private-profile.html	1182
NAVIGATION_AUTH_HINT	clerk-private-profile.html	1187
NAVIGATION_AUTH_HINT	clerk-private-profile.html	1188
NAVIGATION_AUTH_HINT	clerk-private-profile.html	1189
NAVIGATION_AUTH_HINT	clerk-private-profile.html	1190
NAVIGATION_AUTH_HINT	clerk-private-profile.html	1234
NAVIGATION_AUTH_HINT	clerk-private-profile.html	1243
NAVIGATION_AUTH_HINT	clerk-private-profile.html	1244
NAVIGATION_AUTH_HINT	clerk-private-profile.html	1246
NAVIGATION_AUTH_HINT	clerk-private-profile.html	1255
NAVIGATION_AUTH_HINT	clerk-private-profile.html	1266
NAVIGATION_AUTH_HINT	clerk-private-profile.html	1268
NAVIGATION_AUTH_HINT	clerk-private-profile.html	1275
NAVIGATION_AUTH_HINT	clerk-private-profile.html	1282
NAVIGATION_AUTH_HINT	clerk-private-profile.html	1290
NAVIGATION_AUTH_HINT	clerk-private-profile.html	1291
NAVIGATION_AUTH_HINT	clerk-private-profile.html	1293
NAVIGATION_AUTH_HINT	clerk-private-profile.html	1299
NAVIGATION_AUTH_HINT	clerk-private-profile.html	1320
NAVIGATION_AUTH_HINT	clerk-private-profile.html	1327
NAVIGATION_AUTH_HINT	clerk-private-profile.html	1336
NAVIGATION_AUTH_HINT	clerk-private-profile.html	1338
NAVIGATION_AUTH_HINT	clerk-private-profile.html	1346
NAVIGATION_AUTH_HINT	clerk-private-profile.html	1348
NAVIGATION_AUTH_HINT	clerk-private-profile.html	1351
NAVIGATION_AUTH_HINT	clerk-private-profile.html	1352
NAVIGATION_AUTH_HINT	clerk-private-profile.html	1361
NAVIGATION_AUTH_HINT	clerk-private-profile.html	1364
NAVIGATION_AUTH_HINT	clerk-private-profile.html	1382
NAVIGATION_AUTH_HINT	clerk-private-profile.html	1383
NAVIGATION_AUTH_HINT	clerk-private-profile.html	1384
NAVIGATION_AUTH_HINT	clerk-private-profile.html	1393
NAVIGATION_AUTH_HINT	clerk-private-profile.html	1450
NAVIGATION_AUTH_HINT	clerk-private-profile.html	1453
NAVIGATION_AUTH_HINT	clerk-private-profile.html	1463
NAVIGATION_AUTH_HINT	clerk-private-profile.html	1464
NAVIGATION_AUTH_HINT	clerk-private-profile.html	1476
NAVIGATION_AUTH_HINT	clerk-private-profile.html	1491
NAVIGATION_AUTH_HINT	clerk-private-profile.html	1492
NAVIGATION_AUTH_HINT	clerk-private-profile.html	1493
NAVIGATION_AUTH_HINT	clerk-private-profile.html	1500
NAVIGATION_AUTH_HINT	clerk-private-profile.html	1501
NAVIGATION_AUTH_HINT	clerk-private-profile.html	1520
NAVIGATION_AUTH_HINT	clerk-private-profile.html	1535
NAVIGATION_AUTH_HINT	clerk-private-profile.html	1536
NAVIGATION_AUTH_HINT	clerk-private-profile.html	1537
NAVIGATION_AUTH_HINT	clerk-private-profile.html	1556
NAVIGATION_AUTH_HINT	clerk-private-profile.html	1557
NAVIGATION_AUTH_HINT	clerk-private-profile.html	1570
NAVIGATION_AUTH_HINT	clerk-private-profile.html	1571
NAVIGATION_AUTH_HINT	clerk-private-profile.html	1580
NAVIGATION_AUTH_HINT	clerk-private-profile.html	1581
NAVIGATION_AUTH_HINT	clerk-private-profile.html	1592
NAVIGATION_AUTH_HINT	clerk-private-profile.html	1593
NAVIGATION_AUTH_HINT	clerk-private-profile.html	1604
NAVIGATION_AUTH_HINT	clerk-private-profile.html	1610
NAVIGATION_AUTH_HINT	clerk-private-profile.html	1616
NAVIGATION_AUTH_HINT	clerk-private-profile.html	1653
NAVIGATION_AUTH_HINT	clerk-private-profile.html	1654
NAVIGATION_AUTH_HINT	clerk-private-profile.html	1655
NAVIGATION_AUTH_HINT	clerk-private-profile.html	1663
NAVIGATION_AUTH_HINT	clerk-private-profile.html	1671
NAVIGATION_AUTH_HINT	clerk-private-profile.html	1677
NAVIGATION_AUTH_HINT	clerk-private-profile.html	1681
NAVIGATION_AUTH_HINT	clerk-private-profile.html	1692
NAVIGATION_AUTH_HINT	clerk-private-profile.html	1696
NAVIGATION_AUTH_HINT	clerk-private-profile.html	1697
NAVIGATION_AUTH_HINT	clerk-private-profile.html	1698
NAVIGATION_AUTH_HINT	clerk-private-profile.html	1699
NAVIGATION_AUTH_HINT	clerk-private-profile.html	1700
NAVIGATION_AUTH_HINT	clerk-private-profile.html	1701
NAVIGATION_AUTH_HINT	clerk-private-profile.html	1705
NAVIGATION_AUTH_HINT	clerk-private-profile.html	1711
NAVIGATION_AUTH_HINT	clerk-private-profile.html	1716
NAVIGATION_AUTH_HINT	clerk-private-profile.html	1722
NAVIGATION_AUTH_HINT	clerk-private-profile.html	1726
NAVIGATION_AUTH_HINT	clerk-private-profile.html	1731
NAVIGATION_AUTH_HINT	clerk-private-profile.html	1753
NAVIGATION_AUTH_HINT	clerk-private-profile.html	1754
NAVIGATION_AUTH_HINT	clerk-private-profile.html	1755
NAVIGATION_AUTH_HINT	clerk-private-profile.html	1764
NAVIGATION_AUTH_HINT	clerk-private-profile.html	1911
NAVIGATION_AUTH_HINT	clerk-private-profile.html	1966
NAVIGATION_AUTH_HINT	clerk-test.html	196
NAVIGATION_AUTH_HINT	clerk-test.html	216
NAVIGATION_AUTH_HINT	clerk-test.html	225
NAVIGATION_AUTH_HINT	docs/PROFILE_RESILIENCE_SHELL_CLOSURE.md	13
NAVIGATION_AUTH_HINT	docs/PROFILE_RESILIENCE_SHELL_CLOSURE.md	21
NAVIGATION_AUTH_HINT	docs/PROFILE_RESILIENCE_SHELL_CLOSURE.md	36
NAVIGATION_AUTH_HINT	docs/PROFILE_RESILIENCE_SHELL_CLOSURE.md	50
NAVIGATION_AUTH_HINT	docs/PROFILE_RESILIENCE_SHELL_CLOSURE.md	66
NAVIGATION_AUTH_HINT	docs/PROFILE_RESILIENCE_SHELL_CLOSURE.md	98
NAVIGATION_AUTH_HINT	docs/VVIP_TIGER_AUTH_AUDIT.md	27
NAVIGATION_AUTH_HINT	docs/VVIP_TIGER_AUTH_AUDIT.md	53
NAVIGATION_AUTH_HINT	docs/VVIP_TIGER_AUTH_AUDIT.md	57
NAVIGATION_AUTH_HINT	docs/VVIP_TIGER_AUTH_AUDIT.md	65
NAVIGATION_AUTH_HINT	docs/VVIP_TIGER_AUTH_AUDIT.md	67
NAVIGATION_AUTH_HINT	docs/VVIP_TIGER_AUTH_AUDIT.md	83
NAVIGATION_AUTH_HINT	docs/VVIP_TIGER_AUTH_AUDIT.md	89
NAVIGATION_AUTH_HINT	docs/VVIP_TIGER_AUTH_AUDIT.md	99
NAVIGATION_AUTH_HINT	docs/VVIP_TIGER_CLERK_PROFILE_TABLE_LOG.md	4
NAVIGATION_AUTH_HINT	docs/VVIP_TIGER_CLERK_PROFILE_TABLE_LOG.md	10
NAVIGATION_AUTH_HINT	docs/VVIP_TIGER_CLERK_PROFILE_TABLE_LOG.md	12
NAVIGATION_AUTH_HINT	docs/VVIP_TIGER_CLERK_PROFILE_TABLE_LOG.md	16
NAVIGATION_AUTH_HINT	docs/VVIP_TIGER_CLERK_PROFILE_TABLE_LOG.md	32
NAVIGATION_AUTH_HINT	docs/VVIP_TIGER_CLERK_PROFILE_TABLE_LOG.md	36
NAVIGATION_AUTH_HINT	docs/VVIP_TIGER_CLERK_PROFILE_TABLE_LOG.md	37
NAVIGATION_AUTH_HINT	docs/VVIP_TIGER_CLERK_PROFILE_TABLE_LOG.md	38
NAVIGATION_AUTH_HINT	docs/VVIP_TIGER_CLERK_PROFILE_TABLE_LOG.md	54
NAVIGATION_AUTH_HINT	docs/VVIP_TIGER_CLERK_RLS_APPLY_LOG.md	4
NAVIGATION_AUTH_HINT	docs/VVIP_TIGER_CLERK_RLS_APPLY_LOG.md	25
NAVIGATION_AUTH_HINT	docs/VVIP_TIGER_CLERK_RLS_APPLY_LOG.md	29
NAVIGATION_AUTH_HINT	docs/VVIP_TIGER_CLERK_RLS_APPLY_LOG.md	30
NAVIGATION_AUTH_HINT	docs/VVIP_TIGER_CLERK_RLS_APPLY_LOG.md	31
NAVIGATION_AUTH_HINT	docs/VVIP_TIGER_CLERK_RLS_APPLY_LOG.md	39
NAVIGATION_AUTH_HINT	docs/VVIP_TIGER_CLERK_SUPABASE_LINK_SUCCESS.md	13
NAVIGATION_AUTH_HINT	docs/VVIP_TIGER_CLERK_SUPABASE_LINK_SUCCESS.md	22
NAVIGATION_AUTH_HINT	docs/VVIP_TIGER_CLERK_SUPABASE_LINK_SUCCESS.md	23
NAVIGATION_AUTH_HINT	docs/VVIP_TIGER_CLERK_SUPABASE_LINK_SUCCESS.md	31
NAVIGATION_AUTH_HINT	docs/VVIP_TIGER_CLERK_SUPABASE_LINK_SUCCESS.md	33
NAVIGATION_AUTH_HINT	docs/VVIP_TIGER_CLERK_SUPABASE_LINK_SUCCESS.md	35
NAVIGATION_AUTH_HINT	docs/VVIP_TIGER_CLERK_SUPABASE_LINK_SUCCESS.md	45
NAVIGATION_AUTH_HINT	docs/VVIP_TIGER_CLERK_SUPABASE_LINK_SUCCESS.md	57
NAVIGATION_AUTH_HINT	docs/VVIP_TIGER_CLERK_SUPABASE_LINK_SUCCESS.md	66
NAVIGATION_AUTH_HINT	docs/VVIP_TIGER_CLERK_SUPABASE_LINK_SUCCESS.md	70
NAVIGATION_AUTH_HINT	docs/VVIP_TIGER_CLERK_SUPABASE_LINK_SUCCESS.md	74
NAVIGATION_AUTH_HINT	docs/VVIP_TIGER_CLERK_SUPABASE_LINK_SUCCESS.md	87
NAVIGATION_AUTH_HINT	docs/VVIP_TIGER_DB_AUDIT.md	50
NAVIGATION_AUTH_HINT	docs/VVIP_TIGER_DB_AUDIT.md	62
NAVIGATION_AUTH_HINT	docs/VVIP_TIGER_DB_AUDIT.md	235
NAVIGATION_AUTH_HINT	docs/VVIP_TIGER_DB_AUDIT.md	239
NAVIGATION_AUTH_HINT	docs/VVIP_TIGER_DB_AUDIT.md	250
NAVIGATION_AUTH_HINT	docs/VVIP_TIGER_DB_AUDIT.md	272
NAVIGATION_AUTH_HINT	docs/VVIP_TIGER_DB_AUDIT.md	326
NAVIGATION_AUTH_HINT	docs/VVIP_TIGER_DB_AUDIT.md	339
NAVIGATION_AUTH_HINT	docs/VVIP_TIGER_DB_AUDIT.md	341
NAVIGATION_AUTH_HINT	docs/VVIP_TIGER_DB_AUDIT.md	345
NAVIGATION_AUTH_HINT	docs/VVIP_TIGER_DB_AUDIT.md	346
NAVIGATION_AUTH_HINT	docs/VVIP_TIGER_DB_AUDIT.md	350
NAVIGATION_AUTH_HINT	docs/VVIP_TIGER_FINAL_FRONTEND_SAFETY_SWEEP.md	34
NAVIGATION_AUTH_HINT	docs/VVIP_TIGER_FINAL_FRONTEND_SAFETY_SWEEP.md	38
NAVIGATION_AUTH_HINT	docs/VVIP_TIGER_FINAL_FRONTEND_SAFETY_SWEEP.md	74
NAVIGATION_AUTH_HINT	docs/VVIP_TIGER_FINAL_FRONTEND_SAFETY_SWEEP.md	78
NAVIGATION_AUTH_HINT	docs/VVIP_TIGER_FINAL_FRONTEND_SAFETY_SWEEP.md	82
NAVIGATION_AUTH_HINT	docs/VVIP_TIGER_FINAL_FRONTEND_SAFETY_SWEEP.md	86
NAVIGATION_AUTH_HINT	docs/VVIP_TIGER_FINAL_FRONTEND_SAFETY_SWEEP.md	116
NAVIGATION_AUTH_HINT	docs/VVIP_TIGER_FINAL_FRONTEND_SAFETY_SWEEP.md	118
NAVIGATION_AUTH_HINT	docs/VVIP_TIGER_FINAL_FRONTEND_SAFETY_SWEEP.md	120
NAVIGATION_AUTH_HINT	docs/VVIP_TIGER_FINAL_FRONTEND_SAFETY_SWEEP.md	138
NAVIGATION_AUTH_HINT	docs/VVIP_TIGER_FINAL_FRONTEND_SAFETY_SWEEP.md	139
NAVIGATION_AUTH_HINT	docs/VVIP_TIGER_FINAL_FRONTEND_SAFETY_SWEEP.md	140
NAVIGATION_AUTH_HINT	docs/VVIP_TIGER_FINAL_FRONTEND_SAFETY_SWEEP.md	141
NAVIGATION_AUTH_HINT	docs/VVIP_TIGER_FINAL_FRONTEND_SAFETY_SWEEP.md	142
NAVIGATION_AUTH_HINT	docs/VVIP_TIGER_FINAL_FRONTEND_SAFETY_SWEEP.md	162
NAVIGATION_AUTH_HINT	docs/VVIP_TIGER_FINAL_FRONTEND_SAFETY_SWEEP.md	163
NAVIGATION_AUTH_HINT	docs/VVIP_TIGER_FINAL_FRONTEND_SAFETY_SWEEP.md	164
NAVIGATION_AUTH_HINT	docs/VVIP_TIGER_FINAL_FRONTEND_SAFETY_SWEEP.md	165
NAVIGATION_AUTH_HINT	docs/VVIP_TIGER_FINAL_FRONTEND_SAFETY_SWEEP.md	166
NAVIGATION_AUTH_HINT	docs/VVIP_TIGER_FINAL_FRONTEND_SAFETY_SWEEP.md	167
NAVIGATION_AUTH_HINT	docs/VVIP_TIGER_FINAL_FRONTEND_SAFETY_SWEEP.md	168
NAVIGATION_AUTH_HINT	docs/VVIP_TIGER_FINAL_FRONTEND_SAFETY_SWEEP.md	169
NAVIGATION_AUTH_HINT	docs/VVIP_TIGER_FINAL_FRONTEND_SAFETY_SWEEP.md	170
NAVIGATION_AUTH_HINT	docs/VVIP_TIGER_FINAL_FRONTEND_SAFETY_SWEEP.md	171
NAVIGATION_AUTH_HINT	docs/VVIP_TIGER_FINAL_FRONTEND_SAFETY_SWEEP.md	172
NAVIGATION_AUTH_HINT	docs/VVIP_TIGER_FINAL_FRONTEND_SAFETY_SWEEP.md	173
NAVIGATION_AUTH_HINT	docs/VVIP_TIGER_FINAL_FRONTEND_SAFETY_SWEEP.md	174
NAVIGATION_AUTH_HINT	docs/VVIP_TIGER_FINAL_FRONTEND_SAFETY_SWEEP_REVIEW.md	9
NAVIGATION_AUTH_HINT	docs/VVIP_TIGER_FRONTEND_SAFE_BASELINE.md	54
NAVIGATION_AUTH_HINT	docs/VVIP_TIGER_LEGACY_AUTH_AUDIT.md	6
NAVIGATION_AUTH_HINT	docs/VVIP_TIGER_LEGACY_AUTH_AUDIT.md	20
NAVIGATION_AUTH_HINT	docs/VVIP_TIGER_LEGACY_AUTH_AUDIT.md	24
NAVIGATION_AUTH_HINT	docs/VVIP_TIGER_LEGACY_AUTH_AUDIT.md	41
NAVIGATION_AUTH_HINT	docs/VVIP_TIGER_LEGACY_AUTH_AUDIT.md	42
NAVIGATION_AUTH_HINT	docs/VVIP_TIGER_LEGACY_AUTH_AUDIT.md	52
NAVIGATION_AUTH_HINT	docs/VVIP_TIGER_LEGACY_AUTH_AUDIT.md	56
NAVIGATION_AUTH_HINT	docs/VVIP_TIGER_LEGACY_AUTH_AUDIT.md	60
NAVIGATION_AUTH_HINT	docs/VVIP_TIGER_LEGACY_AUTH_AUDIT.md	68
NAVIGATION_AUTH_HINT	docs/VVIP_TIGER_LEGACY_AUTH_AUDIT.md	84
NAVIGATION_AUTH_HINT	docs/VVIP_TIGER_LEGACY_AUTH_AUDIT.md	88
NAVIGATION_AUTH_HINT	docs/VVIP_TIGER_LEGACY_AUTH_AUDIT.md	93
NAVIGATION_AUTH_HINT	docs/VVIP_TIGER_LEGACY_AUTH_AUDIT.md	117
NAVIGATION_AUTH_HINT	docs/VVIP_TIGER_LEGACY_AUTH_AUDIT.md	118
NAVIGATION_AUTH_HINT	docs/VVIP_TIGER_LEGACY_AUTH_AUDIT.md	119
NAVIGATION_AUTH_HINT	docs/VVIP_TIGER_LEGACY_AUTH_AUDIT.md	138
NAVIGATION_AUTH_HINT	docs/VVIP_TIGER_LEGACY_AUTH_AUDIT.md	154
NAVIGATION_AUTH_HINT	docs/VVIP_TIGER_LEGACY_AUTH_AUDIT.md	155
NAVIGATION_AUTH_HINT	docs/VVIP_TIGER_LEGACY_AUTH_AUDIT.md	161
NAVIGATION_AUTH_HINT	docs/VVIP_TIGER_MANUAL_DB_APPLY_LOG.md	4
NAVIGATION_AUTH_HINT	docs/VVIP_TIGER_MANUAL_DB_APPLY_LOG.md	6
NAVIGATION_AUTH_HINT	docs/VVIP_TIGER_MANUAL_DB_APPLY_LOG.md	14
NAVIGATION_AUTH_HINT	docs/VVIP_TIGER_MANUAL_DB_APPLY_LOG.md	27
NAVIGATION_AUTH_HINT	docs/VVIP_TIGER_MANUAL_DB_APPLY_LOG.md	28
NAVIGATION_AUTH_HINT	docs/VVIP_TIGER_MANUAL_DB_APPLY_LOG.md	29
NAVIGATION_AUTH_HINT	docs/VVIP_TIGER_MANUAL_DB_APPLY_LOG.md	43
NAVIGATION_AUTH_HINT	docs/VVIP_TIGER_MANUAL_DB_APPLY_LOG.md	45
NAVIGATION_AUTH_HINT	docs/VVIP_TIGER_MANUAL_DB_APPLY_LOG.md	48
NAVIGATION_AUTH_HINT	docs/VVIP_TIGER_MEMORY_MAP.md	51
NAVIGATION_AUTH_HINT	docs/VVIP_TIGER_MEMORY_MAP.md	62
NAVIGATION_AUTH_HINT	docs/VVIP_TIGER_MEMORY_MAP.md	116
NAVIGATION_AUTH_HINT	docs/VVIP_TIGER_MEMORY_MAP.md	117
NAVIGATION_AUTH_HINT	docs/VVIP_TIGER_MEMORY_MAP.md	119
NAVIGATION_AUTH_HINT	docs/VVIP_TIGER_MEMORY_MAP.md	127
NAVIGATION_AUTH_HINT	docs/VVIP_TIGER_MEMORY_MAP.md	128
NAVIGATION_AUTH_HINT	docs/VVIP_TIGER_MEMORY_MAP.md	130
NAVIGATION_AUTH_HINT	docs/VVIP_TIGER_MEMORY_MAP.md	135
NAVIGATION_AUTH_HINT	docs/VVIP_TIGER_MEMORY_MAP.md	155
NAVIGATION_AUTH_HINT	docs/VVIP_TIGER_MEMORY_MAP.md	157
NAVIGATION_AUTH_HINT	docs/VVIP_TIGER_MEMORY_MAP.md	162
NAVIGATION_AUTH_HINT	docs/VVIP_TIGER_MEMORY_MAP.md	163
NAVIGATION_AUTH_HINT	docs/VVIP_TIGER_MEMORY_MAP.md	394
NAVIGATION_AUTH_HINT	docs/VVIP_TIGER_MEMORY_MAP.md	395
NAVIGATION_AUTH_HINT	docs/VVIP_TIGER_MEMORY_MAP.md	405
NAVIGATION_AUTH_HINT	docs/VVIP_TIGER_MEMORY_MAP.md	479
NAVIGATION_AUTH_HINT	docs/VVIP_TIGER_MEMORY_MAP.md	480
NAVIGATION_AUTH_HINT	docs/VVIP_TIGER_MEMORY_MAP.md	496
NAVIGATION_AUTH_HINT	docs/VVIP_TIGER_NAVIGATION_BUTTON_AUDIT.md	20
NAVIGATION_AUTH_HINT	docs/VVIP_TIGER_NAVIGATION_BUTTON_AUDIT.md	25
NAVIGATION_AUTH_HINT	docs/VVIP_TIGER_NAVIGATION_BUTTON_AUDIT.md	26
NAVIGATION_AUTH_HINT	docs/VVIP_TIGER_NAVIGATION_BUTTON_AUDIT.md	36
NAVIGATION_AUTH_HINT	docs/VVIP_TIGER_NAVIGATION_BUTTON_AUDIT.md	40
NAVIGATION_AUTH_HINT	docs/VVIP_TIGER_NAVIGATION_BUTTON_AUDIT.md	42
NAVIGATION_AUTH_HINT	docs/VVIP_TIGER_NAVIGATION_BUTTON_AUDIT.md	44
NAVIGATION_AUTH_HINT	docs/VVIP_TIGER_NAVIGATION_BUTTON_AUDIT.md	46
NAVIGATION_AUTH_HINT	docs/VVIP_TIGER_NAVIGATION_BUTTON_AUDIT.md	48
NAVIGATION_AUTH_HINT	docs/VVIP_TIGER_NAVIGATION_BUTTON_AUDIT.md	50
NAVIGATION_AUTH_HINT	docs/VVIP_TIGER_NAVIGATION_BUTTON_AUDIT.md	52
NAVIGATION_AUTH_HINT	docs/VVIP_TIGER_NAVIGATION_BUTTON_AUDIT.md	59
NAVIGATION_AUTH_HINT	docs/VVIP_TIGER_NAVIGATION_BUTTON_AUDIT.md	60
NAVIGATION_AUTH_HINT	docs/VVIP_TIGER_NAVIGATION_BUTTON_AUDIT.md	61
NAVIGATION_AUTH_HINT	docs/VVIP_TIGER_NAVIGATION_BUTTON_AUDIT.md	66
NAVIGATION_AUTH_HINT	docs/VVIP_TIGER_NAVIGATION_BUTTON_AUDIT.md	68
NAVIGATION_AUTH_HINT	docs/VVIP_TIGER_NAVIGATION_BUTTON_AUDIT.md	70
NAVIGATION_AUTH_HINT	docs/VVIP_TIGER_NAVIGATION_BUTTON_AUDIT.md	72
NAVIGATION_AUTH_HINT	docs/VVIP_TIGER_NAVIGATION_BUTTON_AUDIT.md	74
NAVIGATION_AUTH_HINT	docs/VVIP_TIGER_NAVIGATION_BUTTON_AUDIT.md	76
NAVIGATION_AUTH_HINT	docs/VVIP_TIGER_NAVIGATION_BUTTON_AUDIT.md	78
NAVIGATION_AUTH_HINT	docs/VVIP_TIGER_NAVIGATION_BUTTON_AUDIT.md	80
NAVIGATION_AUTH_HINT	docs/VVIP_TIGER_NAVIGATION_BUTTON_AUDIT.md	82
NAVIGATION_AUTH_HINT	docs/VVIP_TIGER_NAVIGATION_BUTTON_AUDIT.md	84
NAVIGATION_AUTH_HINT	docs/VVIP_TIGER_NAVIGATION_BUTTON_AUDIT.md	86
NAVIGATION_AUTH_HINT	docs/VVIP_TIGER_NAVIGATION_BUTTON_AUDIT.md	88
NAVIGATION_AUTH_HINT	docs/VVIP_TIGER_NAVIGATION_BUTTON_AUDIT.md	89
NAVIGATION_AUTH_HINT	docs/VVIP_TIGER_NAVIGATION_BUTTON_AUDIT.md	90
NAVIGATION_AUTH_HINT	docs/VVIP_TIGER_NAVIGATION_BUTTON_STABILITY_PATCH.md	10
NAVIGATION_AUTH_HINT	docs/VVIP_TIGER_NAVIGATION_BUTTON_STABILITY_PATCH.md	11
NAVIGATION_AUTH_HINT	docs/VVIP_TIGER_NAVIGATION_SMOKE_AUDIT.md	24
NAVIGATION_AUTH_HINT	docs/VVIP_TIGER_NAVIGATION_SMOKE_AUDIT.md	25
NAVIGATION_AUTH_HINT	docs/VVIP_TIGER_NAVIGATION_SMOKE_AUDIT.md	26
NAVIGATION_AUTH_HINT	docs/VVIP_TIGER_NAVIGATION_SMOKE_AUDIT.md	27
NAVIGATION_AUTH_HINT	docs/VVIP_TIGER_NAVIGATION_SMOKE_AUDIT.md	28
NAVIGATION_AUTH_HINT	docs/VVIP_TIGER_NAVIGATION_SMOKE_AUDIT.md	29
NAVIGATION_AUTH_HINT	docs/VVIP_TIGER_NAVIGATION_SMOKE_AUDIT.md	41
NAVIGATION_AUTH_HINT	docs/VVIP_TIGER_NAVIGATION_SMOKE_AUDIT.md	43
NAVIGATION_AUTH_HINT	docs/VVIP_TIGER_OFFICIAL_PRIVATE_PROFILE_UI.md	5
NAVIGATION_AUTH_HINT	docs/VVIP_TIGER_OFFICIAL_PRIVATE_PROFILE_UI.md	6
NAVIGATION_AUTH_HINT	docs/VVIP_TIGER_OFFICIAL_PRIVATE_PROFILE_UI.md	14
NAVIGATION_AUTH_HINT	docs/VVIP_TIGER_OFFICIAL_PRIVATE_PROFILE_UI.md	28
NAVIGATION_AUTH_HINT	docs/VVIP_TIGER_OFFICIAL_PRIVATE_PROFILE_UI.md	30
NAVIGATION_AUTH_HINT	docs/VVIP_TIGER_OFFICIAL_PRIVATE_PROFILE_UI.md	41
NAVIGATION_AUTH_HINT	docs/VVIP_TIGER_OFFICIAL_PRIVATE_PROFILE_UI.md	43
NAVIGATION_AUTH_HINT	docs/VVIP_TIGER_OFFICIAL_PRIVATE_PROFILE_UI.md	72
NAVIGATION_AUTH_HINT	docs/VVIP_TIGER_OFFICIAL_PRIVATE_PROFILE_UI.md	76
NAVIGATION_AUTH_HINT	docs/VVIP_TIGER_OFFICIAL_PRIVATE_PROFILE_UI.md	80
NAVIGATION_AUTH_HINT	docs/VVIP_TIGER_OFFICIAL_PRIVATE_PROFILE_UI.md	90
NAVIGATION_AUTH_HINT	docs/VVIP_TIGER_OFFICIAL_PRIVATE_PROFILE_UI.md	94
NAVIGATION_AUTH_HINT	docs/VVIP_TIGER_PAGE_FLOW_USER_JOURNEY_AUDIT.md	5
NAVIGATION_AUTH_HINT	docs/VVIP_TIGER_PAGE_FLOW_USER_JOURNEY_AUDIT.md	13
NAVIGATION_AUTH_HINT	docs/VVIP_TIGER_PAGE_FLOW_USER_JOURNEY_AUDIT.md	20
NAVIGATION_AUTH_HINT	docs/VVIP_TIGER_PAGE_FLOW_USER_JOURNEY_AUDIT.md	21
NAVIGATION_AUTH_HINT	docs/VVIP_TIGER_PAGE_FLOW_USER_JOURNEY_AUDIT.md	22
NAVIGATION_AUTH_HINT	docs/VVIP_TIGER_PAGE_FLOW_USER_JOURNEY_AUDIT.md	33
NAVIGATION_AUTH_HINT	docs/VVIP_TIGER_PAGE_FLOW_USER_JOURNEY_AUDIT.md	34
NAVIGATION_AUTH_HINT	docs/VVIP_TIGER_PAGE_FLOW_USER_JOURNEY_AUDIT.md	35
NAVIGATION_AUTH_HINT	docs/VVIP_TIGER_PAGE_FLOW_USER_JOURNEY_AUDIT.md	37
NAVIGATION_AUTH_HINT	docs/VVIP_TIGER_PAGE_FLOW_USER_JOURNEY_AUDIT.md	42
NAVIGATION_AUTH_HINT	docs/VVIP_TIGER_PAGE_FLOW_USER_JOURNEY_AUDIT.md	43
NAVIGATION_AUTH_HINT	docs/VVIP_TIGER_PAGE_FLOW_USER_JOURNEY_AUDIT.md	44
NAVIGATION_AUTH_HINT	docs/VVIP_TIGER_PAGE_FLOW_USER_JOURNEY_AUDIT.md	51
NAVIGATION_AUTH_HINT	docs/VVIP_TIGER_PAGE_FLOW_USER_JOURNEY_AUDIT.md	52
NAVIGATION_AUTH_HINT	docs/VVIP_TIGER_PAGE_FLOW_USER_JOURNEY_AUDIT.md	53
NAVIGATION_AUTH_HINT	docs/VVIP_TIGER_PAGE_FLOW_USER_JOURNEY_AUDIT.md	60
NAVIGATION_AUTH_HINT	docs/VVIP_TIGER_PAGE_FLOW_USER_JOURNEY_AUDIT.md	61
NAVIGATION_AUTH_HINT	docs/VVIP_TIGER_PAGE_FLOW_USER_JOURNEY_AUDIT.md	62
NAVIGATION_AUTH_HINT	docs/VVIP_TIGER_PAGE_FLOW_USER_JOURNEY_AUDIT.md	69
NAVIGATION_AUTH_HINT	docs/VVIP_TIGER_PAGE_FLOW_USER_JOURNEY_AUDIT.md	70
NAVIGATION_AUTH_HINT	docs/VVIP_TIGER_PAGE_FLOW_USER_JOURNEY_AUDIT.md	71
NAVIGATION_AUTH_HINT	docs/VVIP_TIGER_PAGE_FLOW_USER_JOURNEY_AUDIT.md	78
NAVIGATION_AUTH_HINT	docs/VVIP_TIGER_PAGE_FLOW_USER_JOURNEY_AUDIT.md	79
NAVIGATION_AUTH_HINT	docs/VVIP_TIGER_PAGE_FLOW_USER_JOURNEY_AUDIT.md	80
NAVIGATION_AUTH_HINT	docs/VVIP_TIGER_PAGE_FLOW_USER_JOURNEY_AUDIT.md	82
NAVIGATION_AUTH_HINT	docs/VVIP_TIGER_PAGE_FLOW_USER_JOURNEY_AUDIT.md	87
NAVIGATION_AUTH_HINT	docs/VVIP_TIGER_PAGE_FLOW_USER_JOURNEY_AUDIT.md	88
NAVIGATION_AUTH_HINT	docs/VVIP_TIGER_PAGE_FLOW_USER_JOURNEY_AUDIT.md	89
NAVIGATION_AUTH_HINT	docs/VVIP_TIGER_PAGE_FLOW_USER_JOURNEY_AUDIT.md	91
NAVIGATION_AUTH_HINT	docs/VVIP_TIGER_PAGE_FLOW_USER_JOURNEY_AUDIT.md	96
NAVIGATION_AUTH_HINT	docs/VVIP_TIGER_PAGE_FLOW_USER_JOURNEY_AUDIT.md	97
NAVIGATION_AUTH_HINT	docs/VVIP_TIGER_PAGE_FLOW_USER_JOURNEY_AUDIT.md	98
NAVIGATION_AUTH_HINT	docs/VVIP_TIGER_PAGE_FLOW_USER_JOURNEY_AUDIT.md	105
NAVIGATION_AUTH_HINT	docs/VVIP_TIGER_PAGE_FLOW_USER_JOURNEY_AUDIT.md	106
NAVIGATION_AUTH_HINT	docs/VVIP_TIGER_PAGE_FLOW_USER_JOURNEY_AUDIT.md	107
NAVIGATION_AUTH_HINT	docs/VVIP_TIGER_PAGE_FLOW_USER_JOURNEY_AUDIT.md	114
NAVIGATION_AUTH_HINT	docs/VVIP_TIGER_PAGE_FLOW_USER_JOURNEY_AUDIT.md	115
NAVIGATION_AUTH_HINT	docs/VVIP_TIGER_PAGE_FLOW_USER_JOURNEY_AUDIT.md	116
NAVIGATION_AUTH_HINT	docs/VVIP_TIGER_PAGE_FLOW_USER_JOURNEY_AUDIT.md	122
NAVIGATION_AUTH_HINT	docs/VVIP_TIGER_PAGE_FLOW_USER_JOURNEY_AUDIT.md	123
NAVIGATION_AUTH_HINT	docs/VVIP_TIGER_PAGE_FLOW_USER_JOURNEY_AUDIT.md	124
NAVIGATION_AUTH_HINT	docs/VVIP_TIGER_PAGE_FLOW_USER_JOURNEY_AUDIT.md	125
NAVIGATION_AUTH_HINT	docs/VVIP_TIGER_PAGE_FLOW_USER_JOURNEY_AUDIT.md	126
NAVIGATION_AUTH_HINT	docs/VVIP_TIGER_PAGE_FLOW_USER_JOURNEY_AUDIT.md	130
NAVIGATION_AUTH_HINT	docs/VVIP_TIGER_PAGE_FLOW_USER_JOURNEY_AUDIT.md	132
NAVIGATION_AUTH_HINT	docs/VVIP_TIGER_PAGE_FLOW_USER_JOURNEY_AUDIT.md	136
NAVIGATION_AUTH_HINT	docs/VVIP_TIGER_PAGE_FLOW_USER_JOURNEY_AUDIT.md	140
NAVIGATION_AUTH_HINT	docs/VVIP_TIGER_PAGE_FLOW_USER_JOURNEY_AUDIT.md	141
NAVIGATION_AUTH_HINT	docs/VVIP_TIGER_PAGE_FLOW_USER_JOURNEY_AUDIT.md	142
NAVIGATION_AUTH_HINT	docs/VVIP_TIGER_PAGE_FLOW_USER_JOURNEY_AUDIT.md	143
NAVIGATION_AUTH_HINT	docs/VVIP_TIGER_PAGE_FLOW_USER_JOURNEY_AUDIT.md	144
NAVIGATION_AUTH_HINT	docs/VVIP_TIGER_PAGE_FLOW_USER_JOURNEY_AUDIT.md	145
NAVIGATION_AUTH_HINT	docs/VVIP_TIGER_PAGE_FLOW_USER_JOURNEY_AUDIT.md	146
NAVIGATION_AUTH_HINT	docs/VVIP_TIGER_PAGE_FLOW_USER_JOURNEY_AUDIT.md	155
NAVIGATION_AUTH_HINT	docs/VVIP_TIGER_PAGE_FLOW_USER_JOURNEY_AUDIT.md	156
NAVIGATION_AUTH_HINT	docs/VVIP_TIGER_PAGE_FLOW_USER_JOURNEY_AUDIT.md	157
NAVIGATION_AUTH_HINT	docs/VVIP_TIGER_PAGE_FLOW_USER_JOURNEY_AUDIT.md	158
NAVIGATION_AUTH_HINT	docs/VVIP_TIGER_PAGE_FLOW_USER_JOURNEY_AUDIT.md	159
NAVIGATION_AUTH_HINT	docs/VVIP_TIGER_PAGE_FLOW_USER_JOURNEY_AUDIT.md	160
NAVIGATION_AUTH_HINT	docs/VVIP_TIGER_PAGE_FLOW_USER_JOURNEY_AUDIT.md	161
NAVIGATION_AUTH_HINT	docs/VVIP_TIGER_PAGE_FLOW_USER_JOURNEY_AUDIT.md	162
NAVIGATION_AUTH_HINT	docs/VVIP_TIGER_PAGE_FLOW_USER_JOURNEY_AUDIT.md	163
NAVIGATION_AUTH_HINT	docs/VVIP_TIGER_PAGE_FLOW_USER_JOURNEY_AUDIT.md	166
NAVIGATION_AUTH_HINT	docs/VVIP_TIGER_PAGE_FLOW_USER_JOURNEY_AUDIT.md	167
NAVIGATION_AUTH_HINT	docs/VVIP_TIGER_PAGE_FLOW_USER_JOURNEY_AUDIT.md	172
NAVIGATION_AUTH_HINT	docs/VVIP_TIGER_PAGE_FLOW_USER_JOURNEY_AUDIT.md	173
NAVIGATION_AUTH_HINT	docs/VVIP_TIGER_PAGE_FLOW_USER_JOURNEY_AUDIT.md	174
NAVIGATION_AUTH_HINT	docs/VVIP_TIGER_PAGE_FLOW_USER_JOURNEY_AUDIT.md	175
NAVIGATION_AUTH_HINT	docs/VVIP_TIGER_PAGE_FLOW_USER_JOURNEY_AUDIT.md	176
NAVIGATION_AUTH_HINT	docs/VVIP_TIGER_PAGE_FLOW_USER_JOURNEY_AUDIT.md	177
NAVIGATION_AUTH_HINT	docs/VVIP_TIGER_PAGE_FLOW_USER_JOURNEY_AUDIT.md	178
NAVIGATION_AUTH_HINT	docs/VVIP_TIGER_PAGE_FLOW_USER_JOURNEY_AUDIT.md	183
NAVIGATION_AUTH_HINT	docs/VVIP_TIGER_PAGE_FLOW_USER_JOURNEY_AUDIT.md	184
NAVIGATION_AUTH_HINT	docs/VVIP_TIGER_PAGE_FLOW_USER_JOURNEY_AUDIT.md	185
NAVIGATION_AUTH_HINT	docs/VVIP_TIGER_PAGE_FLOW_USER_JOURNEY_AUDIT.md	186
NAVIGATION_AUTH_HINT	docs/VVIP_TIGER_PAGE_FLOW_USER_JOURNEY_AUDIT.md	199
NAVIGATION_AUTH_HINT	docs/VVIP_TIGER_PAGE_FLOW_USER_JOURNEY_AUDIT.md	200
NAVIGATION_AUTH_HINT	docs/VVIP_TIGER_PAGE_FLOW_USER_JOURNEY_AUDIT.md	201
NAVIGATION_AUTH_HINT	docs/VVIP_TIGER_PAGE_FLOW_USER_JOURNEY_AUDIT.md	202
NAVIGATION_AUTH_HINT	docs/VVIP_TIGER_PAGE_FLOW_USER_JOURNEY_AUDIT.md	203
NAVIGATION_AUTH_HINT	docs/VVIP_TIGER_PAGE_FLOW_USER_JOURNEY_AUDIT.md	204
NAVIGATION_AUTH_HINT	docs/VVIP_TIGER_PAGE_FLOW_USER_JOURNEY_AUDIT.md	205
NAVIGATION_AUTH_HINT	docs/VVIP_TIGER_PAGE_FLOW_USER_JOURNEY_AUDIT.md	206
NAVIGATION_AUTH_HINT	docs/VVIP_TIGER_PAGE_FLOW_USER_JOURNEY_AUDIT.md	207
NAVIGATION_AUTH_HINT	docs/VVIP_TIGER_PAGE_FLOW_USER_JOURNEY_AUDIT.md	208
NAVIGATION_AUTH_HINT	docs/VVIP_TIGER_PAGE_FLOW_USER_JOURNEY_AUDIT.md	209
NAVIGATION_AUTH_HINT	docs/VVIP_TIGER_PAGE_FLOW_USER_JOURNEY_AUDIT.md	210
NAVIGATION_AUTH_HINT	docs/VVIP_TIGER_PAGE_FLOW_USER_JOURNEY_AUDIT.md	211
NAVIGATION_AUTH_HINT	docs/VVIP_TIGER_PAGE_FLOW_USER_JOURNEY_AUDIT.md	212
NAVIGATION_AUTH_HINT	docs/VVIP_TIGER_PAGE_FLOW_USER_JOURNEY_AUDIT.md	213
NAVIGATION_AUTH_HINT	docs/VVIP_TIGER_PAGE_FLOW_USER_JOURNEY_AUDIT.md	214
NAVIGATION_AUTH_HINT	docs/VVIP_TIGER_PAGE_FLOW_USER_JOURNEY_AUDIT.md	215
NAVIGATION_AUTH_HINT	docs/VVIP_TIGER_PAGE_FLOW_USER_JOURNEY_AUDIT.md	216
NAVIGATION_AUTH_HINT	docs/VVIP_TIGER_PAGE_FLOW_USER_JOURNEY_AUDIT.md	217
NAVIGATION_AUTH_HINT	docs/VVIP_TIGER_PAGE_FLOW_USER_JOURNEY_AUDIT.md	218
NAVIGATION_AUTH_HINT	docs/VVIP_TIGER_PAGE_FLOW_USER_JOURNEY_AUDIT.md	219
NAVIGATION_AUTH_HINT	docs/VVIP_TIGER_PAGE_FLOW_USER_JOURNEY_AUDIT.md	220
NAVIGATION_AUTH_HINT	docs/VVIP_TIGER_PAGE_FLOW_USER_JOURNEY_AUDIT.md	221
NAVIGATION_AUTH_HINT	docs/VVIP_TIGER_PAGE_FLOW_USER_JOURNEY_AUDIT.md	222
NAVIGATION_AUTH_HINT	docs/VVIP_TIGER_PAGE_FLOW_USER_JOURNEY_AUDIT.md	223
NAVIGATION_AUTH_HINT	docs/VVIP_TIGER_PAGE_FLOW_USER_JOURNEY_AUDIT.md	224
NAVIGATION_AUTH_HINT	docs/VVIP_TIGER_PAGE_FLOW_USER_JOURNEY_AUDIT.md	225
NAVIGATION_AUTH_HINT	docs/VVIP_TIGER_PAGE_FLOW_USER_JOURNEY_AUDIT.md	226
NAVIGATION_AUTH_HINT	docs/VVIP_TIGER_PAGE_FLOW_USER_JOURNEY_AUDIT.md	227
NAVIGATION_AUTH_HINT	docs/VVIP_TIGER_PAGE_FLOW_USER_JOURNEY_AUDIT.md	228
NAVIGATION_AUTH_HINT	docs/VVIP_TIGER_PAGE_FLOW_USER_JOURNEY_AUDIT.md	229
NAVIGATION_AUTH_HINT	docs/VVIP_TIGER_PAGE_FLOW_USER_JOURNEY_AUDIT.md	230
NAVIGATION_AUTH_HINT	docs/VVIP_TIGER_PAGE_FLOW_USER_JOURNEY_AUDIT.md	231
NAVIGATION_AUTH_HINT	docs/VVIP_TIGER_PAGE_FLOW_USER_JOURNEY_AUDIT.md	232
NAVIGATION_AUTH_HINT	docs/VVIP_TIGER_PAGE_FLOW_USER_JOURNEY_AUDIT.md	233
NAVIGATION_AUTH_HINT	docs/VVIP_TIGER_PAGE_FLOW_USER_JOURNEY_AUDIT.md	234
NAVIGATION_AUTH_HINT	docs/VVIP_TIGER_PAGE_FLOW_USER_JOURNEY_AUDIT.md	235
NAVIGATION_AUTH_HINT	docs/VVIP_TIGER_PAGE_FLOW_USER_JOURNEY_AUDIT.md	236
NAVIGATION_AUTH_HINT	docs/VVIP_TIGER_PAGE_FLOW_USER_JOURNEY_AUDIT.md	237
NAVIGATION_AUTH_HINT	docs/VVIP_TIGER_PAGE_FLOW_USER_JOURNEY_AUDIT.md	238
NAVIGATION_AUTH_HINT	docs/VVIP_TIGER_PAGE_FLOW_USER_JOURNEY_AUDIT.md	239
NAVIGATION_AUTH_HINT	docs/VVIP_TIGER_PAGE_FLOW_USER_JOURNEY_AUDIT.md	240
NAVIGATION_AUTH_HINT	docs/VVIP_TIGER_PAGE_FLOW_USER_JOURNEY_AUDIT.md	241
NAVIGATION_AUTH_HINT	docs/VVIP_TIGER_PAGE_FLOW_USER_JOURNEY_AUDIT.md	242
NAVIGATION_AUTH_HINT	docs/VVIP_TIGER_PAGE_FLOW_USER_JOURNEY_AUDIT.md	243
NAVIGATION_AUTH_HINT	docs/VVIP_TIGER_PAGE_FLOW_USER_JOURNEY_AUDIT.md	244
NAVIGATION_AUTH_HINT	docs/VVIP_TIGER_PAGE_FLOW_USER_JOURNEY_AUDIT.md	245
NAVIGATION_AUTH_HINT	docs/VVIP_TIGER_PAGE_FLOW_USER_JOURNEY_AUDIT.md	246
NAVIGATION_AUTH_HINT	docs/VVIP_TIGER_PAGE_FLOW_USER_JOURNEY_AUDIT.md	247
NAVIGATION_AUTH_HINT	docs/VVIP_TIGER_PAGE_FLOW_USER_JOURNEY_AUDIT.md	248
NAVIGATION_AUTH_HINT	docs/VVIP_TIGER_PAGE_FLOW_USER_JOURNEY_AUDIT.md	249
NAVIGATION_AUTH_HINT	docs/VVIP_TIGER_PAGE_FLOW_USER_JOURNEY_AUDIT.md	250
NAVIGATION_AUTH_HINT	docs/VVIP_TIGER_PAGE_FLOW_USER_JOURNEY_AUDIT.md	251
NAVIGATION_AUTH_HINT	docs/VVIP_TIGER_PAGE_FLOW_USER_JOURNEY_AUDIT.md	252
NAVIGATION_AUTH_HINT	docs/VVIP_TIGER_PAGE_FLOW_USER_JOURNEY_AUDIT.md	253
NAVIGATION_AUTH_HINT	docs/VVIP_TIGER_PAGE_FLOW_USER_JOURNEY_AUDIT.md	254
NAVIGATION_AUTH_HINT	docs/VVIP_TIGER_PAGE_FLOW_USER_JOURNEY_AUDIT.md	255
NAVIGATION_AUTH_HINT	docs/VVIP_TIGER_PAGE_FLOW_USER_JOURNEY_AUDIT.md	256
NAVIGATION_AUTH_HINT	docs/VVIP_TIGER_PAGE_FLOW_USER_JOURNEY_AUDIT.md	257
NAVIGATION_AUTH_HINT	docs/VVIP_TIGER_PAGE_FLOW_USER_JOURNEY_AUDIT.md	258
NAVIGATION_AUTH_HINT	docs/VVIP_TIGER_PAGE_FLOW_USER_JOURNEY_AUDIT.md	259
NAVIGATION_AUTH_HINT	docs/VVIP_TIGER_PAGE_FLOW_USER_JOURNEY_AUDIT.md	260
NAVIGATION_AUTH_HINT	docs/VVIP_TIGER_PAGE_FLOW_USER_JOURNEY_AUDIT.md	261
NAVIGATION_AUTH_HINT	docs/VVIP_TIGER_PAGE_FLOW_USER_JOURNEY_AUDIT.md	262
NAVIGATION_AUTH_HINT	docs/VVIP_TIGER_PAGE_FLOW_USER_JOURNEY_AUDIT.md	263
NAVIGATION_AUTH_HINT	docs/VVIP_TIGER_PAGE_FLOW_USER_JOURNEY_AUDIT.md	264
NAVIGATION_AUTH_HINT	docs/VVIP_TIGER_PAGE_FLOW_USER_JOURNEY_AUDIT.md	265
NAVIGATION_AUTH_HINT	docs/VVIP_TIGER_PAGE_FLOW_USER_JOURNEY_AUDIT.md	266
NAVIGATION_AUTH_HINT	docs/VVIP_TIGER_PAGE_FLOW_USER_JOURNEY_AUDIT.md	267
NAVIGATION_AUTH_HINT	docs/VVIP_TIGER_PAGE_FLOW_USER_JOURNEY_AUDIT.md	268
NAVIGATION_AUTH_HINT	docs/VVIP_TIGER_PAGE_FLOW_USER_JOURNEY_AUDIT.md	269
NAVIGATION_AUTH_HINT	docs/VVIP_TIGER_PAGE_FLOW_USER_JOURNEY_AUDIT.md	270
NAVIGATION_AUTH_HINT	docs/VVIP_TIGER_PAGE_FLOW_USER_JOURNEY_AUDIT.md	275
NAVIGATION_AUTH_HINT	docs/VVIP_TIGER_PAGE_FLOW_USER_JOURNEY_AUDIT.md	276
NAVIGATION_AUTH_HINT	docs/VVIP_TIGER_PAGE_FLOW_USER_JOURNEY_AUDIT.md	277
NAVIGATION_AUTH_HINT	docs/VVIP_TIGER_PAGE_FLOW_USER_JOURNEY_AUDIT.md	284
NAVIGATION_AUTH_HINT	docs/VVIP_TIGER_PAGE_FLOW_USER_JOURNEY_AUDIT.md	285
NAVIGATION_AUTH_HINT	docs/VVIP_TIGER_PAGE_FLOW_USER_JOURNEY_AUDIT.md	286
NAVIGATION_AUTH_HINT	docs/VVIP_TIGER_PAGE_FLOW_USER_JOURNEY_AUDIT.md	287
NAVIGATION_AUTH_HINT	docs/VVIP_TIGER_PAGE_FLOW_USER_JOURNEY_AUDIT.md	288
NAVIGATION_AUTH_HINT	docs/VVIP_TIGER_PAGE_FLOW_USER_JOURNEY_AUDIT.md	308
NAVIGATION_AUTH_HINT	docs/VVIP_TIGER_PAGE_FLOW_USER_JOURNEY_AUDIT.md	309
NAVIGATION_AUTH_HINT	docs/VVIP_TIGER_PAGE_FLOW_USER_JOURNEY_AUDIT.md	310
NAVIGATION_AUTH_HINT	docs/VVIP_TIGER_PAGE_FLOW_USER_JOURNEY_AUDIT.md	311
NAVIGATION_AUTH_HINT	docs/VVIP_TIGER_PAGE_FLOW_USER_JOURNEY_AUDIT.md	312
NAVIGATION_AUTH_HINT	docs/VVIP_TIGER_PAGE_FLOW_USER_JOURNEY_AUDIT.md	313
NAVIGATION_AUTH_HINT	docs/VVIP_TIGER_PAGE_FLOW_USER_JOURNEY_AUDIT.md	314
NAVIGATION_AUTH_HINT	docs/VVIP_TIGER_PAGE_FLOW_USER_JOURNEY_AUDIT.md	315
NAVIGATION_AUTH_HINT	docs/VVIP_TIGER_PAGE_FLOW_USER_JOURNEY_AUDIT.md	316
NAVIGATION_AUTH_HINT	docs/VVIP_TIGER_PAGE_FLOW_USER_JOURNEY_AUDIT.md	317
NAVIGATION_AUTH_HINT	docs/VVIP_TIGER_PAGE_FLOW_USER_JOURNEY_AUDIT.md	318
NAVIGATION_AUTH_HINT	docs/VVIP_TIGER_PAGE_FLOW_USER_JOURNEY_AUDIT.md	319
NAVIGATION_AUTH_HINT	docs/VVIP_TIGER_PAGE_FLOW_USER_JOURNEY_AUDIT.md	320
NAVIGATION_AUTH_HINT	docs/VVIP_TIGER_PAGE_FLOW_USER_JOURNEY_AUDIT.md	335
NAVIGATION_AUTH_HINT	docs/VVIP_TIGER_PAGE_FLOW_USER_JOURNEY_AUDIT.md	336
NAVIGATION_AUTH_HINT	docs/VVIP_TIGER_PAGE_FLOW_USER_JOURNEY_PATCH.md	5
NAVIGATION_AUTH_HINT	docs/VVIP_TIGER_PAGE_FLOW_USER_JOURNEY_PATCH.md	8
NAVIGATION_AUTH_HINT	docs/VVIP_TIGER_PAGE_FLOW_USER_JOURNEY_PATCH.md	12
NAVIGATION_AUTH_HINT	docs/VVIP_TIGER_PAGE_FLOW_USER_JOURNEY_PATCH.md	13
NAVIGATION_AUTH_HINT	docs/VVIP_TIGER_PAGE_FLOW_USER_JOURNEY_PATCH.md	33
NAVIGATION_AUTH_HINT	docs/VVIP_TIGER_PAGE_FLOW_USER_JOURNEY_PATCH.md	35
NAVIGATION_AUTH_HINT	docs/VVIP_TIGER_PROFILE_NAVIGATION_STABILITY_AUDIT.md	4
NAVIGATION_AUTH_HINT	docs/VVIP_TIGER_PROFILE_NAVIGATION_STABILITY_AUDIT.md	7
NAVIGATION_AUTH_HINT	docs/VVIP_TIGER_PROFILE_NAVIGATION_STABILITY_AUDIT.md	13
NAVIGATION_AUTH_HINT	docs/VVIP_TIGER_PROFILE_NAVIGATION_STABILITY_AUDIT.md	17
NAVIGATION_AUTH_HINT	docs/VVIP_TIGER_PROFILE_NAVIGATION_STABILITY_AUDIT.md	18
NAVIGATION_AUTH_HINT	docs/VVIP_TIGER_PROFILE_NAVIGATION_STABILITY_AUDIT.md	19
NAVIGATION_AUTH_HINT	docs/VVIP_TIGER_PROFILE_NAVIGATION_STABILITY_AUDIT.md	22
NAVIGATION_AUTH_HINT	docs/VVIP_TIGER_PROFILE_NAVIGATION_STABILITY_AUDIT.md	25
NAVIGATION_AUTH_HINT	docs/VVIP_TIGER_PROFILE_NAVIGATION_STABILITY_AUDIT.md	28
NAVIGATION_AUTH_HINT	docs/VVIP_TIGER_PROFILE_NAVIGATION_STABILITY_AUDIT.md	32
NAVIGATION_AUTH_HINT	docs/VVIP_TIGER_PROFILE_NAVIGATION_STABILITY_AUDIT.md	34
NAVIGATION_AUTH_HINT	docs/VVIP_TIGER_PROFILE_NAVIGATION_STABILITY_AUDIT.md	39
NAVIGATION_AUTH_HINT	docs/VVIP_TIGER_PROFILE_NAVIGATION_STABILITY_AUDIT.md	43
NAVIGATION_AUTH_HINT	docs/VVIP_TIGER_PROFILE_NAVIGATION_STABILITY_AUDIT.md	47
NAVIGATION_AUTH_HINT	docs/VVIP_TIGER_PROFILE_NAVIGATION_STABILITY_AUDIT.md	52
NAVIGATION_AUTH_HINT	docs/VVIP_TIGER_PROFILE_SOURCE_OF_TRUTH.md	5
NAVIGATION_AUTH_HINT	docs/VVIP_TIGER_PROFILE_SOURCE_OF_TRUTH.md	9
NAVIGATION_AUTH_HINT	docs/VVIP_TIGER_PROFILE_SOURCE_OF_TRUTH.md	13
NAVIGATION_AUTH_HINT	docs/VVIP_TIGER_PROFILE_SOURCE_OF_TRUTH.md	14
NAVIGATION_AUTH_HINT	docs/VVIP_TIGER_PROFILE_SOURCE_OF_TRUTH.md	15
NAVIGATION_AUTH_HINT	docs/VVIP_TIGER_PROFILE_SOURCE_OF_TRUTH.md	17
NAVIGATION_AUTH_HINT	docs/VVIP_TIGER_PROFILE_SOURCE_OF_TRUTH.md	18
NAVIGATION_AUTH_HINT	docs/VVIP_TIGER_PROFILE_SOURCE_OF_TRUTH.md	19
NAVIGATION_AUTH_HINT	docs/VVIP_TIGER_PROFILE_SOURCE_OF_TRUTH.md	22
NAVIGATION_AUTH_HINT	docs/VVIP_TIGER_PROFILE_SOURCE_OF_TRUTH.md	24
NAVIGATION_AUTH_HINT	docs/VVIP_TIGER_PROFILE_SOURCE_OF_TRUTH.md	27
NAVIGATION_AUTH_HINT	docs/VVIP_TIGER_PROFILE_SOURCE_OF_TRUTH.md	28
NAVIGATION_AUTH_HINT	docs/VVIP_TIGER_PROFILE_SOURCE_OF_TRUTH.md	32
NAVIGATION_AUTH_HINT	docs/VVIP_TIGER_PROFILE_SOURCE_OF_TRUTH.md	33
NAVIGATION_AUTH_HINT	docs/VVIP_TIGER_PROFILE_SOURCE_OF_TRUTH.md	34
NAVIGATION_AUTH_HINT	docs/VVIP_TIGER_PROFILE_SOURCE_OF_TRUTH.md	35
NAVIGATION_AUTH_HINT	docs/VVIP_TIGER_PROFILE_SOURCE_OF_TRUTH.md	40
NAVIGATION_AUTH_HINT	docs/VVIP_TIGER_PROFILE_SOURCE_OF_TRUTH.md	41
NAVIGATION_AUTH_HINT	docs/VVIP_TIGER_PROFILE_SOURCE_OF_TRUTH.md	42
NAVIGATION_AUTH_HINT	docs/VVIP_TIGER_PROFILE_SOURCE_OF_TRUTH.md	43
NAVIGATION_AUTH_HINT	docs/VVIP_TIGER_PROFILE_SOURCE_OF_TRUTH.md	53
NAVIGATION_AUTH_HINT	docs/VVIP_TIGER_PUBLIC_PAGES_CONSISTENCY_AUDIT.md	12
NAVIGATION_AUTH_HINT	docs/VVIP_TIGER_PUBLIC_PAGES_CONSISTENCY_AUDIT.md	29
NAVIGATION_AUTH_HINT	docs/VVIP_TIGER_PUBLIC_PAGES_CONSISTENCY_AUDIT.md	33
NAVIGATION_AUTH_HINT	docs/VVIP_TIGER_PUBLIC_PAGES_CONSISTENCY_AUDIT.md	72
NAVIGATION_AUTH_HINT	docs/VVIP_TIGER_PUBLIC_PAGES_CONSISTENCY_AUDIT.md	73
NAVIGATION_AUTH_HINT	docs/VVIP_TIGER_REPOSITORY_HOUSEKEEPING_AUDIT.md	25
NAVIGATION_AUTH_HINT	docs/VVIP_TIGER_REPOSITORY_HOUSEKEEPING_AUDIT.md	29
NAVIGATION_AUTH_HINT	docs/VVIP_TIGER_REPOSITORY_HOUSEKEEPING_AUDIT.md	30
NAVIGATION_AUTH_HINT	docs/VVIP_TIGER_REPOSITORY_HOUSEKEEPING_AUDIT.md	34
NAVIGATION_AUTH_HINT	docs/VVIP_TIGER_REPOSITORY_HOUSEKEEPING_AUDIT.md	35
NAVIGATION_AUTH_HINT	docs/VVIP_TIGER_REPOSITORY_HOUSEKEEPING_AUDIT.md	37
NAVIGATION_AUTH_HINT	docs/VVIP_TIGER_REPOSITORY_HOUSEKEEPING_AUDIT.md	38
NAVIGATION_AUTH_HINT	docs/VVIP_TIGER_REPOSITORY_HOUSEKEEPING_AUDIT.md	39
NAVIGATION_AUTH_HINT	docs/VVIP_TIGER_REPOSITORY_HOUSEKEEPING_AUDIT.md	40
NAVIGATION_AUTH_HINT	docs/VVIP_TIGER_REPOSITORY_HOUSEKEEPING_AUDIT.md	42
NAVIGATION_AUTH_HINT	docs/VVIP_TIGER_REPOSITORY_HOUSEKEEPING_AUDIT.md	43
NAVIGATION_AUTH_HINT	docs/VVIP_TIGER_REPOSITORY_HOUSEKEEPING_AUDIT.md	44
NAVIGATION_AUTH_HINT	docs/VVIP_TIGER_REPOSITORY_HOUSEKEEPING_AUDIT.md	45
NAVIGATION_AUTH_HINT	docs/VVIP_TIGER_REPOSITORY_HOUSEKEEPING_AUDIT.md	47
NAVIGATION_AUTH_HINT	docs/VVIP_TIGER_REPOSITORY_HOUSEKEEPING_AUDIT.md	49
NAVIGATION_AUTH_HINT	docs/VVIP_TIGER_REPOSITORY_HOUSEKEEPING_AUDIT.md	57
NAVIGATION_AUTH_HINT	docs/VVIP_TIGER_REPOSITORY_HOUSEKEEPING_AUDIT.md	60
NAVIGATION_AUTH_HINT	docs/VVIP_TIGER_REPOSITORY_HOUSEKEEPING_AUDIT.md	61
NAVIGATION_AUTH_HINT	docs/VVIP_TIGER_REPOSITORY_HOUSEKEEPING_AUDIT.md	63
NAVIGATION_AUTH_HINT	docs/VVIP_TIGER_REPOSITORY_HOUSEKEEPING_AUDIT.md	73
NAVIGATION_AUTH_HINT	docs/VVIP_TIGER_REPOSITORY_HOUSEKEEPING_AUDIT.md	77
NAVIGATION_AUTH_HINT	docs/VVIP_TIGER_REPOSITORY_HOUSEKEEPING_AUDIT.md	78
NAVIGATION_AUTH_HINT	docs/VVIP_TIGER_REPOSITORY_HOUSEKEEPING_AUDIT.md	83
NAVIGATION_AUTH_HINT	docs/VVIP_TIGER_REPOSITORY_HOUSEKEEPING_AUDIT.md	86
NAVIGATION_AUTH_HINT	docs/VVIP_TIGER_REPOSITORY_HOUSEKEEPING_AUDIT.md	87
NAVIGATION_AUTH_HINT	docs/VVIP_TIGER_REPOSITORY_HOUSEKEEPING_AUDIT.md	88
NAVIGATION_AUTH_HINT	docs/VVIP_TIGER_REPOSITORY_HOUSEKEEPING_AUDIT.md	90
NAVIGATION_AUTH_HINT	docs/VVIP_TIGER_REPOSITORY_HOUSEKEEPING_AUDIT.md	91
NAVIGATION_AUTH_HINT	docs/VVIP_TIGER_REPOSITORY_HOUSEKEEPING_AUDIT.md	93
NAVIGATION_AUTH_HINT	docs/VVIP_TIGER_REPOSITORY_HOUSEKEEPING_AUDIT.md	104
NAVIGATION_AUTH_HINT	docs/VVIP_TIGER_REPOSITORY_HOUSEKEEPING_AUDIT.md	108
NAVIGATION_AUTH_HINT	docs/VVIP_TIGER_REPOSITORY_HOUSEKEEPING_AUDIT.md	123
NAVIGATION_AUTH_HINT	docs/VVIP_TIGER_REPOSITORY_HOUSEKEEPING_AUDIT.md	127
NAVIGATION_AUTH_HINT	docs/VVIP_TIGER_VVIP_GATE_LOGIN.md	30
NAVIGATION_AUTH_HINT	docs/VVIP_TIGER_ZERO_VISIBLE_ERROR_EXPERIENCE.md	17
NAVIGATION_AUTH_HINT	docs/VVIP_TIGER_ZERO_VISIBLE_ERROR_EXPERIENCE.md	51
NAVIGATION_AUTH_HINT	docs/VVIP_TIGER_ZERO_VISIBLE_ERROR_EXPERIENCE.md	67
NAVIGATION_AUTH_HINT	docs/VVIP_TIGER_ZERO_VISIBLE_ERROR_EXPERIENCE.md	87
NAVIGATION_AUTH_HINT	docs/VVIP_TIGER_ZERO_VISIBLE_ERROR_EXPERIENCE.md	112
NAVIGATION_AUTH_HINT	docs/VVIP_TIGER_ZERO_VISIBLE_ERROR_EXPERIENCE.md	113
NAVIGATION_AUTH_HINT	docs/VVIP_TIGER_ZERO_VISIBLE_ERROR_EXPERIENCE.md	145
NAVIGATION_AUTH_HINT	docs/VVIP_TIGER_ZERO_VISIBLE_ERROR_EXPERIENCE.md	149
NAVIGATION_AUTH_HINT	docs/VVIP_TIGER_ZERO_VISIBLE_ERROR_EXPERIENCE.md	157
NAVIGATION_AUTH_HINT	docs/VVIP_TIGER_ZERO_VISIBLE_ERROR_EXPERIENCE.md	158
NAVIGATION_AUTH_HINT	docs/VVIP_TIGER_ZERO_VISIBLE_ERROR_EXPERIENCE.md	159
NAVIGATION_AUTH_HINT	docs/governance/VVIP_TIGER_SURGICAL_EXECUTION_RULE.md	139
NAVIGATION_AUTH_HINT	docs/security/RPC_HARDENED_SECURITY_SCENARIOS_20260709.md	5
NAVIGATION_AUTH_HINT	docs/security/RPC_HARDENED_SECURITY_SCENARIOS_20260709.md	22
NAVIGATION_AUTH_HINT	docs/security/RPC_HARDENED_SECURITY_SCENARIOS_20260709.md	28
NAVIGATION_AUTH_HINT	docs/security/RPC_HARDENED_SECURITY_SCENARIOS_20260709.md	32
NAVIGATION_AUTH_HINT	docs/security/RPC_HARDENED_SECURITY_SCENARIOS_20260709.md	43
NAVIGATION_AUTH_HINT	docs/security/RPC_HARDENED_SECURITY_SCENARIOS_20260709.md	50
NAVIGATION_AUTH_HINT	docs/security/RPC_HARDENED_SECURITY_SCENARIOS_20260709.md	51
NAVIGATION_AUTH_HINT	docs/security/RPC_HARDENED_SECURITY_SCENARIOS_20260709.md	55
NAVIGATION_AUTH_HINT	docs/security/RPC_HARDENED_SECURITY_SCENARIOS_20260709.md	75
NAVIGATION_AUTH_HINT	docs/security/RPC_HARDENED_SECURITY_SCENARIOS_20260709.md	76
NAVIGATION_AUTH_HINT	docs/security/RPC_HARDENED_SECURITY_SCENARIOS_20260709.md	95
NAVIGATION_AUTH_HINT	docs/security/RPC_HARDENED_SECURITY_SCENARIOS_20260709.md	96
NAVIGATION_AUTH_HINT	docs/security/RPC_HARDENED_SECURITY_SCENARIOS_20260709.md	106
NAVIGATION_AUTH_HINT	docs/security/RPC_HARDENED_SECURITY_SCENARIOS_20260709.md	128
NAVIGATION_AUTH_HINT	docs/security/RPC_HARDENED_SECURITY_SCENARIOS_20260709.md	142
NAVIGATION_AUTH_HINT	docs/security/RPC_HARDENED_SECURITY_SCENARIOS_20260709.md	150
NAVIGATION_AUTH_HINT	docs/security/RPC_HARDENED_SECURITY_SCENARIOS_20260709.md	187
NAVIGATION_AUTH_HINT	docs/security/RPC_HARDENED_SECURITY_SCENARIOS_20260709.md	195
NAVIGATION_AUTH_HINT	docs/security/RPC_HARDENED_SECURITY_SCENARIOS_20260709.md	199
NAVIGATION_AUTH_HINT	docs/security/RPC_HARDENED_SECURITY_SCENARIOS_20260709.md	203
NAVIGATION_AUTH_HINT	docs/security/RPC_HARDENED_SECURITY_SCENARIOS_20260709.md	217
NAVIGATION_AUTH_HINT	docs/security/RPC_HARDENED_SECURITY_SCENARIOS_20260709.md	256
NAVIGATION_AUTH_HINT	docs/security/RPC_REVIEW_FINDINGS_20260709.md	5
NAVIGATION_AUTH_HINT	docs/security/RPC_REVIEW_FINDINGS_20260709.md	9
NAVIGATION_AUTH_HINT	docs/security/RPC_REVIEW_FINDINGS_20260709.md	17
NAVIGATION_AUTH_HINT	docs/security/RPC_REVIEW_FINDINGS_20260709.md	32
NAVIGATION_AUTH_HINT	docs/security/RPC_REVIEW_FINDINGS_20260709.md	34
NAVIGATION_AUTH_HINT	docs/security/RPC_REVIEW_FINDINGS_20260709.md	45
NAVIGATION_AUTH_HINT	docs/security/RPC_REVIEW_FINDINGS_20260709.md	48
NAVIGATION_AUTH_HINT	docs/security/RPC_REVIEW_FINDINGS_20260709.md	51
NAVIGATION_AUTH_HINT	docs/security/RPC_REVIEW_FINDINGS_20260709.md	53
NAVIGATION_AUTH_HINT	docs/security/SUPABASE_CLERK_SECURITY_AUDIT_LOCK_20260709.md	21
NAVIGATION_AUTH_HINT	docs/security/SUPABASE_CLERK_SECURITY_AUDIT_LOCK_20260709.md	41
NAVIGATION_AUTH_HINT	docs/security/SUPABASE_CLERK_SECURITY_AUDIT_LOCK_20260709.md	47
NAVIGATION_AUTH_HINT	docs/security/SUPABASE_CLERK_SECURITY_AUDIT_LOCK_20260709.md	48
NAVIGATION_AUTH_HINT	docs/security/SUPABASE_CLERK_SECURITY_AUDIT_LOCK_20260709.md	49
NAVIGATION_AUTH_HINT	docs/security/SUPABASE_CLERK_SECURITY_AUDIT_LOCK_20260709.md	53
NAVIGATION_AUTH_HINT	docs/security/SUPABASE_CLERK_SECURITY_AUDIT_LOCK_20260709.md	66
NAVIGATION_AUTH_HINT	docs/security/production-apply/SUPABASE_MANUAL_BACKUP_PRODUCTION_APPLY_PLAN_DRAFT.md	52
NAVIGATION_AUTH_HINT	docs/security/production-apply/SUPABASE_MANUAL_BACKUP_PRODUCTION_APPLY_PLAN_DRAFT.md	92
NAVIGATION_AUTH_HINT	docs/security/production-apply/SUPABASE_MANUAL_BACKUP_PRODUCTION_APPLY_PLAN_DRAFT.md	93
NAVIGATION_AUTH_HINT	docs/security/production-apply/SUPABASE_MANUAL_BACKUP_PRODUCTION_APPLY_PLAN_DRAFT.md	94
NAVIGATION_AUTH_HINT	docs/security/production-apply/SUPABASE_MANUAL_BACKUP_PRODUCTION_APPLY_PLAN_DRAFT.md	155
NAVIGATION_AUTH_HINT	docs/security/production-apply/SUPABASE_MANUAL_BACKUP_PRODUCTION_APPLY_PLAN_DRAFT.md	156
NAVIGATION_AUTH_HINT	docs/security/production-apply/SUPABASE_MANUAL_BACKUP_PRODUCTION_APPLY_PLAN_DRAFT.md	160
NAVIGATION_AUTH_HINT	docs/security/sql-review/20260709_vvip_tiger_atomic_profile_resolver_rpc_hardened_review.sql	5
NAVIGATION_AUTH_HINT	docs/security/sql-review/20260709_vvip_tiger_atomic_profile_resolver_rpc_hardened_review.sql	14
NAVIGATION_AUTH_HINT	docs/security/sql-review/20260709_vvip_tiger_atomic_profile_resolver_rpc_hardened_review.sql	15
NAVIGATION_AUTH_HINT	docs/security/sql-review/20260709_vvip_tiger_atomic_profile_resolver_rpc_hardened_review.sql	22
NAVIGATION_AUTH_HINT	docs/security/sql-review/20260709_vvip_tiger_atomic_profile_resolver_rpc_hardened_review.sql	25
NAVIGATION_AUTH_HINT	docs/security/sql-review/20260709_vvip_tiger_atomic_profile_resolver_rpc_hardened_review.sql	26
NAVIGATION_AUTH_HINT	docs/security/sql-review/20260709_vvip_tiger_atomic_profile_resolver_rpc_hardened_review.sql	27
NAVIGATION_AUTH_HINT	docs/security/sql-review/20260709_vvip_tiger_atomic_profile_resolver_rpc_hardened_review.sql	28
NAVIGATION_AUTH_HINT	docs/security/sql-review/20260709_vvip_tiger_atomic_profile_resolver_rpc_hardened_review.sql	29
NAVIGATION_AUTH_HINT	docs/security/sql-review/20260709_vvip_tiger_atomic_profile_resolver_rpc_hardened_review.sql	30
NAVIGATION_AUTH_HINT	docs/security/sql-review/20260709_vvip_tiger_atomic_profile_resolver_rpc_hardened_review.sql	31
NAVIGATION_AUTH_HINT	docs/security/sql-review/20260709_vvip_tiger_atomic_profile_resolver_rpc_hardened_review.sql	32
NAVIGATION_AUTH_HINT	docs/security/sql-review/20260709_vvip_tiger_atomic_profile_resolver_rpc_hardened_review.sql	33
NAVIGATION_AUTH_HINT	docs/security/sql-review/20260709_vvip_tiger_atomic_profile_resolver_rpc_hardened_review.sql	35
NAVIGATION_AUTH_HINT	docs/security/sql-review/20260709_vvip_tiger_atomic_profile_resolver_rpc_hardened_review.sql	36
NAVIGATION_AUTH_HINT	docs/security/sql-review/20260709_vvip_tiger_atomic_profile_resolver_rpc_hardened_review.sql	39
NAVIGATION_AUTH_HINT	docs/security/sql-review/20260709_vvip_tiger_atomic_profile_resolver_rpc_hardened_review.sql	40
NAVIGATION_AUTH_HINT	docs/security/sql-review/20260709_vvip_tiger_atomic_profile_resolver_rpc_hardened_review.sql	42
NAVIGATION_AUTH_HINT	docs/security/sql-review/20260709_vvip_tiger_atomic_profile_resolver_rpc_hardened_review.sql	43
NAVIGATION_AUTH_HINT	docs/security/sql-review/20260709_vvip_tiger_atomic_profile_resolver_rpc_hardened_review.sql	49
NAVIGATION_AUTH_HINT	docs/security/sql-review/20260709_vvip_tiger_atomic_profile_resolver_rpc_hardened_review.sql	53
NAVIGATION_AUTH_HINT	docs/security/sql-review/20260709_vvip_tiger_atomic_profile_resolver_rpc_hardened_review.sql	54
NAVIGATION_AUTH_HINT	docs/security/sql-review/20260709_vvip_tiger_atomic_profile_resolver_rpc_hardened_review.sql	58
NAVIGATION_AUTH_HINT	docs/security/sql-review/20260709_vvip_tiger_atomic_profile_resolver_rpc_hardened_review.sql	61
NAVIGATION_AUTH_HINT	docs/security/sql-review/20260709_vvip_tiger_atomic_profile_resolver_rpc_hardened_review.sql	64
NAVIGATION_AUTH_HINT	docs/security/sql-review/20260709_vvip_tiger_atomic_profile_resolver_rpc_hardened_review.sql	65
NAVIGATION_AUTH_HINT	docs/security/sql-review/20260709_vvip_tiger_atomic_profile_resolver_rpc_hardened_review.sql	66
NAVIGATION_AUTH_HINT	docs/security/sql-review/20260709_vvip_tiger_atomic_profile_resolver_rpc_hardened_review.sql	67
NAVIGATION_AUTH_HINT	docs/security/sql-review/20260709_vvip_tiger_atomic_profile_resolver_rpc_hardened_review.sql	68
NAVIGATION_AUTH_HINT	docs/security/sql-review/20260709_vvip_tiger_atomic_profile_resolver_rpc_hardened_review.sql	69
NAVIGATION_AUTH_HINT	docs/security/sql-review/20260709_vvip_tiger_atomic_profile_resolver_rpc_hardened_review.sql	71
NAVIGATION_AUTH_HINT	docs/security/sql-review/20260709_vvip_tiger_atomic_profile_resolver_rpc_hardened_review.sql	72
NAVIGATION_AUTH_HINT	docs/security/sql-review/20260709_vvip_tiger_atomic_profile_resolver_rpc_hardened_review.sql	80
NAVIGATION_AUTH_HINT	docs/security/sql-review/20260709_vvip_tiger_atomic_profile_resolver_rpc_hardened_review.sql	83
NAVIGATION_AUTH_HINT	docs/security/sql-review/20260709_vvip_tiger_atomic_profile_resolver_rpc_hardened_review.sql	103
NAVIGATION_AUTH_HINT	docs/security/sql-review/20260709_vvip_tiger_atomic_profile_resolver_rpc_hardened_review.sql	106
NAVIGATION_AUTH_HINT	docs/security/sql-review/20260709_vvip_tiger_atomic_profile_resolver_rpc_hardened_review.sql	107
NAVIGATION_AUTH_HINT	docs/security/sql-review/20260709_vvip_tiger_atomic_profile_resolver_rpc_hardened_review.sql	126
NAVIGATION_AUTH_HINT	docs/security/sql-review/20260709_vvip_tiger_atomic_profile_resolver_rpc_hardened_review.sql	128
NAVIGATION_AUTH_HINT	docs/security/sql-review/20260709_vvip_tiger_atomic_profile_resolver_rpc_hardened_review.sql	129
NAVIGATION_AUTH_HINT	docs/security/sql-review/20260709_vvip_tiger_atomic_profile_resolver_rpc_hardened_review.sql	134
NAVIGATION_AUTH_HINT	docs/security/sql-review/20260709_vvip_tiger_atomic_profile_resolver_rpc_hardened_review.sql	135
NAVIGATION_AUTH_HINT	docs/security/sql-review/20260709_vvip_tiger_atomic_profile_resolver_rpc_hardened_review.sql	136
NAVIGATION_AUTH_HINT	docs/security/sql-review/20260709_vvip_tiger_atomic_profile_resolver_rpc_hardened_review.sql	137
NAVIGATION_AUTH_HINT	docs/security/sql-review/20260709_vvip_tiger_atomic_profile_resolver_rpc_hardened_review.sql	138
NAVIGATION_AUTH_HINT	docs/security/sql-review/20260709_vvip_tiger_atomic_profile_resolver_rpc_hardened_review.sql	139
NAVIGATION_AUTH_HINT	docs/security/sql-review/20260709_vvip_tiger_atomic_profile_resolver_rpc_hardened_review.sql	140
NAVIGATION_AUTH_HINT	docs/security/sql-review/20260709_vvip_tiger_atomic_profile_resolver_rpc_hardened_review.sql	141
NAVIGATION_AUTH_HINT	docs/security/sql-review/20260709_vvip_tiger_atomic_profile_resolver_rpc_hardened_review.sql	142
NAVIGATION_AUTH_HINT	docs/security/sql-review/20260709_vvip_tiger_atomic_profile_resolver_rpc_hardened_review.sql	143
NAVIGATION_AUTH_HINT	docs/security/sql-review/20260709_vvip_tiger_atomic_profile_resolver_rpc_hardened_review.sql	144
NAVIGATION_AUTH_HINT	docs/security/sql-review/20260709_vvip_tiger_atomic_profile_resolver_rpc_hardened_review.sql	149
NAVIGATION_AUTH_HINT	docs/security/sql-review/20260709_vvip_tiger_atomic_profile_resolver_rpc_hardened_review.sql	150
NAVIGATION_AUTH_HINT	docs/security/sql-review/20260709_vvip_tiger_atomic_profile_resolver_rpc_hardened_review.sql	157
NAVIGATION_AUTH_HINT	docs/security/sql-review/20260709_vvip_tiger_atomic_profile_resolver_rpc_hardened_review.sql	169
NAVIGATION_AUTH_HINT	docs/security/sql-review/20260709_vvip_tiger_atomic_profile_resolver_rpc_hardened_review.sql	172
NAVIGATION_AUTH_HINT	docs/security/sql-review/20260709_vvip_tiger_atomic_profile_resolver_rpc_hardened_review.sql	173
NAVIGATION_AUTH_HINT	docs/security/sql-review/20260709_vvip_tiger_atomic_profile_resolver_rpc_hardened_review.sql	174
NAVIGATION_AUTH_HINT	docs/security/sql-review/20260709_vvip_tiger_atomic_profile_resolver_rpc_hardened_review.sql	175
NAVIGATION_AUTH_HINT	docs/security/sql-review/20260709_vvip_tiger_atomic_profile_resolver_rpc_hardened_review.sql	176
NAVIGATION_AUTH_HINT	docs/security/sql-review/20260709_vvip_tiger_atomic_profile_resolver_rpc_hardened_review.sql	177
NAVIGATION_AUTH_HINT	docs/security/sql-review/20260709_vvip_tiger_atomic_profile_resolver_rpc_hardened_review.sql	178
NAVIGATION_AUTH_HINT	docs/security/sql-review/20260709_vvip_tiger_atomic_profile_resolver_rpc_hardened_review.sql	179
NAVIGATION_AUTH_HINT	docs/security/sql-review/20260709_vvip_tiger_atomic_profile_resolver_rpc_hardened_review.sql	180
NAVIGATION_AUTH_HINT	docs/security/sql-review/20260709_vvip_tiger_atomic_profile_resolver_rpc_hardened_review.sql	181
NAVIGATION_AUTH_HINT	docs/security/sql-review/20260709_vvip_tiger_atomic_profile_resolver_rpc_hardened_review.sql	182
NAVIGATION_AUTH_HINT	docs/security/sql-review/20260709_vvip_tiger_atomic_profile_resolver_rpc_hardened_review.sql	187
NAVIGATION_AUTH_HINT	docs/security/sql-review/20260709_vvip_tiger_atomic_profile_resolver_rpc_hardened_review.sql	188
NAVIGATION_AUTH_HINT	docs/security/sql-review/20260709_vvip_tiger_atomic_profile_resolver_rpc_hardened_review.sql	203
NAVIGATION_AUTH_HINT	docs/security/sql-review/20260709_vvip_tiger_atomic_profile_resolver_rpc_hardened_review.sql	205
NAVIGATION_AUTH_HINT	docs/security/sql-review/20260709_vvip_tiger_atomic_profile_resolver_rpc_hardened_review.sql	224
NAVIGATION_AUTH_HINT	docs/security/sql-review/20260709_vvip_tiger_atomic_profile_resolver_rpc_hardened_review.sql	226
NAVIGATION_AUTH_HINT	docs/security/sql-review/20260709_vvip_tiger_atomic_profile_resolver_rpc_hardened_review.sql	227
NAVIGATION_AUTH_HINT	docs/security/sql-review/20260709_vvip_tiger_atomic_profile_resolver_rpc_hardened_review.sql	228
NAVIGATION_AUTH_HINT	docs/security/sql-review/20260709_vvip_tiger_atomic_profile_resolver_rpc_hardened_review.sql	229
NAVIGATION_AUTH_HINT	docs/security/sql-review/20260709_vvip_tiger_atomic_profile_resolver_rpc_hardened_review.sql	230
NAVIGATION_AUTH_HINT	docs/security/sql-review/20260709_vvip_tiger_atomic_profile_resolver_rpc_hardened_review.sql	231
NAVIGATION_AUTH_HINT	docs/security/sql-review/20260709_vvip_tiger_atomic_profile_resolver_rpc_hardened_review.sql	232
NAVIGATION_AUTH_HINT	docs/security/sql-review/20260709_vvip_tiger_atomic_profile_resolver_rpc_hardened_review.sql	233
NAVIGATION_AUTH_HINT	docs/security/sql-review/20260709_vvip_tiger_atomic_profile_resolver_rpc_hardened_review.sql	234
NAVIGATION_AUTH_HINT	docs/security/sql-review/20260709_vvip_tiger_atomic_profile_resolver_rpc_hardened_review.sql	235
NAVIGATION_AUTH_HINT	docs/security/sql-review/20260709_vvip_tiger_atomic_profile_resolver_rpc_hardened_review.sql	236
NAVIGATION_AUTH_HINT	docs/security/sql-review/20260709_vvip_tiger_atomic_profile_resolver_rpc_hardened_review.sql	241
NAVIGATION_AUTH_HINT	docs/security/sql-review/20260709_vvip_tiger_atomic_profile_resolver_rpc_hardened_review.sql	242
NAVIGATION_AUTH_HINT	docs/security/sql-review/20260709_vvip_tiger_atomic_profile_resolver_rpc_hardened_review.sql	248
NAVIGATION_AUTH_HINT	docs/security/sql-review/20260709_vvip_tiger_atomic_profile_resolver_rpc_hardened_review.sql	249
NAVIGATION_AUTH_HINT	docs/security/sql-review/20260709_vvip_tiger_atomic_profile_resolver_rpc_hardened_review.sql	254
NAVIGATION_AUTH_HINT	docs/security/sql-review/20260709_vvip_tiger_atomic_profile_resolver_rpc_hardened_review.sql	255
NAVIGATION_AUTH_HINT	docs/security/sql-review/20260709_vvip_tiger_atomic_profile_resolver_rpc_hardened_review.sql	256
NAVIGATION_AUTH_HINT	docs/security/sql-review/20260709_vvip_tiger_atomic_profile_resolver_rpc_hardened_review.sql	257
NAVIGATION_AUTH_HINT	docs/security/sql-review/20260709_vvip_tiger_atomic_profile_resolver_rpc_hardened_review.sql	258
NAVIGATION_AUTH_HINT	docs/security/sql-review/20260709_vvip_tiger_atomic_profile_resolver_rpc_hardened_review.sql	259
NAVIGATION_AUTH_HINT	docs/security/sql-review/20260709_vvip_tiger_atomic_profile_resolver_rpc_hardened_review.sql	260
NAVIGATION_AUTH_HINT	docs/security/sql-review/20260709_vvip_tiger_atomic_profile_resolver_rpc_hardened_review.sql	261
NAVIGATION_AUTH_HINT	docs/security/sql-review/20260709_vvip_tiger_atomic_profile_resolver_rpc_hardened_review.sql	262
NAVIGATION_AUTH_HINT	docs/security/sql-review/20260709_vvip_tiger_atomic_profile_resolver_rpc_hardened_review.sql	263
NAVIGATION_AUTH_HINT	docs/security/sql-review/20260709_vvip_tiger_atomic_profile_resolver_rpc_hardened_review.sql	264
NAVIGATION_AUTH_HINT	docs/security/sql-review/20260709_vvip_tiger_atomic_profile_resolver_rpc_hardened_review.sql	269
NAVIGATION_AUTH_HINT	docs/security/sql-review/20260709_vvip_tiger_atomic_profile_resolver_rpc_hardened_review.sql	270
NAVIGATION_AUTH_HINT	docs/security/sql-review/20260709_vvip_tiger_atomic_profile_resolver_rpc_hardened_review.sql	276
NAVIGATION_AUTH_HINT	docs/security/sql-review/20260709_vvip_tiger_atomic_profile_resolver_rpc_hardened_review.sql	283
NAVIGATION_AUTH_HINT	docs/security/sql-review/20260709_vvip_tiger_atomic_profile_resolver_rpc_hardened_review.sql	290
NAVIGATION_AUTH_HINT	docs/security/sql-review/20260709_vvip_tiger_atomic_profile_resolver_rpc_hardened_review.sql	291
NAVIGATION_AUTH_HINT	docs/security/sql-review/20260709_vvip_tiger_atomic_profile_resolver_rpc_hardened_review.sql	292
NAVIGATION_AUTH_HINT	docs/security/sql-review/20260709_vvip_tiger_atomic_profile_resolver_rpc_hardened_review.sql	293
NAVIGATION_AUTH_HINT	docs/security/sql-review/20260709_vvip_tiger_atomic_profile_resolver_rpc_hardened_review.sql	295
NAVIGATION_AUTH_HINT	docs/security/sql-review/20260709_vvip_tiger_atomic_profile_resolver_rpc_hardened_review.sql	296
NAVIGATION_AUTH_HINT	enhanced-components.css	681
NAVIGATION_AUTH_HINT	index.html	121
NAVIGATION_AUTH_HINT	index.html	123
NAVIGATION_AUTH_HINT	index.html	134
NAVIGATION_AUTH_HINT	index.html	135
NAVIGATION_AUTH_HINT	private-profile.html	7
NAVIGATION_AUTH_HINT	private-profile.html	27
NAVIGATION_AUTH_HINT	private-profile.html	37
NAVIGATION_AUTH_HINT	private-profile.html	84
NAVIGATION_AUTH_HINT	private-profile.html	85
NAVIGATION_AUTH_HINT	private-profile.html	87
NAVIGATION_AUTH_HINT	private-profile.html	88
NAVIGATION_AUTH_HINT	private-profile.html	91
NAVIGATION_AUTH_HINT	private-profile.html	92
NAVIGATION_AUTH_HINT	private-profile.html	98
NAVIGATION_AUTH_HINT	private-profile.html	104
NAVIGATION_AUTH_HINT	private-profile.html	107
NAVIGATION_AUTH_HINT	private-profile.html	108
NAVIGATION_AUTH_HINT	private-profile.html	111
NAVIGATION_AUTH_HINT	private-profile.html	112
NAVIGATION_AUTH_HINT	private-profile.html	119
NAVIGATION_AUTH_HINT	private-profile.html	125
NAVIGATION_AUTH_HINT	private-profile.html	135
NAVIGATION_AUTH_HINT	private-profile.html	153
NAVIGATION_AUTH_HINT	public-profile.html	683
NAVIGATION_AUTH_HINT	public-profile.html	700
NAVIGATION_AUTH_HINT	public-profile.html	709
NAVIGATION_AUTH_HINT	public-profile.html	713
NAVIGATION_AUTH_HINT	public-profile.html	714
NAVIGATION_AUTH_HINT	public-profile.html	715
NAVIGATION_AUTH_HINT	public-profile.html	716
NAVIGATION_AUTH_HINT	public-profile.html	717
NAVIGATION_AUTH_HINT	public-profile.html	937
NAVIGATION_AUTH_HINT	public-profile.html	960
NAVIGATION_AUTH_HINT	public-profile.html	1155
NAVIGATION_AUTH_HINT	public-profile.html	1159
NAVIGATION_AUTH_HINT	public-profile.html	1181
NAVIGATION_AUTH_HINT	public-profile.html	1311
NAVIGATION_AUTH_HINT	public-profile.html	1350
NAVIGATION_AUTH_HINT	public-profile.html	1364
NAVIGATION_AUTH_HINT	reset-password.js	2
NAVIGATION_AUTH_HINT	reset-password.js	3
NAVIGATION_AUTH_HINT	reset-password.js	5
NAVIGATION_AUTH_HINT	reset-password.js	69
NAVIGATION_AUTH_HINT	scripts/profile-loader.js	1
NAVIGATION_AUTH_HINT	scripts/profile-loader.js	67
NAVIGATION_AUTH_HINT	scripts/profile-loader.js	101
NAVIGATION_AUTH_HINT	scripts/profile-loader.js	104
NAVIGATION_AUTH_HINT	scripts/profile-loader.js	105
NAVIGATION_AUTH_HINT	scripts/profile-loader.js	108
NAVIGATION_AUTH_HINT	scripts/profile-loader.js	109
NAVIGATION_AUTH_HINT	scripts/profile-loader.js	110
NAVIGATION_AUTH_HINT	scripts/profile-loader.js	111
NAVIGATION_AUTH_HINT	scripts/profile-loader.js	112
NAVIGATION_AUTH_HINT	scripts/profile-loader.js	113
NAVIGATION_AUTH_HINT	scripts/profile-loader.js	120
NAVIGATION_AUTH_HINT	scripts/profile-loader.js	121
NAVIGATION_AUTH_HINT	scripts/profile-loader.js	122
NAVIGATION_AUTH_HINT	scripts/profile-loader.js	127
NAVIGATION_AUTH_HINT	scripts/profile-loader.js	128
NAVIGATION_AUTH_HINT	scripts/profile-loader.js	129
NAVIGATION_AUTH_HINT	scripts/profile-loader.js	135
NAVIGATION_AUTH_HINT	scripts/profile-loader.js	136
NAVIGATION_AUTH_HINT	scripts/profile-loader.js	137
NAVIGATION_AUTH_HINT	scripts/profile-loader.js	143
NAVIGATION_AUTH_HINT	scripts/profile-loader.js	144
NAVIGATION_AUTH_HINT	scripts/profile-loader.js	145
NAVIGATION_AUTH_HINT	scripts/profile-loader.js	151
NAVIGATION_AUTH_HINT	scripts/profile-loader.js	152
NAVIGATION_AUTH_HINT	scripts/profile-loader.js	153
NAVIGATION_AUTH_HINT	scripts/profile-loader.js	170
NAVIGATION_AUTH_HINT	scripts/profile-loader.js	171
NAVIGATION_AUTH_HINT	scripts/profile-loader.js	175
NAVIGATION_AUTH_HINT	scripts/profile-loader.js	176
NAVIGATION_AUTH_HINT	scripts/profile-loader.js	177
NAVIGATION_AUTH_HINT	scripts/profile-loader.js	178
NAVIGATION_AUTH_HINT	scripts/profile-loader.js	180
NAVIGATION_AUTH_HINT	scripts/profile-loader.js	185
NAVIGATION_AUTH_HINT	scripts/profile-loader.js	193
NAVIGATION_AUTH_HINT	scripts/profile-loader.js	202
NAVIGATION_AUTH_HINT	scripts/profile-loader.js	208
NAVIGATION_AUTH_HINT	scripts/profile-loader.js	209
NAVIGATION_AUTH_HINT	scripts/profile-loader.js	214
NAVIGATION_AUTH_HINT	scripts/profile-loader.js	215
NAVIGATION_AUTH_HINT	scripts/profile-loader.js	216
NAVIGATION_AUTH_HINT	scripts/profile-loader.js	221
NAVIGATION_AUTH_HINT	scripts/require-auth.js	7
NAVIGATION_AUTH_HINT	scripts/require-auth.js	15
NAVIGATION_AUTH_HINT	scripts/require-auth.js	21
NAVIGATION_AUTH_HINT	scripts/require-auth.js	25
NAVIGATION_AUTH_HINT	scripts/require-auth.js	28
NAVIGATION_AUTH_HINT	scripts/supabase-auth-bridge.js	4
NAVIGATION_AUTH_HINT	scripts/supabase-auth-bridge.js	118
NAVIGATION_AUTH_HINT	social-ui.js	53
NAVIGATION_AUTH_HINT	social-ui.js	60
NAVIGATION_AUTH_HINT	social-ui.js	482
NAVIGATION_AUTH_HINT	social-ui.js	726
NAVIGATION_AUTH_HINT	social-ui.js	727
NAVIGATION_AUTH_HINT	social-ui.js	728
NAVIGATION_AUTH_HINT	social-ui.js	745
NAVIGATION_AUTH_HINT	social-ui.js	753
NAVIGATION_AUTH_HINT	social-ui.js	765
NAVIGATION_AUTH_HINT	social-ui.js	766
NAVIGATION_AUTH_HINT	social-ui.js	767
NAVIGATION_AUTH_HINT	social-ui.js	772
NAVIGATION_AUTH_HINT	social-ui.js	773
NAVIGATION_AUTH_HINT	social-ui.js	778
NAVIGATION_AUTH_HINT	social-ui.js	780
NAVIGATION_AUTH_HINT	social-ui.js	1546
NAVIGATION_AUTH_HINT	social-ui.js	1549
NAVIGATION_AUTH_HINT	social-ui.js	1566
NAVIGATION_AUTH_HINT	social-ui.js	1721
NAVIGATION_AUTH_HINT	social-ui.js	2792
NAVIGATION_AUTH_HINT	social-ui.js	2793
NAVIGATION_AUTH_HINT	social-ui.js	2794
NAVIGATION_AUTH_HINT	social-ui.js	2795
NAVIGATION_AUTH_HINT	social-ui.js	2796
NAVIGATION_AUTH_HINT	social-ui.js	2863
NAVIGATION_AUTH_HINT	social-ui.js	2869
NAVIGATION_AUTH_HINT	social-ui.js	2873
NAVIGATION_AUTH_HINT	social-ui.js	2877
NAVIGATION_AUTH_HINT	social-ui.js	2879
NAVIGATION_AUTH_HINT	social-ui.js	2881
NAVIGATION_AUTH_HINT	social-ui.js	2911
NAVIGATION_AUTH_HINT	social-ui.js	2912
NAVIGATION_AUTH_HINT	social-ui.js	2913
NAVIGATION_AUTH_HINT	social-ui.js	2915
NAVIGATION_AUTH_HINT	social-ui.js	2917
NAVIGATION_AUTH_HINT	social-ui.js	2924
NAVIGATION_AUTH_HINT	social-ui.js	2925
NAVIGATION_AUTH_HINT	social-ui.js	2926
NAVIGATION_AUTH_HINT	social-ui.js	2929
NAVIGATION_AUTH_HINT	social-ui.js	3102
NAVIGATION_AUTH_HINT	social-ui.js	3121
NAVIGATION_AUTH_HINT	social-ui.js	3127
NAVIGATION_AUTH_HINT	social-ui.js	3134
NAVIGATION_AUTH_HINT	social-ui.js	3153
NAVIGATION_AUTH_HINT	social-ui.js	3154
NAVIGATION_AUTH_HINT	social-ui.js	3155
NAVIGATION_AUTH_HINT	social-ui.js	3178
NAVIGATION_AUTH_HINT	social-ui.js	3179
NAVIGATION_AUTH_HINT	social-ui.js	3180
NAVIGATION_AUTH_HINT	social-ui.js	3187
NAVIGATION_AUTH_HINT	social-ui.js	3202
NAVIGATION_AUTH_HINT	social-ui.js	3239
NAVIGATION_AUTH_HINT	styles.css	308
NAVIGATION_AUTH_HINT	styles.css	309
NAVIGATION_AUTH_HINT	styles.css	314
NAVIGATION_AUTH_HINT	styles.css	538
NAVIGATION_AUTH_HINT	styles.css	1177
NAVIGATION_AUTH_HINT	styles.css	1184
NAVIGATION_AUTH_HINT	styles.css	1193
NAVIGATION_AUTH_HINT	styles.css	1197
NAVIGATION_AUTH_HINT	styles.css	1290
NAVIGATION_AUTH_HINT	styles.css	1638
NAVIGATION_AUTH_HINT	styles.css	1643
NAVIGATION_AUTH_HINT	styles.css	1644
NAVIGATION_AUTH_HINT	styles.css	2799
NAVIGATION_AUTH_HINT	styles.css	2812
NAVIGATION_AUTH_HINT	styles.css	2816
NAVIGATION_AUTH_HINT	styles.css	2821
NAVIGATION_AUTH_HINT	styles.css	2848
NAVIGATION_AUTH_HINT	styles.css	3000
NAVIGATION_AUTH_HINT	styles.css	3014
NAVIGATION_AUTH_HINT	styles.css	3022
NAVIGATION_AUTH_HINT	styles.css	3032
NAVIGATION_AUTH_HINT	styles.css	3039
NAVIGATION_AUTH_HINT	styles.css	3047
NAVIGATION_AUTH_HINT	styles.css	3051
NAVIGATION_AUTH_HINT	styles.css	3062
NAVIGATION_AUTH_HINT	styles.css	3070
NAVIGATION_AUTH_HINT	styles.css	3074
NAVIGATION_AUTH_HINT	styles.css	3080
NAVIGATION_AUTH_HINT	styles.css	3087
NAVIGATION_AUTH_HINT	styles.css	3099
NAVIGATION_AUTH_HINT	styles.css	3103
NAVIGATION_AUTH_HINT	styles.css	3120
NAVIGATION_AUTH_HINT	styles.css	3127
NAVIGATION_AUTH_HINT	styles.css	3133
NAVIGATION_AUTH_HINT	styles.css	3145
NAVIGATION_AUTH_HINT	styles.css	3149
NAVIGATION_AUTH_HINT	styles.css	3433
NAVIGATION_AUTH_HINT	styles.css	3443
NAVIGATION_AUTH_HINT	styles.css	3447
NAVIGATION_AUTH_HINT	styles.css	3458
NAVIGATION_AUTH_HINT	styles.css	3463
NAVIGATION_AUTH_HINT	styles.css	3473
NAVIGATION_AUTH_HINT	styles.css	3483
NAVIGATION_AUTH_HINT	styles.css	3494
NAVIGATION_AUTH_HINT	styles.css	3501
NAVIGATION_AUTH_HINT	styles.css	3511
NAVIGATION_AUTH_HINT	styles.css	3523
NAVIGATION_AUTH_HINT	styles.css	3551
NAVIGATION_AUTH_HINT	styles.css	3564
NAVIGATION_AUTH_HINT	styles.css	3565
NAVIGATION_AUTH_HINT	styles.css	3577
NAVIGATION_AUTH_HINT	styles.css	3629
NAVIGATION_AUTH_HINT	styles.css	3642
NAVIGATION_AUTH_HINT	styles.css	3643
NAVIGATION_AUTH_HINT	styles.css	3655
NAVIGATION_AUTH_HINT	styles.css	3706
NAVIGATION_AUTH_HINT	styles.css	3709
NAVIGATION_AUTH_HINT	styles.css	3719
NAVIGATION_AUTH_HINT	styles.css	3982
NAVIGATION_AUTH_HINT	styles/vvip-visual-trust-layer.css	45
NAVIGATION_AUTH_HINT	styles/vvip-visual-trust-layer.css	46
NAVIGATION_AUTH_HINT	styles/vvip-visual-trust-layer.css	56
NAVIGATION_AUTH_HINT	styles/vvip-visual-trust-layer.css	57
NAVIGATION_AUTH_HINT	styles/vvip-visual-trust-layer.css	67
NAVIGATION_AUTH_HINT	styles/vvip-visual-trust-layer.css	160
NAVIGATION_AUTH_HINT	styles/vvip-visual-trust-layer.css	161
NAVIGATION_AUTH_HINT	styles/vvip-visual-trust-layer.css	182
NAVIGATION_AUTH_HINT	styles/vvip-visual-trust-layer.css	194
NAVIGATION_AUTH_HINT	styles/vvip-visual-trust-layer.css	214
NAVIGATION_AUTH_HINT	styles/vvip-visual-trust-layer.css	234
NAVIGATION_AUTH_HINT	styles/vvip-visual-trust-layer.css	254
NAVIGATION_AUTH_HINT	styles/vvip-visual-trust-layer.css	333
NAVIGATION_AUTH_HINT	styles/vvip-visual-trust-layer.css	346
NAVIGATION_AUTH_HINT	styles/vvip-visual-trust-layer.css	359
NAVIGATION_AUTH_HINT	styles/vvip-visual-trust-layer.css	381
NAVIGATION_AUTH_HINT	styles/vvip-visual-trust-layer.css	402
NAVIGATION_AUTH_HINT	styles/vvip-visual-trust-layer.css	404
NAVIGATION_AUTH_HINT	styles/vvip-visual-trust-layer.css	413
NAVIGATION_AUTH_HINT	styles/vvip-visual-trust-layer.css	418
NAVIGATION_AUTH_HINT	styles/vvip-visual-trust-layer.css	425
NAVIGATION_AUTH_HINT	styles/vvip-visual-trust-layer.css	438
NAVIGATION_AUTH_HINT	styles/vvip-visual-trust-layer.css	445
NAVIGATION_AUTH_HINT	styles/vvip-visual-trust-layer.css	476
NAVIGATION_AUTH_HINT	styles/vvip-visual-trust-layer.css	483
NAVIGATION_AUTH_HINT	styles/vvip-visual-trust-layer.css	506
NAVIGATION_AUTH_HINT	styles/vvip-visual-trust-layer.css	513
NAVIGATION_AUTH_HINT	styles/vvip-visual-trust-layer.css	528
NAVIGATION_AUTH_HINT	styles/vvip-visual-trust-layer.css	540
NAVIGATION_AUTH_HINT	styles/vvip-visual-trust-layer.css	551
NAVIGATION_AUTH_HINT	styles/vvip-visual-trust-layer.css	566
NAVIGATION_AUTH_HINT	styles/vvip-visual-trust-layer.css	570
NAVIGATION_AUTH_HINT	styles/vvip-visual-trust-layer.css	578
NAVIGATION_AUTH_HINT	styles/vvip-visual-trust-layer.css	583
NAVIGATION_AUTH_HINT	styles/vvip-visual-trust-layer.css	584
NAVIGATION_AUTH_HINT	styles/vvip-visual-trust-layer.css	585
NAVIGATION_AUTH_HINT	styles/vvip-visual-trust-layer.css	588
NAVIGATION_AUTH_HINT	styles/vvip-visual-trust-layer.css	589
NAVIGATION_AUTH_HINT	styles/vvip-visual-trust-layer.css	590
NAVIGATION_AUTH_HINT	styles/vvip-visual-trust-layer.css	605
NAVIGATION_AUTH_HINT	styles/vvip-visual-trust-layer.css	610
NAVIGATION_AUTH_HINT	styles/vvip-visual-trust-layer.css	611
NAVIGATION_AUTH_HINT	styles/vvip-visual-trust-layer.css	612
NAVIGATION_AUTH_HINT	styles/vvip-visual-trust-layer.css	628
NAVIGATION_AUTH_HINT	styles/vvip-visual-trust-layer.css	629
NAVIGATION_AUTH_HINT	styles/vvip-visual-trust-layer.css	630
NAVIGATION_AUTH_HINT	styles/vvip-visual-trust-layer.css	646
NAVIGATION_AUTH_HINT	styles/vvip-visual-trust-layer.css	658
NAVIGATION_AUTH_HINT	styles/vvip-visual-trust-layer.css	663
NAVIGATION_AUTH_HINT	styles/vvip-visual-trust-layer.css	665
NAVIGATION_AUTH_HINT	styles/vvip-visual-trust-layer.css	674
NAVIGATION_AUTH_HINT	styles/vvip-visual-trust-layer.css	675
NAVIGATION_AUTH_HINT	styles/vvip-visual-trust-layer.css	685
NAVIGATION_AUTH_HINT	styles/vvip-visual-trust-layer.css	694
NAVIGATION_AUTH_HINT	styles/vvip-visual-trust-layer.css	707
NAVIGATION_AUTH_HINT	styles/vvip-visual-trust-layer.css	709
NAVIGATION_AUTH_HINT	styles/vvip-visual-trust-layer.css	720
NAVIGATION_AUTH_HINT	styles/vvip-visual-trust-layer.css	722
NAVIGATION_AUTH_HINT	styles/vvip-visual-trust-layer.css	736
NAVIGATION_AUTH_HINT	supabase-schema.sql	39
NAVIGATION_AUTH_HINT	supabase-schema.sql	49
NAVIGATION_AUTH_HINT	supabase-schema.sql	54
NAVIGATION_AUTH_HINT	supabase-schema.sql	57
NAVIGATION_AUTH_HINT	supabase-schema.sql	59
NAVIGATION_AUTH_HINT	supabase-schema.sql	75
NAVIGATION_AUTH_HINT	supabase-schema.sql	77
NAVIGATION_AUTH_HINT	supabase-schema.sql	78
NAVIGATION_AUTH_HINT	supabase-schema.sql	87
NAVIGATION_AUTH_HINT	supabase-schema.sql	89
NAVIGATION_AUTH_HINT	supabase-schema.sql	90
NAVIGATION_AUTH_HINT	supabase-schema.sql	157
NAVIGATION_AUTH_HINT	supabase-schema.sql	158
NAVIGATION_AUTH_HINT	supabase-schema.sql	170
NAVIGATION_AUTH_HINT	supabase-schema.sql	171
NAVIGATION_AUTH_HINT	supabase-schema.sql	183
NAVIGATION_AUTH_HINT	supabase-schema.sql	197
NAVIGATION_AUTH_HINT	supabase-schema.sql	208
NAVIGATION_AUTH_HINT	supabase-schema.sql	214
NAVIGATION_AUTH_HINT	supabase-schema.sql	215
NAVIGATION_AUTH_HINT	supabase-schema.sql	229
NAVIGATION_AUTH_HINT	supabase-schema.sql	232
NAVIGATION_AUTH_HINT	supabase-schema.sql	233
NAVIGATION_AUTH_HINT	supabase-schema.sql	237
NAVIGATION_AUTH_HINT	supabase-schema.sql	243
NAVIGATION_AUTH_HINT	supabase-schema.sql	246
NAVIGATION_AUTH_HINT	supabase-schema.sql	250
NAVIGATION_AUTH_HINT	supabase-schema.sql	251
NAVIGATION_AUTH_HINT	supabase-schema.sql	255
NAVIGATION_AUTH_HINT	supabase-schema.sql	263
NAVIGATION_AUTH_HINT	supabase-schema.sql	278
NAVIGATION_AUTH_HINT	supabase-schema.sql	289
NAVIGATION_AUTH_HINT	supabase-schema.sql	305
NAVIGATION_AUTH_HINT	supabase-schema.sql	306
NAVIGATION_AUTH_HINT	supabase-schema.sql	513
NAVIGATION_AUTH_HINT	supabase-schema.sql	522
NAVIGATION_AUTH_HINT	supabase-schema.sql	528
NAVIGATION_AUTH_HINT	supabase-schema.sql	537
NAVIGATION_AUTH_HINT	supabase-schema.sql	549
NAVIGATION_AUTH_HINT	supabase-schema.sql	554
NAVIGATION_AUTH_HINT	supabase-schema.sql	568
NAVIGATION_AUTH_HINT	supabase-schema.sql	578
NAVIGATION_AUTH_HINT	supabase-schema.sql	598
NAVIGATION_AUTH_HINT	supabase-schema.sql	603
NAVIGATION_AUTH_HINT	supabase-schema.sql	609
NAVIGATION_AUTH_HINT	supabase-schema.sql	678
NAVIGATION_AUTH_HINT	supabase-schema.sql	680
NAVIGATION_AUTH_HINT	supabase-schema.sql	681
NAVIGATION_AUTH_HINT	supabase-schema.sql	714
NAVIGATION_AUTH_HINT	supabase-schema.sql	719
NAVIGATION_AUTH_HINT	supabase-schema.sql	720
NAVIGATION_AUTH_HINT	supabase-schema.sql	723
NAVIGATION_AUTH_HINT	supabase-schema.sql	724
NAVIGATION_AUTH_HINT	supabase-schema.sql	734
NAVIGATION_AUTH_HINT	supabase-schema.sql	748
NAVIGATION_AUTH_HINT	supabase-schema.sql	754
NAVIGATION_AUTH_HINT	supabase-schema.sql	765
NAVIGATION_AUTH_HINT	supabase-schema.sql	779
NAVIGATION_AUTH_HINT	supabase-schema.sql	785
NAVIGATION_AUTH_HINT	supabase-schema.sql	795
NAVIGATION_AUTH_HINT	supabase-schema.sql	808
NAVIGATION_AUTH_HINT	supabase-schema.sql	814
NAVIGATION_AUTH_HINT	supabase-schema.sql	827
NAVIGATION_AUTH_HINT	supabase-schema.sql	837
NAVIGATION_AUTH_HINT	supabase-schema.sql	844
NAVIGATION_AUTH_HINT	supabase-schema.sql	854
NAVIGATION_AUTH_HINT	supabase-schema.sql	861
NAVIGATION_AUTH_HINT	supabase-schema.sql	871
NAVIGATION_AUTH_HINT	supabase-schema.sql	877
NAVIGATION_AUTH_HINT	supabase-schema.sql	884
NAVIGATION_AUTH_HINT	supabase-schema.sql	889
NAVIGATION_AUTH_HINT	supabase-schema.sql	896
NAVIGATION_AUTH_HINT	supabase-schema.sql	901
NAVIGATION_AUTH_HINT	supabase-schema.sql	902
NAVIGATION_AUTH_HINT	supabase/migrations/20260707_vvip_tiger_auth_profile_bridge.sql	2
NAVIGATION_AUTH_HINT	supabase/migrations/20260707_vvip_tiger_auth_profile_bridge.sql	4
NAVIGATION_AUTH_HINT	supabase/migrations/20260707_vvip_tiger_auth_profile_bridge.sql	5
NAVIGATION_AUTH_HINT	supabase/migrations/20260707_vvip_tiger_auth_profile_bridge.sql	6
NAVIGATION_AUTH_HINT	supabase/migrations/20260707_vvip_tiger_auth_profile_bridge.sql	7
NAVIGATION_AUTH_HINT	supabase/migrations/20260707_vvip_tiger_auth_profile_bridge.sql	8
NAVIGATION_AUTH_HINT	supabase/migrations/20260707_vvip_tiger_auth_profile_bridge.sql	9
NAVIGATION_AUTH_HINT	supabase/migrations/20260707_vvip_tiger_auth_profile_bridge.sql	10
NAVIGATION_AUTH_HINT	supabase/migrations/20260707_vvip_tiger_auth_profile_bridge.sql	11
NAVIGATION_AUTH_HINT	supabase/migrations/20260707_vvip_tiger_auth_profile_bridge.sql	13
NAVIGATION_AUTH_HINT	supabase/migrations/20260707_vvip_tiger_auth_profile_bridge.sql	14
NAVIGATION_AUTH_HINT	supabase/migrations/20260707_vvip_tiger_auth_profile_bridge.sql	17
NAVIGATION_AUTH_HINT	supabase/migrations/20260707_vvip_tiger_auth_profile_bridge.sql	18
NAVIGATION_AUTH_HINT	supabase/migrations/20260707_vvip_tiger_auth_profile_bridge.sql	20
NAVIGATION_AUTH_HINT	supabase/migrations/20260707_vvip_tiger_auth_profile_bridge.sql	21
NAVIGATION_AUTH_HINT	supabase/migrations/20260707_vvip_tiger_auth_profile_bridge.sql	28
NAVIGATION_AUTH_HINT	supabase/migrations/20260707_vvip_tiger_auth_profile_bridge.sql	29
NAVIGATION_AUTH_HINT	supabase/migrations/20260707_vvip_tiger_auth_profile_bridge.sql	31
NAVIGATION_AUTH_HINT	supabase/migrations/20260707_vvip_tiger_auth_profile_bridge.sql	32
NAVIGATION_AUTH_HINT	supabase/migrations/20260707_vvip_tiger_auth_profile_bridge.sql	47
NAVIGATION_AUTH_HINT	supabase/migrations/20260707_vvip_tiger_auth_profile_bridge.sql	49
NAVIGATION_AUTH_HINT	supabase/migrations/20260707_vvip_tiger_auth_profile_bridge.sql	50
NAVIGATION_AUTH_HINT	supabase/migrations/20260707_vvip_tiger_auth_profile_bridge.sql	54
NAVIGATION_AUTH_HINT	supabase/migrations/20260707_vvip_tiger_auth_profile_bridge.sql	55
NAVIGATION_AUTH_HINT	supabase/migrations/20260707_vvip_tiger_auth_profile_bridge.sql	56
NAVIGATION_AUTH_HINT	supabase/migrations/20260707_vvip_tiger_auth_profile_bridge.sql	57
NAVIGATION_AUTH_HINT	supabase/migrations/20260707_vvip_tiger_clerk_profiles_table.sql	3
NAVIGATION_AUTH_HINT	supabase/migrations/20260707_vvip_tiger_clerk_profiles_table.sql	7
NAVIGATION_AUTH_HINT	supabase/migrations/20260707_vvip_tiger_clerk_profiles_table.sql	17
NAVIGATION_AUTH_HINT	supabase/migrations/20260707_vvip_tiger_clerk_profiles_table.sql	21
NAVIGATION_AUTH_HINT	supabase/migrations/20260707_vvip_tiger_clerk_profiles_table.sql	22
NAVIGATION_AUTH_HINT	supabase/migrations/20260707_vvip_tiger_clerk_profiles_table.sql	24
NAVIGATION_AUTH_HINT	supabase/migrations/20260707_vvip_tiger_clerk_profiles_table.sql	25
NAVIGATION_AUTH_HINT	supabase/migrations/20260707_vvip_tiger_clerk_profiles_table.sql	27
NAVIGATION_AUTH_HINT	supabase/migrations/20260707_vvip_tiger_clerk_profiles_table.sql	29
NAVIGATION_AUTH_HINT	supabase/migrations/20260707_vvip_tiger_clerk_profiles_table.sql	30
NAVIGATION_AUTH_HINT	supabase/migrations/20260707_vvip_tiger_clerk_profiles_table.sql	32
NAVIGATION_AUTH_HINT	supabase/migrations/20260707_vvip_tiger_clerk_profiles_table.sql	33
NAVIGATION_AUTH_HINT	supabase/migrations/20260707_vvip_tiger_clerk_profiles_table.sql	37
NAVIGATION_AUTH_HINT	supabase/migrations/20260707_vvip_tiger_clerk_profiles_table.sql	38
NAVIGATION_AUTH_HINT	supabase/migrations/20260707_vvip_tiger_clerk_profiles_table.sql	40
NAVIGATION_AUTH_HINT	supabase/migrations/20260707_vvip_tiger_clerk_profiles_table.sql	41
NAVIGATION_AUTH_HINT	supabase/migrations/20260707_vvip_tiger_clerk_profiles_table.sql	45
NAVIGATION_AUTH_HINT	supabase/migrations/20260707_vvip_tiger_clerk_profiles_table.sql	46
NAVIGATION_AUTH_HINT	supabase/migrations/20260707_vvip_tiger_clerk_profiles_table.sql	48
NAVIGATION_AUTH_HINT	supabase/migrations/20260707_vvip_tiger_clerk_profiles_table.sql	49
NAVIGATION_AUTH_HINT	supabase/migrations/20260709_vvip_tiger_atomic_profile_resolver_rpc.sql	3
NAVIGATION_AUTH_HINT	supabase/migrations/20260709_vvip_tiger_atomic_profile_resolver_rpc.sql	6
NAVIGATION_AUTH_HINT	supabase/migrations/20260709_vvip_tiger_atomic_profile_resolver_rpc.sql	17
NAVIGATION_AUTH_HINT	supabase/migrations/20260709_vvip_tiger_atomic_profile_resolver_rpc.sql	20
NAVIGATION_AUTH_HINT	supabase/migrations/20260709_vvip_tiger_atomic_profile_resolver_rpc.sql	21
NAVIGATION_AUTH_HINT	supabase/migrations/20260709_vvip_tiger_atomic_profile_resolver_rpc.sql	23
NAVIGATION_AUTH_HINT	supabase/migrations/20260709_vvip_tiger_atomic_profile_resolver_rpc.sql	24
NAVIGATION_AUTH_HINT	supabase/migrations/20260709_vvip_tiger_atomic_profile_resolver_rpc.sql	25
NAVIGATION_AUTH_HINT	supabase/migrations/20260709_vvip_tiger_atomic_profile_resolver_rpc.sql	26
NAVIGATION_AUTH_HINT	supabase/migrations/20260709_vvip_tiger_atomic_profile_resolver_rpc.sql	27
NAVIGATION_AUTH_HINT	supabase/migrations/20260709_vvip_tiger_atomic_profile_resolver_rpc.sql	28
NAVIGATION_AUTH_HINT	supabase/migrations/20260709_vvip_tiger_atomic_profile_resolver_rpc.sql	30
NAVIGATION_AUTH_HINT	supabase/migrations/20260709_vvip_tiger_atomic_profile_resolver_rpc.sql	31
NAVIGATION_AUTH_HINT	supabase/migrations/20260709_vvip_tiger_atomic_profile_resolver_rpc.sql	38
NAVIGATION_AUTH_HINT	supabase/migrations/20260709_vvip_tiger_atomic_profile_resolver_rpc.sql	39
NAVIGATION_AUTH_HINT	supabase/migrations/20260709_vvip_tiger_atomic_profile_resolver_rpc.sql	46
NAVIGATION_AUTH_HINT	supabase/migrations/20260709_vvip_tiger_atomic_profile_resolver_rpc.sql	47
NAVIGATION_AUTH_HINT	supabase/migrations/20260709_vvip_tiger_atomic_profile_resolver_rpc.sql	57
NAVIGATION_AUTH_HINT	supabase/migrations/20260709_vvip_tiger_atomic_profile_resolver_rpc.sql	74
NAVIGATION_AUTH_HINT	supabase/migrations/20260709_vvip_tiger_atomic_profile_resolver_rpc.sql	94
NAVIGATION_AUTH_HINT	supabase/migrations/20260709_vvip_tiger_atomic_profile_resolver_rpc.sql	95
NAVIGATION_AUTH_HINT	supabase/migrations/20260709_vvip_tiger_atomic_profile_resolver_rpc.sql	102
NAVIGATION_AUTH_HINT	supabase/migrations/20260709_vvip_tiger_atomic_profile_resolver_rpc.sql	103
NAVIGATION_AUTH_HINT	supabase/migrations/20260709_vvip_tiger_atomic_profile_resolver_rpc.sql	108
NAVIGATION_AUTH_HINT	supabase/migrations/20260709_vvip_tiger_atomic_profile_resolver_rpc.sql	119
NAVIGATION_AUTH_HINT	supabase/migrations/20260709_vvip_tiger_atomic_profile_resolver_rpc.sql	124
NAVIGATION_AUTH_HINT	supabase/migrations/20260709_vvip_tiger_atomic_profile_resolver_rpc.sql	125
NAVIGATION_AUTH_HINT	supabase/migrations/20260709_vvip_tiger_atomic_profile_resolver_rpc.sql	139
NAVIGATION_AUTH_HINT	supabase/migrations/20260709_vvip_tiger_atomic_profile_resolver_rpc.sql	158
NAVIGATION_AUTH_HINT	supabase/migrations/20260709_vvip_tiger_atomic_profile_resolver_rpc.sql	162
NAVIGATION_AUTH_HINT	supabase/migrations/20260709_vvip_tiger_atomic_profile_resolver_rpc.sql	163
NAVIGATION_AUTH_HINT	supabase/migrations/20260709_vvip_tiger_atomic_profile_resolver_rpc.sql	169
NAVIGATION_AUTH_HINT	supabase/migrations/20260709_vvip_tiger_atomic_profile_resolver_rpc.sql	170
NAVIGATION_AUTH_HINT	supabase/migrations/20260709_vvip_tiger_atomic_profile_resolver_rpc.sql	177
NAVIGATION_AUTH_HINT	supabase/migrations/20260709_vvip_tiger_atomic_profile_resolver_rpc.sql	178
NAVIGATION_AUTH_HINT	supabase/migrations/20260709_vvip_tiger_atomic_profile_resolver_rpc.sql	184
NAVIGATION_AUTH_HINT	supabase/migrations/20260709_vvip_tiger_atomic_profile_resolver_rpc.sql	191
NAVIGATION_AUTH_HINT	supabase/migrations/20260709_vvip_tiger_atomic_profile_resolver_rpc.sql	192
NAVIGATION_AUTH_HINT	supabase/migrations/20260709_vvip_tiger_atomic_profile_resolver_rpc.sql	193
NAVIGATION_AUTH_HINT	supabase/migrations/20260709_vvip_tiger_profiles_clerk_jwt_rls_bridge.sql	2
NAVIGATION_AUTH_HINT	supabase/migrations/20260709_vvip_tiger_profiles_clerk_jwt_rls_bridge.sql	7
NAVIGATION_AUTH_HINT	supabase/migrations/20260709_vvip_tiger_profiles_clerk_jwt_rls_bridge.sql	9
NAVIGATION_AUTH_HINT	supabase/migrations/20260709_vvip_tiger_profiles_clerk_jwt_rls_bridge.sql	10
NAVIGATION_AUTH_HINT	supabase/migrations/20260709_vvip_tiger_profiles_clerk_jwt_rls_bridge.sql	11
NAVIGATION_AUTH_HINT	supabase/migrations/20260709_vvip_tiger_profiles_clerk_jwt_rls_bridge.sql	13
NAVIGATION_AUTH_HINT	supabase/migrations/20260709_vvip_tiger_profiles_clerk_jwt_rls_bridge.sql	14
NAVIGATION_AUTH_HINT	supabase/migrations/20260709_vvip_tiger_profiles_clerk_jwt_rls_bridge.sql	19
NAVIGATION_AUTH_HINT	supabase/migrations/20260709_vvip_tiger_profiles_clerk_jwt_rls_bridge.sql	20
NAVIGATION_AUTH_HINT	supabase/migrations/20260709_vvip_tiger_profiles_clerk_jwt_rls_bridge.sql	25
NAVIGATION_AUTH_HINT	supabase/migrations/20260709_vvip_tiger_profiles_clerk_jwt_rls_bridge.sql	26
NAVIGATION_AUTH_HINT	sw.js	6
NAVIGATION_AUTH_HINT	sw.js	7
NAVIGATION_AUTH_HINT	sw.js	8
NAVIGATION_AUTH_HINT	vvip-identity.css	3
NAVIGATION_AUTH_HINT	vvip-identity.css	72
NAVIGATION_AUTH_HINT	vvip-identity.css	85
NAVIGATION_AUTH_HINT	vvip-identity.css	114
NAVIGATION_AUTH_HINT	vvip-identity.css	115
NAVIGATION_AUTH_HINT	vvip-identity.css	116
NAVIGATION_AUTH_HINT	vvip-identity.css	117
NAVIGATION_AUTH_HINT	vvip-identity.css	118
NAVIGATION_AUTH_HINT	vvip-identity.css	138
NAVIGATION_AUTH_HINT	vvip-identity.css	139
NAVIGATION_AUTH_HINT	vvip-identity.css	140
NAVIGATION_AUTH_HINT	vvip-identity.css	308
NAVIGATION_AUTH_HINT	vvip-identity.css	328
NAVIGATION_AUTH_HINT	vvip-identity.css	334
NAVIGATION_AUTH_HINT	vvip-identity.css	335
NAVIGATION_AUTH_HINT	vvip-identity.css	339
NAVIGATION_AUTH_HINT	vvip-identity.css	340
NAVIGATION_AUTH_HINT	vvip-identity.css	341
NAVIGATION_AUTH_HINT	vvip-identity.css	342
NAVIGATION_AUTH_HINT	vvip-identity.css	356
NAVIGATION_AUTH_HINT	vvip-identity.css	357
NAVIGATION_AUTH_HINT	vvip-identity.css	364
NAVIGATION_AUTH_HINT	vvip-identity.css	370
NAVIGATION_AUTH_HINT	vvip-identity.css	371
NAVIGATION_AUTH_HINT	vvip-identity.css	388
NAVIGATION_AUTH_HINT	vvip-identity.css	389
NAVIGATION_AUTH_HINT	vvip-identity.css	401
NAVIGATION_AUTH_HINT	vvip-identity.css	410
NAVIGATION_AUTH_HINT	vvip-identity.css	418
NAVIGATION_AUTH_HINT	vvip-identity.css	422
NAVIGATION_AUTH_HINT	vvip-identity.css	432
NAVIGATION_AUTH_HINT	vvip-identity.css	464
