requirement_id,section,requirement_text,domain,priority,status,source_file,source_line,implementation_state,test_state,evidence_state,rollback_state
VVIP-GV1-0001,VVIP TIGER — المرجع التنفيذي النهائي المستخرج,المصدر: `docs/specifications/VVIPTIGER 20268-1.docx`,GENERAL_PRODUCT,P2,NOT_STARTED,docs/specifications/VVIP_TIGER_GLOBAL_EXECUTION_SPEC_FINAL_AR.md,3,NOT_YET_VERIFIED,NOT_YET_EXECUTED,NOT_YET_CREATED,NOT_APPLICABLE_BEFORE_IMPLEMENTATION
VVIP-GV1-0002,VVIP TIGER — المرجع التنفيذي النهائي المستخرج,تاريخ الاستخراج: `2026-07-24T09:30:05.113670+00:00`,GENERAL_PRODUCT,P2,NOT_STARTED,docs/specifications/VVIP_TIGER_GLOBAL_EXECUTION_SPEC_FINAL_AR.md,4,NOT_YET_VERIFIED,NOT_YET_EXECUTED,NOT_YET_CREATED,NOT_APPLICABLE_BEFORE_IMPLEMENTATION
VVIP-GV1-0003,VVIP TIGER — المرجع التنفيذي النهائي المستخرج,حجم المصدر: `111008` بايت,GENERAL_PRODUCT,P2,NOT_STARTED,docs/specifications/VVIP_TIGER_GLOBAL_EXECUTION_SPEC_FINAL_AR.md,5,NOT_YET_VERIFIED,NOT_YET_EXECUTED,NOT_YET_CREATED,NOT_APPLICABLE_BEFORE_IMPLEMENTATION
VVIP-GV1-0004,VVIP TIGER — المرجع التنفيذي النهائي المستخرج,SHA-256: `22cc932c049232a1ed31cca35db3314eef25a17651d53901b673f9ceacac6bfd`,GENERAL_PRODUCT,P2,NOT_STARTED,docs/specifications/VVIP_TIGER_GLOBAL_EXECUTION_SPEC_FINAL_AR.md,6,NOT_YET_VERIFIED,NOT_YET_EXECUTED,NOT_YET_CREATED,NOT_APPLICABLE_BEFORE_IMPLEMENTATION
VVIP-GV1-0005,المحتوى الرئيسي,المرجع الرئيسي للتنفيذ الفوري والتحقق والإطلاق العالمي,OPERATIONS_RELEASE,P1,NOT_STARTED,docs/specifications/VVIP_TIGER_GLOBAL_EXECUTION_SPEC_FINAL_AR.md,14,NOT_YET_VERIFIED,NOT_YET_EXECUTED,NOT_YET_CREATED,NOT_APPLICABLE_BEFORE_IMPLEMENTATION
VVIP-GV1-0006,قرار الاعتماد الأساسي,هذه الوثيقة هي المرجع الرئيسي للتنفيذ. أي نقطة غير واضحة تُفسر لاحقًا في ADR موثق، دون تعطيل الأعمال التي لا تعتمد عليها.,SECURITY_PRIVACY,P0,NOT_STARTED,docs/specifications/VVIP_TIGER_GLOBAL_EXECUTION_SPEC_FINAL_AR.md,37,NOT_YET_VERIFIED,NOT_YET_EXECUTED,NOT_YET_CREATED,NOT_APPLICABLE_BEFORE_IMPLEMENTATION
VVIP-GV1-0007,قرار الاعتماد الأساسي,تُدمج جميع المعلومات الناقصة من المرجع السابق داخل هذه النسخة، وتصبح جزءًا ملزمًا من النطاق.,GENERAL_PRODUCT,P2,NOT_STARTED,docs/specifications/VVIP_TIGER_GLOBAL_EXECUTION_SPEC_FINAL_AR.md,38,NOT_YET_VERIFIED,NOT_YET_EXECUTED,NOT_YET_CREATED,NOT_APPLICABLE_BEFORE_IMPLEMENTATION
VVIP-GV1-0008,قرار الاعتماد الأساسي,أي تعارض بين التنفيذ الحالي وهذه الوثيقة يُحسم لمصلحة سلامة المنصة ومتطلبات هذه الوثيقة بوصفها أحدث إصدار.,GENERAL_PRODUCT,P2,NOT_STARTED,docs/specifications/VVIP_TIGER_GLOBAL_EXECUTION_SPEC_FINAL_AR.md,39,NOT_YET_VERIFIED,NOT_YET_EXECUTED,NOT_YET_CREATED,NOT_APPLICABLE_BEFORE_IMPLEMENTATION
VVIP-GV1-0009,قرار الاعتماد الأساسي,لا يؤجل أي متطلب وارد في الوثيقة إلى إصدار مستقبلي. العائق الخارجي الحقيقي يُسجل BLOCKED_EXTERNAL مع استكمال كل ما يمكن تنفيذه داخليًا.,OPERATIONS_RELEASE,P2,NOT_STARTED,docs/specifications/VVIP_TIGER_GLOBAL_EXECUTION_SPEC_FINAL_AR.md,40,NOT_YET_VERIFIED,NOT_YET_EXECUTED,NOT_YET_CREATED,NOT_APPLICABLE_BEFORE_IMPLEMENTATION
VVIP-GV1-0010,قرار الاعتماد الأساسي,الموافقة الممنوحة واسعة لتنفيذ التعديلات اللازمة داخل فرع آمن، لكنها لا تلغي النسخ الاحتياطي أو الاختبارات أو حماية الإنتاج والأسرار.,SECURITY_PRIVACY,P0,NOT_STARTED,docs/specifications/VVIP_TIGER_GLOBAL_EXECUTION_SPEC_FINAL_AR.md,41,NOT_YET_VERIFIED,NOT_YET_EXECUTED,NOT_YET_CREATED,NOT_APPLICABLE_BEFORE_IMPLEMENTATION
VVIP-GV1-0011,مبدأ الجراح لا الحداد,التشخيص قبل التعديل، وإثبات السبب الجذري قبل الإصلاح، وتغيير أقل مساحة لازمة.,GENERAL_PRODUCT,P2,NOT_STARTED,docs/specifications/VVIP_TIGER_GLOBAL_EXECUTION_SPEC_FINAL_AR.md,44,NOT_YET_VERIFIED,NOT_YET_EXECUTED,NOT_YET_CREATED,NOT_APPLICABLE_BEFORE_IMPLEMENTATION
VVIP-GV1-0012,مبدأ الجراح لا الحداد,كل إصلاح يبدأ باختبار يعيد إنتاج الخلل وينتهي باختبار Regression وخطة تراجع ودليل نجاح.,OPERATIONS_RELEASE,P1,NOT_STARTED,docs/specifications/VVIP_TIGER_GLOBAL_EXECUTION_SPEC_FINAL_AR.md,45,NOT_YET_VERIFIED,NOT_YET_EXECUTED,NOT_YET_CREATED,NOT_APPLICABLE_BEFORE_IMPLEMENTATION
VVIP-GV1-0013,مبدأ الجراح لا الحداد,لا حذف بالاشتباه وحده. الحذف النهائي يتطلب جردًا، وفحص المراجع المباشرة والديناميكية، ونسخة استعادة خارج شجرة التطبيق، واختبارات قبل الحذف وبعده.,SECURITY_PRIVACY,P0,NOT_STARTED,docs/specifications/VVIP_TIGER_GLOBAL_EXECUTION_SPEC_FINAL_AR.md,46,NOT_YET_VERIFIED,NOT_YET_EXECUTED,NOT_YET_CREATED,NOT_APPLICABLE_BEFORE_IMPLEMENTATION
VVIP-GV1-0014,مبدأ الجراح لا الحداد,لا تُستخدم Mocks أو بيانات وهمية في مسار Production. يسمح بها داخل الاختبارات فقط وبحدود واضحة.,DATA_DATABASE,P1,NOT_STARTED,docs/specifications/VVIP_TIGER_GLOBAL_EXECUTION_SPEC_FINAL_AR.md,47,NOT_YET_VERIFIED,NOT_YET_EXECUTED,NOT_YET_CREATED,NOT_APPLICABLE_BEFORE_IMPLEMENTATION
VVIP-GV1-0015,مبدأ الجراح لا الحداد,الهدف التشغيلي هو صفر عيوب معروفة من فئة Blocker/Critical، واجتياز جميع بوابات P0/P1؛ لا يوجد ضمان علمي بمنع كل خطأ مستقبلي، لذلك تُبنى المرونة والمراقبة والتراجع.,LISTINGS_MARKETPLACE,P0,NOT_STARTED,docs/specifications/VVIP_TIGER_GLOBAL_EXECUTION_SPEC_FINAL_AR.md,48,NOT_YET_VERIFIED,NOT_YET_EXECUTED,NOT_YET_CREATED,NOT_APPLICABLE_BEFORE_IMPLEMENTATION
VVIP-GV1-0016,الفهرس التنفيذي,الملخص التنفيذي وتعريف النهاية العالمية,GENERAL_PRODUCT,P2,NOT_STARTED,docs/specifications/VVIP_TIGER_GLOBAL_EXECUTION_SPEC_FINAL_AR.md,78,NOT_YET_VERIFIED,NOT_YET_EXECUTED,NOT_YET_CREATED,NOT_APPLICABLE_BEFORE_IMPLEMENTATION
VVIP-GV1-0017,الفهرس التنفيذي,الحالة الحالية والفجوات,GENERAL_PRODUCT,P2,NOT_STARTED,docs/specifications/VVIP_TIGER_GLOBAL_EXECUTION_SPEC_FINAL_AR.md,79,NOT_YET_VERIFIED,NOT_YET_EXECUTED,NOT_YET_CREATED,NOT_APPLICABLE_BEFORE_IMPLEMENTATION
VVIP-GV1-0018,الفهرس التنفيذي,المبادئ المعمارية العالمية,GENERAL_PRODUCT,P2,NOT_STARTED,docs/specifications/VVIP_TIGER_GLOBAL_EXECUTION_SPEC_FINAL_AR.md,80,NOT_YET_VERIFIED,NOT_YET_EXECUTED,NOT_YET_CREATED,NOT_APPLICABLE_BEFORE_IMPLEMENTATION
VVIP-GV1-0019,الفهرس التنفيذي,الفريق والحوكمة والمسارات المتوازية,GOVERNANCE_ETHICS,P2,NOT_STARTED,docs/specifications/VVIP_TIGER_GLOBAL_EXECUTION_SPEC_FINAL_AR.md,81,NOT_YET_VERIFIED,NOT_YET_EXECUTED,NOT_YET_CREATED,NOT_APPLICABLE_BEFORE_IMPLEMENTATION
VVIP-GV1-0020,الفهرس التنفيذي,منهج التنفيذ الفوري وبوابات الانتقال,GENERAL_PRODUCT,P2,NOT_STARTED,docs/specifications/VVIP_TIGER_GLOBAL_EXECUTION_SPEC_FINAL_AR.md,82,NOT_YET_VERIFIED,NOT_YET_EXECUTED,NOT_YET_CREATED,NOT_APPLICABLE_BEFORE_IMPLEMENTATION
VVIP-GV1-0021,الفهرس التنفيذي,مراحل ومهام التنفيذ التفصيلية G00–G17,GENERAL_PRODUCT,P2,NOT_STARTED,docs/specifications/VVIP_TIGER_GLOBAL_EXECUTION_SPEC_FINAL_AR.md,83,NOT_YET_VERIFIED,NOT_YET_EXECUTED,NOT_YET_CREATED,NOT_APPLICABLE_BEFORE_IMPLEMENTATION
VVIP-GV1-0022,الفهرس التنفيذي,مواصفة قاعدة البيانات وERD النصي,DATA_DATABASE,P2,NOT_STARTED,docs/specifications/VVIP_TIGER_GLOBAL_EXECUTION_SPEC_FINAL_AR.md,84,NOT_YET_VERIFIED,NOT_YET_EXECUTED,NOT_YET_CREATED,NOT_APPLICABLE_BEFORE_IMPLEMENTATION
VVIP-GV1-0023,الفهرس التنفيذي,مصفوفة الصلاحيات وRLS,SECURITY_PRIVACY,P0,NOT_STARTED,docs/specifications/VVIP_TIGER_GLOBAL_EXECUTION_SPEC_FINAL_AR.md,85,NOT_YET_VERIFIED,NOT_YET_EXECUTED,NOT_YET_CREATED,NOT_APPLICABLE_BEFORE_IMPLEMENTATION
VVIP-GV1-0024,الفهرس التنفيذي,سجل الشاشات ورحلات المستخدم,IDENTITY_ACCESS,P0,NOT_STARTED,docs/specifications/VVIP_TIGER_GLOBAL_EXECUTION_SPEC_FINAL_AR.md,86,NOT_YET_VERIFIED,NOT_YET_EXECUTED,NOT_YET_CREATED,NOT_APPLICABLE_BEFORE_IMPLEMENTATION
VVIP-GV1-0025,الفهرس التنفيذي,كتالوج API والأحداث والأخطاء,GENERAL_PRODUCT,P2,NOT_STARTED,docs/specifications/VVIP_TIGER_GLOBAL_EXECUTION_SPEC_FINAL_AR.md,87,NOT_YET_VERIFIED,NOT_YET_EXECUTED,NOT_YET_CREATED,NOT_APPLICABLE_BEFORE_IMPLEMENTATION
VVIP-GV1-0026,الفهرس التنفيذي,حالات الإعلانات والمحادثات والدفع,LISTINGS_MARKETPLACE,P0,NOT_STARTED,docs/specifications/VVIP_TIGER_GLOBAL_EXECUTION_SPEC_FINAL_AR.md,88,NOT_YET_VERIFIED,NOT_YET_EXECUTED,NOT_YET_CREATED,NOT_APPLICABLE_BEFORE_IMPLEMENTATION
VVIP-GV1-0027,الفهرس التنفيذي,مصفوفة الدول واللغات والعملات,GENERAL_PRODUCT,P2,NOT_STARTED,docs/specifications/VVIP_TIGER_GLOBAL_EXECUTION_SPEC_FINAL_AR.md,89,NOT_YET_VERIFIED,NOT_YET_EXECUTED,NOT_YET_CREATED,NOT_APPLICABLE_BEFORE_IMPLEMENTATION
VVIP-GV1-0028,الفهرس التنفيذي,الاختبارات ومعايير الأداء,PERFORMANCE_SCALE,P1,NOT_STARTED,docs/specifications/VVIP_TIGER_GLOBAL_EXECUTION_SPEC_FINAL_AR.md,90,NOT_YET_VERIFIED,NOT_YET_EXECUTED,NOT_YET_CREATED,NOT_APPLICABLE_BEFORE_IMPLEMENTATION
VVIP-GV1-0029,الفهرس التنفيذي,الأمن والخصوصية والامتثال,SECURITY_PRIVACY,P0,NOT_STARTED,docs/specifications/VVIP_TIGER_GLOBAL_EXECUTION_SPEC_FINAL_AR.md,91,NOT_YET_VERIFIED,NOT_YET_EXECUTED,NOT_YET_CREATED,NOT_APPLICABLE_BEFORE_IMPLEMENTATION
VVIP-GV1-0030,الفهرس التنفيذي,التشغيل العالمي وإدارة الحوادث,OPERATIONS_RELEASE,P2,NOT_STARTED,docs/specifications/VVIP_TIGER_GLOBAL_EXECUTION_SPEC_FINAL_AR.md,92,NOT_YET_VERIFIED,NOT_YET_EXECUTED,NOT_YET_CREATED,NOT_APPLICABLE_BEFORE_IMPLEMENTATION
VVIP-GV1-0031,الفهرس التنفيذي,سجل المخاطر والموردين والتكاليف,OPERATIONS_RELEASE,P2,NOT_STARTED,docs/specifications/VVIP_TIGER_GLOBAL_EXECUTION_SPEC_FINAL_AR.md,93,NOT_YET_VERIFIED,NOT_YET_EXECUTED,NOT_YET_CREATED,NOT_APPLICABLE_BEFORE_IMPLEMENTATION
VVIP-GV1-0032,الفهرس التنفيذي,قائمة الإطلاق والتسليم النهائي,OPERATIONS_RELEASE,P1,NOT_STARTED,docs/specifications/VVIP_TIGER_GLOBAL_EXECUTION_SPEC_FINAL_AR.md,94,NOT_YET_VERIFIED,NOT_YET_EXECUTED,NOT_YET_CREATED,NOT_APPLICABLE_BEFORE_IMPLEMENTATION
VVIP-GV1-0033,الفهرس التنفيذي,معيار الإغلاق والتقرير النهائي,GENERAL_PRODUCT,P2,NOT_STARTED,docs/specifications/VVIP_TIGER_GLOBAL_EXECUTION_SPEC_FINAL_AR.md,95,NOT_YET_VERIFIED,NOT_YET_EXECUTED,NOT_YET_CREATED,NOT_APPLICABLE_BEFORE_IMPLEMENTATION
VVIP-GV1-0034,الفهرس التنفيذي,أمر التنفيذ الموحد للإيجنت,GENERAL_PRODUCT,P2,NOT_STARTED,docs/specifications/VVIP_TIGER_GLOBAL_EXECUTION_SPEC_FINAL_AR.md,96,NOT_YET_VERIFIED,NOT_YET_EXECUTED,NOT_YET_CREATED,NOT_APPLICABLE_BEFORE_IMPLEMENTATION
VVIP-GV1-0035,طريقة استخدام الوثيقة,كل Pull Request يحمل Requirement ID مطابقًا لهذه الوثيقة ويرفق أدلة الاختبار وخطة التراجع.,UX_ACCESSIBILITY,P1,NOT_STARTED,docs/specifications/VVIP_TIGER_GLOBAL_EXECUTION_SPEC_FINAL_AR.md,99,NOT_YET_VERIFIED,NOT_YET_EXECUTED,NOT_YET_CREATED,NOT_APPLICABLE_BEFORE_IMPLEMENTATION
VVIP-GV1-0036,طريقة استخدام الوثيقة,لا تعني عبارة «تمت الشاشة» اكتمال المهمة؛ الاكتمال يتطلب UI وBackend وData وAuthorization وErrors وTests وStaging Evidence وDocumentation.,SECURITY_PRIVACY,P0,NOT_STARTED,docs/specifications/VVIP_TIGER_GLOBAL_EXECUTION_SPEC_FINAL_AR.md,100,NOT_YET_VERIFIED,NOT_YET_EXECUTED,NOT_YET_CREATED,NOT_APPLICABLE_BEFORE_IMPLEMENTATION
VVIP-GV1-0037,طريقة استخدام الوثيقة,أي تغيير في النطاق يسجل في ADR مع أثره على التكلفة والأمن والتوافق والتشغيل.,SECURITY_PRIVACY,P0,NOT_STARTED,docs/specifications/VVIP_TIGER_GLOBAL_EXECUTION_SPEC_FINAL_AR.md,101,NOT_YET_VERIFIED,NOT_YET_EXECUTED,NOT_YET_CREATED,NOT_APPLICABLE_BEFORE_IMPLEMENTATION
VVIP-GV1-0038,طريقة استخدام الوثيقة,الملاحق والجداول وحالات القبول جزء ملزم من المواصفة وليست معلومات اختيارية.,GENERAL_PRODUCT,P2,NOT_STARTED,docs/specifications/VVIP_TIGER_GLOBAL_EXECUTION_SPEC_FINAL_AR.md,102,NOT_YET_VERIFIED,NOT_YET_EXECUTED,NOT_YET_CREATED,NOT_APPLICABLE_BEFORE_IMPLEMENTATION
VVIP-GV1-0039,طريقة استخدام الوثيقة,كل مرحلة تُفتح بسجل PHASE_START وتغلق بسجل PHASE_END يحتوي Commit SHA والاختبارات والأدلة والتراجع والقرار.,OPERATIONS_RELEASE,P1,NOT_STARTED,docs/specifications/VVIP_TIGER_GLOBAL_EXECUTION_SPEC_FINAL_AR.md,103,NOT_YET_VERIFIED,NOT_YET_EXECUTED,NOT_YET_CREATED,NOT_APPLICABLE_BEFORE_IMPLEMENTATION
VVIP-GV1-0040,طريقة استخدام الوثيقة,لا تُعلن المنصة جاهزة عالميًا إلا وفق شروط الإغلاق النهائي الواردة في هذه الوثيقة.,GENERAL_PRODUCT,P2,NOT_STARTED,docs/specifications/VVIP_TIGER_GLOBAL_EXECUTION_SPEC_FINAL_AR.md,104,NOT_YET_VERIFIED,NOT_YET_EXECUTED,NOT_YET_CREATED,NOT_APPLICABLE_BEFORE_IMPLEMENTATION
VVIP-GV1-0041,1. الملخص التنفيذي وتعريف النهاية العالمية,الهدف النهائي هو إطلاق VVIP TIGER كمنصة عالمية واحدة تعمل من خلال نواة برمجية موحدة وقابلة للتهيئة حسب الدولة واللغة والعملة، مع سوق إعلانات متعدد القطاعات، ملفات شخصية، تواصل فردي، دعم ومراجعة، اشتراكات، إدارة عالمية، وبنية أمنية وتشغيلية قابلة للتوسع. لا تتعامل Global V1 بأموال الصفقات بين المستخدمين، بل تبيع اشتراكات وخدمات ترويجية للمنصة فقط.,SECURITY_PRIVACY,P0,NOT_STARTED,docs/specifications/VVIP_TIGER_GLOBAL_EXECUTION_SPEC_FINAL_AR.md,107,NOT_YET_VERIFIED,NOT_YET_EXECUTED,NOT_YET_CREATED,NOT_APPLICABLE_BEFORE_IMPLEMENTATION
VVIP-GV1-0042,1.1 تعريف 100% من Global V1,المستخدم يستطيع التسجيل والدخول وإكمال ملفه من أي دولة مفعلة وباللغة المدعومة.,IDENTITY_ACCESS,P0,NOT_STARTED,docs/specifications/VVIP_TIGER_GLOBAL_EXECUTION_SPEC_FINAL_AR.md,111,NOT_YET_VERIFIED,NOT_YET_EXECUTED,NOT_YET_CREATED,NOT_APPLICABLE_BEFORE_IMPLEMENTATION
VVIP-GV1-0043,1.1 تعريف 100% من Global V1,المستخدم يستطيع إنشاء إعلان بعملة وموقع وحقول مناسبة لقطاعه ودولته، ورفعه للمراجعة ونشره وإدارته.,IDENTITY_ACCESS,P0,NOT_STARTED,docs/specifications/VVIP_TIGER_GLOBAL_EXECUTION_SPEC_FINAL_AR.md,112,NOT_YET_VERIFIED,NOT_YET_EXECUTED,NOT_YET_CREATED,NOT_APPLICABLE_BEFORE_IMPLEMENTATION
VVIP-GV1-0044,1.1 تعريف 100% من Global V1,الإعلانات المنشورة تظهر في البحث والـFeed، وتعمل روابطها على الهاتف والكمبيوتر.,SEARCH_DISCOVERY,P1,NOT_STARTED,docs/specifications/VVIP_TIGER_GLOBAL_EXECUTION_SPEC_FINAL_AR.md,113,NOT_YET_VERIFIED,NOT_YET_EXECUTED,NOT_YET_CREATED,NOT_APPLICABLE_BEFORE_IMPLEMENTATION
VVIP-GV1-0045,1.1 تعريف 100% من Global V1,التواصل فردي وآمن، والإشعارات تصل داخل المنصة وبالبريد وPush بحسب إعدادات المستخدم.,IDENTITY_ACCESS,P0,NOT_STARTED,docs/specifications/VVIP_TIGER_GLOBAL_EXECUTION_SPEC_FINAL_AR.md,114,NOT_YET_VERIFIED,NOT_YET_EXECUTED,NOT_YET_CREATED,NOT_APPLICABLE_BEFORE_IMPLEMENTATION
VVIP-GV1-0046,1.1 تعريف 100% من Global V1,توجد آليات بلاغ واستئناف ودعم Tiger Care وسجل إداري قابل للتدقيق.,MESSAGING_SUPPORT,P2,NOT_STARTED,docs/specifications/VVIP_TIGER_GLOBAL_EXECUTION_SPEC_FINAL_AR.md,115,NOT_YET_VERIFIED,NOT_YET_EXECUTED,NOT_YET_CREATED,NOT_APPLICABLE_BEFORE_IMPLEMENTATION
VVIP-GV1-0047,1.1 تعريف 100% من Global V1,الاشتراكات والدفع تعمل عبر Hosted Checkout دون تخزين بيانات البطاقة في المنصة.,DATA_DATABASE,P0,NOT_STARTED,docs/specifications/VVIP_TIGER_GLOBAL_EXECUTION_SPEC_FINAL_AR.md,116,NOT_YET_VERIFIED,NOT_YET_EXECUTED,NOT_YET_CREATED,NOT_APPLICABLE_BEFORE_IMPLEMENTATION
VVIP-GV1-0048,1.1 تعريف 100% من Global V1,توجد سياسات خصوصية وحذف وتصدير بيانات واحتفاظ حسب المناطق القانونية المستهدفة.,SECURITY_PRIVACY,P0,NOT_STARTED,docs/specifications/VVIP_TIGER_GLOBAL_EXECUTION_SPEC_FINAL_AR.md,117,NOT_YET_VERIFIED,NOT_YET_EXECUTED,NOT_YET_CREATED,NOT_APPLICABLE_BEFORE_IMPLEMENTATION
VVIP-GV1-0049,1.1 تعريف 100% من Global V1,تنجح اختبارات الأمان والأداء والاستعادة والدفع والصلاحيات ولا توجد ثغرة حرجة مفتوحة.,SECURITY_PRIVACY,P0,NOT_STARTED,docs/specifications/VVIP_TIGER_GLOBAL_EXECUTION_SPEC_FINAL_AR.md,118,NOT_YET_VERIFIED,NOT_YET_EXECUTED,NOT_YET_CREATED,NOT_APPLICABLE_BEFORE_IMPLEMENTATION
VVIP-GV1-0050,1.1 تعريف 100% من Global V1,يعمل الإطلاق العالمي العام عبر Capability Matrix مع إمكانية إيقاف دولة أو ميزة أو الدفع فورًا.,PAYMENTS_BILLING,P0,NOT_STARTED,docs/specifications/VVIP_TIGER_GLOBAL_EXECUTION_SPEC_FINAL_AR.md,119,NOT_YET_VERIFIED,NOT_YET_EXECUTED,NOT_YET_CREATED,NOT_APPLICABLE_BEFORE_IMPLEMENTATION
VVIP-GV1-0051,1.1 تعريف 100% من Global V1,توجد مراقبة وتشغيل واستجابة للحوادث ونسخ احتياطي واستعادة موثقة بعد الإطلاق.,SECURITY_PRIVACY,P0,NOT_STARTED,docs/specifications/VVIP_TIGER_GLOBAL_EXECUTION_SPEC_FINAL_AR.md,120,NOT_YET_VERIFIED,NOT_YET_EXECUTED,NOT_YET_CREATED,NOT_APPLICABLE_BEFORE_IMPLEMENTATION
VVIP-GV1-0052,2. الحالة الحالية والفجوات,هذه الوثيقة تفترض الاستفادة من التصميمات والملفات الحالية، لكنها لا تعتبرها مكتملة إلا بعد التحقق في المستودع وStaging. الأولوية هي إنهاء P08 أمنيًا، ثم دمج نظام الهوية الموحد P09 على دفعات صغيرة، ثم بناء المسار الإنتاجي الرأسي.,SECURITY_PRIVACY,P0,NOT_STARTED,docs/specifications/VVIP_TIGER_GLOBAL_EXECUTION_SPEC_FINAL_AR.md,136,NOT_YET_VERIFIED,NOT_YET_EXECUTED,NOT_YET_CREATED,NOT_APPLICABLE_BEFORE_IMPLEMENTATION
VVIP-GV1-0053,5. منهج التنفيذ الفوري وبوابات الانتقال,لا يعتمد التنفيذ على مدة أو نسبة زمنية. تُفتح كل مرحلة بعد تحقق مدخلاتها، وتُغلق فقط عند اكتمال المخرجات والاختبارات والأدلة وخطة التراجع. لا تُحتسب الواجهة المرئية وحدها تقدمًا، ولا يجوز تجاوز بوابة أمن أو بيانات أو قبول.,SECURITY_PRIVACY,P0,NOT_STARTED,docs/specifications/VVIP_TIGER_GLOBAL_EXECUTION_SPEC_FINAL_AR.md,194,NOT_YET_VERIFIED,NOT_YET_EXECUTED,NOT_YET_CREATED,NOT_APPLICABLE_BEFORE_IMPLEMENTATION
VVIP-GV1-0054,جدول 9,عقد ورشة قرارات وتسجيل كل قرار في ADR.,GENERAL_PRODUCT,P2,NOT_STARTED,docs/specifications/VVIP_TIGER_GLOBAL_EXECUTION_SPEC_FINAL_AR.md,222,NOT_YET_VERIFIED,NOT_YET_EXECUTED,NOT_YET_CREATED,NOT_APPLICABLE_BEFORE_IMPLEMENTATION
VVIP-GV1-0055,جدول 9,إنشاء Product Scope يحتوي Personas وJobs-to-be-done والرحلات الأساسية.,GENERAL_PRODUCT,P2,NOT_STARTED,docs/specifications/VVIP_TIGER_GLOBAL_EXECUTION_SPEC_FINAL_AR.md,223,NOT_YET_VERIFIED,NOT_YET_EXECUTED,NOT_YET_CREATED,NOT_APPLICABLE_BEFORE_IMPLEMENTATION
VVIP-GV1-0056,جدول 9,تعريف Out-of-scope فقط لما لا يرد في المرجع المعتمد، دون تأجيل أي متطلب وارد في هذه الوثيقة.,GENERAL_PRODUCT,P2,NOT_STARTED,docs/specifications/VVIP_TIGER_GLOBAL_EXECUTION_SPEC_FINAL_AR.md,224,NOT_YET_VERIFIED,NOT_YET_EXECUTED,NOT_YET_CREATED,NOT_APPLICABLE_BEFORE_IMPLEMENTATION
VVIP-GV1-0057,جدول 9,اعتماد معايير نجاح تجارية وتشغيلية لكل رحلة.,OPERATIONS_RELEASE,P2,NOT_STARTED,docs/specifications/VVIP_TIGER_GLOBAL_EXECUTION_SPEC_FINAL_AR.md,225,NOT_YET_VERIFIED,NOT_YET_EXECUTED,NOT_YET_CREATED,NOT_APPLICABLE_BEFORE_IMPLEMENTATION
VVIP-GV1-0058,جدول 9,ملف product_contract.yaml قابل للقراءة آليًا.,GENERAL_PRODUCT,P2,NOT_STARTED,docs/specifications/VVIP_TIGER_GLOBAL_EXECUTION_SPEC_FINAL_AR.md,228,NOT_YET_VERIFIED,NOT_YET_EXECUTED,NOT_YET_CREATED,NOT_APPLICABLE_BEFORE_IMPLEMENTATION
VVIP-GV1-0059,جدول 9,سجل قرارات ADR مع رقم وتاريخ ومالك.,OPERATIONS_RELEASE,P2,NOT_STARTED,docs/specifications/VVIP_TIGER_GLOBAL_EXECUTION_SPEC_FINAL_AR.md,229,NOT_YET_VERIFIED,NOT_YET_EXECUTED,NOT_YET_CREATED,NOT_APPLICABLE_BEFORE_IMPLEMENTATION
VVIP-GV1-0060,جدول 9,منع تضمين ميزات قانونية أو مالية غير معتمدة.,GENERAL_PRODUCT,P2,NOT_STARTED,docs/specifications/VVIP_TIGER_GLOBAL_EXECUTION_SPEC_FINAL_AR.md,232,NOT_YET_VERIFIED,NOT_YET_EXECUTED,NOT_YET_CREATED,NOT_APPLICABLE_BEFORE_IMPLEMENTATION
VVIP-GV1-0061,جدول 9,مراجعة جميع القصص ضد النطاق.,GENERAL_PRODUCT,P2,NOT_STARTED,docs/specifications/VVIP_TIGER_GLOBAL_EXECUTION_SPEC_FINAL_AR.md,235,NOT_YET_VERIFIED,NOT_YET_EXECUTED,NOT_YET_CREATED,NOT_APPLICABLE_BEFORE_IMPLEMENTATION
VVIP-GV1-0062,جدول 9,اختبار Traceability من المتطلب إلى المهمة.,GENERAL_PRODUCT,P1,NOT_STARTED,docs/specifications/VVIP_TIGER_GLOBAL_EXECUTION_SPEC_FINAL_AR.md,236,NOT_YET_VERIFIED,NOT_YET_EXECUTED,NOT_YET_CREATED,NOT_APPLICABLE_BEFORE_IMPLEMENTATION
VVIP-GV1-0063,جدول 9,توقيع المالك والقائد التقني.,GENERAL_PRODUCT,P2,NOT_STARTED,docs/specifications/VVIP_TIGER_GLOBAL_EXECUTION_SPEC_FINAL_AR.md,239,NOT_YET_VERIFIED,NOT_YET_EXECUTED,NOT_YET_CREATED,NOT_APPLICABLE_BEFORE_IMPLEMENTATION
VVIP-GV1-0064,جدول 9,لا يوجد متطلب أساسي بلا مالك أو معيار قبول.,GENERAL_PRODUCT,P2,NOT_STARTED,docs/specifications/VVIP_TIGER_GLOBAL_EXECUTION_SPEC_FINAL_AR.md,240,NOT_YET_VERIFIED,NOT_YET_EXECUTED,NOT_YET_CREATED,NOT_APPLICABLE_BEFORE_IMPLEMENTATION
VVIP-GV1-0065,جدول 9,وثيقة العقد، قائمة النطاق، سجل المؤجل.,OPERATIONS_RELEASE,P2,NOT_STARTED,docs/specifications/VVIP_TIGER_GLOBAL_EXECUTION_SPEC_FINAL_AR.md,243,NOT_YET_VERIFIED,NOT_YET_EXECUTED,NOT_YET_CREATED,NOT_APPLICABLE_BEFORE_IMPLEMENTATION
VVIP-GV1-0066,جدول 11,تصميم الباقات وحدود الإعلانات والمزايا.,LISTINGS_MARKETPLACE,P2,NOT_STARTED,docs/specifications/VVIP_TIGER_GLOBAL_EXECUTION_SPEC_FINAL_AR.md,267,NOT_YET_VERIFIED,NOT_YET_EXECUTED,NOT_YET_CREATED,NOT_APPLICABLE_BEFORE_IMPLEMENTATION
VVIP-GV1-0067,جدول 11,تعريف حق المستخدم عند الإلغاء والانتهاء.,IDENTITY_ACCESS,P0,NOT_STARTED,docs/specifications/VVIP_TIGER_GLOBAL_EXECUTION_SPEC_FINAL_AR.md,268,NOT_YET_VERIFIED,NOT_YET_EXECUTED,NOT_YET_CREATED,NOT_APPLICABLE_BEFORE_IMPLEMENTATION
VVIP-GV1-0068,جدول 11,إعداد نموذج أسعار قابل للتهيئة حسب الدولة والعملة.,AI_AUTOMATION,P2,NOT_STARTED,docs/specifications/VVIP_TIGER_GLOBAL_EXECUTION_SPEC_FINAL_AR.md,269,NOT_YET_VERIFIED,NOT_YET_EXECUTED,NOT_YET_CREATED,NOT_APPLICABLE_BEFORE_IMPLEMENTATION
VVIP-GV1-0069,جدول 11,تعريف الفواتير والاسترجاع والضريبة دون Escrow.,GENERAL_PRODUCT,P2,NOT_STARTED,docs/specifications/VVIP_TIGER_GLOBAL_EXECUTION_SPEC_FINAL_AR.md,270,NOT_YET_VERIFIED,NOT_YET_EXECUTED,NOT_YET_CREATED,NOT_APPLICABLE_BEFORE_IMPLEMENTATION
VVIP-GV1-0070,جدول 11,"plans, prices, entitlements, invoices, refunds.",PAYMENTS_BILLING,P0,NOT_STARTED,docs/specifications/VVIP_TIGER_GLOBAL_EXECUTION_SPEC_FINAL_AR.md,273,NOT_YET_VERIFIED,NOT_YET_EXECUTED,NOT_YET_CREATED,NOT_APPLICABLE_BEFORE_IMPLEMENTATION
VVIP-GV1-0071,جدول 11,واجهة Pricing Service مركزية.,UX_ACCESSIBILITY,P2,NOT_STARTED,docs/specifications/VVIP_TIGER_GLOBAL_EXECUTION_SPEC_FINAL_AR.md,274,NOT_YET_VERIFIED,NOT_YET_EXECUTED,NOT_YET_CREATED,NOT_APPLICABLE_BEFORE_IMPLEMENTATION
VVIP-GV1-0072,جدول 11,عدم تخزين البطاقة؛ Hosted Checkout فقط.,DATA_DATABASE,P2,NOT_STARTED,docs/specifications/VVIP_TIGER_GLOBAL_EXECUTION_SPEC_FINAL_AR.md,277,NOT_YET_VERIFIED,NOT_YET_EXECUTED,NOT_YET_CREATED,NOT_APPLICABLE_BEFORE_IMPLEMENTATION
VVIP-GV1-0073,جدول 11,فصل دور Finance عن Admin العام.,GENERAL_PRODUCT,P2,NOT_STARTED,docs/specifications/VVIP_TIGER_GLOBAL_EXECUTION_SPEC_FINAL_AR.md,278,NOT_YET_VERIFIED,NOT_YET_EXECUTED,NOT_YET_CREATED,NOT_APPLICABLE_BEFORE_IMPLEMENTATION
VVIP-GV1-0074,جدول 11,اختبار انتقال الباقة والانتهاء والاسترجاع.,GENERAL_PRODUCT,P1,NOT_STARTED,docs/specifications/VVIP_TIGER_GLOBAL_EXECUTION_SPEC_FINAL_AR.md,281,NOT_YET_VERIFIED,NOT_YET_EXECUTED,NOT_YET_CREATED,NOT_APPLICABLE_BEFORE_IMPLEMENTATION
VVIP-GV1-0075,جدول 11,مصفوفة باقات معتمدة.,GENERAL_PRODUCT,P2,NOT_STARTED,docs/specifications/VVIP_TIGER_GLOBAL_EXECUTION_SPEC_FINAL_AR.md,284,NOT_YET_VERIFIED,NOT_YET_EXECUTED,NOT_YET_CREATED,NOT_APPLICABLE_BEFORE_IMPLEMENTATION
VVIP-GV1-0076,جدول 11,لا ميزة مدفوعة بلا Entitlement server-side.,GENERAL_PRODUCT,P2,NOT_STARTED,docs/specifications/VVIP_TIGER_GLOBAL_EXECUTION_SPEC_FINAL_AR.md,285,NOT_YET_VERIFIED,NOT_YET_EXECUTED,NOT_YET_CREATED,NOT_APPLICABLE_BEFORE_IMPLEMENTATION
VVIP-GV1-0077,جدول 11,Price book، Subscription rules، legal assumptions.,PAYMENTS_BILLING,P0,NOT_STARTED,docs/specifications/VVIP_TIGER_GLOBAL_EXECUTION_SPEC_FINAL_AR.md,288,NOT_YET_VERIFIED,NOT_YET_EXECUTED,NOT_YET_CREATED,NOT_APPLICABLE_BEFORE_IMPLEMENTATION
VVIP-GV1-0078,جدول 14,إنشاء manifest لكل الملفات المعدلة وغير المتتبعة.,GENERAL_PRODUCT,P2,NOT_STARTED,docs/specifications/VVIP_TIGER_GLOBAL_EXECUTION_SPEC_FINAL_AR.md,323,NOT_YET_VERIFIED,NOT_YET_EXECUTED,NOT_YET_CREATED,NOT_APPLICABLE_BEFORE_IMPLEMENTATION
VVIP-GV1-0079,جدول 14,تصنيف الملفات: احتفاظ، دمج، استبدال، أرشفة، حذف.,GENERAL_PRODUCT,P2,NOT_STARTED,docs/specifications/VVIP_TIGER_GLOBAL_EXECUTION_SPEC_FINAL_AR.md,324,NOT_YET_VERIFIED,NOT_YET_EXECUTED,NOT_YET_CREATED,NOT_APPLICABLE_BEFORE_IMPLEMENTATION
VVIP-GV1-0080,جدول 14,تقسيم P09 إلى PRs صغيرة: runtime، صفحات، اختبارات، تنظيف.,GENERAL_PRODUCT,P1,NOT_STARTED,docs/specifications/VVIP_TIGER_GLOBAL_EXECUTION_SPEC_FINAL_AR.md,325,NOT_YET_VERIFIED,NOT_YET_EXECUTED,NOT_YET_CREATED,NOT_APPLICABLE_BEFORE_IMPLEMENTATION
VVIP-GV1-0081,جدول 14,إجراء diff وظيفي وبصري قبل كل دمج.,GENERAL_PRODUCT,P2,NOT_STARTED,docs/specifications/VVIP_TIGER_GLOBAL_EXECUTION_SPEC_FINAL_AR.md,326,NOT_YET_VERIFIED,NOT_YET_EXECUTED,NOT_YET_CREATED,NOT_APPLICABLE_BEFORE_IMPLEMENTATION
VVIP-GV1-0082,جدول 14,منع حذف أي ملف resilience قبل إثبات عدم استخدامه.,GENERAL_PRODUCT,P2,NOT_STARTED,docs/specifications/VVIP_TIGER_GLOBAL_EXECUTION_SPEC_FINAL_AR.md,327,NOT_YET_VERIFIED,NOT_YET_EXECUTED,NOT_YET_CREATED,NOT_APPLICABLE_BEFORE_IMPLEMENTATION
VVIP-GV1-0083,جدول 14,لا تغييرات Schema في نفس PR الخاص بالواجهة.,DATA_DATABASE,P2,NOT_STARTED,docs/specifications/VVIP_TIGER_GLOBAL_EXECUTION_SPEC_FINAL_AR.md,330,NOT_YET_VERIFIED,NOT_YET_EXECUTED,NOT_YET_CREATED,NOT_APPLICABLE_BEFORE_IMPLEMENTATION
VVIP-GV1-0084,جدول 14,توثيق SHA وRollback لكل دفعة.,PAYMENTS_BILLING,P0,NOT_STARTED,docs/specifications/VVIP_TIGER_GLOBAL_EXECUTION_SPEC_FINAL_AR.md,331,NOT_YET_VERIFIED,NOT_YET_EXECUTED,NOT_YET_CREATED,NOT_APPLICABLE_BEFORE_IMPLEMENTATION
VVIP-GV1-0085,جدول 14,Secret scan قبل رفع الفروع.,GENERAL_PRODUCT,P2,NOT_STARTED,docs/specifications/VVIP_TIGER_GLOBAL_EXECUTION_SPEC_FINAL_AR.md,334,NOT_YET_VERIFIED,NOT_YET_EXECUTED,NOT_YET_CREATED,NOT_APPLICABLE_BEFORE_IMPLEMENTATION
VVIP-GV1-0086,جدول 14,منع مفاتيح test المرتبطة بحسابات حقيقية.,IDENTITY_ACCESS,P0,NOT_STARTED,docs/specifications/VVIP_TIGER_GLOBAL_EXECUTION_SPEC_FINAL_AR.md,335,NOT_YET_VERIFIED,NOT_YET_EXECUTED,NOT_YET_CREATED,NOT_APPLICABLE_BEFORE_IMPLEMENTATION
VVIP-GV1-0087,جدول 14,General tests، focused tests، visual regression.,GENERAL_PRODUCT,P2,NOT_STARTED,docs/specifications/VVIP_TIGER_GLOBAL_EXECUTION_SPEC_FINAL_AR.md,338,NOT_YET_VERIFIED,NOT_YET_EXECUTED,NOT_YET_CREATED,NOT_APPLICABLE_BEFORE_IMPLEMENTATION
VVIP-GV1-0088,جدول 14,git status نظيف.,GENERAL_PRODUCT,P2,NOT_STARTED,docs/specifications/VVIP_TIGER_GLOBAL_EXECUTION_SPEC_FINAL_AR.md,341,NOT_YET_VERIFIED,NOT_YET_EXECUTED,NOT_YET_CREATED,NOT_APPLICABLE_BEFORE_IMPLEMENTATION
VVIP-GV1-0089,جدول 14,كل PR أقل نطاقًا ويمكن التراجع عنه منفردًا.,GENERAL_PRODUCT,P2,NOT_STARTED,docs/specifications/VVIP_TIGER_GLOBAL_EXECUTION_SPEC_FINAL_AR.md,342,NOT_YET_VERIFIED,NOT_YET_EXECUTED,NOT_YET_CREATED,NOT_APPLICABLE_BEFORE_IMPLEMENTATION
VVIP-GV1-0090,جدول 14,Repository inventory، migration PR plan، evidence.,DATA_DATABASE,P2,NOT_STARTED,docs/specifications/VVIP_TIGER_GLOBAL_EXECUTION_SPEC_FINAL_AR.md,345,NOT_YET_VERIFIED,NOT_YET_EXECUTED,NOT_YET_CREATED,NOT_APPLICABLE_BEFORE_IMPLEMENTATION
VVIP-GV1-0091,جدول 16,"إعداد checks: lint, unit, integration, build, secret, dependency.",UX_ACCESSIBILITY,P2,NOT_STARTED,docs/specifications/VVIP_TIGER_GLOBAL_EXECUTION_SPEC_FINAL_AR.md,369,NOT_YET_VERIFIED,NOT_YET_EXECUTED,NOT_YET_CREATED,NOT_APPLICABLE_BEFORE_IMPLEMENTATION
VVIP-GV1-0092,جدول 16,إنشاء Preview environment لكل PR عند الإمكان.,GENERAL_PRODUCT,P2,NOT_STARTED,docs/specifications/VVIP_TIGER_GLOBAL_EXECUTION_SPEC_FINAL_AR.md,370,NOT_YET_VERIFIED,NOT_YET_EXECUTED,NOT_YET_CREATED,NOT_APPLICABLE_BEFORE_IMPLEMENTATION
VVIP-GV1-0093,جدول 16,فصل متغيرات البيئات ومنع Production secrets في CI logs.,GENERAL_PRODUCT,P2,NOT_STARTED,docs/specifications/VVIP_TIGER_GLOBAL_EXECUTION_SPEC_FINAL_AR.md,371,NOT_YET_VERIFIED,NOT_YET_EXECUTED,NOT_YET_CREATED,NOT_APPLICABLE_BEFORE_IMPLEMENTATION
VVIP-GV1-0094,جدول 16,إنشاء deployment approval لProduction.,OPERATIONS_RELEASE,P2,NOT_STARTED,docs/specifications/VVIP_TIGER_GLOBAL_EXECUTION_SPEC_FINAL_AR.md,372,NOT_YET_VERIFIED,NOT_YET_EXECUTED,NOT_YET_CREATED,NOT_APPLICABLE_BEFORE_IMPLEMENTATION
VVIP-GV1-0095,جدول 16,إنشاء rollback إلى آخر artifact موثوق.,OPERATIONS_RELEASE,P2,NOT_STARTED,docs/specifications/VVIP_TIGER_GLOBAL_EXECUTION_SPEC_FINAL_AR.md,373,NOT_YET_VERIFIED,NOT_YET_EXECUTED,NOT_YET_CREATED,NOT_APPLICABLE_BEFORE_IMPLEMENTATION
VVIP-GV1-0096,جدول 16,environment registry، release manifests، migration status.,DATA_DATABASE,P2,NOT_STARTED,docs/specifications/VVIP_TIGER_GLOBAL_EXECUTION_SPEC_FINAL_AR.md,376,NOT_YET_VERIFIED,NOT_YET_EXECUTED,NOT_YET_CREATED,NOT_APPLICABLE_BEFORE_IMPLEMENTATION
VVIP-GV1-0097,جدول 16,Branch protection، least privilege tokens، signed artifacts.,GENERAL_PRODUCT,P2,NOT_STARTED,docs/specifications/VVIP_TIGER_GLOBAL_EXECUTION_SPEC_FINAL_AR.md,379,NOT_YET_VERIFIED,NOT_YET_EXECUTED,NOT_YET_CREATED,NOT_APPLICABLE_BEFORE_IMPLEMENTATION
VVIP-GV1-0098,جدول 16,اختبار فشل build وفشل migration وrollback.,DATA_DATABASE,P1,NOT_STARTED,docs/specifications/VVIP_TIGER_GLOBAL_EXECUTION_SPEC_FINAL_AR.md,382,NOT_YET_VERIFIED,NOT_YET_EXECUTED,NOT_YET_CREATED,NOT_APPLICABLE_BEFORE_IMPLEMENTATION
VVIP-GV1-0099,جدول 16,لا نشر عند فشل check.,OPERATIONS_RELEASE,P2,NOT_STARTED,docs/specifications/VVIP_TIGER_GLOBAL_EXECUTION_SPEC_FINAL_AR.md,385,NOT_YET_VERIFIED,NOT_YET_EXECUTED,NOT_YET_CREATED,NOT_APPLICABLE_BEFORE_IMPLEMENTATION
VVIP-GV1-0100,جدول 16,Staging مطابق تكوينيًا للإنتاج دون بيانات حقيقية.,DATA_DATABASE,P2,NOT_STARTED,docs/specifications/VVIP_TIGER_GLOBAL_EXECUTION_SPEC_FINAL_AR.md,386,NOT_YET_VERIFIED,NOT_YET_EXECUTED,NOT_YET_CREATED,NOT_APPLICABLE_BEFORE_IMPLEMENTATION
VVIP-GV1-0101,جدول 16,Workflow files، runbook، release checklist.,OPERATIONS_RELEASE,P2,NOT_STARTED,docs/specifications/VVIP_TIGER_GLOBAL_EXECUTION_SPEC_FINAL_AR.md,389,NOT_YET_VERIFIED,NOT_YET_EXECUTED,NOT_YET_CREATED,NOT_APPLICABLE_BEFORE_IMPLEMENTATION
VVIP-GV1-0102,جدول 19,تحميل Clerk Runtime مرة واحدة فقط.,IDENTITY_ACCESS,P0,NOT_STARTED,docs/specifications/VVIP_TIGER_GLOBAL_EXECUTION_SPEC_FINAL_AR.md,424,NOT_YET_VERIFIED,NOT_YET_EXECUTED,NOT_YET_CREATED,NOT_APPLICABLE_BEFORE_IMPLEMENTATION
VVIP-GV1-0103,جدول 19,إنشاء auth adapter موحد للواجهة والخادم.,UX_ACCESSIBILITY,P2,NOT_STARTED,docs/specifications/VVIP_TIGER_GLOBAL_EXECUTION_SPEC_FINAL_AR.md,425,NOT_YET_VERIFIED,NOT_YET_EXECUTED,NOT_YET_CREATED,NOT_APPLICABLE_BEFORE_IMPLEMENTATION
VVIP-GV1-0104,جدول 19,إنشاء webhook endpoint موقّع لمعالجة user.created/updated/deleted.,GENERAL_PRODUCT,P2,NOT_STARTED,docs/specifications/VVIP_TIGER_GLOBAL_EXECUTION_SPEC_FINAL_AR.md,426,NOT_YET_VERIFIED,NOT_YET_EXECUTED,NOT_YET_CREATED,NOT_APPLICABLE_BEFORE_IMPLEMENTATION
VVIP-GV1-0105,جدول 19,استخدام idempotency key وحفظ event id.,GENERAL_PRODUCT,P2,NOT_STARTED,docs/specifications/VVIP_TIGER_GLOBAL_EXECUTION_SPEC_FINAL_AR.md,427,NOT_YET_VERIFIED,NOT_YET_EXECUTED,NOT_YET_CREATED,NOT_APPLICABLE_BEFORE_IMPLEMENTATION
VVIP-GV1-0106,جدول 19,إنشاء profile عند أول دخول إذا تأخر webhook.,GENERAL_PRODUCT,P2,NOT_STARTED,docs/specifications/VVIP_TIGER_GLOBAL_EXECUTION_SPEC_FINAL_AR.md,428,NOT_YET_VERIFIED,NOT_YET_EXECUTED,NOT_YET_CREATED,NOT_APPLICABLE_BEFORE_IMPLEMENTATION
VVIP-GV1-0107,جدول 19,تطبيق MFA للأدوار الإدارية.,SECURITY_PRIVACY,P0,NOT_STARTED,docs/specifications/VVIP_TIGER_GLOBAL_EXECUTION_SPEC_FINAL_AR.md,429,NOT_YET_VERIFIED,NOT_YET_EXECUTED,NOT_YET_CREATED,NOT_APPLICABLE_BEFORE_IMPLEMENTATION
VVIP-GV1-0108,جدول 19,تسجيل device/session events غير الحساسة.,GENERAL_PRODUCT,P2,NOT_STARTED,docs/specifications/VVIP_TIGER_GLOBAL_EXECUTION_SPEC_FINAL_AR.md,430,NOT_YET_VERIFIED,NOT_YET_EXECUTED,NOT_YET_CREATED,NOT_APPLICABLE_BEFORE_IMPLEMENTATION
VVIP-GV1-0109,جدول 19,"profiles(id UUID, clerk_user_id UNIQUE, status, locale, country_code).",IDENTITY_ACCESS,P0,NOT_STARTED,docs/specifications/VVIP_TIGER_GLOBAL_EXECUTION_SPEC_FINAL_AR.md,433,NOT_YET_VERIFIED,NOT_YET_EXECUTED,NOT_YET_CREATED,NOT_APPLICABLE_BEFORE_IMPLEMENTATION
VVIP-GV1-0110,جدول 19,"identity_events(event_id UNIQUE, type, processed_at, result).",IDENTITY_ACCESS,P0,NOT_STARTED,docs/specifications/VVIP_TIGER_GLOBAL_EXECUTION_SPEC_FINAL_AR.md,434,NOT_YET_VERIFIED,NOT_YET_EXECUTED,NOT_YET_CREATED,NOT_APPLICABLE_BEFORE_IMPLEMENTATION
VVIP-GV1-0111,جدول 19,GET /me، PATCH /me، POST /webhooks/clerk.,IDENTITY_ACCESS,P0,NOT_STARTED,docs/specifications/VVIP_TIGER_GLOBAL_EXECUTION_SPEC_FINAL_AR.md,435,NOT_YET_VERIFIED,NOT_YET_EXECUTED,NOT_YET_CREATED,NOT_APPLICABLE_BEFORE_IMPLEMENTATION
VVIP-GV1-0112,جدول 19,التحقق من التوقيع والتوقيت.,GENERAL_PRODUCT,P2,NOT_STARTED,docs/specifications/VVIP_TIGER_GLOBAL_EXECUTION_SPEC_FINAL_AR.md,438,NOT_YET_VERIFIED,NOT_YET_EXECUTED,NOT_YET_CREATED,NOT_APPLICABLE_BEFORE_IMPLEMENTATION
VVIP-GV1-0113,جدول 19,لا service role في المتصفح.,IDENTITY_ACCESS,P0,NOT_STARTED,docs/specifications/VVIP_TIGER_GLOBAL_EXECUTION_SPEC_FINAL_AR.md,439,NOT_YET_VERIFIED,NOT_YET_EXECUTED,NOT_YET_CREATED,NOT_APPLICABLE_BEFORE_IMPLEMENTATION
VVIP-GV1-0114,جدول 19,منع login للحساب blocked/deleted.,IDENTITY_ACCESS,P0,NOT_STARTED,docs/specifications/VVIP_TIGER_GLOBAL_EXECUTION_SPEC_FINAL_AR.md,440,NOT_YET_VERIFIED,NOT_YET_EXECUTED,NOT_YET_CREATED,NOT_APPLICABLE_BEFORE_IMPLEMENTATION
VVIP-GV1-0115,جدول 19,Webhook replay، duplicate event، deleted account، two users isolation.,IDENTITY_ACCESS,P0,NOT_STARTED,docs/specifications/VVIP_TIGER_GLOBAL_EXECUTION_SPEC_FINAL_AR.md,443,NOT_YET_VERIFIED,NOT_YET_EXECUTED,NOT_YET_CREATED,NOT_APPLICABLE_BEFORE_IMPLEMENTATION
VVIP-GV1-0116,جدول 19,حساب واحد ينتج ملفًا واحدًا.,IDENTITY_ACCESS,P0,NOT_STARTED,docs/specifications/VVIP_TIGER_GLOBAL_EXECUTION_SPEC_FINAL_AR.md,446,NOT_YET_VERIFIED,NOT_YET_EXECUTED,NOT_YET_CREATED,NOT_APPLICABLE_BEFORE_IMPLEMENTATION
VVIP-GV1-0117,جدول 19,تسجيل الخروج ينهي الجلسة.,GENERAL_PRODUCT,P2,NOT_STARTED,docs/specifications/VVIP_TIGER_GLOBAL_EXECUTION_SPEC_FINAL_AR.md,447,NOT_YET_VERIFIED,NOT_YET_EXECUTED,NOT_YET_CREATED,NOT_APPLICABLE_BEFORE_IMPLEMENTATION
VVIP-GV1-0118,جدول 19,MFA إلزامي للإدارة.,SECURITY_PRIVACY,P0,NOT_STARTED,docs/specifications/VVIP_TIGER_GLOBAL_EXECUTION_SPEC_FINAL_AR.md,448,NOT_YET_VERIFIED,NOT_YET_EXECUTED,NOT_YET_CREATED,NOT_APPLICABLE_BEFORE_IMPLEMENTATION
VVIP-GV1-0119,جدول 19,Migration، webhook service، auth adapter، tests، runbook.,DATA_DATABASE,P2,NOT_STARTED,docs/specifications/VVIP_TIGER_GLOBAL_EXECUTION_SPEC_FINAL_AR.md,451,NOT_YET_VERIFIED,NOT_YET_EXECUTED,NOT_YET_CREATED,NOT_APPLICABLE_BEFORE_IMPLEMENTATION
VVIP-GV1-0120,جدول 21,تحويل Schema إلى migrations مرتبة وقابلة للإعادة.,DATA_DATABASE,P2,NOT_STARTED,docs/specifications/VVIP_TIGER_GLOBAL_EXECUTION_SPEC_FINAL_AR.md,475,NOT_YET_VERIFIED,NOT_YET_EXECUTED,NOT_YET_CREATED,NOT_APPLICABLE_BEFORE_IMPLEMENTATION
VVIP-GV1-0121,جدول 21,تفعيل RLS لكل جدول تطبيق.,SECURITY_PRIVACY,P0,NOT_STARTED,docs/specifications/VVIP_TIGER_GLOBAL_EXECUTION_SPEC_FINAL_AR.md,476,NOT_YET_VERIFIED,NOT_YET_EXECUTED,NOT_YET_CREATED,NOT_APPLICABLE_BEFORE_IMPLEMENTATION
VVIP-GV1-0122,جدول 21,"كتابة policies وفق owner, participant, role, country scope.",IDENTITY_ACCESS,P0,NOT_STARTED,docs/specifications/VVIP_TIGER_GLOBAL_EXECUTION_SPEC_FINAL_AR.md,477,NOT_YET_VERIFIED,NOT_YET_EXECUTED,NOT_YET_CREATED,NOT_APPLICABLE_BEFORE_IMPLEMENTATION
VVIP-GV1-0123,جدول 21,إنشاء private/public buckets منفصلة.,GENERAL_PRODUCT,P2,NOT_STARTED,docs/specifications/VVIP_TIGER_GLOBAL_EXECUTION_SPEC_FINAL_AR.md,478,NOT_YET_VERIFIED,NOT_YET_EXECUTED,NOT_YET_CREATED,NOT_APPLICABLE_BEFORE_IMPLEMENTATION
VVIP-GV1-0124,جدول 21,إضافة اختبارات SQL لكل policy.,GENERAL_PRODUCT,P1,NOT_STARTED,docs/specifications/VVIP_TIGER_GLOBAL_EXECUTION_SPEC_FINAL_AR.md,479,NOT_YET_VERIFIED,NOT_YET_EXECUTED,NOT_YET_CREATED,NOT_APPLICABLE_BEFORE_IMPLEMENTATION
VVIP-GV1-0125,جدول 21,تشغيل remote drift audit وbackup restore drill.,SECURITY_PRIVACY,P0,NOT_STARTED,docs/specifications/VVIP_TIGER_GLOBAL_EXECUTION_SPEC_FINAL_AR.md,480,NOT_YET_VERIFIED,NOT_YET_EXECUTED,NOT_YET_CREATED,NOT_APPLICABLE_BEFORE_IMPLEMENTATION
VVIP-GV1-0126,جدول 21,migration_history، audit_logs، access_test_fixtures.,DATA_DATABASE,P2,NOT_STARTED,docs/specifications/VVIP_TIGER_GLOBAL_EXECUTION_SPEC_FINAL_AR.md,483,NOT_YET_VERIFIED,NOT_YET_EXECUTED,NOT_YET_CREATED,NOT_APPLICABLE_BEFORE_IMPLEMENTATION
VVIP-GV1-0127,جدول 21,لا جدول تطبيق بدون RLS إلا باستثناء موثق.,SECURITY_PRIVACY,P0,NOT_STARTED,docs/specifications/VVIP_TIGER_GLOBAL_EXECUTION_SPEC_FINAL_AR.md,484,NOT_YET_VERIFIED,NOT_YET_EXECUTED,NOT_YET_CREATED,NOT_APPLICABLE_BEFORE_IMPLEMENTATION
VVIP-GV1-0128,جدول 21,deny-by-default، service role server-only، signed URLs.,SECURITY_PRIVACY,P0,NOT_STARTED,docs/specifications/VVIP_TIGER_GLOBAL_EXECUTION_SPEC_FINAL_AR.md,487,NOT_YET_VERIFIED,NOT_YET_EXECUTED,NOT_YET_CREATED,NOT_APPLICABLE_BEFORE_IMPLEMENTATION
VVIP-GV1-0129,جدول 21,A/B user isolation، anonymous access، admin scope، expired URL.,GENERAL_PRODUCT,P2,NOT_STARTED,docs/specifications/VVIP_TIGER_GLOBAL_EXECUTION_SPEC_FINAL_AR.md,490,NOT_YET_VERIFIED,NOT_YET_EXECUTED,NOT_YET_CREATED,NOT_APPLICABLE_BEFORE_IMPLEMENTATION
VVIP-GV1-0130,جدول 21,كل اختبار سلبي ينجح بالمنع.,GENERAL_PRODUCT,P1,NOT_STARTED,docs/specifications/VVIP_TIGER_GLOBAL_EXECUTION_SPEC_FINAL_AR.md,493,NOT_YET_VERIFIED,NOT_YET_EXECUTED,NOT_YET_CREATED,NOT_APPLICABLE_BEFORE_IMPLEMENTATION
VVIP-GV1-0131,جدول 21,لا drift غير موثق بين repo وremote.,GENERAL_PRODUCT,P2,NOT_STARTED,docs/specifications/VVIP_TIGER_GLOBAL_EXECUTION_SPEC_FINAL_AR.md,494,NOT_YET_VERIFIED,NOT_YET_EXECUTED,NOT_YET_CREATED,NOT_APPLICABLE_BEFORE_IMPLEMENTATION
VVIP-GV1-0132,جدول 21,استعادة Backup مثبتة.,SECURITY_PRIVACY,P0,NOT_STARTED,docs/specifications/VVIP_TIGER_GLOBAL_EXECUTION_SPEC_FINAL_AR.md,495,NOT_YET_VERIFIED,NOT_YET_EXECUTED,NOT_YET_CREATED,NOT_APPLICABLE_BEFORE_IMPLEMENTATION
VVIP-GV1-0133,جدول 21,SQL migrations، policy matrix، test report، restore evidence.,DATA_DATABASE,P2,NOT_STARTED,docs/specifications/VVIP_TIGER_GLOBAL_EXECUTION_SPEC_FINAL_AR.md,498,NOT_YET_VERIFIED,NOT_YET_EXECUTED,NOT_YET_CREATED,NOT_APPLICABLE_BEFORE_IMPLEMENTATION
VVIP-GV1-0134,جدول 24,إنشاء countries وcountry_capabilities وcountry_restrictions.,GENERAL_PRODUCT,P2,NOT_STARTED,docs/specifications/VVIP_TIGER_GLOBAL_EXECUTION_SPEC_FINAL_AR.md,533,NOT_YET_VERIFIED,NOT_YET_EXECUTED,NOT_YET_CREATED,NOT_APPLICABLE_BEFORE_IMPLEMENTATION
VVIP-GV1-0135,جدول 24,إدارة feature flags لكل دولة.,GENERAL_PRODUCT,P2,NOT_STARTED,docs/specifications/VVIP_TIGER_GLOBAL_EXECUTION_SPEC_FINAL_AR.md,534,NOT_YET_VERIFIED,NOT_YET_EXECUTED,NOT_YET_CREATED,NOT_APPLICABLE_BEFORE_IMPLEMENTATION
VVIP-GV1-0136,جدول 24,"تحديد locales, currencies, timezones, units.",GENERAL_PRODUCT,P2,NOT_STARTED,docs/specifications/VVIP_TIGER_GLOBAL_EXECUTION_SPEC_FINAL_AR.md,535,NOT_YET_VERIFIED,NOT_YET_EXECUTED,NOT_YET_CREATED,NOT_APPLICABLE_BEFORE_IMPLEMENTATION
VVIP-GV1-0137,جدول 24,إنشاء لوحة إدارية مع audit لأي تغيير.,GENERAL_PRODUCT,P2,NOT_STARTED,docs/specifications/VVIP_TIGER_GLOBAL_EXECUTION_SPEC_FINAL_AR.md,536,NOT_YET_VERIFIED,NOT_YET_EXECUTED,NOT_YET_CREATED,NOT_APPLICABLE_BEFORE_IMPLEMENTATION
VVIP-GV1-0138,جدول 24,توفير fallback عالمي عند نقص الإعداد.,AI_AUTOMATION,P2,NOT_STARTED,docs/specifications/VVIP_TIGER_GLOBAL_EXECUTION_SPEC_FINAL_AR.md,537,NOT_YET_VERIFIED,NOT_YET_EXECUTED,NOT_YET_CREATED,NOT_APPLICABLE_BEFORE_IMPLEMENTATION
VVIP-GV1-0139,جدول 24,"countries(code ISO2 PK, name_key, default_currency, default_locale).",GENERAL_PRODUCT,P2,NOT_STARTED,docs/specifications/VVIP_TIGER_GLOBAL_EXECUTION_SPEC_FINAL_AR.md,540,NOT_YET_VERIFIED,NOT_YET_EXECUTED,NOT_YET_CREATED,NOT_APPLICABLE_BEFORE_IMPLEMENTATION
VVIP-GV1-0140,جدول 24,"capabilities(signup, listing, messaging, payment, verification).",LISTINGS_MARKETPLACE,P0,NOT_STARTED,docs/specifications/VVIP_TIGER_GLOBAL_EXECUTION_SPEC_FINAL_AR.md,541,NOT_YET_VERIFIED,NOT_YET_EXECUTED,NOT_YET_CREATED,NOT_APPLICABLE_BEFORE_IMPLEMENTATION
VVIP-GV1-0141,جدول 24,منع تغيير capability الحساس دون صلاحية ومراجعة.,GENERAL_PRODUCT,P2,NOT_STARTED,docs/specifications/VVIP_TIGER_GLOBAL_EXECUTION_SPEC_FINAL_AR.md,544,NOT_YET_VERIFIED,NOT_YET_EXECUTED,NOT_YET_CREATED,NOT_APPLICABLE_BEFORE_IMPLEMENTATION
VVIP-GV1-0142,جدول 24,دولة مفعلة/غير مفعلة، دفع متوقف، فئة ممنوعة.,LISTINGS_MARKETPLACE,P0,NOT_STARTED,docs/specifications/VVIP_TIGER_GLOBAL_EXECUTION_SPEC_FINAL_AR.md,547,NOT_YET_VERIFIED,NOT_YET_EXECUTED,NOT_YET_CREATED,NOT_APPLICABLE_BEFORE_IMPLEMENTATION
VVIP-GV1-0143,جدول 24,لا يعتمد الكود على اسم دولة ثابت.,GENERAL_PRODUCT,P2,NOT_STARTED,docs/specifications/VVIP_TIGER_GLOBAL_EXECUTION_SPEC_FINAL_AR.md,550,NOT_YET_VERIFIED,NOT_YET_EXECUTED,NOT_YET_CREATED,NOT_APPLICABLE_BEFORE_IMPLEMENTATION
VVIP-GV1-0144,جدول 24,يمكن تعطيل الدفع أو النشر خلال دقائق.,PAYMENTS_BILLING,P0,NOT_STARTED,docs/specifications/VVIP_TIGER_GLOBAL_EXECUTION_SPEC_FINAL_AR.md,551,NOT_YET_VERIFIED,NOT_YET_EXECUTED,NOT_YET_CREATED,NOT_APPLICABLE_BEFORE_IMPLEMENTATION
VVIP-GV1-0145,جدول 24,Schema، admin UI، seed data، matrix template.,DATA_DATABASE,P2,NOT_STARTED,docs/specifications/VVIP_TIGER_GLOBAL_EXECUTION_SPEC_FINAL_AR.md,554,NOT_YET_VERIFIED,NOT_YET_EXECUTED,NOT_YET_CREATED,NOT_APPLICABLE_BEFORE_IMPLEMENTATION
VVIP-GV1-0146,جدول 26,بناء wizard قابل للاستكمال.,GENERAL_PRODUCT,P2,NOT_STARTED,docs/specifications/VVIP_TIGER_GLOBAL_EXECUTION_SPEC_FINAL_AR.md,578,NOT_YET_VERIFIED,NOT_YET_EXECUTED,NOT_YET_CREATED,NOT_APPLICABLE_BEFORE_IMPLEMENTATION
VVIP-GV1-0147,جدول 26,جمع الحد الأدنى فقط ثم progressive profiling.,GENERAL_PRODUCT,P2,NOT_STARTED,docs/specifications/VVIP_TIGER_GLOBAL_EXECUTION_SPEC_FINAL_AR.md,579,NOT_YET_VERIFIED,NOT_YET_EXECUTED,NOT_YET_CREATED,NOT_APPLICABLE_BEFORE_IMPLEMENTATION
VVIP-GV1-0148,جدول 26,دعم Individual/Business والتحقق عند الحاجة.,MESSAGING_SUPPORT,P2,NOT_STARTED,docs/specifications/VVIP_TIGER_GLOBAL_EXECUTION_SPEC_FINAL_AR.md,580,NOT_YET_VERIFIED,NOT_YET_EXECUTED,NOT_YET_CREATED,NOT_APPLICABLE_BEFORE_IMPLEMENTATION
VVIP-GV1-0149,جدول 26,إضافة public profile projection منفصلة عن private profile.,GENERAL_PRODUCT,P2,NOT_STARTED,docs/specifications/VVIP_TIGER_GLOBAL_EXECUTION_SPEC_FINAL_AR.md,581,NOT_YET_VERIFIED,NOT_YET_EXECUTED,NOT_YET_CREATED,NOT_APPLICABLE_BEFORE_IMPLEMENTATION
VVIP-GV1-0150,جدول 26,"تنفيذ export, deactivate, deletion request.",GENERAL_PRODUCT,P2,NOT_STARTED,docs/specifications/VVIP_TIGER_GLOBAL_EXECUTION_SPEC_FINAL_AR.md,582,NOT_YET_VERIFIED,NOT_YET_EXECUTED,NOT_YET_CREATED,NOT_APPLICABLE_BEFORE_IMPLEMENTATION
VVIP-GV1-0151,جدول 26,"profiles, profile_private, business_profiles, onboarding_state, consents.",GENERAL_PRODUCT,P2,NOT_STARTED,docs/specifications/VVIP_TIGER_GLOBAL_EXECUTION_SPEC_FINAL_AR.md,585,NOT_YET_VERIFIED,NOT_YET_EXECUTED,NOT_YET_CREATED,NOT_APPLICABLE_BEFORE_IMPLEMENTATION
VVIP-GV1-0152,جدول 26,POST /onboarding/step، GET/PATCH /profile.,GENERAL_PRODUCT,P2,NOT_STARTED,docs/specifications/VVIP_TIGER_GLOBAL_EXECUTION_SPEC_FINAL_AR.md,586,NOT_YET_VERIFIED,NOT_YET_EXECUTED,NOT_YET_CREATED,NOT_APPLICABLE_BEFORE_IMPLEMENTATION
VVIP-GV1-0153,جدول 26,Data minimization، field-level access، consent evidence.,GENERAL_PRODUCT,P2,NOT_STARTED,docs/specifications/VVIP_TIGER_GLOBAL_EXECUTION_SPEC_FINAL_AR.md,589,NOT_YET_VERIFIED,NOT_YET_EXECUTED,NOT_YET_CREATED,NOT_APPLICABLE_BEFORE_IMPLEMENTATION
VVIP-GV1-0154,جدول 26,Resume onboarding، invalid country، privacy toggles، deletion lifecycle.,SECURITY_PRIVACY,P0,NOT_STARTED,docs/specifications/VVIP_TIGER_GLOBAL_EXECUTION_SPEC_FINAL_AR.md,592,NOT_YET_VERIFIED,NOT_YET_EXECUTED,NOT_YET_CREATED,NOT_APPLICABLE_BEFORE_IMPLEMENTATION
VVIP-GV1-0155,جدول 26,المستخدم يكمل الرحلة على هاتف متوسط.,IDENTITY_ACCESS,P0,NOT_STARTED,docs/specifications/VVIP_TIGER_GLOBAL_EXECUTION_SPEC_FINAL_AR.md,595,NOT_YET_VERIFIED,NOT_YET_EXECUTED,NOT_YET_CREATED,NOT_APPLICABLE_BEFORE_IMPLEMENTATION
VVIP-GV1-0156,جدول 26,لا تظهر البيانات الخاصة في public API.,DATA_DATABASE,P2,NOT_STARTED,docs/specifications/VVIP_TIGER_GLOBAL_EXECUTION_SPEC_FINAL_AR.md,596,NOT_YET_VERIFIED,NOT_YET_EXECUTED,NOT_YET_CREATED,NOT_APPLICABLE_BEFORE_IMPLEMENTATION
VVIP-GV1-0157,جدول 26,Screens، APIs، migrations، consent copy، tests.,DATA_DATABASE,P2,NOT_STARTED,docs/specifications/VVIP_TIGER_GLOBAL_EXECUTION_SPEC_FINAL_AR.md,599,NOT_YET_VERIFIED,NOT_YET_EXECUTED,NOT_YET_CREATED,NOT_APPLICABLE_BEFORE_IMPLEMENTATION
VVIP-GV1-0158,جدول 29,إنشاء sector/category/field definitions بإصدارات.,LISTINGS_MARKETPLACE,P2,NOT_STARTED,docs/specifications/VVIP_TIGER_GLOBAL_EXECUTION_SPEC_FINAL_AR.md,634,NOT_YET_VERIFIED,NOT_YET_EXECUTED,NOT_YET_CREATED,NOT_APPLICABLE_BEFORE_IMPLEMENTATION
VVIP-GV1-0159,جدول 29,دعم أنواع نص، رقم، اختيار، تاريخ، موقع، وحدة.,MESSAGING_SUPPORT,P2,NOT_STARTED,docs/specifications/VVIP_TIGER_GLOBAL_EXECUTION_SPEC_FINAL_AR.md,635,NOT_YET_VERIFIED,NOT_YET_EXECUTED,NOT_YET_CREATED,NOT_APPLICABLE_BEFORE_IMPLEMENTATION
VVIP-GV1-0160,جدول 29,Validation server-side حسب schema version.,DATA_DATABASE,P2,NOT_STARTED,docs/specifications/VVIP_TIGER_GLOBAL_EXECUTION_SPEC_FINAL_AR.md,636,NOT_YET_VERIFIED,NOT_YET_EXECUTED,NOT_YET_CREATED,NOT_APPLICABLE_BEFORE_IMPLEMENTATION
VVIP-GV1-0161,جدول 29,منع حذف field مستخدم؛ deprecate بدلًا منه.,IDENTITY_ACCESS,P0,NOT_STARTED,docs/specifications/VVIP_TIGER_GLOBAL_EXECUTION_SPEC_FINAL_AR.md,637,NOT_YET_VERIFIED,NOT_YET_EXECUTED,NOT_YET_CREATED,NOT_APPLICABLE_BEFORE_IMPLEMENTATION
VVIP-GV1-0162,جدول 29,إنشاء admin preview ونشر configuration.,OPERATIONS_RELEASE,P2,NOT_STARTED,docs/specifications/VVIP_TIGER_GLOBAL_EXECUTION_SPEC_FINAL_AR.md,638,NOT_YET_VERIFIED,NOT_YET_EXECUTED,NOT_YET_CREATED,NOT_APPLICABLE_BEFORE_IMPLEMENTATION
VVIP-GV1-0163,جدول 29,"sectors, categories, category_fields, field_options, schema_versions.",DATA_DATABASE,P2,NOT_STARTED,docs/specifications/VVIP_TIGER_GLOBAL_EXECUTION_SPEC_FINAL_AR.md,641,NOT_YET_VERIFIED,NOT_YET_EXECUTED,NOT_YET_CREATED,NOT_APPLICABLE_BEFORE_IMPLEMENTATION
VVIP-GV1-0164,جدول 29,GET /catalog/schema?country&category.,DATA_DATABASE,P2,NOT_STARTED,docs/specifications/VVIP_TIGER_GLOBAL_EXECUTION_SPEC_FINAL_AR.md,642,NOT_YET_VERIFIED,NOT_YET_EXECUTED,NOT_YET_CREATED,NOT_APPLICABLE_BEFORE_IMPLEMENTATION
VVIP-GV1-0165,جدول 29,منع حقول HTML غير منقاة.,GENERAL_PRODUCT,P2,NOT_STARTED,docs/specifications/VVIP_TIGER_GLOBAL_EXECUTION_SPEC_FINAL_AR.md,645,NOT_YET_VERIFIED,NOT_YET_EXECUTED,NOT_YET_CREATED,NOT_APPLICABLE_BEFORE_IMPLEMENTATION
VVIP-GV1-0166,جدول 29,Audit لأي تغيير Configuration.,GENERAL_PRODUCT,P2,NOT_STARTED,docs/specifications/VVIP_TIGER_GLOBAL_EXECUTION_SPEC_FINAL_AR.md,646,NOT_YET_VERIFIED,NOT_YET_EXECUTED,NOT_YET_CREATED,NOT_APPLICABLE_BEFORE_IMPLEMENTATION
VVIP-GV1-0167,جدول 29,Schema version compatibility، required/optional، localization.,DATA_DATABASE,P2,NOT_STARTED,docs/specifications/VVIP_TIGER_GLOBAL_EXECUTION_SPEC_FINAL_AR.md,649,NOT_YET_VERIFIED,NOT_YET_EXECUTED,NOT_YET_CREATED,NOT_APPLICABLE_BEFORE_IMPLEMENTATION
VVIP-GV1-0168,جدول 29,يمكن إضافة فئة دون deployment.,LISTINGS_MARKETPLACE,P2,NOT_STARTED,docs/specifications/VVIP_TIGER_GLOBAL_EXECUTION_SPEC_FINAL_AR.md,652,NOT_YET_VERIFIED,NOT_YET_EXECUTED,NOT_YET_CREATED,NOT_APPLICABLE_BEFORE_IMPLEMENTATION
VVIP-GV1-0169,جدول 29,الإعلانات القديمة تبقى قابلة للعرض.,LISTINGS_MARKETPLACE,P2,NOT_STARTED,docs/specifications/VVIP_TIGER_GLOBAL_EXECUTION_SPEC_FINAL_AR.md,653,NOT_YET_VERIFIED,NOT_YET_EXECUTED,NOT_YET_CREATED,NOT_APPLICABLE_BEFORE_IMPLEMENTATION
VVIP-GV1-0170,جدول 29,Catalog service، admin UI، migration strategy.,DATA_DATABASE,P2,NOT_STARTED,docs/specifications/VVIP_TIGER_GLOBAL_EXECUTION_SPEC_FINAL_AR.md,656,NOT_YET_VERIFIED,NOT_YET_EXECUTED,NOT_YET_CREATED,NOT_APPLICABLE_BEFORE_IMPLEMENTATION
VVIP-GV1-0171,جدول 31,تنفيذ state machine مركزية.,GENERAL_PRODUCT,P2,NOT_STARTED,docs/specifications/VVIP_TIGER_GLOBAL_EXECUTION_SPEC_FINAL_AR.md,680,NOT_YET_VERIFIED,NOT_YET_EXECUTED,NOT_YET_CREATED,NOT_APPLICABLE_BEFORE_IMPLEMENTATION
VVIP-GV1-0172,جدول 31,Autosave مع optimistic concurrency/version.,GENERAL_PRODUCT,P2,NOT_STARTED,docs/specifications/VVIP_TIGER_GLOBAL_EXECUTION_SPEC_FINAL_AR.md,681,NOT_YET_VERIFIED,NOT_YET_EXECUTED,NOT_YET_CREATED,NOT_APPLICABLE_BEFORE_IMPLEMENTATION
VVIP-GV1-0173,جدول 31,Submit validation ثم moderation queue.,GENERAL_PRODUCT,P2,NOT_STARTED,docs/specifications/VVIP_TIGER_GLOBAL_EXECUTION_SPEC_FINAL_AR.md,682,NOT_YET_VERIFIED,NOT_YET_EXECUTED,NOT_YET_CREATED,NOT_APPLICABLE_BEFORE_IMPLEMENTATION
VVIP-GV1-0174,جدول 31,قبول/رفض مع reason code وإعادة تقديم.,GENERAL_PRODUCT,P2,NOT_STARTED,docs/specifications/VVIP_TIGER_GLOBAL_EXECUTION_SPEC_FINAL_AR.md,683,NOT_YET_VERIFIED,NOT_YET_EXECUTED,NOT_YET_CREATED,NOT_APPLICABLE_BEFORE_IMPLEMENTATION
VVIP-GV1-0175,جدول 31,Expiry job وrenewal rules.,GENERAL_PRODUCT,P2,NOT_STARTED,docs/specifications/VVIP_TIGER_GLOBAL_EXECUTION_SPEC_FINAL_AR.md,684,NOT_YET_VERIFIED,NOT_YET_EXECUTED,NOT_YET_CREATED,NOT_APPLICABLE_BEFORE_IMPLEMENTATION
VVIP-GV1-0176,جدول 31,فرض plan entitlements server-side.,GENERAL_PRODUCT,P2,NOT_STARTED,docs/specifications/VVIP_TIGER_GLOBAL_EXECUTION_SPEC_FINAL_AR.md,685,NOT_YET_VERIFIED,NOT_YET_EXECUTED,NOT_YET_CREATED,NOT_APPLICABLE_BEFORE_IMPLEMENTATION
VVIP-GV1-0177,جدول 31,حفظ listing revisions وaudit trail.,AI_AUTOMATION,P2,NOT_STARTED,docs/specifications/VVIP_TIGER_GLOBAL_EXECUTION_SPEC_FINAL_AR.md,686,NOT_YET_VERIFIED,NOT_YET_EXECUTED,NOT_YET_CREATED,NOT_APPLICABLE_BEFORE_IMPLEMENTATION
VVIP-GV1-0178,جدول 31,"listings, listing_attributes, listing_revisions, listing_status_history.",LISTINGS_MARKETPLACE,P2,NOT_STARTED,docs/specifications/VVIP_TIGER_GLOBAL_EXECUTION_SPEC_FINAL_AR.md,689,NOT_YET_VERIFIED,NOT_YET_EXECUTED,NOT_YET_CREATED,NOT_APPLICABLE_BEFORE_IMPLEMENTATION
VVIP-GV1-0179,جدول 31,POST /listings، PATCH /listings/:id، POST /submit|approve|reject|pause|renew.,LISTINGS_MARKETPLACE,P2,NOT_STARTED,docs/specifications/VVIP_TIGER_GLOBAL_EXECUTION_SPEC_FINAL_AR.md,690,NOT_YET_VERIFIED,NOT_YET_EXECUTED,NOT_YET_CREATED,NOT_APPLICABLE_BEFORE_IMPLEMENTATION
VVIP-GV1-0180,جدول 31,Owner-only mutations، moderation scoped role، content sanitization.,IDENTITY_ACCESS,P0,NOT_STARTED,docs/specifications/VVIP_TIGER_GLOBAL_EXECUTION_SPEC_FINAL_AR.md,693,NOT_YET_VERIFIED,NOT_YET_EXECUTED,NOT_YET_CREATED,NOT_APPLICABLE_BEFORE_IMPLEMENTATION
VVIP-GV1-0181,جدول 31,كل transition مسموح وممنوع، concurrent edit، expired plan.,GENERAL_PRODUCT,P0,NOT_STARTED,docs/specifications/VVIP_TIGER_GLOBAL_EXECUTION_SPEC_FINAL_AR.md,696,NOT_YET_VERIFIED,NOT_YET_EXECUTED,NOT_YET_CREATED,NOT_APPLICABLE_BEFORE_IMPLEMENTATION
VVIP-GV1-0182,جدول 31,لا انتقال مباشر إلى published دون policy.,GENERAL_PRODUCT,P2,NOT_STARTED,docs/specifications/VVIP_TIGER_GLOBAL_EXECUTION_SPEC_FINAL_AR.md,699,NOT_YET_VERIFIED,NOT_YET_EXECUTED,NOT_YET_CREATED,NOT_APPLICABLE_BEFORE_IMPLEMENTATION
VVIP-GV1-0183,جدول 31,كل رفض يحمل سببًا.,GENERAL_PRODUCT,P2,NOT_STARTED,docs/specifications/VVIP_TIGER_GLOBAL_EXECUTION_SPEC_FINAL_AR.md,700,NOT_YET_VERIFIED,NOT_YET_EXECUTED,NOT_YET_CREATED,NOT_APPLICABLE_BEFORE_IMPLEMENTATION
VVIP-GV1-0184,جدول 31,لا تعديل لمستخدم آخر.,IDENTITY_ACCESS,P0,NOT_STARTED,docs/specifications/VVIP_TIGER_GLOBAL_EXECUTION_SPEC_FINAL_AR.md,701,NOT_YET_VERIFIED,NOT_YET_EXECUTED,NOT_YET_CREATED,NOT_APPLICABLE_BEFORE_IMPLEMENTATION
VVIP-GV1-0185,جدول 31,State machine، APIs، UI، migrations، tests.,DATA_DATABASE,P2,NOT_STARTED,docs/specifications/VVIP_TIGER_GLOBAL_EXECUTION_SPEC_FINAL_AR.md,704,NOT_YET_VERIFIED,NOT_YET_EXECUTED,NOT_YET_CREATED,NOT_APPLICABLE_BEFORE_IMPLEMENTATION
VVIP-GV1-0186,جدول 33,إنشاء presigned upload flow.,PERFORMANCE_SCALE,P2,NOT_STARTED,docs/specifications/VVIP_TIGER_GLOBAL_EXECUTION_SPEC_FINAL_AR.md,728,NOT_YET_VERIFIED,NOT_YET_EXECUTED,NOT_YET_CREATED,NOT_APPLICABLE_BEFORE_IMPLEMENTATION
VVIP-GV1-0187,جدول 33,فحص MIME والحجم والعدد.,GENERAL_PRODUCT,P2,NOT_STARTED,docs/specifications/VVIP_TIGER_GLOBAL_EXECUTION_SPEC_FINAL_AR.md,729,NOT_YET_VERIFIED,NOT_YET_EXECUTED,NOT_YET_CREATED,NOT_APPLICABLE_BEFORE_IMPLEMENTATION
VVIP-GV1-0188,جدول 33,إزالة EXIF وإنشاء thumbnails/WebP.,AI_AUTOMATION,P2,NOT_STARTED,docs/specifications/VVIP_TIGER_GLOBAL_EXECUTION_SPEC_FINAL_AR.md,730,NOT_YET_VERIFIED,NOT_YET_EXECUTED,NOT_YET_CREATED,NOT_APPLICABLE_BEFORE_IMPLEMENTATION
VVIP-GV1-0189,جدول 33,Queue للمعالجة مع retry وdead-letter.,GENERAL_PRODUCT,P2,NOT_STARTED,docs/specifications/VVIP_TIGER_GLOBAL_EXECUTION_SPEC_FINAL_AR.md,731,NOT_YET_VERIFIED,NOT_YET_EXECUTED,NOT_YET_CREATED,NOT_APPLICABLE_BEFORE_IMPLEMENTATION
VVIP-GV1-0190,جدول 33,ربط الصور بالإعلان وترتيبها واختيار الغلاف.,LISTINGS_MARKETPLACE,P2,NOT_STARTED,docs/specifications/VVIP_TIGER_GLOBAL_EXECUTION_SPEC_FINAL_AR.md,732,NOT_YET_VERIFIED,NOT_YET_EXECUTED,NOT_YET_CREATED,NOT_APPLICABLE_BEFORE_IMPLEMENTATION
VVIP-GV1-0191,جدول 33,garbage collection للملفات اليتيمة.,GENERAL_PRODUCT,P2,NOT_STARTED,docs/specifications/VVIP_TIGER_GLOBAL_EXECUTION_SPEC_FINAL_AR.md,733,NOT_YET_VERIFIED,NOT_YET_EXECUTED,NOT_YET_CREATED,NOT_APPLICABLE_BEFORE_IMPLEMENTATION
VVIP-GV1-0192,جدول 33,"media_assets, media_variants, upload_sessions.",PERFORMANCE_SCALE,P2,NOT_STARTED,docs/specifications/VVIP_TIGER_GLOBAL_EXECUTION_SPEC_FINAL_AR.md,736,NOT_YET_VERIFIED,NOT_YET_EXECUTED,NOT_YET_CREATED,NOT_APPLICABLE_BEFORE_IMPLEMENTATION
VVIP-GV1-0193,جدول 33,POST /media/upload-session، POST /complete، DELETE /media/:id.,PERFORMANCE_SCALE,P2,NOT_STARTED,docs/specifications/VVIP_TIGER_GLOBAL_EXECUTION_SPEC_FINAL_AR.md,737,NOT_YET_VERIFIED,NOT_YET_EXECUTED,NOT_YET_CREATED,NOT_APPLICABLE_BEFORE_IMPLEMENTATION
VVIP-GV1-0194,جدول 33,Private upload bucket، virus scan عند الملفات، signed delivery.,PERFORMANCE_SCALE,P2,NOT_STARTED,docs/specifications/VVIP_TIGER_GLOBAL_EXECUTION_SPEC_FINAL_AR.md,740,NOT_YET_VERIFIED,NOT_YET_EXECUTED,NOT_YET_CREATED,NOT_APPLICABLE_BEFORE_IMPLEMENTATION
VVIP-GV1-0195,جدول 33,ملف خاطئ، انقطاع، تكرار complete، حذف أثناء المعالجة.,GENERAL_PRODUCT,P2,NOT_STARTED,docs/specifications/VVIP_TIGER_GLOBAL_EXECUTION_SPEC_FINAL_AR.md,743,NOT_YET_VERIFIED,NOT_YET_EXECUTED,NOT_YET_CREATED,NOT_APPLICABLE_BEFORE_IMPLEMENTATION
VVIP-GV1-0196,جدول 33,لا يصبح الإعلان منشورًا قبل اكتمال الصورة المطلوبة.,LISTINGS_MARKETPLACE,P2,NOT_STARTED,docs/specifications/VVIP_TIGER_GLOBAL_EXECUTION_SPEC_FINAL_AR.md,746,NOT_YET_VERIFIED,NOT_YET_EXECUTED,NOT_YET_CREATED,NOT_APPLICABLE_BEFORE_IMPLEMENTATION
VVIP-GV1-0197,جدول 33,لا ملفات يتيمة بعد فترة التنظيف.,GENERAL_PRODUCT,P2,NOT_STARTED,docs/specifications/VVIP_TIGER_GLOBAL_EXECUTION_SPEC_FINAL_AR.md,747,NOT_YET_VERIFIED,NOT_YET_EXECUTED,NOT_YET_CREATED,NOT_APPLICABLE_BEFORE_IMPLEMENTATION
VVIP-GV1-0198,جدول 33,Worker، buckets، policies، UI، monitoring.,UX_ACCESSIBILITY,P2,NOT_STARTED,docs/specifications/VVIP_TIGER_GLOBAL_EXECUTION_SPEC_FINAL_AR.md,750,NOT_YET_VERIFIED,NOT_YET_EXECUTED,NOT_YET_CREATED,NOT_APPLICABLE_BEFORE_IMPLEMENTATION
VVIP-GV1-0199,جدول 36,تصميم query contract موحد.,GENERAL_PRODUCT,P2,NOT_STARTED,docs/specifications/VVIP_TIGER_GLOBAL_EXECUTION_SPEC_FINAL_AR.md,785,NOT_YET_VERIFIED,NOT_YET_EXECUTED,NOT_YET_CREATED,NOT_APPLICABLE_BEFORE_IMPLEMENTATION
VVIP-GV1-0200,جدول 36,إنشاء indexes مركبة وfull-text حسب اللغات.,GENERAL_PRODUCT,P2,NOT_STARTED,docs/specifications/VVIP_TIGER_GLOBAL_EXECUTION_SPEC_FINAL_AR.md,786,NOT_YET_VERIFIED,NOT_YET_EXECUTED,NOT_YET_CREATED,NOT_APPLICABLE_BEFORE_IMPLEMENTATION
VVIP-GV1-0201,جدول 36,Cursor pagination ثابتة.,GENERAL_PRODUCT,P2,NOT_STARTED,docs/specifications/VVIP_TIGER_GLOBAL_EXECUTION_SPEC_FINAL_AR.md,787,NOT_YET_VERIFIED,NOT_YET_EXECUTED,NOT_YET_CREATED,NOT_APPLICABLE_BEFORE_IMPLEMENTATION
VVIP-GV1-0202,جدول 36,فلترة country capability وحالة published.,SEARCH_DISCOVERY,P2,NOT_STARTED,docs/specifications/VVIP_TIGER_GLOBAL_EXECUTION_SPEC_FINAL_AR.md,788,NOT_YET_VERIFIED,NOT_YET_EXECUTED,NOT_YET_CREATED,NOT_APPLICABLE_BEFORE_IMPLEMENTATION
VVIP-GV1-0203,جدول 36,"Ranking أولي: recency, locality, quality, sponsored واضح.",SEARCH_DISCOVERY,P2,NOT_STARTED,docs/specifications/VVIP_TIGER_GLOBAL_EXECUTION_SPEC_FINAL_AR.md,789,NOT_YET_VERIFIED,NOT_YET_EXECUTED,NOT_YET_CREATED,NOT_APPLICABLE_BEFORE_IMPLEMENTATION
VVIP-GV1-0204,جدول 36,Cache للقراءات العامة مع invalidation.,PERFORMANCE_SCALE,P2,NOT_STARTED,docs/specifications/VVIP_TIGER_GLOBAL_EXECUTION_SPEC_FINAL_AR.md,790,NOT_YET_VERIFIED,NOT_YET_EXECUTED,NOT_YET_CREATED,NOT_APPLICABLE_BEFORE_IMPLEMENTATION
VVIP-GV1-0205,جدول 36,GET /listings، GET /listings/:slug، GET /search/suggestions.,SEARCH_DISCOVERY,P1,NOT_STARTED,docs/specifications/VVIP_TIGER_GLOBAL_EXECUTION_SPEC_FINAL_AR.md,793,NOT_YET_VERIFIED,NOT_YET_EXECUTED,NOT_YET_CREATED,NOT_APPLICABLE_BEFORE_IMPLEMENTATION
VVIP-GV1-0206,جدول 36,search_documents/materialized view عند الحاجة.,SEARCH_DISCOVERY,P1,NOT_STARTED,docs/specifications/VVIP_TIGER_GLOBAL_EXECUTION_SPEC_FINAL_AR.md,794,NOT_YET_VERIFIED,NOT_YET_EXECUTED,NOT_YET_CREATED,NOT_APPLICABLE_BEFORE_IMPLEMENTATION
VVIP-GV1-0207,جدول 36,عدم كشف draft/private fields.,GENERAL_PRODUCT,P2,NOT_STARTED,docs/specifications/VVIP_TIGER_GLOBAL_EXECUTION_SPEC_FINAL_AR.md,797,NOT_YET_VERIFIED,NOT_YET_EXECUTED,NOT_YET_CREATED,NOT_APPLICABLE_BEFORE_IMPLEMENTATION
VVIP-GV1-0208,جدول 36,Rate limit وanti-scraping تدريجي.,GENERAL_PRODUCT,P2,NOT_STARTED,docs/specifications/VVIP_TIGER_GLOBAL_EXECUTION_SPEC_FINAL_AR.md,798,NOT_YET_VERIFIED,NOT_YET_EXECUTED,NOT_YET_CREATED,NOT_APPLICABLE_BEFORE_IMPLEMENTATION
VVIP-GV1-0209,جدول 36,فلاتر مركبة، pagination stability، hidden listing، multilingual search.,SEARCH_DISCOVERY,P1,NOT_STARTED,docs/specifications/VVIP_TIGER_GLOBAL_EXECUTION_SPEC_FINAL_AR.md,801,NOT_YET_VERIFIED,NOT_YET_EXECUTED,NOT_YET_CREATED,NOT_APPLICABLE_BEFORE_IMPLEMENTATION
VVIP-GV1-0210,جدول 36,P95 API ضمن الهدف.,GENERAL_PRODUCT,P2,NOT_STARTED,docs/specifications/VVIP_TIGER_GLOBAL_EXECUTION_SPEC_FINAL_AR.md,804,NOT_YET_VERIFIED,NOT_YET_EXECUTED,NOT_YET_CREATED,NOT_APPLICABLE_BEFORE_IMPLEMENTATION
VVIP-GV1-0211,جدول 36,لا يظهر غير المنشور.,GENERAL_PRODUCT,P2,NOT_STARTED,docs/specifications/VVIP_TIGER_GLOBAL_EXECUTION_SPEC_FINAL_AR.md,805,NOT_YET_VERIFIED,NOT_YET_EXECUTED,NOT_YET_CREATED,NOT_APPLICABLE_BEFORE_IMPLEMENTATION
VVIP-GV1-0212,جدول 36,النتائج قابلة للمشاركة.,GENERAL_PRODUCT,P2,NOT_STARTED,docs/specifications/VVIP_TIGER_GLOBAL_EXECUTION_SPEC_FINAL_AR.md,806,NOT_YET_VERIFIED,NOT_YET_EXECUTED,NOT_YET_CREATED,NOT_APPLICABLE_BEFORE_IMPLEMENTATION
VVIP-GV1-0213,جدول 36,Search service، indexes، feed UI، performance report.,SEARCH_DISCOVERY,P1,NOT_STARTED,docs/specifications/VVIP_TIGER_GLOBAL_EXECUTION_SPEC_FINAL_AR.md,809,NOT_YET_VERIFIED,NOT_YET_EXECUTED,NOT_YET_CREATED,NOT_APPLICABLE_BEFORE_IMPLEMENTATION
VVIP-GV1-0214,جدول 39,إنشاء conversation uniqueness policy.,GENERAL_PRODUCT,P2,NOT_STARTED,docs/specifications/VVIP_TIGER_GLOBAL_EXECUTION_SPEC_FINAL_AR.md,844,NOT_YET_VERIFIED,NOT_YET_EXECUTED,NOT_YET_CREATED,NOT_APPLICABLE_BEFORE_IMPLEMENTATION
VVIP-GV1-0215,جدول 39,إرسال الرسالة عبر API ثم Realtime event.,GENERAL_PRODUCT,P2,NOT_STARTED,docs/specifications/VVIP_TIGER_GLOBAL_EXECUTION_SPEC_FINAL_AR.md,845,NOT_YET_VERIFIED,NOT_YET_EXECUTED,NOT_YET_CREATED,NOT_APPLICABLE_BEFORE_IMPLEMENTATION
VVIP-GV1-0216,جدول 39,Cursor pagination وترتيب server timestamp.,GENERAL_PRODUCT,P2,NOT_STARTED,docs/specifications/VVIP_TIGER_GLOBAL_EXECUTION_SPEC_FINAL_AR.md,846,NOT_YET_VERIFIED,NOT_YET_EXECUTED,NOT_YET_CREATED,NOT_APPLICABLE_BEFORE_IMPLEMENTATION
VVIP-GV1-0217,جدول 39,read receipts وunread counters.,GENERAL_PRODUCT,P2,NOT_STARTED,docs/specifications/VVIP_TIGER_GLOBAL_EXECUTION_SPEC_FINAL_AR.md,847,NOT_YET_VERIFIED,NOT_YET_EXECUTED,NOT_YET_CREATED,NOT_APPLICABLE_BEFORE_IMPLEMENTATION
VVIP-GV1-0218,جدول 39,block/report وrate limiting.,GENERAL_PRODUCT,P2,NOT_STARTED,docs/specifications/VVIP_TIGER_GLOBAL_EXECUTION_SPEC_FINAL_AR.md,848,NOT_YET_VERIFIED,NOT_YET_EXECUTED,NOT_YET_CREATED,NOT_APPLICABLE_BEFORE_IMPLEMENTATION
VVIP-GV1-0219,جدول 39,Retention وحذف منطقي مع legal hold عند الحاجة.,GENERAL_PRODUCT,P2,NOT_STARTED,docs/specifications/VVIP_TIGER_GLOBAL_EXECUTION_SPEC_FINAL_AR.md,849,NOT_YET_VERIFIED,NOT_YET_EXECUTED,NOT_YET_CREATED,NOT_APPLICABLE_BEFORE_IMPLEMENTATION
VVIP-GV1-0220,جدول 39,"conversations, conversation_participants, messages, message_receipts, blocks.",MESSAGING_SUPPORT,P2,NOT_STARTED,docs/specifications/VVIP_TIGER_GLOBAL_EXECUTION_SPEC_FINAL_AR.md,852,NOT_YET_VERIFIED,NOT_YET_EXECUTED,NOT_YET_CREATED,NOT_APPLICABLE_BEFORE_IMPLEMENTATION
VVIP-GV1-0221,جدول 39,POST /conversations، POST /messages، GET /messages.,MESSAGING_SUPPORT,P2,NOT_STARTED,docs/specifications/VVIP_TIGER_GLOBAL_EXECUTION_SPEC_FINAL_AR.md,853,NOT_YET_VERIFIED,NOT_YET_EXECUTED,NOT_YET_CREATED,NOT_APPLICABLE_BEFORE_IMPLEMENTATION
VVIP-GV1-0222,جدول 39,RLS: participants only.,SECURITY_PRIVACY,P0,NOT_STARTED,docs/specifications/VVIP_TIGER_GLOBAL_EXECUTION_SPEC_FINAL_AR.md,856,NOT_YET_VERIFIED,NOT_YET_EXECUTED,NOT_YET_CREATED,NOT_APPLICABLE_BEFORE_IMPLEMENTATION
VVIP-GV1-0223,جدول 39,الموظف لا يقرأ المحتوى افتراضيًا.,GENERAL_PRODUCT,P2,NOT_STARTED,docs/specifications/VVIP_TIGER_GLOBAL_EXECUTION_SPEC_FINAL_AR.md,857,NOT_YET_VERIFIED,NOT_YET_EXECUTED,NOT_YET_CREATED,NOT_APPLICABLE_BEFORE_IMPLEMENTATION
VVIP-GV1-0224,جدول 39,Content limits وspam controls.,GENERAL_PRODUCT,P2,NOT_STARTED,docs/specifications/VVIP_TIGER_GLOBAL_EXECUTION_SPEC_FINAL_AR.md,858,NOT_YET_VERIFIED,NOT_YET_EXECUTED,NOT_YET_CREATED,NOT_APPLICABLE_BEFORE_IMPLEMENTATION
VVIP-GV1-0225,جدول 39,طرف ثالث، مستخدم محظور، reconnect، duplicate send، deleted listing.,IDENTITY_ACCESS,P0,NOT_STARTED,docs/specifications/VVIP_TIGER_GLOBAL_EXECUTION_SPEC_FINAL_AR.md,861,NOT_YET_VERIFIED,NOT_YET_EXECUTED,NOT_YET_CREATED,NOT_APPLICABLE_BEFORE_IMPLEMENTATION
VVIP-GV1-0226,جدول 39,لا قراءة إلا للطرفين.,GENERAL_PRODUCT,P2,NOT_STARTED,docs/specifications/VVIP_TIGER_GLOBAL_EXECUTION_SPEC_FINAL_AR.md,864,NOT_YET_VERIFIED,NOT_YET_EXECUTED,NOT_YET_CREATED,NOT_APPLICABLE_BEFORE_IMPLEMENTATION
VVIP-GV1-0227,جدول 39,الرسالة المكررة لا تحفظ مرتين.,GENERAL_PRODUCT,P2,NOT_STARTED,docs/specifications/VVIP_TIGER_GLOBAL_EXECUTION_SPEC_FINAL_AR.md,865,NOT_YET_VERIFIED,NOT_YET_EXECUTED,NOT_YET_CREATED,NOT_APPLICABLE_BEFORE_IMPLEMENTATION
VVIP-GV1-0228,جدول 39,Schema، APIs، realtime policy، UI، tests.,DATA_DATABASE,P2,NOT_STARTED,docs/specifications/VVIP_TIGER_GLOBAL_EXECUTION_SPEC_FINAL_AR.md,868,NOT_YET_VERIFIED,NOT_YET_EXECUTED,NOT_YET_CREATED,NOT_APPLICABLE_BEFORE_IMPLEMENTATION
VVIP-GV1-0229,جدول 41,تعريف event catalog وقوالب محلية.,GENERAL_PRODUCT,P2,NOT_STARTED,docs/specifications/VVIP_TIGER_GLOBAL_EXECUTION_SPEC_FINAL_AR.md,892,NOT_YET_VERIFIED,NOT_YET_EXECUTED,NOT_YET_CREATED,NOT_APPLICABLE_BEFORE_IMPLEMENTATION
VVIP-GV1-0230,جدول 41,إنشاء outbox pattern لمنع فقد الإشعار.,MESSAGING_SUPPORT,P2,NOT_STARTED,docs/specifications/VVIP_TIGER_GLOBAL_EXECUTION_SPEC_FINAL_AR.md,893,NOT_YET_VERIFIED,NOT_YET_EXECUTED,NOT_YET_CREATED,NOT_APPLICABLE_BEFORE_IMPLEMENTATION
VVIP-GV1-0231,جدول 41,Workers للبريد وPush مع retry.,GENERAL_PRODUCT,P2,NOT_STARTED,docs/specifications/VVIP_TIGER_GLOBAL_EXECUTION_SPEC_FINAL_AR.md,894,NOT_YET_VERIFIED,NOT_YET_EXECUTED,NOT_YET_CREATED,NOT_APPLICABLE_BEFORE_IMPLEMENTATION
VVIP-GV1-0232,جدول 41,deduplication وaggregation.,GENERAL_PRODUCT,P2,NOT_STARTED,docs/specifications/VVIP_TIGER_GLOBAL_EXECUTION_SPEC_FINAL_AR.md,895,NOT_YET_VERIFIED,NOT_YET_EXECUTED,NOT_YET_CREATED,NOT_APPLICABLE_BEFORE_IMPLEMENTATION
VVIP-GV1-0233,جدول 41,preferences وquiet hours.,UX_ACCESSIBILITY,P2,NOT_STARTED,docs/specifications/VVIP_TIGER_GLOBAL_EXECUTION_SPEC_FINAL_AR.md,896,NOT_YET_VERIFIED,NOT_YET_EXECUTED,NOT_YET_CREATED,NOT_APPLICABLE_BEFORE_IMPLEMENTATION
VVIP-GV1-0234,جدول 41,deep links آمنة.,GENERAL_PRODUCT,P2,NOT_STARTED,docs/specifications/VVIP_TIGER_GLOBAL_EXECUTION_SPEC_FINAL_AR.md,897,NOT_YET_VERIFIED,NOT_YET_EXECUTED,NOT_YET_CREATED,NOT_APPLICABLE_BEFORE_IMPLEMENTATION
VVIP-GV1-0235,جدول 41,"notification_events, notification_deliveries, preferences, templates.",MESSAGING_SUPPORT,P2,NOT_STARTED,docs/specifications/VVIP_TIGER_GLOBAL_EXECUTION_SPEC_FINAL_AR.md,900,NOT_YET_VERIFIED,NOT_YET_EXECUTED,NOT_YET_CREATED,NOT_APPLICABLE_BEFORE_IMPLEMENTATION
VVIP-GV1-0236,جدول 41,GET /notifications، PATCH /preferences.,MESSAGING_SUPPORT,P2,NOT_STARTED,docs/specifications/VVIP_TIGER_GLOBAL_EXECUTION_SPEC_FINAL_AR.md,901,NOT_YET_VERIFIED,NOT_YET_EXECUTED,NOT_YET_CREATED,NOT_APPLICABLE_BEFORE_IMPLEMENTATION
VVIP-GV1-0237,جدول 41,عدم تضمين بيانات حساسة في push lock-screen.,DATA_DATABASE,P2,NOT_STARTED,docs/specifications/VVIP_TIGER_GLOBAL_EXECUTION_SPEC_FINAL_AR.md,904,NOT_YET_VERIFIED,NOT_YET_EXECUTED,NOT_YET_CREATED,NOT_APPLICABLE_BEFORE_IMPLEMENTATION
VVIP-GV1-0238,جدول 41,Unsubscribe صحيح.,GENERAL_PRODUCT,P2,NOT_STARTED,docs/specifications/VVIP_TIGER_GLOBAL_EXECUTION_SPEC_FINAL_AR.md,905,NOT_YET_VERIFIED,NOT_YET_EXECUTED,NOT_YET_CREATED,NOT_APPLICABLE_BEFORE_IMPLEMENTATION
VVIP-GV1-0239,جدول 41,Retry، duplicate event، invalid token، locale fallback.,AI_AUTOMATION,P2,NOT_STARTED,docs/specifications/VVIP_TIGER_GLOBAL_EXECUTION_SPEC_FINAL_AR.md,908,NOT_YET_VERIFIED,NOT_YET_EXECUTED,NOT_YET_CREATED,NOT_APPLICABLE_BEFORE_IMPLEMENTATION
VVIP-GV1-0240,جدول 41,كل حدث حرج له delivery trace.,GENERAL_PRODUCT,P2,NOT_STARTED,docs/specifications/VVIP_TIGER_GLOBAL_EXECUTION_SPEC_FINAL_AR.md,911,NOT_YET_VERIFIED,NOT_YET_EXECUTED,NOT_YET_CREATED,NOT_APPLICABLE_BEFORE_IMPLEMENTATION
VVIP-GV1-0241,جدول 41,لا إرسال بعد opt-out.,GENERAL_PRODUCT,P2,NOT_STARTED,docs/specifications/VVIP_TIGER_GLOBAL_EXECUTION_SPEC_FINAL_AR.md,912,NOT_YET_VERIFIED,NOT_YET_EXECUTED,NOT_YET_CREATED,NOT_APPLICABLE_BEFORE_IMPLEMENTATION
VVIP-GV1-0242,جدول 41,Event catalog، templates، workers، UI، dashboards.,UX_ACCESSIBILITY,P2,NOT_STARTED,docs/specifications/VVIP_TIGER_GLOBAL_EXECUTION_SPEC_FINAL_AR.md,915,NOT_YET_VERIFIED,NOT_YET_EXECUTED,NOT_YET_CREATED,NOT_APPLICABLE_BEFORE_IMPLEMENTATION
VVIP-GV1-0243,جدول 44,إنشاء taxonomy للمخالفات والعقوبات.,GENERAL_PRODUCT,P2,NOT_STARTED,docs/specifications/VVIP_TIGER_GLOBAL_EXECUTION_SPEC_FINAL_AR.md,950,NOT_YET_VERIFIED,NOT_YET_EXECUTED,NOT_YET_CREATED,NOT_APPLICABLE_BEFORE_IMPLEMENTATION
VVIP-GV1-0244,جدول 44,ربط البلاغ بالمحتوى snapshot.,GENERAL_PRODUCT,P2,NOT_STARTED,docs/specifications/VVIP_TIGER_GLOBAL_EXECUTION_SPEC_FINAL_AR.md,951,NOT_YET_VERIFIED,NOT_YET_EXECUTED,NOT_YET_CREATED,NOT_APPLICABLE_BEFORE_IMPLEMENTATION
VVIP-GV1-0245,جدول 44,Queues حسب الدولة واللغة والخطورة.,GENERAL_PRODUCT,P2,NOT_STARTED,docs/specifications/VVIP_TIGER_GLOBAL_EXECUTION_SPEC_FINAL_AR.md,952,NOT_YET_VERIFIED,NOT_YET_EXECUTED,NOT_YET_CREATED,NOT_APPLICABLE_BEFORE_IMPLEMENTATION
VVIP-GV1-0246,جدول 44,قرار مع reason code وevidence.,GENERAL_PRODUCT,P2,NOT_STARTED,docs/specifications/VVIP_TIGER_GLOBAL_EXECUTION_SPEC_FINAL_AR.md,953,NOT_YET_VERIFIED,NOT_YET_EXECUTED,NOT_YET_CREATED,NOT_APPLICABLE_BEFORE_IMPLEMENTATION
VVIP-GV1-0247,جدول 44,استئناف بواسطة مراجع مختلف للحالات الحساسة.,GENERAL_PRODUCT,P2,NOT_STARTED,docs/specifications/VVIP_TIGER_GLOBAL_EXECUTION_SPEC_FINAL_AR.md,954,NOT_YET_VERIFIED,NOT_YET_EXECUTED,NOT_YET_CREATED,NOT_APPLICABLE_BEFORE_IMPLEMENTATION
VVIP-GV1-0248,جدول 44,حفظ audit وlegal hold.,GENERAL_PRODUCT,P2,NOT_STARTED,docs/specifications/VVIP_TIGER_GLOBAL_EXECUTION_SPEC_FINAL_AR.md,955,NOT_YET_VERIFIED,NOT_YET_EXECUTED,NOT_YET_CREATED,NOT_APPLICABLE_BEFORE_IMPLEMENTATION
VVIP-GV1-0249,جدول 44,"reports, moderation_cases, decisions, appeals, evidence_refs.",GENERAL_PRODUCT,P2,NOT_STARTED,docs/specifications/VVIP_TIGER_GLOBAL_EXECUTION_SPEC_FINAL_AR.md,958,NOT_YET_VERIFIED,NOT_YET_EXECUTED,NOT_YET_CREATED,NOT_APPLICABLE_BEFORE_IMPLEMENTATION
VVIP-GV1-0250,جدول 44,POST /reports، PATCH /cases/:id/decision.,GENERAL_PRODUCT,P2,NOT_STARTED,docs/specifications/VVIP_TIGER_GLOBAL_EXECUTION_SPEC_FINAL_AR.md,959,NOT_YET_VERIFIED,NOT_YET_EXECUTED,NOT_YET_CREATED,NOT_APPLICABLE_BEFORE_IMPLEMENTATION
VVIP-GV1-0251,جدول 44,صلاحيات scoped، إخفاء هوية المبلغ عند الحاجة، audit غير قابل للتعديل.,SECURITY_PRIVACY,P0,NOT_STARTED,docs/specifications/VVIP_TIGER_GLOBAL_EXECUTION_SPEC_FINAL_AR.md,962,NOT_YET_VERIFIED,NOT_YET_EXECUTED,NOT_YET_CREATED,NOT_APPLICABLE_BEFORE_IMPLEMENTATION
VVIP-GV1-0252,جدول 44,بلاغ مكرر، تضارب مصالح، appeal، illegal content emergency.,GENERAL_PRODUCT,P2,NOT_STARTED,docs/specifications/VVIP_TIGER_GLOBAL_EXECUTION_SPEC_FINAL_AR.md,965,NOT_YET_VERIFIED,NOT_YET_EXECUTED,NOT_YET_CREATED,NOT_APPLICABLE_BEFORE_IMPLEMENTATION
VVIP-GV1-0253,جدول 44,كل قرار قابل للتعليل والتدقيق.,GENERAL_PRODUCT,P2,NOT_STARTED,docs/specifications/VVIP_TIGER_GLOBAL_EXECUTION_SPEC_FINAL_AR.md,968,NOT_YET_VERIFIED,NOT_YET_EXECUTED,NOT_YET_CREATED,NOT_APPLICABLE_BEFORE_IMPLEMENTATION
VVIP-GV1-0254,جدول 44,SLA حسب الخطورة.,GENERAL_PRODUCT,P2,NOT_STARTED,docs/specifications/VVIP_TIGER_GLOBAL_EXECUTION_SPEC_FINAL_AR.md,969,NOT_YET_VERIFIED,NOT_YET_EXECUTED,NOT_YET_CREATED,NOT_APPLICABLE_BEFORE_IMPLEMENTATION
VVIP-GV1-0255,جدول 44,Policies، admin screens، reports API، training guide.,UX_ACCESSIBILITY,P2,NOT_STARTED,docs/specifications/VVIP_TIGER_GLOBAL_EXECUTION_SPEC_FINAL_AR.md,972,NOT_YET_VERIFIED,NOT_YET_EXECUTED,NOT_YET_CREATED,NOT_APPLICABLE_BEFORE_IMPLEMENTATION
VVIP-GV1-0256,جدول 46,"إنشاء tickets, comments, assignments, SLA timers.",MESSAGING_SUPPORT,P2,NOT_STARTED,docs/specifications/VVIP_TIGER_GLOBAL_EXECUTION_SPEC_FINAL_AR.md,996,NOT_YET_VERIFIED,NOT_YET_EXECUTED,NOT_YET_CREATED,NOT_APPLICABLE_BEFORE_IMPLEMENTATION
VVIP-GV1-0257,جدول 46,ربط التذكرة بالمستخدم أو الإعلان أو الدفع دون كشف زائد.,IDENTITY_ACCESS,P0,NOT_STARTED,docs/specifications/VVIP_TIGER_GLOBAL_EXECUTION_SPEC_FINAL_AR.md,997,NOT_YET_VERIFIED,NOT_YET_EXECUTED,NOT_YET_CREATED,NOT_APPLICABLE_BEFORE_IMPLEMENTATION
VVIP-GV1-0258,جدول 46,قوالب رد وملاحظات داخلية.,GENERAL_PRODUCT,P2,NOT_STARTED,docs/specifications/VVIP_TIGER_GLOBAL_EXECUTION_SPEC_FINAL_AR.md,998,NOT_YET_VERIFIED,NOT_YET_EXECUTED,NOT_YET_CREATED,NOT_APPLICABLE_BEFORE_IMPLEMENTATION
VVIP-GV1-0259,جدول 46,تصعيد تلقائي وتقارير backlog.,GENERAL_PRODUCT,P2,NOT_STARTED,docs/specifications/VVIP_TIGER_GLOBAL_EXECUTION_SPEC_FINAL_AR.md,999,NOT_YET_VERIFIED,NOT_YET_EXECUTED,NOT_YET_CREATED,NOT_APPLICABLE_BEFORE_IMPLEMENTATION
VVIP-GV1-0260,جدول 46,قياس CSAT بعد الإغلاق.,GENERAL_PRODUCT,P2,NOT_STARTED,docs/specifications/VVIP_TIGER_GLOBAL_EXECUTION_SPEC_FINAL_AR.md,1000,NOT_YET_VERIFIED,NOT_YET_EXECUTED,NOT_YET_CREATED,NOT_APPLICABLE_BEFORE_IMPLEMENTATION
VVIP-GV1-0261,جدول 46,"support_tickets, support_messages, sla_events, satisfaction.",MESSAGING_SUPPORT,P2,NOT_STARTED,docs/specifications/VVIP_TIGER_GLOBAL_EXECUTION_SPEC_FINAL_AR.md,1003,NOT_YET_VERIFIED,NOT_YET_EXECUTED,NOT_YET_CREATED,NOT_APPLICABLE_BEFORE_IMPLEMENTATION
VVIP-GV1-0262,جدول 46,POST /support/tickets، admin queue APIs.,MESSAGING_SUPPORT,P2,NOT_STARTED,docs/specifications/VVIP_TIGER_GLOBAL_EXECUTION_SPEC_FINAL_AR.md,1004,NOT_YET_VERIFIED,NOT_YET_EXECUTED,NOT_YET_CREATED,NOT_APPLICABLE_BEFORE_IMPLEMENTATION
VVIP-GV1-0263,جدول 46,عزل الدول والأدوار، redaction للبيانات الحساسة.,DATA_DATABASE,P2,NOT_STARTED,docs/specifications/VVIP_TIGER_GLOBAL_EXECUTION_SPEC_FINAL_AR.md,1007,NOT_YET_VERIFIED,NOT_YET_EXECUTED,NOT_YET_CREATED,NOT_APPLICABLE_BEFORE_IMPLEMENTATION
VVIP-GV1-0264,جدول 46,SLA breach، reassignment، user attachment، closed reopen.,GENERAL_PRODUCT,P2,NOT_STARTED,docs/specifications/VVIP_TIGER_GLOBAL_EXECUTION_SPEC_FINAL_AR.md,1010,NOT_YET_VERIFIED,NOT_YET_EXECUTED,NOT_YET_CREATED,NOT_APPLICABLE_BEFORE_IMPLEMENTATION
VVIP-GV1-0265,جدول 46,المستخدم يرى الحالة.,IDENTITY_ACCESS,P0,NOT_STARTED,docs/specifications/VVIP_TIGER_GLOBAL_EXECUTION_SPEC_FINAL_AR.md,1013,NOT_YET_VERIFIED,NOT_YET_EXECUTED,NOT_YET_CREATED,NOT_APPLICABLE_BEFORE_IMPLEMENTATION
VVIP-GV1-0266,جدول 46,كل تجاوز SLA يظهر في التقرير.,GENERAL_PRODUCT,P2,NOT_STARTED,docs/specifications/VVIP_TIGER_GLOBAL_EXECUTION_SPEC_FINAL_AR.md,1014,NOT_YET_VERIFIED,NOT_YET_EXECUTED,NOT_YET_CREATED,NOT_APPLICABLE_BEFORE_IMPLEMENTATION
VVIP-GV1-0267,جدول 46,User portal، agent console، reports، runbook.,GENERAL_PRODUCT,P2,NOT_STARTED,docs/specifications/VVIP_TIGER_GLOBAL_EXECUTION_SPEC_FINAL_AR.md,1017,NOT_YET_VERIFIED,NOT_YET_EXECUTED,NOT_YET_CREATED,NOT_APPLICABLE_BEFORE_IMPLEMENTATION
VVIP-GV1-0268,جدول 48,تعريف roles وpermissions كبيانات versioned.,IDENTITY_ACCESS,P0,NOT_STARTED,docs/specifications/VVIP_TIGER_GLOBAL_EXECUTION_SPEC_FINAL_AR.md,1041,NOT_YET_VERIFIED,NOT_YET_EXECUTED,NOT_YET_CREATED,NOT_APPLICABLE_BEFORE_IMPLEMENTATION
VVIP-GV1-0269,جدول 48,إنشاء scoped assignments: global/country/region/sector.,GENERAL_PRODUCT,P2,NOT_STARTED,docs/specifications/VVIP_TIGER_GLOBAL_EXECUTION_SPEC_FINAL_AR.md,1042,NOT_YET_VERIFIED,NOT_YET_EXECUTED,NOT_YET_CREATED,NOT_APPLICABLE_BEFORE_IMPLEMENTATION
VVIP-GV1-0270,جدول 48,فحص الصلاحية server-side لكل action.,GENERAL_PRODUCT,P2,NOT_STARTED,docs/specifications/VVIP_TIGER_GLOBAL_EXECUTION_SPEC_FINAL_AR.md,1043,NOT_YET_VERIFIED,NOT_YET_EXECUTED,NOT_YET_CREATED,NOT_APPLICABLE_BEFORE_IMPLEMENTATION
VVIP-GV1-0271,جدول 48,MFA وstep-up للأفعال الحرجة.,SECURITY_PRIVACY,P0,NOT_STARTED,docs/specifications/VVIP_TIGER_GLOBAL_EXECUTION_SPEC_FINAL_AR.md,1044,NOT_YET_VERIFIED,NOT_YET_EXECUTED,NOT_YET_CREATED,NOT_APPLICABLE_BEFORE_IMPLEMENTATION
VVIP-GV1-0272,جدول 48,Audit before/after values.,GENERAL_PRODUCT,P2,NOT_STARTED,docs/specifications/VVIP_TIGER_GLOBAL_EXECUTION_SPEC_FINAL_AR.md,1045,NOT_YET_VERIFIED,NOT_YET_EXECUTED,NOT_YET_CREATED,NOT_APPLICABLE_BEFORE_IMPLEMENTATION
VVIP-GV1-0273,جدول 48,فصل duty للمالية والاستئناف.,GENERAL_PRODUCT,P2,NOT_STARTED,docs/specifications/VVIP_TIGER_GLOBAL_EXECUTION_SPEC_FINAL_AR.md,1046,NOT_YET_VERIFIED,NOT_YET_EXECUTED,NOT_YET_CREATED,NOT_APPLICABLE_BEFORE_IMPLEMENTATION
VVIP-GV1-0274,جدول 48,"roles, permissions, role_bindings, admin_actions.",IDENTITY_ACCESS,P0,NOT_STARTED,docs/specifications/VVIP_TIGER_GLOBAL_EXECUTION_SPEC_FINAL_AR.md,1049,NOT_YET_VERIFIED,NOT_YET_EXECUTED,NOT_YET_CREATED,NOT_APPLICABLE_BEFORE_IMPLEMENTATION
VVIP-GV1-0275,جدول 48,GET /admin/me/permissions، privileged APIs.,IDENTITY_ACCESS,P0,NOT_STARTED,docs/specifications/VVIP_TIGER_GLOBAL_EXECUTION_SPEC_FINAL_AR.md,1050,NOT_YET_VERIFIED,NOT_YET_EXECUTED,NOT_YET_CREATED,NOT_APPLICABLE_BEFORE_IMPLEMENTATION
VVIP-GV1-0276,جدول 48,Least privilege، just-in-time عند الحاجة، no shared accounts.,IDENTITY_ACCESS,P0,NOT_STARTED,docs/specifications/VVIP_TIGER_GLOBAL_EXECUTION_SPEC_FINAL_AR.md,1053,NOT_YET_VERIFIED,NOT_YET_EXECUTED,NOT_YET_CREATED,NOT_APPLICABLE_BEFORE_IMPLEMENTATION
VVIP-GV1-0277,جدول 48,كل دور وكل scope، revoked role، expired session، step-up.,IDENTITY_ACCESS,P0,NOT_STARTED,docs/specifications/VVIP_TIGER_GLOBAL_EXECUTION_SPEC_FINAL_AR.md,1056,NOT_YET_VERIFIED,NOT_YET_EXECUTED,NOT_YET_CREATED,NOT_APPLICABLE_BEFORE_IMPLEMENTATION
VVIP-GV1-0278,جدول 48,لا API إدارية تعتمد على إخفاء زر.,UX_ACCESSIBILITY,P2,NOT_STARTED,docs/specifications/VVIP_TIGER_GLOBAL_EXECUTION_SPEC_FINAL_AR.md,1059,NOT_YET_VERIFIED,NOT_YET_EXECUTED,NOT_YET_CREATED,NOT_APPLICABLE_BEFORE_IMPLEMENTATION
VVIP-GV1-0279,جدول 48,كل فعل حساس مسجل.,OPERATIONS_RELEASE,P2,NOT_STARTED,docs/specifications/VVIP_TIGER_GLOBAL_EXECUTION_SPEC_FINAL_AR.md,1060,NOT_YET_VERIFIED,NOT_YET_EXECUTED,NOT_YET_CREATED,NOT_APPLICABLE_BEFORE_IMPLEMENTATION
VVIP-GV1-0280,جدول 48,RBAC matrix، middleware، admin UI، tests.,UX_ACCESSIBILITY,P2,NOT_STARTED,docs/specifications/VVIP_TIGER_GLOBAL_EXECUTION_SPEC_FINAL_AR.md,1063,NOT_YET_VERIFIED,NOT_YET_EXECUTED,NOT_YET_CREATED,NOT_APPLICABLE_BEFORE_IMPLEMENTATION
VVIP-GV1-0281,جدول 51,إنشاء plans/features/entitlements.,GENERAL_PRODUCT,P2,NOT_STARTED,docs/specifications/VVIP_TIGER_GLOBAL_EXECUTION_SPEC_FINAL_AR.md,1098,NOT_YET_VERIFIED,NOT_YET_EXECUTED,NOT_YET_CREATED,NOT_APPLICABLE_BEFORE_IMPLEMENTATION
VVIP-GV1-0282,جدول 51,حساب effective entitlement من subscription وgrace.,IDENTITY_ACCESS,P0,NOT_STARTED,docs/specifications/VVIP_TIGER_GLOBAL_EXECUTION_SPEC_FINAL_AR.md,1099,NOT_YET_VERIFIED,NOT_YET_EXECUTED,NOT_YET_CREATED,NOT_APPLICABLE_BEFORE_IMPLEMENTATION
VVIP-GV1-0283,جدول 51,فرض الحدود عند API.,GENERAL_PRODUCT,P2,NOT_STARTED,docs/specifications/VVIP_TIGER_GLOBAL_EXECUTION_SPEC_FINAL_AR.md,1100,NOT_YET_VERIFIED,NOT_YET_EXECUTED,NOT_YET_CREATED,NOT_APPLICABLE_BEFORE_IMPLEMENTATION
VVIP-GV1-0284,جدول 51,Metering للإعلانات والترقيات.,LISTINGS_MARKETPLACE,P2,NOT_STARTED,docs/specifications/VVIP_TIGER_GLOBAL_EXECUTION_SPEC_FINAL_AR.md,1101,NOT_YET_VERIFIED,NOT_YET_EXECUTED,NOT_YET_CREATED,NOT_APPLICABLE_BEFORE_IMPLEMENTATION
VVIP-GV1-0285,جدول 51,تاريخ تغييرات الأسعار دون تغيير المشترك القديم إلا بسياسة.,GENERAL_PRODUCT,P2,NOT_STARTED,docs/specifications/VVIP_TIGER_GLOBAL_EXECUTION_SPEC_FINAL_AR.md,1102,NOT_YET_VERIFIED,NOT_YET_EXECUTED,NOT_YET_CREATED,NOT_APPLICABLE_BEFORE_IMPLEMENTATION
VVIP-GV1-0286,جدول 51,"plans, plan_prices, subscriptions, entitlements, usage_counters.",PAYMENTS_BILLING,P0,NOT_STARTED,docs/specifications/VVIP_TIGER_GLOBAL_EXECUTION_SPEC_FINAL_AR.md,1105,NOT_YET_VERIFIED,NOT_YET_EXECUTED,NOT_YET_CREATED,NOT_APPLICABLE_BEFORE_IMPLEMENTATION
VVIP-GV1-0287,جدول 51,GET /billing/entitlements.,PAYMENTS_BILLING,P0,NOT_STARTED,docs/specifications/VVIP_TIGER_GLOBAL_EXECUTION_SPEC_FINAL_AR.md,1106,NOT_YET_VERIFIED,NOT_YET_EXECUTED,NOT_YET_CREATED,NOT_APPLICABLE_BEFORE_IMPLEMENTATION
VVIP-GV1-0288,جدول 51,منع تزوير الباقة client-side.,GENERAL_PRODUCT,P2,NOT_STARTED,docs/specifications/VVIP_TIGER_GLOBAL_EXECUTION_SPEC_FINAL_AR.md,1109,NOT_YET_VERIFIED,NOT_YET_EXECUTED,NOT_YET_CREATED,NOT_APPLICABLE_BEFORE_IMPLEMENTATION
VVIP-GV1-0289,جدول 51,Audit لتعديلات الخطة.,GENERAL_PRODUCT,P2,NOT_STARTED,docs/specifications/VVIP_TIGER_GLOBAL_EXECUTION_SPEC_FINAL_AR.md,1110,NOT_YET_VERIFIED,NOT_YET_EXECUTED,NOT_YET_CREATED,NOT_APPLICABLE_BEFORE_IMPLEMENTATION
VVIP-GV1-0290,جدول 51,Upgrade/downgrade، expired، grace، limit race.,GENERAL_PRODUCT,P2,NOT_STARTED,docs/specifications/VVIP_TIGER_GLOBAL_EXECUTION_SPEC_FINAL_AR.md,1113,NOT_YET_VERIFIED,NOT_YET_EXECUTED,NOT_YET_CREATED,NOT_APPLICABLE_BEFORE_IMPLEMENTATION
VVIP-GV1-0291,جدول 51,لا يمكن تجاوز الحد بطلبات متزامنة.,GENERAL_PRODUCT,P2,NOT_STARTED,docs/specifications/VVIP_TIGER_GLOBAL_EXECUTION_SPEC_FINAL_AR.md,1116,NOT_YET_VERIFIED,NOT_YET_EXECUTED,NOT_YET_CREATED,NOT_APPLICABLE_BEFORE_IMPLEMENTATION
VVIP-GV1-0292,جدول 51,واجهة توضح السبب والترقية.,UX_ACCESSIBILITY,P2,NOT_STARTED,docs/specifications/VVIP_TIGER_GLOBAL_EXECUTION_SPEC_FINAL_AR.md,1117,NOT_YET_VERIFIED,NOT_YET_EXECUTED,NOT_YET_CREATED,NOT_APPLICABLE_BEFORE_IMPLEMENTATION
VVIP-GV1-0293,جدول 51,Billing domain، UI، tests، price book.,UX_ACCESSIBILITY,P2,NOT_STARTED,docs/specifications/VVIP_TIGER_GLOBAL_EXECUTION_SPEC_FINAL_AR.md,1120,NOT_YET_VERIFIED,NOT_YET_EXECUTED,NOT_YET_CREATED,NOT_APPLICABLE_BEFORE_IMPLEMENTATION
VVIP-GV1-0294,جدول 53,إنشاء checkout session server-side.,GENERAL_PRODUCT,P2,NOT_STARTED,docs/specifications/VVIP_TIGER_GLOBAL_EXECUTION_SPEC_FINAL_AR.md,1144,NOT_YET_VERIFIED,NOT_YET_EXECUTED,NOT_YET_CREATED,NOT_APPLICABLE_BEFORE_IMPLEMENTATION
VVIP-GV1-0295,جدول 53,ربط customer/subscription ids داخليًا.,PAYMENTS_BILLING,P0,NOT_STARTED,docs/specifications/VVIP_TIGER_GLOBAL_EXECUTION_SPEC_FINAL_AR.md,1145,NOT_YET_VERIFIED,NOT_YET_EXECUTED,NOT_YET_CREATED,NOT_APPLICABLE_BEFORE_IMPLEMENTATION
VVIP-GV1-0296,جدول 53,التحقق من webhook signature وidempotency.,GENERAL_PRODUCT,P2,NOT_STARTED,docs/specifications/VVIP_TIGER_GLOBAL_EXECUTION_SPEC_FINAL_AR.md,1146,NOT_YET_VERIFIED,NOT_YET_EXECUTED,NOT_YET_CREATED,NOT_APPLICABLE_BEFORE_IMPLEMENTATION
VVIP-GV1-0297,جدول 53,حفظ ledger entries غير قابلة للتعديل.,GENERAL_PRODUCT,P2,NOT_STARTED,docs/specifications/VVIP_TIGER_GLOBAL_EXECUTION_SPEC_FINAL_AR.md,1147,NOT_YET_VERIFIED,NOT_YET_EXECUTED,NOT_YET_CREATED,NOT_APPLICABLE_BEFORE_IMPLEMENTATION
VVIP-GV1-0298,جدول 53,معالجة success/failure/refund/chargeback.,AI_AUTOMATION,P2,NOT_STARTED,docs/specifications/VVIP_TIGER_GLOBAL_EXECUTION_SPEC_FINAL_AR.md,1148,NOT_YET_VERIFIED,NOT_YET_EXECUTED,NOT_YET_CREATED,NOT_APPLICABLE_BEFORE_IMPLEMENTATION
VVIP-GV1-0299,جدول 53,reconciliation job يومي.,GENERAL_PRODUCT,P2,NOT_STARTED,docs/specifications/VVIP_TIGER_GLOBAL_EXECUTION_SPEC_FINAL_AR.md,1149,NOT_YET_VERIFIED,NOT_YET_EXECUTED,NOT_YET_CREATED,NOT_APPLICABLE_BEFORE_IMPLEMENTATION
VVIP-GV1-0300,جدول 53,فواتير وضريبة حسب الإعداد.,GENERAL_PRODUCT,P2,NOT_STARTED,docs/specifications/VVIP_TIGER_GLOBAL_EXECUTION_SPEC_FINAL_AR.md,1150,NOT_YET_VERIFIED,NOT_YET_EXECUTED,NOT_YET_CREATED,NOT_APPLICABLE_BEFORE_IMPLEMENTATION
VVIP-GV1-0301,جدول 53,"payment_customers, payment_events, ledger_entries, invoices, refunds.",PAYMENTS_BILLING,P0,NOT_STARTED,docs/specifications/VVIP_TIGER_GLOBAL_EXECUTION_SPEC_FINAL_AR.md,1153,NOT_YET_VERIFIED,NOT_YET_EXECUTED,NOT_YET_CREATED,NOT_APPLICABLE_BEFORE_IMPLEMENTATION
VVIP-GV1-0302,جدول 53,POST /checkout، POST /webhooks/payment، billing portal.,PAYMENTS_BILLING,P0,NOT_STARTED,docs/specifications/VVIP_TIGER_GLOBAL_EXECUTION_SPEC_FINAL_AR.md,1154,NOT_YET_VERIFIED,NOT_YET_EXECUTED,NOT_YET_CREATED,NOT_APPLICABLE_BEFORE_IMPLEMENTATION
VVIP-GV1-0303,جدول 53,لا بيانات بطاقة.,DATA_DATABASE,P2,NOT_STARTED,docs/specifications/VVIP_TIGER_GLOBAL_EXECUTION_SPEC_FINAL_AR.md,1157,NOT_YET_VERIFIED,NOT_YET_EXECUTED,NOT_YET_CREATED,NOT_APPLICABLE_BEFORE_IMPLEMENTATION
VVIP-GV1-0304,جدول 53,Secrets server-side.,GENERAL_PRODUCT,P2,NOT_STARTED,docs/specifications/VVIP_TIGER_GLOBAL_EXECUTION_SPEC_FINAL_AR.md,1158,NOT_YET_VERIFIED,NOT_YET_EXECUTED,NOT_YET_CREATED,NOT_APPLICABLE_BEFORE_IMPLEMENTATION
VVIP-GV1-0305,جدول 53,Replay protection.,GENERAL_PRODUCT,P2,NOT_STARTED,docs/specifications/VVIP_TIGER_GLOBAL_EXECUTION_SPEC_FINAL_AR.md,1159,NOT_YET_VERIFIED,NOT_YET_EXECUTED,NOT_YET_CREATED,NOT_APPLICABLE_BEFORE_IMPLEMENTATION
VVIP-GV1-0306,جدول 53,Finance role separated.,IDENTITY_ACCESS,P0,NOT_STARTED,docs/specifications/VVIP_TIGER_GLOBAL_EXECUTION_SPEC_FINAL_AR.md,1160,NOT_YET_VERIFIED,NOT_YET_EXECUTED,NOT_YET_CREATED,NOT_APPLICABLE_BEFORE_IMPLEMENTATION
VVIP-GV1-0307,جدول 53,Duplicate webhook، out-of-order events، refund، chargeback، failure.,AI_AUTOMATION,P2,NOT_STARTED,docs/specifications/VVIP_TIGER_GLOBAL_EXECUTION_SPEC_FINAL_AR.md,1163,NOT_YET_VERIFIED,NOT_YET_EXECUTED,NOT_YET_CREATED,NOT_APPLICABLE_BEFORE_IMPLEMENTATION
VVIP-GV1-0308,جدول 53,كل دفعة تطابق المزود والLedger.,PAYMENTS_BILLING,P0,NOT_STARTED,docs/specifications/VVIP_TIGER_GLOBAL_EXECUTION_SPEC_FINAL_AR.md,1166,NOT_YET_VERIFIED,NOT_YET_EXECUTED,NOT_YET_CREATED,NOT_APPLICABLE_BEFORE_IMPLEMENTATION
VVIP-GV1-0309,جدول 53,لا Entitlement قبل حدث موثوق.,GENERAL_PRODUCT,P2,NOT_STARTED,docs/specifications/VVIP_TIGER_GLOBAL_EXECUTION_SPEC_FINAL_AR.md,1167,NOT_YET_VERIFIED,NOT_YET_EXECUTED,NOT_YET_CREATED,NOT_APPLICABLE_BEFORE_IMPLEMENTATION
VVIP-GV1-0310,جدول 53,Integration، webhook logs، reconciliation report، runbook.,GENERAL_PRODUCT,P2,NOT_STARTED,docs/specifications/VVIP_TIGER_GLOBAL_EXECUTION_SPEC_FINAL_AR.md,1170,NOT_YET_VERIFIED,NOT_YET_EXECUTED,NOT_YET_CREATED,NOT_APPLICABLE_BEFORE_IMPLEMENTATION
VVIP-GV1-0311,جدول 56,استخراج كل النصوص إلى keys.,GENERAL_PRODUCT,P2,NOT_STARTED,docs/specifications/VVIP_TIGER_GLOBAL_EXECUTION_SPEC_FINAL_AR.md,1205,NOT_YET_VERIFIED,NOT_YET_EXECUTED,NOT_YET_CREATED,NOT_APPLICABLE_BEFORE_IMPLEMENTATION
VVIP-GV1-0312,جدول 56,دعم plural/gender/date/currency formatting.,MESSAGING_SUPPORT,P2,NOT_STARTED,docs/specifications/VVIP_TIGER_GLOBAL_EXECUTION_SPEC_FINAL_AR.md,1206,NOT_YET_VERIFIED,NOT_YET_EXECUTED,NOT_YET_CREATED,NOT_APPLICABLE_BEFORE_IMPLEMENTATION
VVIP-GV1-0313,جدول 56,RTL/LTR switch دون CSS forks.,UX_ACCESSIBILITY,P2,NOT_STARTED,docs/specifications/VVIP_TIGER_GLOBAL_EXECUTION_SPEC_FINAL_AR.md,1207,NOT_YET_VERIFIED,NOT_YET_EXECUTED,NOT_YET_CREATED,NOT_APPLICABLE_BEFORE_IMPLEMENTATION
VVIP-GV1-0314,جدول 56,ترجمة email/push/legal.,AI_AUTOMATION,P2,NOT_STARTED,docs/specifications/VVIP_TIGER_GLOBAL_EXECUTION_SPEC_FINAL_AR.md,1208,NOT_YET_VERIFIED,NOT_YET_EXECUTED,NOT_YET_CREATED,NOT_APPLICABLE_BEFORE_IMPLEMENTATION
VVIP-GV1-0315,جدول 56,"WCAG keyboard, labels, contrast, focus, reduced motion.",UX_ACCESSIBILITY,P2,NOT_STARTED,docs/specifications/VVIP_TIGER_GLOBAL_EXECUTION_SPEC_FINAL_AR.md,1209,NOT_YET_VERIFIED,NOT_YET_EXECUTED,NOT_YET_CREATED,NOT_APPLICABLE_BEFORE_IMPLEMENTATION
VVIP-GV1-0316,جدول 56,translation catalog versioned، locale fallback.,AI_AUTOMATION,P2,NOT_STARTED,docs/specifications/VVIP_TIGER_GLOBAL_EXECUTION_SPEC_FINAL_AR.md,1212,NOT_YET_VERIFIED,NOT_YET_EXECUTED,NOT_YET_CREATED,NOT_APPLICABLE_BEFORE_IMPLEMENTATION
VVIP-GV1-0317,جدول 56,عدم وضع بيانات حساسة في نصوص client logs.,DATA_DATABASE,P2,NOT_STARTED,docs/specifications/VVIP_TIGER_GLOBAL_EXECUTION_SPEC_FINAL_AR.md,1215,NOT_YET_VERIFIED,NOT_YET_EXECUTED,NOT_YET_CREATED,NOT_APPLICABLE_BEFORE_IMPLEMENTATION
VVIP-GV1-0318,جدول 56,Pseudo-localization، long text، screen reader، keyboard.,GENERAL_PRODUCT,P2,NOT_STARTED,docs/specifications/VVIP_TIGER_GLOBAL_EXECUTION_SPEC_FINAL_AR.md,1218,NOT_YET_VERIFIED,NOT_YET_EXECUTED,NOT_YET_CREATED,NOT_APPLICABLE_BEFORE_IMPLEMENTATION
VVIP-GV1-0319,جدول 56,لا نص hard-coded في المسارات الرئيسية.,GENERAL_PRODUCT,P2,NOT_STARTED,docs/specifications/VVIP_TIGER_GLOBAL_EXECUTION_SPEC_FINAL_AR.md,1221,NOT_YET_VERIFIED,NOT_YET_EXECUTED,NOT_YET_CREATED,NOT_APPLICABLE_BEFORE_IMPLEMENTATION
VVIP-GV1-0320,جدول 56,اجتياز تدقيق الوصول المستهدف.,GENERAL_PRODUCT,P2,NOT_STARTED,docs/specifications/VVIP_TIGER_GLOBAL_EXECUTION_SPEC_FINAL_AR.md,1222,NOT_YET_VERIFIED,NOT_YET_EXECUTED,NOT_YET_CREATED,NOT_APPLICABLE_BEFORE_IMPLEMENTATION
VVIP-GV1-0321,جدول 56,Catalog، style fixes، accessibility report.,UX_ACCESSIBILITY,P1,NOT_STARTED,docs/specifications/VVIP_TIGER_GLOBAL_EXECUTION_SPEC_FINAL_AR.md,1225,NOT_YET_VERIFIED,NOT_YET_EXECUTED,NOT_YET_CREATED,NOT_APPLICABLE_BEFORE_IMPLEMENTATION
VVIP-GV1-0322,جدول 58,Manifest وicons وservice worker.,GENERAL_PRODUCT,P2,NOT_STARTED,docs/specifications/VVIP_TIGER_GLOBAL_EXECUTION_SPEC_FINAL_AR.md,1249,NOT_YET_VERIFIED,NOT_YET_EXECUTED,NOT_YET_CREATED,NOT_APPLICABLE_BEFORE_IMPLEMENTATION
VVIP-GV1-0323,جدول 58,Cache shell فقط وعدم cache لبيانات خاصة بلا سياسة.,DATA_DATABASE,P2,NOT_STARTED,docs/specifications/VVIP_TIGER_GLOBAL_EXECUTION_SPEC_FINAL_AR.md,1250,NOT_YET_VERIFIED,NOT_YET_EXECUTED,NOT_YET_CREATED,NOT_APPLICABLE_BEFORE_IMPLEMENTATION
VVIP-GV1-0324,جدول 58,update prompt وversion handling.,GENERAL_PRODUCT,P2,NOT_STARTED,docs/specifications/VVIP_TIGER_GLOBAL_EXECUTION_SPEC_FINAL_AR.md,1251,NOT_YET_VERIFIED,NOT_YET_EXECUTED,NOT_YET_CREATED,NOT_APPLICABLE_BEFORE_IMPLEMENTATION
VVIP-GV1-0325,جدول 58,Push permission UX.,IDENTITY_ACCESS,P0,NOT_STARTED,docs/specifications/VVIP_TIGER_GLOBAL_EXECUTION_SPEC_FINAL_AR.md,1252,NOT_YET_VERIFIED,NOT_YET_EXECUTED,NOT_YET_CREATED,NOT_APPLICABLE_BEFORE_IMPLEMENTATION
VVIP-GV1-0326,جدول 58,Deep links والكاميرا والرفع وsafe area.,GENERAL_PRODUCT,P2,NOT_STARTED,docs/specifications/VVIP_TIGER_GLOBAL_EXECUTION_SPEC_FINAL_AR.md,1253,NOT_YET_VERIFIED,NOT_YET_EXECUTED,NOT_YET_CREATED,NOT_APPLICABLE_BEFORE_IMPLEMENTATION
VVIP-GV1-0327,جدول 58,اختبار أجهزة متوسطة وiOS/Android.,GENERAL_PRODUCT,P1,NOT_STARTED,docs/specifications/VVIP_TIGER_GLOBAL_EXECUTION_SPEC_FINAL_AR.md,1254,NOT_YET_VERIFIED,NOT_YET_EXECUTED,NOT_YET_CREATED,NOT_APPLICABLE_BEFORE_IMPLEMENTATION
VVIP-GV1-0328,جدول 58,push_subscriptions، device_installations.,PAYMENTS_BILLING,P0,NOT_STARTED,docs/specifications/VVIP_TIGER_GLOBAL_EXECUTION_SPEC_FINAL_AR.md,1257,NOT_YET_VERIFIED,NOT_YET_EXECUTED,NOT_YET_CREATED,NOT_APPLICABLE_BEFORE_IMPLEMENTATION
VVIP-GV1-0329,جدول 58,لا تخزين tokens حساسة في cache.,DATA_DATABASE,P2,NOT_STARTED,docs/specifications/VVIP_TIGER_GLOBAL_EXECUTION_SPEC_FINAL_AR.md,1260,NOT_YET_VERIFIED,NOT_YET_EXECUTED,NOT_YET_CREATED,NOT_APPLICABLE_BEFORE_IMPLEMENTATION
VVIP-GV1-0330,جدول 58,Logout يمسح البيانات المحلية.,DATA_DATABASE,P2,NOT_STARTED,docs/specifications/VVIP_TIGER_GLOBAL_EXECUTION_SPEC_FINAL_AR.md,1261,NOT_YET_VERIFIED,NOT_YET_EXECUTED,NOT_YET_CREATED,NOT_APPLICABLE_BEFORE_IMPLEMENTATION
VVIP-GV1-0331,جدول 58,Offline، update، revoked push، low memory، interrupted upload.,PERFORMANCE_SCALE,P2,NOT_STARTED,docs/specifications/VVIP_TIGER_GLOBAL_EXECUTION_SPEC_FINAL_AR.md,1264,NOT_YET_VERIFIED,NOT_YET_EXECUTED,NOT_YET_CREATED,NOT_APPLICABLE_BEFORE_IMPLEMENTATION
VVIP-GV1-0332,جدول 58,المسار الرئيسي يعمل على الهاتف.,GENERAL_PRODUCT,P2,NOT_STARTED,docs/specifications/VVIP_TIGER_GLOBAL_EXECUTION_SPEC_FINAL_AR.md,1267,NOT_YET_VERIFIED,NOT_YET_EXECUTED,NOT_YET_CREATED,NOT_APPLICABLE_BEFORE_IMPLEMENTATION
VVIP-GV1-0333,جدول 58,لا stale private data بعد logout.,GENERAL_PRODUCT,P2,NOT_STARTED,docs/specifications/VVIP_TIGER_GLOBAL_EXECUTION_SPEC_FINAL_AR.md,1268,NOT_YET_VERIFIED,NOT_YET_EXECUTED,NOT_YET_CREATED,NOT_APPLICABLE_BEFORE_IMPLEMENTATION
VVIP-GV1-0334,جدول 58,PWA files، mobile QA matrix، install guide.,UX_ACCESSIBILITY,P2,NOT_STARTED,docs/specifications/VVIP_TIGER_GLOBAL_EXECUTION_SPEC_FINAL_AR.md,1271,NOT_YET_VERIFIED,NOT_YET_EXECUTED,NOT_YET_CREATED,NOT_APPLICABLE_BEFORE_IMPLEMENTATION
VVIP-GV1-0335,جدول 60,إضافة metrics/traces/log correlation.,GENERAL_PRODUCT,P2,NOT_STARTED,docs/specifications/VVIP_TIGER_GLOBAL_EXECUTION_SPEC_FINAL_AR.md,1295,NOT_YET_VERIFIED,NOT_YET_EXECUTED,NOT_YET_CREATED,NOT_APPLICABLE_BEFORE_IMPLEMENTATION
VVIP-GV1-0336,جدول 60,تحديد SLO وalerts.,GENERAL_PRODUCT,P2,NOT_STARTED,docs/specifications/VVIP_TIGER_GLOBAL_EXECUTION_SPEC_FINAL_AR.md,1296,NOT_YET_VERIFIED,NOT_YET_EXECUTED,NOT_YET_CREATED,NOT_APPLICABLE_BEFORE_IMPLEMENTATION
VVIP-GV1-0337,جدول 60,Load/soak tests بسيناريوهات حقيقية.,PERFORMANCE_SCALE,P2,NOT_STARTED,docs/specifications/VVIP_TIGER_GLOBAL_EXECUTION_SPEC_FINAL_AR.md,1297,NOT_YET_VERIFIED,NOT_YET_EXECUTED,NOT_YET_CREATED,NOT_APPLICABLE_BEFORE_IMPLEMENTATION
VVIP-GV1-0338,جدول 60,تحسين indexes وN+1 والصور.,GENERAL_PRODUCT,P2,NOT_STARTED,docs/specifications/VVIP_TIGER_GLOBAL_EXECUTION_SPEC_FINAL_AR.md,1298,NOT_YET_VERIFIED,NOT_YET_EXECUTED,NOT_YET_CREATED,NOT_APPLICABLE_BEFORE_IMPLEMENTATION
VVIP-GV1-0339,جدول 60,Queues مع retry وdead-letter.,GENERAL_PRODUCT,P2,NOT_STARTED,docs/specifications/VVIP_TIGER_GLOBAL_EXECUTION_SPEC_FINAL_AR.md,1299,NOT_YET_VERIFIED,NOT_YET_EXECUTED,NOT_YET_CREATED,NOT_APPLICABLE_BEFORE_IMPLEMENTATION
VVIP-GV1-0340,جدول 60,Autoscaling وcost budgets.,GENERAL_PRODUCT,P2,NOT_STARTED,docs/specifications/VVIP_TIGER_GLOBAL_EXECUTION_SPEC_FINAL_AR.md,1300,NOT_YET_VERIFIED,NOT_YET_EXECUTED,NOT_YET_CREATED,NOT_APPLICABLE_BEFORE_IMPLEMENTATION
VVIP-GV1-0341,جدول 60,CDN/WAF tuning.,GENERAL_PRODUCT,P2,NOT_STARTED,docs/specifications/VVIP_TIGER_GLOBAL_EXECUTION_SPEC_FINAL_AR.md,1301,NOT_YET_VERIFIED,NOT_YET_EXECUTED,NOT_YET_CREATED,NOT_APPLICABLE_BEFORE_IMPLEMENTATION
VVIP-GV1-0342,جدول 60,"operational_metrics, alert_rules, performance budgets.",PERFORMANCE_SCALE,P1,NOT_STARTED,docs/specifications/VVIP_TIGER_GLOBAL_EXECUTION_SPEC_FINAL_AR.md,1304,NOT_YET_VERIFIED,NOT_YET_EXECUTED,NOT_YET_CREATED,NOT_APPLICABLE_BEFORE_IMPLEMENTATION
VVIP-GV1-0343,جدول 60,تنقيح logs من PII، حماية dashboards.,SECURITY_PRIVACY,P0,NOT_STARTED,docs/specifications/VVIP_TIGER_GLOBAL_EXECUTION_SPEC_FINAL_AR.md,1307,NOT_YET_VERIFIED,NOT_YET_EXECUTED,NOT_YET_CREATED,NOT_APPLICABLE_BEFORE_IMPLEMENTATION
VVIP-GV1-0344,جدول 60,Load peak، provider outage، queue backlog، DB failover.,PERFORMANCE_SCALE,P2,NOT_STARTED,docs/specifications/VVIP_TIGER_GLOBAL_EXECUTION_SPEC_FINAL_AR.md,1310,NOT_YET_VERIFIED,NOT_YET_EXECUTED,NOT_YET_CREATED,NOT_APPLICABLE_BEFORE_IMPLEMENTATION
VVIP-GV1-0345,جدول 60,تحقيق SLO مثبتًا بأدلة قياس قبل الإطلاق العام.,OPERATIONS_RELEASE,P1,NOT_STARTED,docs/specifications/VVIP_TIGER_GLOBAL_EXECUTION_SPEC_FINAL_AR.md,1313,NOT_YET_VERIFIED,NOT_YET_EXECUTED,NOT_YET_CREATED,NOT_APPLICABLE_BEFORE_IMPLEMENTATION
VVIP-GV1-0346,جدول 60,تنبيه قابل للتنفيذ بلا ضوضاء مفرطة.,GENERAL_PRODUCT,P2,NOT_STARTED,docs/specifications/VVIP_TIGER_GLOBAL_EXECUTION_SPEC_FINAL_AR.md,1314,NOT_YET_VERIFIED,NOT_YET_EXECUTED,NOT_YET_CREATED,NOT_APPLICABLE_BEFORE_IMPLEMENTATION
VVIP-GV1-0347,جدول 60,Dashboards، load report، capacity plan، alerts.,PERFORMANCE_SCALE,P2,NOT_STARTED,docs/specifications/VVIP_TIGER_GLOBAL_EXECUTION_SPEC_FINAL_AR.md,1317,NOT_YET_VERIFIED,NOT_YET_EXECUTED,NOT_YET_CREATED,NOT_APPLICABLE_BEFORE_IMPLEMENTATION
VVIP-GV1-0348,جدول 63,تصنيف البيانات وpurpose/retention لكل حقل.,DATA_DATABASE,P2,NOT_STARTED,docs/specifications/VVIP_TIGER_GLOBAL_EXECUTION_SPEC_FINAL_AR.md,1352,NOT_YET_VERIFIED,NOT_YET_EXECUTED,NOT_YET_CREATED,NOT_APPLICABLE_BEFORE_IMPLEMENTATION
VVIP-GV1-0349,جدول 63,Consent records وcookie preferences.,GENERAL_PRODUCT,P2,NOT_STARTED,docs/specifications/VVIP_TIGER_GLOBAL_EXECUTION_SPEC_FINAL_AR.md,1353,NOT_YET_VERIFIED,NOT_YET_EXECUTED,NOT_YET_CREATED,NOT_APPLICABLE_BEFORE_IMPLEMENTATION
VVIP-GV1-0350,جدول 63,Data export job آمن.,GENERAL_PRODUCT,P2,NOT_STARTED,docs/specifications/VVIP_TIGER_GLOBAL_EXECUTION_SPEC_FINAL_AR.md,1354,NOT_YET_VERIFIED,NOT_YET_EXECUTED,NOT_YET_CREATED,NOT_APPLICABLE_BEFORE_IMPLEMENTATION
VVIP-GV1-0351,جدول 63,Deletion workflow مع cooling period وlegal holds.,GENERAL_PRODUCT,P2,NOT_STARTED,docs/specifications/VVIP_TIGER_GLOBAL_EXECUTION_SPEC_FINAL_AR.md,1355,NOT_YET_VERIFIED,NOT_YET_EXECUTED,NOT_YET_CREATED,NOT_APPLICABLE_BEFORE_IMPLEMENTATION
VVIP-GV1-0352,جدول 63,Vendor register وDPA.,GENERAL_PRODUCT,P2,NOT_STARTED,docs/specifications/VVIP_TIGER_GLOBAL_EXECUTION_SPEC_FINAL_AR.md,1356,NOT_YET_VERIFIED,NOT_YET_EXECUTED,NOT_YET_CREATED,NOT_APPLICABLE_BEFORE_IMPLEMENTATION
VVIP-GV1-0353,جدول 63,Age gate 18+ لـV1 ما لم يعتمد غير ذلك.,GENERAL_PRODUCT,P2,NOT_STARTED,docs/specifications/VVIP_TIGER_GLOBAL_EXECUTION_SPEC_FINAL_AR.md,1357,NOT_YET_VERIFIED,NOT_YET_EXECUTED,NOT_YET_CREATED,NOT_APPLICABLE_BEFORE_IMPLEMENTATION
VVIP-GV1-0354,جدول 63,"data_subject_requests, consents, retention_jobs, legal_holds.",GENERAL_PRODUCT,P2,NOT_STARTED,docs/specifications/VVIP_TIGER_GLOBAL_EXECUTION_SPEC_FINAL_AR.md,1360,NOT_YET_VERIFIED,NOT_YET_EXECUTED,NOT_YET_CREATED,NOT_APPLICABLE_BEFORE_IMPLEMENTATION
VVIP-GV1-0355,جدول 63,Identity verification لطلبات الحقوق.,IDENTITY_ACCESS,P0,NOT_STARTED,docs/specifications/VVIP_TIGER_GLOBAL_EXECUTION_SPEC_FINAL_AR.md,1363,NOT_YET_VERIFIED,NOT_YET_EXECUTED,NOT_YET_CREATED,NOT_APPLICABLE_BEFORE_IMPLEMENTATION
VVIP-GV1-0356,جدول 63,Encrypted exports قصيرة الصلاحية.,GENERAL_PRODUCT,P2,NOT_STARTED,docs/specifications/VVIP_TIGER_GLOBAL_EXECUTION_SPEC_FINAL_AR.md,1364,NOT_YET_VERIFIED,NOT_YET_EXECUTED,NOT_YET_CREATED,NOT_APPLICABLE_BEFORE_IMPLEMENTATION
VVIP-GV1-0357,جدول 63,Export، delete، hold، revoked consent، unauthorized request.,GENERAL_PRODUCT,P2,NOT_STARTED,docs/specifications/VVIP_TIGER_GLOBAL_EXECUTION_SPEC_FINAL_AR.md,1367,NOT_YET_VERIFIED,NOT_YET_EXECUTED,NOT_YET_CREATED,NOT_APPLICABLE_BEFORE_IMPLEMENTATION
VVIP-GV1-0358,جدول 63,طلب المستخدم قابل للتتبع ضمن SLA.,IDENTITY_ACCESS,P0,NOT_STARTED,docs/specifications/VVIP_TIGER_GLOBAL_EXECUTION_SPEC_FINAL_AR.md,1370,NOT_YET_VERIFIED,NOT_YET_EXECUTED,NOT_YET_CREATED,NOT_APPLICABLE_BEFORE_IMPLEMENTATION
VVIP-GV1-0359,جدول 63,لا حذف يخالف hold ولا احتفاظ بلا أساس.,GENERAL_PRODUCT,P2,NOT_STARTED,docs/specifications/VVIP_TIGER_GLOBAL_EXECUTION_SPEC_FINAL_AR.md,1371,NOT_YET_VERIFIED,NOT_YET_EXECUTED,NOT_YET_CREATED,NOT_APPLICABLE_BEFORE_IMPLEMENTATION
VVIP-GV1-0360,جدول 63,Policies، workflows، retention matrix، legal sign-off.,GENERAL_PRODUCT,P2,NOT_STARTED,docs/specifications/VVIP_TIGER_GLOBAL_EXECUTION_SPEC_FINAL_AR.md,1374,NOT_YET_VERIFIED,NOT_YET_EXECUTED,NOT_YET_CREATED,NOT_APPLICABLE_BEFORE_IMPLEMENTATION
VVIP-GV1-0361,جدول 65,Threat model لكل domain.,AI_AUTOMATION,P2,NOT_STARTED,docs/specifications/VVIP_TIGER_GLOBAL_EXECUTION_SPEC_FINAL_AR.md,1398,NOT_YET_VERIFIED,NOT_YET_EXECUTED,NOT_YET_CREATED,NOT_APPLICABLE_BEFORE_IMPLEMENTATION
VVIP-GV1-0362,جدول 65,SAST/DAST/dependency/secret scans.,GENERAL_PRODUCT,P2,NOT_STARTED,docs/specifications/VVIP_TIGER_GLOBAL_EXECUTION_SPEC_FINAL_AR.md,1399,NOT_YET_VERIFIED,NOT_YET_EXECUTED,NOT_YET_CREATED,NOT_APPLICABLE_BEFORE_IMPLEMENTATION
VVIP-GV1-0363,جدول 65,"اختبار authorization, XSS, CSRF, SSRF, upload, webhook.",SECURITY_PRIVACY,P0,NOT_STARTED,docs/specifications/VVIP_TIGER_GLOBAL_EXECUTION_SPEC_FINAL_AR.md,1400,NOT_YET_VERIFIED,NOT_YET_EXECUTED,NOT_YET_CREATED,NOT_APPLICABLE_BEFORE_IMPLEMENTATION
VVIP-GV1-0364,جدول 65,Penetration test خارجي.,GENERAL_PRODUCT,P2,NOT_STARTED,docs/specifications/VVIP_TIGER_GLOBAL_EXECUTION_SPEC_FINAL_AR.md,1401,NOT_YET_VERIFIED,NOT_YET_EXECUTED,NOT_YET_CREATED,NOT_APPLICABLE_BEFORE_IMPLEMENTATION
VVIP-GV1-0365,جدول 65,إصلاح findings حسب SLA.,GENERAL_PRODUCT,P2,NOT_STARTED,docs/specifications/VVIP_TIGER_GLOBAL_EXECUTION_SPEC_FINAL_AR.md,1402,NOT_YET_VERIFIED,NOT_YET_EXECUTED,NOT_YET_CREATED,NOT_APPLICABLE_BEFORE_IMPLEMENTATION
VVIP-GV1-0366,جدول 65,Security headers وWAF rules وrate limits.,SECURITY_PRIVACY,P0,NOT_STARTED,docs/specifications/VVIP_TIGER_GLOBAL_EXECUTION_SPEC_FINAL_AR.md,1403,NOT_YET_VERIFIED,NOT_YET_EXECUTED,NOT_YET_CREATED,NOT_APPLICABLE_BEFORE_IMPLEMENTATION
VVIP-GV1-0367,جدول 65,security_findings register، exception approvals.,SECURITY_PRIVACY,P0,NOT_STARTED,docs/specifications/VVIP_TIGER_GLOBAL_EXECUTION_SPEC_FINAL_AR.md,1406,NOT_YET_VERIFIED,NOT_YET_EXECUTED,NOT_YET_CREATED,NOT_APPLICABLE_BEFORE_IMPLEMENTATION
VVIP-GV1-0368,جدول 65,لا إغلاق finding critical/high دون دليل.,OPERATIONS_RELEASE,P0,NOT_STARTED,docs/specifications/VVIP_TIGER_GLOBAL_EXECUTION_SPEC_FINAL_AR.md,1409,NOT_YET_VERIFIED,NOT_YET_EXECUTED,NOT_YET_CREATED,NOT_APPLICABLE_BEFORE_IMPLEMENTATION
VVIP-GV1-0369,جدول 65,Abuse cases، credential stuffing، IDOR، replay، privilege escalation.,GENERAL_PRODUCT,P2,NOT_STARTED,docs/specifications/VVIP_TIGER_GLOBAL_EXECUTION_SPEC_FINAL_AR.md,1412,NOT_YET_VERIFIED,NOT_YET_EXECUTED,NOT_YET_CREATED,NOT_APPLICABLE_BEFORE_IMPLEMENTATION
VVIP-GV1-0370,جدول 65,لا Critical مفتوح.,GENERAL_PRODUCT,P0,NOT_STARTED,docs/specifications/VVIP_TIGER_GLOBAL_EXECUTION_SPEC_FINAL_AR.md,1415,NOT_YET_VERIFIED,NOT_YET_EXECUTED,NOT_YET_CREATED,NOT_APPLICABLE_BEFORE_IMPLEMENTATION
VVIP-GV1-0371,جدول 65,High إما مغلق أو risk acceptance رسمي محدود.,GENERAL_PRODUCT,P2,NOT_STARTED,docs/specifications/VVIP_TIGER_GLOBAL_EXECUTION_SPEC_FINAL_AR.md,1416,NOT_YET_VERIFIED,NOT_YET_EXECUTED,NOT_YET_CREATED,NOT_APPLICABLE_BEFORE_IMPLEMENTATION
VVIP-GV1-0372,جدول 65,Threat model، pentest report، remediation evidence.,GENERAL_PRODUCT,P2,NOT_STARTED,docs/specifications/VVIP_TIGER_GLOBAL_EXECUTION_SPEC_FINAL_AR.md,1419,NOT_YET_VERIFIED,NOT_YET_EXECUTED,NOT_YET_CREATED,NOT_APPLICABLE_BEFORE_IMPLEMENTATION
VVIP-GV1-0373,جدول 67,تعريف RPO/RTO.,GENERAL_PRODUCT,P2,NOT_STARTED,docs/specifications/VVIP_TIGER_GLOBAL_EXECUTION_SPEC_FINAL_AR.md,1443,NOT_YET_VERIFIED,NOT_YET_EXECUTED,NOT_YET_CREATED,NOT_APPLICABLE_BEFORE_IMPLEMENTATION
VVIP-GV1-0374,جدول 67,Backups مشفرة ومراقبة.,SECURITY_PRIVACY,P0,NOT_STARTED,docs/specifications/VVIP_TIGER_GLOBAL_EXECUTION_SPEC_FINAL_AR.md,1444,NOT_YET_VERIFIED,NOT_YET_EXECUTED,NOT_YET_CREATED,NOT_APPLICABLE_BEFORE_IMPLEMENTATION
VVIP-GV1-0375,جدول 67,Restore drill إلى بيئة معزولة.,GENERAL_PRODUCT,P2,NOT_STARTED,docs/specifications/VVIP_TIGER_GLOBAL_EXECUTION_SPEC_FINAL_AR.md,1445,NOT_YET_VERIFIED,NOT_YET_EXECUTED,NOT_YET_CREATED,NOT_APPLICABLE_BEFORE_IMPLEMENTATION
VVIP-GV1-0376,جدول 67,Incident severity وon-call.,OPERATIONS_RELEASE,P2,NOT_STARTED,docs/specifications/VVIP_TIGER_GLOBAL_EXECUTION_SPEC_FINAL_AR.md,1446,NOT_YET_VERIFIED,NOT_YET_EXECUTED,NOT_YET_CREATED,NOT_APPLICABLE_BEFORE_IMPLEMENTATION
VVIP-GV1-0377,جدول 67,Runbooks للدفع والهوية والDB والتسريب.,SECURITY_PRIVACY,P0,NOT_STARTED,docs/specifications/VVIP_TIGER_GLOBAL_EXECUTION_SPEC_FINAL_AR.md,1447,NOT_YET_VERIFIED,NOT_YET_EXECUTED,NOT_YET_CREATED,NOT_APPLICABLE_BEFORE_IMPLEMENTATION
VVIP-GV1-0378,جدول 67,Read-only mode وkill switches.,GENERAL_PRODUCT,P2,NOT_STARTED,docs/specifications/VVIP_TIGER_GLOBAL_EXECUTION_SPEC_FINAL_AR.md,1448,NOT_YET_VERIFIED,NOT_YET_EXECUTED,NOT_YET_CREATED,NOT_APPLICABLE_BEFORE_IMPLEMENTATION
VVIP-GV1-0379,جدول 67,Postmortem بلا لوم.,GENERAL_PRODUCT,P2,NOT_STARTED,docs/specifications/VVIP_TIGER_GLOBAL_EXECUTION_SPEC_FINAL_AR.md,1449,NOT_YET_VERIFIED,NOT_YET_EXECUTED,NOT_YET_CREATED,NOT_APPLICABLE_BEFORE_IMPLEMENTATION
VVIP-GV1-0380,جدول 67,"incident_log, recovery_evidence, backup_inventory.",SECURITY_PRIVACY,P0,NOT_STARTED,docs/specifications/VVIP_TIGER_GLOBAL_EXECUTION_SPEC_FINAL_AR.md,1452,NOT_YET_VERIFIED,NOT_YET_EXECUTED,NOT_YET_CREATED,NOT_APPLICABLE_BEFORE_IMPLEMENTATION
VVIP-GV1-0381,جدول 67,فصل مفاتيح النسخ، اختبار صلاحية الاستعادة.,SECURITY_PRIVACY,P0,NOT_STARTED,docs/specifications/VVIP_TIGER_GLOBAL_EXECUTION_SPEC_FINAL_AR.md,1455,NOT_YET_VERIFIED,NOT_YET_EXECUTED,NOT_YET_CREATED,NOT_APPLICABLE_BEFORE_IMPLEMENTATION
VVIP-GV1-0382,جدول 67,DB loss، provider outage، compromised key، bad deploy.,GENERAL_PRODUCT,P2,NOT_STARTED,docs/specifications/VVIP_TIGER_GLOBAL_EXECUTION_SPEC_FINAL_AR.md,1458,NOT_YET_VERIFIED,NOT_YET_EXECUTED,NOT_YET_CREATED,NOT_APPLICABLE_BEFORE_IMPLEMENTATION
VVIP-GV1-0383,جدول 67,استعادة كاملة ضمن RTO.,SECURITY_PRIVACY,P0,NOT_STARTED,docs/specifications/VVIP_TIGER_GLOBAL_EXECUTION_SPEC_FINAL_AR.md,1461,NOT_YET_VERIFIED,NOT_YET_EXECUTED,NOT_YET_CREATED,NOT_APPLICABLE_BEFORE_IMPLEMENTATION
VVIP-GV1-0384,جدول 67,كل SEV-1 له تدريب tabletop.,GENERAL_PRODUCT,P2,NOT_STARTED,docs/specifications/VVIP_TIGER_GLOBAL_EXECUTION_SPEC_FINAL_AR.md,1462,NOT_YET_VERIFIED,NOT_YET_EXECUTED,NOT_YET_CREATED,NOT_APPLICABLE_BEFORE_IMPLEMENTATION
VVIP-GV1-0385,جدول 67,DR plan، runbooks، contact tree، restore report.,GENERAL_PRODUCT,P2,NOT_STARTED,docs/specifications/VVIP_TIGER_GLOBAL_EXECUTION_SPEC_FINAL_AR.md,1465,NOT_YET_VERIFIED,NOT_YET_EXECUTED,NOT_YET_CREATED,NOT_APPLICABLE_BEFORE_IMPLEMENTATION
VVIP-GV1-0386,جدول 70,ترميز حالات الاختبار حسب domain.,AI_AUTOMATION,P1,NOT_STARTED,docs/specifications/VVIP_TIGER_GLOBAL_EXECUTION_SPEC_FINAL_AR.md,1500,NOT_YET_VERIFIED,NOT_YET_EXECUTED,NOT_YET_CREATED,NOT_APPLICABLE_BEFORE_IMPLEMENTATION
VVIP-GV1-0387,جدول 70,ربط requirement→code→test→evidence.,UX_ACCESSIBILITY,P2,NOT_STARTED,docs/specifications/VVIP_TIGER_GLOBAL_EXECUTION_SPEC_FINAL_AR.md,1501,NOT_YET_VERIFIED,NOT_YET_EXECUTED,NOT_YET_CREATED,NOT_APPLICABLE_BEFORE_IMPLEMENTATION
VVIP-GV1-0388,جدول 70,E2E للرحلات الأساسية.,GENERAL_PRODUCT,P2,NOT_STARTED,docs/specifications/VVIP_TIGER_GLOBAL_EXECUTION_SPEC_FINAL_AR.md,1502,NOT_YET_VERIFIED,NOT_YET_EXECUTED,NOT_YET_CREATED,NOT_APPLICABLE_BEFORE_IMPLEMENTATION
VVIP-GV1-0389,جدول 70,Cross-browser/device/accessibility.,UX_ACCESSIBILITY,P1,NOT_STARTED,docs/specifications/VVIP_TIGER_GLOBAL_EXECUTION_SPEC_FINAL_AR.md,1503,NOT_YET_VERIFIED,NOT_YET_EXECUTED,NOT_YET_CREATED,NOT_APPLICABLE_BEFORE_IMPLEMENTATION
VVIP-GV1-0390,جدول 70,Contract tests وRLS matrix.,SECURITY_PRIVACY,P0,NOT_STARTED,docs/specifications/VVIP_TIGER_GLOBAL_EXECUTION_SPEC_FINAL_AR.md,1504,NOT_YET_VERIFIED,NOT_YET_EXECUTED,NOT_YET_CREATED,NOT_APPLICABLE_BEFORE_IMPLEMENTATION
VVIP-GV1-0391,جدول 70,Owner UAT وdefect triage.,GENERAL_PRODUCT,P2,NOT_STARTED,docs/specifications/VVIP_TIGER_GLOBAL_EXECUTION_SPEC_FINAL_AR.md,1505,NOT_YET_VERIFIED,NOT_YET_EXECUTED,NOT_YET_CREATED,NOT_APPLICABLE_BEFORE_IMPLEMENTATION
VVIP-GV1-0392,جدول 70,"test_cases, test_runs, evidence links.",GENERAL_PRODUCT,P2,NOT_STARTED,docs/specifications/VVIP_TIGER_GLOBAL_EXECUTION_SPEC_FINAL_AR.md,1508,NOT_YET_VERIFIED,NOT_YET_EXECUTED,NOT_YET_CREATED,NOT_APPLICABLE_BEFORE_IMPLEMENTATION
VVIP-GV1-0393,جدول 70,بيانات اختبار صناعية لا حقيقية.,DATA_DATABASE,P1,NOT_STARTED,docs/specifications/VVIP_TIGER_GLOBAL_EXECUTION_SPEC_FINAL_AR.md,1511,NOT_YET_VERIFIED,NOT_YET_EXECUTED,NOT_YET_CREATED,NOT_APPLICABLE_BEFORE_IMPLEMENTATION
VVIP-GV1-0394,جدول 70,Happy/negative/edge/recovery/security.,SECURITY_PRIVACY,P0,NOT_STARTED,docs/specifications/VVIP_TIGER_GLOBAL_EXECUTION_SPEC_FINAL_AR.md,1514,NOT_YET_VERIFIED,NOT_YET_EXECUTED,NOT_YET_CREATED,NOT_APPLICABLE_BEFORE_IMPLEMENTATION
VVIP-GV1-0395,جدول 70,100% من P0/P1 pass.,GENERAL_PRODUCT,P2,NOT_STARTED,docs/specifications/VVIP_TIGER_GLOBAL_EXECUTION_SPEC_FINAL_AR.md,1517,NOT_YET_VERIFIED,NOT_YET_EXECUTED,NOT_YET_CREATED,NOT_APPLICABLE_BEFORE_IMPLEMENTATION
VVIP-GV1-0396,جدول 70,لا defect blocker/critical.,GENERAL_PRODUCT,P0,NOT_STARTED,docs/specifications/VVIP_TIGER_GLOBAL_EXECUTION_SPEC_FINAL_AR.md,1518,NOT_YET_VERIFIED,NOT_YET_EXECUTED,NOT_YET_CREATED,NOT_APPLICABLE_BEFORE_IMPLEMENTATION
VVIP-GV1-0397,جدول 70,توقيع UAT.,GENERAL_PRODUCT,P2,NOT_STARTED,docs/specifications/VVIP_TIGER_GLOBAL_EXECUTION_SPEC_FINAL_AR.md,1519,NOT_YET_VERIFIED,NOT_YET_EXECUTED,NOT_YET_CREATED,NOT_APPLICABLE_BEFORE_IMPLEMENTATION
VVIP-GV1-0398,جدول 70,Test catalog، reports، UAT sign-off.,GENERAL_PRODUCT,P2,NOT_STARTED,docs/specifications/VVIP_TIGER_GLOBAL_EXECUTION_SPEC_FINAL_AR.md,1522,NOT_YET_VERIFIED,NOT_YET_EXECUTED,NOT_YET_CREATED,NOT_APPLICABLE_BEFORE_IMPLEMENTATION
VVIP-GV1-0399,جدول 72,Internal alpha ببيانات صناعية.,DATA_DATABASE,P2,NOT_STARTED,docs/specifications/VVIP_TIGER_GLOBAL_EXECUTION_SPEC_FINAL_AR.md,1546,NOT_YET_VERIFIED,NOT_YET_EXECUTED,NOT_YET_CREATED,NOT_APPLICABLE_BEFORE_IMPLEMENTATION
VVIP-GV1-0400,جدول 72,Closed beta 100–300 مستخدم من لغات ودول متعددة.,IDENTITY_ACCESS,P0,NOT_STARTED,docs/specifications/VVIP_TIGER_GLOBAL_EXECUTION_SPEC_FINAL_AR.md,1547,NOT_YET_VERIFIED,NOT_YET_EXECUTED,NOT_YET_CREATED,NOT_APPLICABLE_BEFORE_IMPLEMENTATION
VVIP-GV1-0401,جدول 72,Public beta مع free features ودفع محدود حسب الدول.,PAYMENTS_BILLING,P0,NOT_STARTED,docs/specifications/VVIP_TIGER_GLOBAL_EXECUTION_SPEC_FINAL_AR.md,1548,NOT_YET_VERIFIED,NOT_YET_EXECUTED,NOT_YET_CREATED,NOT_APPLICABLE_BEFORE_IMPLEMENTATION
VVIP-GV1-0402,جدول 72,GA بعد SLO ومؤشرات الثقة.,GENERAL_PRODUCT,P2,NOT_STARTED,docs/specifications/VVIP_TIGER_GLOBAL_EXECUTION_SPEC_FINAL_AR.md,1549,NOT_YET_VERIFIED,NOT_YET_EXECUTED,NOT_YET_CREATED,NOT_APPLICABLE_BEFORE_IMPLEMENTATION
VVIP-GV1-0403,جدول 72,Canary وfeature flags وrollback.,OPERATIONS_RELEASE,P2,NOT_STARTED,docs/specifications/VVIP_TIGER_GLOBAL_EXECUTION_SPEC_FINAL_AR.md,1550,NOT_YET_VERIFIED,NOT_YET_EXECUTED,NOT_YET_CREATED,NOT_APPLICABLE_BEFORE_IMPLEMENTATION
VVIP-GV1-0404,جدول 72,War room ومراقبة 24/7 في نافذة الإطلاق.,OPERATIONS_RELEASE,P1,NOT_STARTED,docs/specifications/VVIP_TIGER_GLOBAL_EXECUTION_SPEC_FINAL_AR.md,1551,NOT_YET_VERIFIED,NOT_YET_EXECUTED,NOT_YET_CREATED,NOT_APPLICABLE_BEFORE_IMPLEMENTATION
VVIP-GV1-0405,جدول 72,"launch cohorts, feature flag audit, release health.",OPERATIONS_RELEASE,P2,NOT_STARTED,docs/specifications/VVIP_TIGER_GLOBAL_EXECUTION_SPEC_FINAL_AR.md,1554,NOT_YET_VERIFIED,NOT_YET_EXECUTED,NOT_YET_CREATED,NOT_APPLICABLE_BEFORE_IMPLEMENTATION
VVIP-GV1-0406,جدول 72,لا فتح دولة دون capability/legal/payment readiness.,PAYMENTS_BILLING,P0,NOT_STARTED,docs/specifications/VVIP_TIGER_GLOBAL_EXECUTION_SPEC_FINAL_AR.md,1557,NOT_YET_VERIFIED,NOT_YET_EXECUTED,NOT_YET_CREATED,NOT_APPLICABLE_BEFORE_IMPLEMENTATION
VVIP-GV1-0407,جدول 72,Signup، publish، message، payment، incident drill.,MESSAGING_SUPPORT,P0,NOT_STARTED,docs/specifications/VVIP_TIGER_GLOBAL_EXECUTION_SPEC_FINAL_AR.md,1560,NOT_YET_VERIFIED,NOT_YET_EXECUTED,NOT_YET_CREATED,NOT_APPLICABLE_BEFORE_IMPLEMENTATION
VVIP-GV1-0408,جدول 72,المؤشرات ضمن الحدود المعتمدة مع أدلة قياس موثقة قبل قرار الإطلاق.,OPERATIONS_RELEASE,P1,NOT_STARTED,docs/specifications/VVIP_TIGER_GLOBAL_EXECUTION_SPEC_FINAL_AR.md,1563,NOT_YET_VERIFIED,NOT_YET_EXECUTED,NOT_YET_CREATED,NOT_APPLICABLE_BEFORE_IMPLEMENTATION
VVIP-GV1-0409,جدول 72,لا SEV-1 مفتوح.,GENERAL_PRODUCT,P2,NOT_STARTED,docs/specifications/VVIP_TIGER_GLOBAL_EXECUTION_SPEC_FINAL_AR.md,1564,NOT_YET_VERIFIED,NOT_YET_EXECUTED,NOT_YET_CREATED,NOT_APPLICABLE_BEFORE_IMPLEMENTATION
VVIP-GV1-0410,جدول 72,الدعم والمراجعة staffed.,MESSAGING_SUPPORT,P2,NOT_STARTED,docs/specifications/VVIP_TIGER_GLOBAL_EXECUTION_SPEC_FINAL_AR.md,1565,NOT_YET_VERIFIED,NOT_YET_EXECUTED,NOT_YET_CREATED,NOT_APPLICABLE_BEFORE_IMPLEMENTATION
VVIP-GV1-0411,جدول 72,Launch plan، go/no-go record، rollback evidence.,OPERATIONS_RELEASE,P2,NOT_STARTED,docs/specifications/VVIP_TIGER_GLOBAL_EXECUTION_SPEC_FINAL_AR.md,1568,NOT_YET_VERIFIED,NOT_YET_EXECUTED,NOT_YET_CREATED,NOT_APPLICABLE_BEFORE_IMPLEMENTATION
VVIP-GV1-0412,جدول 74,On-call rotations وSLA.,GENERAL_PRODUCT,P2,NOT_STARTED,docs/specifications/VVIP_TIGER_GLOBAL_EXECUTION_SPEC_FINAL_AR.md,1592,NOT_YET_VERIFIED,NOT_YET_EXECUTED,NOT_YET_CREATED,NOT_APPLICABLE_BEFORE_IMPLEMENTATION
VVIP-GV1-0413,جدول 74,تقارير تشغيل دورية آلية وفق شدة الحدث واحتياجات الإدارة.,OPERATIONS_RELEASE,P2,NOT_STARTED,docs/specifications/VVIP_TIGER_GLOBAL_EXECUTION_SPEC_FINAL_AR.md,1593,NOT_YET_VERIFIED,NOT_YET_EXECUTED,NOT_YET_CREATED,NOT_APPLICABLE_BEFORE_IMPLEMENTATION
VVIP-GV1-0414,جدول 74,Patch cadence وتحديث dependencies.,GENERAL_PRODUCT,P2,NOT_STARTED,docs/specifications/VVIP_TIGER_GLOBAL_EXECUTION_SPEC_FINAL_AR.md,1594,NOT_YET_VERIFIED,NOT_YET_EXECUTED,NOT_YET_CREATED,NOT_APPLICABLE_BEFORE_IMPLEMENTATION
VVIP-GV1-0415,جدول 74,Capacity/cost reviews.,GENERAL_PRODUCT,P2,NOT_STARTED,docs/specifications/VVIP_TIGER_GLOBAL_EXECUTION_SPEC_FINAL_AR.md,1595,NOT_YET_VERIFIED,NOT_YET_EXECUTED,NOT_YET_CREATED,NOT_APPLICABLE_BEFORE_IMPLEMENTATION
VVIP-GV1-0416,جدول 74,Moderation quality audits.,GENERAL_PRODUCT,P2,NOT_STARTED,docs/specifications/VVIP_TIGER_GLOBAL_EXECUTION_SPEC_FINAL_AR.md,1596,NOT_YET_VERIFIED,NOT_YET_EXECUTED,NOT_YET_CREATED,NOT_APPLICABLE_BEFORE_IMPLEMENTATION
VVIP-GV1-0417,جدول 74,Roadmap based on analytics لا الانطباع.,GENERAL_PRODUCT,P2,NOT_STARTED,docs/specifications/VVIP_TIGER_GLOBAL_EXECUTION_SPEC_FINAL_AR.md,1597,NOT_YET_VERIFIED,NOT_YET_EXECUTED,NOT_YET_CREATED,NOT_APPLICABLE_BEFORE_IMPLEMENTATION
VVIP-GV1-0418,جدول 74,Quarterly DR and access reviews.,GENERAL_PRODUCT,P2,NOT_STARTED,docs/specifications/VVIP_TIGER_GLOBAL_EXECUTION_SPEC_FINAL_AR.md,1598,NOT_YET_VERIFIED,NOT_YET_EXECUTED,NOT_YET_CREATED,NOT_APPLICABLE_BEFORE_IMPLEMENTATION
VVIP-GV1-0419,جدول 74,"operational scorecards, incident trends, cost allocations.",OPERATIONS_RELEASE,P2,NOT_STARTED,docs/specifications/VVIP_TIGER_GLOBAL_EXECUTION_SPEC_FINAL_AR.md,1601,NOT_YET_VERIFIED,NOT_YET_EXECUTED,NOT_YET_CREATED,NOT_APPLICABLE_BEFORE_IMPLEMENTATION
VVIP-GV1-0420,جدول 74,Periodic access recertification، key rotation.,GENERAL_PRODUCT,P2,NOT_STARTED,docs/specifications/VVIP_TIGER_GLOBAL_EXECUTION_SPEC_FINAL_AR.md,1604,NOT_YET_VERIFIED,NOT_YET_EXECUTED,NOT_YET_CREATED,NOT_APPLICABLE_BEFORE_IMPLEMENTATION
VVIP-GV1-0421,جدول 74,SLO burn، backlog، cost spike، moderation error rate.,GENERAL_PRODUCT,P2,NOT_STARTED,docs/specifications/VVIP_TIGER_GLOBAL_EXECUTION_SPEC_FINAL_AR.md,1607,NOT_YET_VERIFIED,NOT_YET_EXECUTED,NOT_YET_CREATED,NOT_APPLICABLE_BEFORE_IMPLEMENTATION
VVIP-GV1-0422,جدول 74,استقرار SLO وميزانية وتذاكر.,GENERAL_PRODUCT,P2,NOT_STARTED,docs/specifications/VVIP_TIGER_GLOBAL_EXECUTION_SPEC_FINAL_AR.md,1610,NOT_YET_VERIFIED,NOT_YET_EXECUTED,NOT_YET_CREATED,NOT_APPLICABLE_BEFORE_IMPLEMENTATION
VVIP-GV1-0423,جدول 74,كل تحسين مرتبط بمؤشر.,GENERAL_PRODUCT,P2,NOT_STARTED,docs/specifications/VVIP_TIGER_GLOBAL_EXECUTION_SPEC_FINAL_AR.md,1611,NOT_YET_VERIFIED,NOT_YET_EXECUTED,NOT_YET_CREATED,NOT_APPLICABLE_BEFORE_IMPLEMENTATION
VVIP-GV1-0424,جدول 74,Operating handbook، dashboards، review calendar.,GENERAL_PRODUCT,P2,NOT_STARTED,docs/specifications/VVIP_TIGER_GLOBAL_EXECUTION_SPEC_FINAL_AR.md,1614,NOT_YET_VERIFIED,NOT_YET_EXECUTED,NOT_YET_CREATED,NOT_APPLICABLE_BEFORE_IMPLEMENTATION
VVIP-GV1-0425,جدول 77,إنشاء Inventory لكل شاشة وزر وحالة Loading/Empty/Error/Offline/Success وربطها برحلة مستخدم ومعيار قبول.,IDENTITY_ACCESS,P0,NOT_STARTED,docs/specifications/VVIP_TIGER_GLOBAL_EXECUTION_SPEC_FINAL_AR.md,1646,NOT_YET_VERIFIED,NOT_YET_EXECUTED,NOT_YET_CREATED,NOT_APPLICABLE_BEFORE_IMPLEMENTATION
VVIP-GV1-0426,جدول 77,إظهار الأفعال الأساسية والمتكررة مباشرة، ووضع الأفعال الثانوية والنادرة تحت قائمة ثلاث نقاط موحدة.,UX_ACCESSIBILITY,P2,NOT_STARTED,docs/specifications/VVIP_TIGER_GLOBAL_EXECUTION_SPEC_FINAL_AR.md,1647,NOT_YET_VERIFIED,NOT_YET_EXECUTED,NOT_YET_CREATED,NOT_APPLICABLE_BEFORE_IMPLEMENTATION
VVIP-GV1-0427,جدول 77,استخدام الرمز وحده فقط عندما يكون معناه عالميًا وواضحًا؛ وإضافة accessible name وaria-label وtooltip وحالة focus وtouch target مناسب.,GENERAL_PRODUCT,P2,NOT_STARTED,docs/specifications/VVIP_TIGER_GLOBAL_EXECUTION_SPEC_FINAL_AR.md,1648,NOT_YET_VERIFIED,NOT_YET_EXECUTED,NOT_YET_CREATED,NOT_APPLICABLE_BEFORE_IMPLEMENTATION
VVIP-GV1-0428,جدول 77,منع إخفاء أفعال حرجة مثل الدفع أو الحذف النهائي أو النشر داخل رموز غامضة أو قوائم غير متوقعة.,PAYMENTS_BILLING,P0,NOT_STARTED,docs/specifications/VVIP_TIGER_GLOBAL_EXECUTION_SPEC_FINAL_AR.md,1649,NOT_YET_VERIFIED,NOT_YET_EXECUTED,NOT_YET_CREATED,NOT_APPLICABLE_BEFORE_IMPLEMENTATION
VVIP-GV1-0429,جدول 77,تطبيق Design Tokens موحدة للمسافات والطباعة والحركة والظلال والحالات دون Forks للدول أو اللغات.,GENERAL_PRODUCT,P2,NOT_STARTED,docs/specifications/VVIP_TIGER_GLOBAL_EXECUTION_SPEC_FINAL_AR.md,1650,NOT_YET_VERIFIED,NOT_YET_EXECUTED,NOT_YET_CREATED,NOT_APPLICABLE_BEFORE_IMPLEMENTATION
VVIP-GV1-0430,جدول 77,منع double-submit وحفظ حالة المستخدم والعودة إلى موضعه بعد تسجيل الدخول أو انقطاع الاتصال.,IDENTITY_ACCESS,P0,NOT_STARTED,docs/specifications/VVIP_TIGER_GLOBAL_EXECUTION_SPEC_FINAL_AR.md,1651,NOT_YET_VERIFIED,NOT_YET_EXECUTED,NOT_YET_CREATED,NOT_APPLICABLE_BEFORE_IMPLEMENTATION
VVIP-GV1-0431,جدول 77,UI action registry، icon registry، design tokens، route/state contracts، analytics events.,UX_ACCESSIBILITY,P2,NOT_STARTED,docs/specifications/VVIP_TIGER_GLOBAL_EXECUTION_SPEC_FINAL_AR.md,1654,NOT_YET_VERIFIED,NOT_YET_EXECUTED,NOT_YET_CREATED,NOT_APPLICABLE_BEFORE_IMPLEMENTATION
VVIP-GV1-0432,جدول 77,لا معلومات حساسة في tooltips أو logs؛ الأفعال الحساسة تتطلب step-up وتأكيدًا واضحًا.,GENERAL_PRODUCT,P2,NOT_STARTED,docs/specifications/VVIP_TIGER_GLOBAL_EXECUTION_SPEC_FINAL_AR.md,1657,NOT_YET_VERIFIED,NOT_YET_EXECUTED,NOT_YET_CREATED,NOT_APPLICABLE_BEFORE_IMPLEMENTATION
VVIP-GV1-0433,جدول 77,Keyboard، screen reader، RTL/LTR، reduced motion، long text، touch، visual regression.,UX_ACCESSIBILITY,P2,NOT_STARTED,docs/specifications/VVIP_TIGER_GLOBAL_EXECUTION_SPEC_FINAL_AR.md,1660,NOT_YET_VERIFIED,NOT_YET_EXECUTED,NOT_YET_CREATED,NOT_APPLICABLE_BEFORE_IMPLEMENTATION
VVIP-GV1-0434,جدول 77,كل زر مفهوم دون تخمين، وكل شاشة لها جميع الحالات، وتجربة الهاتف لا تقل عن سطح المكتب في الرحلات الأساسية.,UX_ACCESSIBILITY,P2,NOT_STARTED,docs/specifications/VVIP_TIGER_GLOBAL_EXECUTION_SPEC_FINAL_AR.md,1663,NOT_YET_VERIFIED,NOT_YET_EXECUTED,NOT_YET_CREATED,NOT_APPLICABLE_BEFORE_IMPLEMENTATION
VVIP-GV1-0435,جدول 77,Design system محدث، action registry، accessibility report، visual evidence.,UX_ACCESSIBILITY,P1,NOT_STARTED,docs/specifications/VVIP_TIGER_GLOBAL_EXECUTION_SPEC_FINAL_AR.md,1666,NOT_YET_VERIFIED,NOT_YET_EXECUTED,NOT_YET_CREATED,NOT_APPLICABLE_BEFORE_IMPLEMENTATION
VVIP-GV1-0436,جدول 79,إنشاء AI Provider Adapter وFeature Flags وحدود تكلفة وtimeout وfallback حتمي لكل ميزة.,AI_AUTOMATION,P2,NOT_STARTED,docs/specifications/VVIP_TIGER_GLOBAL_EXECUTION_SPEC_FINAL_AR.md,1685,NOT_YET_VERIFIED,NOT_YET_EXECUTED,NOT_YET_CREATED,NOT_APPLICABLE_BEFORE_IMPLEMENTATION
VVIP-GV1-0437,جدول 79,اقتراح الفئة والحقول والعنوان والوصف والكلمات المفتاحية مع إبقاء المستخدم صاحب القرار النهائي.,IDENTITY_ACCESS,P0,NOT_STARTED,docs/specifications/VVIP_TIGER_GLOBAL_EXECUTION_SPEC_FINAL_AR.md,1686,NOT_YET_VERIFIED,NOT_YET_EXECUTED,NOT_YET_CREATED,NOT_APPLICABLE_BEFORE_IMPLEMENTATION
VVIP-GV1-0438,جدول 79,اقتراح البحث والفلاتر والترجمة والمقارنة والكشف المساعد عن spam والتكرار والمخاطر.,SEARCH_DISCOVERY,P1,NOT_STARTED,docs/specifications/VVIP_TIGER_GLOBAL_EXECUTION_SPEC_FINAL_AR.md,1687,NOT_YET_VERIFIED,NOT_YET_EXECUTED,NOT_YET_CREATED,NOT_APPLICABLE_BEFORE_IMPLEMENTATION
VVIP-GV1-0439,جدول 79,منع تغيير الحقائق والأسعار والموقع أو نشر محتوى نيابة عن المستخدم دون مراجعة صريحة.,IDENTITY_ACCESS,P0,NOT_STARTED,docs/specifications/VVIP_TIGER_GLOBAL_EXECUTION_SPEC_FINAL_AR.md,1688,NOT_YET_VERIFIED,NOT_YET_EXECUTED,NOT_YET_CREATED,NOT_APPLICABLE_BEFORE_IMPLEMENTATION
VVIP-GV1-0440,جدول 79,تسجيل model/version/correlation_id/decision metadata الآمن دون أسرار أو PII زائدة.,SECURITY_PRIVACY,P0,NOT_STARTED,docs/specifications/VVIP_TIGER_GLOBAL_EXECUTION_SPEC_FINAL_AR.md,1689,NOT_YET_VERIFIED,NOT_YET_EXECUTED,NOT_YET_CREATED,NOT_APPLICABLE_BEFORE_IMPLEMENTATION
VVIP-GV1-0441,جدول 79,عند تعطل مزود AI تنتقل الميزة فورًا إلى قواعد deterministic ولا تتعطل الرحلة الأساسية.,AI_AUTOMATION,P2,NOT_STARTED,docs/specifications/VVIP_TIGER_GLOBAL_EXECUTION_SPEC_FINAL_AR.md,1690,NOT_YET_VERIFIED,NOT_YET_EXECUTED,NOT_YET_CREATED,NOT_APPLICABLE_BEFORE_IMPLEMENTATION
VVIP-GV1-0442,جدول 79,POST /api/v1/ai/listing-assist، /ai/search-assist، /ai/translate؛ schemas versioned؛ provider adapter.,DATA_DATABASE,P1,NOT_STARTED,docs/specifications/VVIP_TIGER_GLOBAL_EXECUTION_SPEC_FINAL_AR.md,1693,NOT_YET_VERIFIED,NOT_YET_EXECUTED,NOT_YET_CREATED,NOT_APPLICABLE_BEFORE_IMPLEMENTATION
VVIP-GV1-0443,جدول 79,Data minimization، redaction، consent، rate limits، prompt-injection defenses، لا تدريب على بيانات المستخدم دون أساس صريح.,IDENTITY_ACCESS,P0,NOT_STARTED,docs/specifications/VVIP_TIGER_GLOBAL_EXECUTION_SPEC_FINAL_AR.md,1696,NOT_YET_VERIFIED,NOT_YET_EXECUTED,NOT_YET_CREATED,NOT_APPLICABLE_BEFORE_IMPLEMENTATION
VVIP-GV1-0444,جدول 79,Provider outage، timeout، unsafe output، hallucination، locale، cost limit، deterministic fallback.,AI_AUTOMATION,P2,NOT_STARTED,docs/specifications/VVIP_TIGER_GLOBAL_EXECUTION_SPEC_FINAL_AR.md,1699,NOT_YET_VERIFIED,NOT_YET_EXECUTED,NOT_YET_CREATED,NOT_APPLICABLE_BEFORE_IMPLEMENTATION
VVIP-GV1-0445,جدول 79,لا نشر أو تعديل نهائي دون موافقة المستخدم؛ جميع مسارات AI تفشل بأمان؛ لا PII غير ضرورية تخرج إلى المزود.,IDENTITY_ACCESS,P0,NOT_STARTED,docs/specifications/VVIP_TIGER_GLOBAL_EXECUTION_SPEC_FINAL_AR.md,1702,NOT_YET_VERIFIED,NOT_YET_EXECUTED,NOT_YET_CREATED,NOT_APPLICABLE_BEFORE_IMPLEMENTATION
VVIP-GV1-0446,جدول 79,AI policy، adapter، prompt/version registry، eval set، fallback tests، cost dashboard.,AI_AUTOMATION,P2,NOT_STARTED,docs/specifications/VVIP_TIGER_GLOBAL_EXECUTION_SPEC_FINAL_AR.md,1705,NOT_YET_VERIFIED,NOT_YET_EXECUTED,NOT_YET_CREATED,NOT_APPLICABLE_BEFORE_IMPLEMENTATION
VVIP-GV1-0447,جدول 82,إنشاء Search Intent Model يربط النص والفئة والدولة والمدينة والنطاق السعري والعملة والخصائص الديناميكية.,SEARCH_DISCOVERY,P1,NOT_STARTED,docs/specifications/VVIP_TIGER_GLOBAL_EXECUTION_SPEC_FINAL_AR.md,1735,NOT_YET_VERIFIED,NOT_YET_EXECUTED,NOT_YET_CREATED,NOT_APPLICABLE_BEFORE_IMPLEMENTATION
VVIP-GV1-0448,جدول 82,اقتراحات لحظية، تصحيح أخطاء كتابية، مرادفات، transliteration، recent searches، saved searches، وzero-result recovery.,SEARCH_DISCOVERY,P1,NOT_STARTED,docs/specifications/VVIP_TIGER_GLOBAL_EXECUTION_SPEC_FINAL_AR.md,1736,NOT_YET_VERIFIED,NOT_YET_EXECUTED,NOT_YET_CREATED,NOT_APPLICABLE_BEFORE_IMPLEMENTATION
VVIP-GV1-0449,جدول 82,فلاتر سياقية تختلف حسب القطاع والفئة، مع counts واضحة وإمكانية مسح أو تعديل الفلاتر بسرعة.,SECURITY_PRIVACY,P0,NOT_STARTED,docs/specifications/VVIP_TIGER_GLOBAL_EXECUTION_SPEC_FINAL_AR.md,1737,NOT_YET_VERIFIED,NOT_YET_EXECUTED,NOT_YET_CREATED,NOT_APPLICABLE_BEFORE_IMPLEMENTATION
VVIP-GV1-0450,جدول 82,حفظ البحث وإنشاء تنبيه، مشاركة URL قابلة لإعادة إنتاج نفس النتيجة، والعودة إلى موضع التمرير والفلاتر.,SEARCH_DISCOVERY,P1,NOT_STARTED,docs/specifications/VVIP_TIGER_GLOBAL_EXECUTION_SPEC_FINAL_AR.md,1738,NOT_YET_VERIFIED,NOT_YET_EXECUTED,NOT_YET_CREATED,NOT_APPLICABLE_BEFORE_IMPLEMENTATION
VVIP-GV1-0451,جدول 82,نتائج Cards خفيفة توضح السعر والموقع والحالة والتمييز المدفوع بصورة صريحة غير مضللة.,PAYMENTS_BILLING,P0,NOT_STARTED,docs/specifications/VVIP_TIGER_GLOBAL_EXECUTION_SPEC_FINAL_AR.md,1739,NOT_YET_VERIFIED,NOT_YET_EXECUTED,NOT_YET_CREATED,NOT_APPLICABLE_BEFORE_IMPLEMENTATION
VVIP-GV1-0452,جدول 82,دعم keyboard/mobile/voice-ready input دون إلزام استخدام الصوت.,MESSAGING_SUPPORT,P2,NOT_STARTED,docs/specifications/VVIP_TIGER_GLOBAL_EXECUTION_SPEC_FINAL_AR.md,1740,NOT_YET_VERIFIED,NOT_YET_EXECUTED,NOT_YET_CREATED,NOT_APPLICABLE_BEFORE_IMPLEMENTATION
VVIP-GV1-0453,جدول 82,GET /api/v1/search، /search/suggestions، /search/facets، /saved-searches؛ cursor pagination؛ query schema version.,DATA_DATABASE,P1,NOT_STARTED,docs/specifications/VVIP_TIGER_GLOBAL_EXECUTION_SPEC_FINAL_AR.md,1743,NOT_YET_VERIFIED,NOT_YET_EXECUTED,NOT_YET_CREATED,NOT_APPLICABLE_BEFORE_IMPLEMENTATION
VVIP-GV1-0454,جدول 82,لا Draft/private fields؛ rate limiting؛ anti-scraping تدريجي؛ query logs منقحة من PII.,GENERAL_PRODUCT,P2,NOT_STARTED,docs/specifications/VVIP_TIGER_GLOBAL_EXECUTION_SPEC_FINAL_AR.md,1746,NOT_YET_VERIFIED,NOT_YET_EXECUTED,NOT_YET_CREATED,NOT_APPLICABLE_BEFORE_IMPLEMENTATION
VVIP-GV1-0455,جدول 82,Multilingual، typo، filters، cursor stability، hidden listing، zero results، slow network، cache invalidation.,SEARCH_DISCOVERY,P2,NOT_STARTED,docs/specifications/VVIP_TIGER_GLOBAL_EXECUTION_SPEC_FINAL_AR.md,1749,NOT_YET_VERIFIED,NOT_YET_EXECUTED,NOT_YET_CREATED,NOT_APPLICABLE_BEFORE_IMPLEMENTATION
VVIP-GV1-0456,جدول 82,النتيجة قابلة للمشاركة وإعادة الإنتاج، لا محتوى غير منشور، والفلاتر مفهومة على الهاتف.,GENERAL_PRODUCT,P2,NOT_STARTED,docs/specifications/VVIP_TIGER_GLOBAL_EXECUTION_SPEC_FINAL_AR.md,1752,NOT_YET_VERIFIED,NOT_YET_EXECUTED,NOT_YET_CREATED,NOT_APPLICABLE_BEFORE_IMPLEMENTATION
VVIP-GV1-0457,جدول 82,Search service، index plan، UX screens، relevance report، performance evidence.,SEARCH_DISCOVERY,P1,NOT_STARTED,docs/specifications/VVIP_TIGER_GLOBAL_EXECUTION_SPEC_FINAL_AR.md,1755,NOT_YET_VERIFIED,NOT_YET_EXECUTED,NOT_YET_CREATED,NOT_APPLICABLE_BEFORE_IMPLEMENTATION
VVIP-GV1-0458,جدول 84,ترتيب أولي يجمع relevance وrecency وlocality وquality وavailability مع sponsored boost واضح.,AI_AUTOMATION,P2,NOT_STARTED,docs/specifications/VVIP_TIGER_GLOBAL_EXECUTION_SPEC_FINAL_AR.md,1774,NOT_YET_VERIFIED,NOT_YET_EXECUTED,NOT_YET_CREATED,NOT_APPLICABLE_BEFORE_IMPLEMENTATION
VVIP-GV1-0459,جدول 84,منع استخدام السمات الحساسة في التخصيص، وتوفير خيار تعطيل التخصيص ومسح سجل البحث.,SEARCH_DISCOVERY,P1,NOT_STARTED,docs/specifications/VVIP_TIGER_GLOBAL_EXECUTION_SPEC_FINAL_AR.md,1775,NOT_YET_VERIFIED,NOT_YET_EXECUTED,NOT_YET_CREATED,NOT_APPLICABLE_BEFORE_IMPLEMENTATION
VVIP-GV1-0460,جدول 84,إنشاء offline evaluation وgolden queries وA/B آمن مع Guardrails للجودة والعدالة.,AI_AUTOMATION,P2,NOT_STARTED,docs/specifications/VVIP_TIGER_GLOBAL_EXECUTION_SPEC_FINAL_AR.md,1776,NOT_YET_VERIFIED,NOT_YET_EXECUTED,NOT_YET_CREATED,NOT_APPLICABLE_BEFORE_IMPLEMENTATION
VVIP-GV1-0461,جدول 84,مراقبة click-through وzero-result وabandonment وlatency دون اعتبار النقر وحده معيار جودة.,PERFORMANCE_SCALE,P2,NOT_STARTED,docs/specifications/VVIP_TIGER_GLOBAL_EXECUTION_SPEC_FINAL_AR.md,1777,NOT_YET_VERIFIED,NOT_YET_EXECUTED,NOT_YET_CREATED,NOT_APPLICABLE_BEFORE_IMPLEMENTATION
VVIP-GV1-0462,جدول 84,Ranking policy، feature registry، explainable reason codes، experiment audit.,SEARCH_DISCOVERY,P2,NOT_STARTED,docs/specifications/VVIP_TIGER_GLOBAL_EXECUTION_SPEC_FINAL_AR.md,1780,NOT_YET_VERIFIED,NOT_YET_EXECUTED,NOT_YET_CREATED,NOT_APPLICABLE_BEFORE_IMPLEMENTATION
VVIP-GV1-0463,جدول 84,Privacy by design، fairness checks، no dark patterns، sponsored disclosure.,SECURITY_PRIVACY,P0,NOT_STARTED,docs/specifications/VVIP_TIGER_GLOBAL_EXECUTION_SPEC_FINAL_AR.md,1783,NOT_YET_VERIFIED,NOT_YET_EXECUTED,NOT_YET_CREATED,NOT_APPLICABLE_BEFORE_IMPLEMENTATION
VVIP-GV1-0464,جدول 84,Golden queries، regression، cold start، abuse، sponsored separation، locale.,GENERAL_PRODUCT,P2,NOT_STARTED,docs/specifications/VVIP_TIGER_GLOBAL_EXECUTION_SPEC_FINAL_AR.md,1786,NOT_YET_VERIFIED,NOT_YET_EXECUTED,NOT_YET_CREATED,NOT_APPLICABLE_BEFORE_IMPLEMENTATION
VVIP-GV1-0465,جدول 84,لا تدهور ملموس في golden queries؛ المحتوى المدفوع مميز؛ يمكن العودة إلى ranking السابق فورًا.,SEARCH_DISCOVERY,P2,NOT_STARTED,docs/specifications/VVIP_TIGER_GLOBAL_EXECUTION_SPEC_FINAL_AR.md,1789,NOT_YET_VERIFIED,NOT_YET_EXECUTED,NOT_YET_CREATED,NOT_APPLICABLE_BEFORE_IMPLEMENTATION
VVIP-GV1-0466,جدول 84,Ranking config، evaluation set، dashboards، rollback flag.,SEARCH_DISCOVERY,P2,NOT_STARTED,docs/specifications/VVIP_TIGER_GLOBAL_EXECUTION_SPEC_FINAL_AR.md,1792,NOT_YET_VERIFIED,NOT_YET_EXECUTED,NOT_YET_CREATED,NOT_APPLICABLE_BEFORE_IMPLEMENTATION
VVIP-GV1-0467,جدول 87,تحديد timeout budgets وbounded retries وexponential backoff مع jitter لكل مزود وعملية.,GENERAL_PRODUCT,P2,NOT_STARTED,docs/specifications/VVIP_TIGER_GLOBAL_EXECUTION_SPEC_FINAL_AR.md,1822,NOT_YET_VERIFIED,NOT_YET_EXECUTED,NOT_YET_CREATED,NOT_APPLICABLE_BEFORE_IMPLEMENTATION
VVIP-GV1-0468,جدول 87,استخدام circuit breakers وbulkheads وqueues وdead-letter وtransactional outbox وidempotency keys.,UX_ACCESSIBILITY,P2,NOT_STARTED,docs/specifications/VVIP_TIGER_GLOBAL_EXECUTION_SPEC_FINAL_AR.md,1823,NOT_YET_VERIFIED,NOT_YET_EXECUTED,NOT_YET_CREATED,NOT_APPLICABLE_BEFORE_IMPLEMENTATION
VVIP-GV1-0469,جدول 87,إنشاء Provider Adapters وfallback معتمد عندما توجد بدائل حقيقية، وFail Closed للأمن والدفع والصلاحيات.,SECURITY_PRIVACY,P0,NOT_STARTED,docs/specifications/VVIP_TIGER_GLOBAL_EXECUTION_SPEC_FINAL_AR.md,1824,NOT_YET_VERIFIED,NOT_YET_EXECUTED,NOT_YET_CREATED,NOT_APPLICABLE_BEFORE_IMPLEMENTATION
VVIP-GV1-0470,جدول 87,إضافة read-only emergency mode وcountry/feature/payment kill switches وautomatic rollback المبني على health gates.,PAYMENTS_BILLING,P0,NOT_STARTED,docs/specifications/VVIP_TIGER_GLOBAL_EXECUTION_SPEC_FINAL_AR.md,1825,NOT_YET_VERIFIED,NOT_YET_EXECUTED,NOT_YET_CREATED,NOT_APPLICABLE_BEFORE_IMPLEMENTATION
VVIP-GV1-0471,جدول 87,إنشاء reconciliation وorphan cleanup وself-checking migrations وsynthetic monitoring.,DATA_DATABASE,P2,NOT_STARTED,docs/specifications/VVIP_TIGER_GLOBAL_EXECUTION_SPEC_FINAL_AR.md,1826,NOT_YET_VERIFIED,NOT_YET_EXECUTED,NOT_YET_CREATED,NOT_APPLICABLE_BEFORE_IMPLEMENTATION
VVIP-GV1-0472,جدول 87,Health/readiness/liveness endpoints، outbox، retry queue، DLQ، recovery state، correlation IDs.,GENERAL_PRODUCT,P2,NOT_STARTED,docs/specifications/VVIP_TIGER_GLOBAL_EXECUTION_SPEC_FINAL_AR.md,1829,NOT_YET_VERIFIED,NOT_YET_EXECUTED,NOT_YET_CREATED,NOT_APPLICABLE_BEFORE_IMPLEMENTATION
VVIP-GV1-0473,جدول 87,لا retry تلقائيًا لعملية مالية غير idempotent؛ لا downgrade أمني عند fallback.,SECURITY_PRIVACY,P0,NOT_STARTED,docs/specifications/VVIP_TIGER_GLOBAL_EXECUTION_SPEC_FINAL_AR.md,1832,NOT_YET_VERIFIED,NOT_YET_EXECUTED,NOT_YET_CREATED,NOT_APPLICABLE_BEFORE_IMPLEMENTATION
VVIP-GV1-0474,جدول 87,Provider outage، DB slow، queue backlog، duplicate event، partial write، rollback، cache outage.,PERFORMANCE_SCALE,P2,NOT_STARTED,docs/specifications/VVIP_TIGER_GLOBAL_EXECUTION_SPEC_FINAL_AR.md,1835,NOT_YET_VERIFIED,NOT_YET_EXECUTED,NOT_YET_CREATED,NOT_APPLICABLE_BEFORE_IMPLEMENTATION
VVIP-GV1-0475,جدول 87,المستخدم لا يفقد المسودة أو ينفذ العملية مرتين؛ الفشل الحرج يظهر بحالة صادقة ورقم تتبع.,IDENTITY_ACCESS,P0,NOT_STARTED,docs/specifications/VVIP_TIGER_GLOBAL_EXECUTION_SPEC_FINAL_AR.md,1838,NOT_YET_VERIFIED,NOT_YET_EXECUTED,NOT_YET_CREATED,NOT_APPLICABLE_BEFORE_IMPLEMENTATION
VVIP-GV1-0476,جدول 87,Resilience policy، adapters، queues، runbooks، chaos/failure evidence.,AI_AUTOMATION,P2,NOT_STARTED,docs/specifications/VVIP_TIGER_GLOBAL_EXECUTION_SPEC_FINAL_AR.md,1841,NOT_YET_VERIFIED,NOT_YET_EXECUTED,NOT_YET_CREATED,NOT_APPLICABLE_BEFORE_IMPLEMENTATION
VVIP-GV1-0477,جدول 89,توفير Low Data Mode يدوي واكتشاف saveData/effectiveType عند توفره دون الاعتماد الكامل عليه.,GENERAL_PRODUCT,P2,NOT_STARTED,docs/specifications/VVIP_TIGER_GLOBAL_EXECUTION_SPEC_FINAL_AR.md,1860,NOT_YET_VERIFIED,NOT_YET_EXECUTED,NOT_YET_CREATED,NOT_APPLICABLE_BEFORE_IMPLEMENTATION
VVIP-GV1-0478,جدول 89,Route-level code splitting، lazy loading محسوب، responsive images، AVIF/WebP، placeholders صغيرة، ومنع autoplay للوسائط الثقيلة.,UX_ACCESSIBILITY,P2,NOT_STARTED,docs/specifications/VVIP_TIGER_GLOBAL_EXECUTION_SPEC_FINAL_AR.md,1861,NOT_YET_VERIFIED,NOT_YET_EXECUTED,NOT_YET_CREATED,NOT_APPLICABLE_BEFORE_IMPLEMENTATION
VVIP-GV1-0479,جدول 89,حفظ المسودة محليًا بتشفير/عزل مناسب ومزامنتها بترتيب آمن بعد عودة الاتصال.,SECURITY_PRIVACY,P0,NOT_STARTED,docs/specifications/VVIP_TIGER_GLOBAL_EXECUTION_SPEC_FINAL_AR.md,1862,NOT_YET_VERIFIED,NOT_YET_EXECUTED,NOT_YET_CREATED,NOT_APPLICABLE_BEFORE_IMPLEMENTATION
VVIP-GV1-0480,جدول 89,Offline queue فقط للعمليات الآمنة والقابلة للـidempotency، مع عرض حالتها وإمكانية الإلغاء.,GENERAL_PRODUCT,P2,NOT_STARTED,docs/specifications/VVIP_TIGER_GLOBAL_EXECUTION_SPEC_FINAL_AR.md,1863,NOT_YET_VERIFIED,NOT_YET_EXECUTED,NOT_YET_CREATED,NOT_APPLICABLE_BEFORE_IMPLEMENTATION
VVIP-GV1-0481,جدول 89,Resumable/chunked upload عند الحاجة، request cancellation، stale-while-revalidate للبيانات العامة المناسبة.,DATA_DATABASE,P2,NOT_STARTED,docs/specifications/VVIP_TIGER_GLOBAL_EXECUTION_SPEC_FINAL_AR.md,1864,NOT_YET_VERIFIED,NOT_YET_EXECUTED,NOT_YET_CREATED,NOT_APPLICABLE_BEFORE_IMPLEMENTATION
VVIP-GV1-0482,جدول 89,Logout يمسح cache والبيانات الخاصة وService Worker يملك آلية purge/version واضحة.,DATA_DATABASE,P2,NOT_STARTED,docs/specifications/VVIP_TIGER_GLOBAL_EXECUTION_SPEC_FINAL_AR.md,1865,NOT_YET_VERIFIED,NOT_YET_EXECUTED,NOT_YET_CREATED,NOT_APPLICABLE_BEFORE_IMPLEMENTATION
VVIP-GV1-0483,جدول 89,Connectivity state، sync queue، draft persistence، upload sessions، cache policy registry.,PERFORMANCE_SCALE,P2,NOT_STARTED,docs/specifications/VVIP_TIGER_GLOBAL_EXECUTION_SPEC_FINAL_AR.md,1868,NOT_YET_VERIFIED,NOT_YET_EXECUTED,NOT_YET_CREATED,NOT_APPLICABLE_BEFORE_IMPLEMENTATION
VVIP-GV1-0484,جدول 89,لا cache لبيانات خاصة دون سياسة؛ tokens لا تخزن في cache؛ clear-on-logout إلزامي.,DATA_DATABASE,P0,NOT_STARTED,docs/specifications/VVIP_TIGER_GLOBAL_EXECUTION_SPEC_FINAL_AR.md,1871,NOT_YET_VERIFIED,NOT_YET_EXECUTED,NOT_YET_CREATED,NOT_APPLICABLE_BEFORE_IMPLEMENTATION
VVIP-GV1-0485,جدول 89,2G/3G simulation، offline/reconnect، interrupted upload، stale cache، logout، low memory.,PERFORMANCE_SCALE,P2,NOT_STARTED,docs/specifications/VVIP_TIGER_GLOBAL_EXECUTION_SPEC_FINAL_AR.md,1874,NOT_YET_VERIFIED,NOT_YET_EXECUTED,NOT_YET_CREATED,NOT_APPLICABLE_BEFORE_IMPLEMENTATION
VVIP-GV1-0486,جدول 89,المسارات الأساسية قابلة للاستخدام على اتصال ضعيف؛ لا stale private data؛ لا فقد مسودة.,GENERAL_PRODUCT,P2,NOT_STARTED,docs/specifications/VVIP_TIGER_GLOBAL_EXECUTION_SPEC_FINAL_AR.md,1877,NOT_YET_VERIFIED,NOT_YET_EXECUTED,NOT_YET_CREATED,NOT_APPLICABLE_BEFORE_IMPLEMENTATION
VVIP-GV1-0487,جدول 89,Low Data UX، service worker policy، sync tests، performance budgets.,UX_ACCESSIBILITY,P1,NOT_STARTED,docs/specifications/VVIP_TIGER_GLOBAL_EXECUTION_SPEC_FINAL_AR.md,1880,NOT_YET_VERIFIED,NOT_YET_EXECUTED,NOT_YET_CREATED,NOT_APPLICABLE_BEFORE_IMPLEMENTATION
VVIP-GV1-0488,جدول 91,"اعتماد Error Envelope: code, message_key, field_errors, correlation_id, retryable, retry_after, safe_context.",MESSAGING_SUPPORT,P2,NOT_STARTED,docs/specifications/VVIP_TIGER_GLOBAL_EXECUTION_SPEC_FINAL_AR.md,1899,NOT_YET_VERIFIED,NOT_YET_EXECUTED,NOT_YET_CREATED,NOT_APPLICABLE_BEFORE_IMPLEMENTATION
VVIP-GV1-0489,جدول 91,إنشاء Error Boundaries على مستوى التطبيق والRoute والمكوّن الحرج.,GENERAL_PRODUCT,P2,NOT_STARTED,docs/specifications/VVIP_TIGER_GLOBAL_EXECUTION_SPEC_FINAL_AR.md,1900,NOT_YET_VERIFIED,NOT_YET_EXECUTED,NOT_YET_CREATED,NOT_APPLICABLE_BEFORE_IMPLEMENTATION
VVIP-GV1-0490,جدول 91,ربط كل رمز خطأ بسياسة Recovery: retry/queue/fallback/read-only/fail-closed/support escalation.,AI_AUTOMATION,P2,NOT_STARTED,docs/specifications/VVIP_TIGER_GLOBAL_EXECUTION_SPEC_FINAL_AR.md,1901,NOT_YET_VERIFIED,NOT_YET_EXECUTED,NOT_YET_CREATED,NOT_APPLICABLE_BEFORE_IMPLEMENTATION
VVIP-GV1-0491,جدول 91,رسائل قصيرة ولطيفة توضح: هل حُفظت العملية، هل تم الخصم، هل تم النشر، ومتى يمكن المحاولة.,MESSAGING_SUPPORT,P2,NOT_STARTED,docs/specifications/VVIP_TIGER_GLOBAL_EXECUTION_SPEC_FINAL_AR.md,1902,NOT_YET_VERIFIED,NOT_YET_EXECUTED,NOT_YET_CREATED,NOT_APPLICABLE_BEFORE_IMPLEMENTATION
VVIP-GV1-0492,جدول 91,منع stack traces وSQL/provider errors والأسرار والمعرّفات الحساسة من الواجهة.,SECURITY_PRIVACY,P0,NOT_STARTED,docs/specifications/VVIP_TIGER_GLOBAL_EXECUTION_SPEC_FINAL_AR.md,1903,NOT_YET_VERIFIED,NOT_YET_EXECUTED,NOT_YET_CREATED,NOT_APPLICABLE_BEFORE_IMPLEMENTATION
VVIP-GV1-0493,جدول 91,Error catalog، recovery policy، localized message keys، support correlation lookup.,MESSAGING_SUPPORT,P2,NOT_STARTED,docs/specifications/VVIP_TIGER_GLOBAL_EXECUTION_SPEC_FINAL_AR.md,1906,NOT_YET_VERIFIED,NOT_YET_EXECUTED,NOT_YET_CREATED,NOT_APPLICABLE_BEFORE_IMPLEMENTATION
VVIP-GV1-0494,جدول 91,Safe error context فقط؛ PII redaction؛ access-controlled diagnostics.,GENERAL_PRODUCT,P2,NOT_STARTED,docs/specifications/VVIP_TIGER_GLOBAL_EXECUTION_SPEC_FINAL_AR.md,1909,NOT_YET_VERIFIED,NOT_YET_EXECUTED,NOT_YET_CREATED,NOT_APPLICABLE_BEFORE_IMPLEMENTATION
VVIP-GV1-0495,جدول 91,Every error code، retryable/non-retryable، localization fallback، boundary recovery، duplicate submit.,AI_AUTOMATION,P2,NOT_STARTED,docs/specifications/VVIP_TIGER_GLOBAL_EXECUTION_SPEC_FINAL_AR.md,1912,NOT_YET_VERIFIED,NOT_YET_EXECUTED,NOT_YET_CREATED,NOT_APPLICABLE_BEFORE_IMPLEMENTATION
VVIP-GV1-0496,جدول 91,كل خطأ معروف له رسالة وآلية استرداد واختبار؛ لا شاشة بيضاء؛ لا نجاح وهمي.,GENERAL_PRODUCT,P1,NOT_STARTED,docs/specifications/VVIP_TIGER_GLOBAL_EXECUTION_SPEC_FINAL_AR.md,1915,NOT_YET_VERIFIED,NOT_YET_EXECUTED,NOT_YET_CREATED,NOT_APPLICABLE_BEFORE_IMPLEMENTATION
VVIP-GV1-0497,جدول 91,Error catalog، recovery matrix، UI states، observability links.,UX_ACCESSIBILITY,P2,NOT_STARTED,docs/specifications/VVIP_TIGER_GLOBAL_EXECUTION_SPEC_FINAL_AR.md,1918,NOT_YET_VERIFIED,NOT_YET_EXECUTED,NOT_YET_CREATED,NOT_APPLICABLE_BEFORE_IMPLEMENTATION
VVIP-GV1-0498,جدول 94,إنشاء Capacity Model بمعاملات واضحة: registered، MAU، DAU، peak concurrency، read/write/search RPS، uploads، messages، notifications، storage، bandwidth، DB connections، moderation/support load.,DATA_DATABASE,P1,NOT_STARTED,docs/specifications/VVIP_TIGER_GLOBAL_EXECUTION_SPEC_FINAL_AR.md,1948,NOT_YET_VERIFIED,NOT_YET_EXECUTED,NOT_YET_CREATED,NOT_APPLICABLE_BEFORE_IMPLEMENTATION
VVIP-GV1-0499,جدول 94,توفير سيناريوهات Base/Peak/Stress تُحسب من مدخلات قابلة للتغيير وتُربط بحدود البنية والتكلفة.,GENERAL_PRODUCT,P2,NOT_STARTED,docs/specifications/VVIP_TIGER_GLOBAL_EXECUTION_SPEC_FINAL_AR.md,1949,NOT_YET_VERIFIED,NOT_YET_EXECUTED,NOT_YET_CREATED,NOT_APPLICABLE_BEFORE_IMPLEMENTATION
VVIP-GV1-0500,جدول 94,تحديد حدود عمودية وأفقية لكل مكوّن: Web/API/DB/Search/Queue/Storage/CDN/Notifications.,DATA_DATABASE,P1,NOT_STARTED,docs/specifications/VVIP_TIGER_GLOBAL_EXECUTION_SPEC_FINAL_AR.md,1950,NOT_YET_VERIFIED,NOT_YET_EXECUTED,NOT_YET_CREATED,NOT_APPLICABLE_BEFORE_IMPLEMENTATION
VVIP-GV1-0501,جدول 94,حساب headroom وتحديد إشعارات عند الاقتراب من حدود السعة والكلفة دون استخدام أرقام غير موثقة كحقائق.,IDENTITY_ACCESS,P0,NOT_STARTED,docs/specifications/VVIP_TIGER_GLOBAL_EXECUTION_SPEC_FINAL_AR.md,1951,NOT_YET_VERIFIED,NOT_YET_EXECUTED,NOT_YET_CREATED,NOT_APPLICABLE_BEFORE_IMPLEMENTATION
VVIP-GV1-0502,جدول 94,capacity-model.yaml، load profiles، cost model، SLO/error budgets.,PERFORMANCE_SCALE,P2,NOT_STARTED,docs/specifications/VVIP_TIGER_GLOBAL_EXECUTION_SPEC_FINAL_AR.md,1954,NOT_YET_VERIFIED,NOT_YET_EXECUTED,NOT_YET_CREATED,NOT_APPLICABLE_BEFORE_IMPLEMENTATION
VVIP-GV1-0503,جدول 94,بيانات صناعية فقط؛ لا اختبار ضغط مؤذٍ على Production؛ dashboards محمية.,DATA_DATABASE,P1,NOT_STARTED,docs/specifications/VVIP_TIGER_GLOBAL_EXECUTION_SPEC_FINAL_AR.md,1957,NOT_YET_VERIFIED,NOT_YET_EXECUTED,NOT_YET_CREATED,NOT_APPLICABLE_BEFORE_IMPLEMENTATION
VVIP-GV1-0504,جدول 94,Model validation، boundary calculations، peak scenarios، quota exhaustion.,GENERAL_PRODUCT,P2,NOT_STARTED,docs/specifications/VVIP_TIGER_GLOBAL_EXECUTION_SPEC_FINAL_AR.md,1960,NOT_YET_VERIFIED,NOT_YET_EXECUTED,NOT_YET_CREATED,NOT_APPLICABLE_BEFORE_IMPLEMENTATION
VVIP-GV1-0505,جدول 94,النموذج قابل لإعادة الحساب ومربوط باختبارات فعلية وحدود مزودين؛ لا افتراض مخفي.,IDENTITY_ACCESS,P0,NOT_STARTED,docs/specifications/VVIP_TIGER_GLOBAL_EXECUTION_SPEC_FINAL_AR.md,1963,NOT_YET_VERIFIED,NOT_YET_EXECUTED,NOT_YET_CREATED,NOT_APPLICABLE_BEFORE_IMPLEMENTATION
VVIP-GV1-0506,جدول 94,Capacity plan، assumptions register، provider limits، cost scenarios.,GENERAL_PRODUCT,P2,NOT_STARTED,docs/specifications/VVIP_TIGER_GLOBAL_EXECUTION_SPEC_FINAL_AR.md,1966,NOT_YET_VERIFIED,NOT_YET_EXECUTED,NOT_YET_CREATED,NOT_APPLICABLE_BEFORE_IMPLEMENTATION
VVIP-GV1-0507,جدول 96,بناء load/soak/stress suites للرحلات: browse/search/listing/upload/message/notification/admin.,SEARCH_DISCOVERY,P1,NOT_STARTED,docs/specifications/VVIP_TIGER_GLOBAL_EXECUTION_SPEC_FINAL_AR.md,1985,NOT_YET_VERIFIED,NOT_YET_EXECUTED,NOT_YET_CREATED,NOT_APPLICABLE_BEFORE_IMPLEMENTATION
VVIP-GV1-0508,جدول 96,اختبار slow DB وprovider outage وqueue backlog وcache outage وsearch spike وnotification retry storm.,SEARCH_DISCOVERY,P1,NOT_STARTED,docs/specifications/VVIP_TIGER_GLOBAL_EXECUTION_SPEC_FINAL_AR.md,1986,NOT_YET_VERIFIED,NOT_YET_EXECUTED,NOT_YET_CREATED,NOT_APPLICABLE_BEFORE_IMPLEMENTATION
VVIP-GV1-0509,جدول 96,مراقبة p50/p95/p99 وerror rate وsaturation وcost per transaction وrecovery time.,OPERATIONS_RELEASE,P2,NOT_STARTED,docs/specifications/VVIP_TIGER_GLOBAL_EXECUTION_SPEC_FINAL_AR.md,1987,NOT_YET_VERIFIED,NOT_YET_EXECUTED,NOT_YET_CREATED,NOT_APPLICABLE_BEFORE_IMPLEMENTATION
VVIP-GV1-0510,جدول 96,تحسين indexes وN+1 وconnection pools وcache/CDN وimage pipeline والqueues بناءً على profiling.,PERFORMANCE_SCALE,P2,NOT_STARTED,docs/specifications/VVIP_TIGER_GLOBAL_EXECUTION_SPEC_FINAL_AR.md,1988,NOT_YET_VERIFIED,NOT_YET_EXECUTED,NOT_YET_CREATED,NOT_APPLICABLE_BEFORE_IMPLEMENTATION
VVIP-GV1-0511,جدول 96,ربط regression budgets بـCI لمنع التراجع الكبير في الأداء والحجم.,PERFORMANCE_SCALE,P1,NOT_STARTED,docs/specifications/VVIP_TIGER_GLOBAL_EXECUTION_SPEC_FINAL_AR.md,1989,NOT_YET_VERIFIED,NOT_YET_EXECUTED,NOT_YET_CREATED,NOT_APPLICABLE_BEFORE_IMPLEMENTATION
VVIP-GV1-0512,جدول 96,k6/Locust أو الأداة المعتمدة بالمستودع، synthetic datasets، performance artifacts.,PERFORMANCE_SCALE,P1,NOT_STARTED,docs/specifications/VVIP_TIGER_GLOBAL_EXECUTION_SPEC_FINAL_AR.md,1992,NOT_YET_VERIFIED,NOT_YET_EXECUTED,NOT_YET_CREATED,NOT_APPLICABLE_BEFORE_IMPLEMENTATION
VVIP-GV1-0513,جدول 96,اختبارات معزولة، rate caps، no production secrets/data، kill switch.,GENERAL_PRODUCT,P1,NOT_STARTED,docs/specifications/VVIP_TIGER_GLOBAL_EXECUTION_SPEC_FINAL_AR.md,1995,NOT_YET_VERIFIED,NOT_YET_EXECUTED,NOT_YET_CREATED,NOT_APPLICABLE_BEFORE_IMPLEMENTATION
VVIP-GV1-0514,جدول 96,Peak/soak/stress، recovery، autoscaling، DB pool، cache stampede، upload burst.,PERFORMANCE_SCALE,P2,NOT_STARTED,docs/specifications/VVIP_TIGER_GLOBAL_EXECUTION_SPEC_FINAL_AR.md,1998,NOT_YET_VERIFIED,NOT_YET_EXECUTED,NOT_YET_CREATED,NOT_APPLICABLE_BEFORE_IMPLEMENTATION
VVIP-GV1-0515,جدول 96,تحقيق SLO المعتمد بالأدلة، وعدم وجود bottleneck غير موثق أو alert بلا runbook.,GENERAL_PRODUCT,P2,NOT_STARTED,docs/specifications/VVIP_TIGER_GLOBAL_EXECUTION_SPEC_FINAL_AR.md,2001,NOT_YET_VERIFIED,NOT_YET_EXECUTED,NOT_YET_CREATED,NOT_APPLICABLE_BEFORE_IMPLEMENTATION
VVIP-GV1-0516,جدول 96,Load reports، flame/profiling evidence، capacity thresholds، scaling runbooks.,PERFORMANCE_SCALE,P2,NOT_STARTED,docs/specifications/VVIP_TIGER_GLOBAL_EXECUTION_SPEC_FINAL_AR.md,2004,NOT_YET_VERIFIED,NOT_YET_EXECUTED,NOT_YET_CREATED,NOT_APPLICABLE_BEFORE_IMPLEMENTATION
VVIP-GV1-0517,جدول 99,إنشاء ميثاق عربي وإنجليزي يربط الحفيظ بالمسؤولية الأمنية، والسلام بالهدوء، والعدل بالقرارات، واللطيف بالرسائل، والرحيم بالدعم، والحكيم بالتنظيم، والكريم بالخدمة، والرقيب بالأمانة، والهادي بالوضوح.,SECURITY_PRIVACY,P0,NOT_STARTED,docs/specifications/VVIP_TIGER_GLOBAL_EXECUTION_SPEC_FINAL_AR.md,2034,NOT_YET_VERIFIED,NOT_YET_EXECUTED,NOT_YET_CREATED,NOT_APPLICABLE_BEFORE_IMPLEMENTATION
VVIP-GV1-0518,جدول 99,توضيح معنى الفتاح والرزاق بوصفه أملًا في أبواب العمل والخير دون وعد ديني أو استغلال تجاري.,GOVERNANCE_ETHICS,P2,NOT_STARTED,docs/specifications/VVIP_TIGER_GLOBAL_EXECUTION_SPEC_FINAL_AR.md,2035,NOT_YET_VERIFIED,NOT_YET_EXECUTED,NOT_YET_CREATED,NOT_APPLICABLE_BEFORE_IMPLEMENTATION
VVIP-GV1-0519,جدول 99,منع استخدام أسماء الله الحسنى كأسماء أزرار أو منتجات أو باقات أو داخل الإعلانات أو في مواضع معرضة للإهانة أو الحذف.,UX_ACCESSIBILITY,P2,NOT_STARTED,docs/specifications/VVIP_TIGER_GLOBAL_EXECUTION_SPEC_FINAL_AR.md,2036,NOT_YET_VERIFIED,NOT_YET_EXECUTED,NOT_YET_CREATED,NOT_APPLICABLE_BEFORE_IMPLEMENTATION
VVIP-GV1-0520,جدول 99,منع استخدام حروف القرآن الكريم أو الآيات كآلية تشفير أو تعويذة أو ادعاء حماية تقنية؛ الحماية تعتمد على ضوابط أمنية قابلة للاختبار.,SECURITY_PRIVACY,P0,NOT_STARTED,docs/specifications/VVIP_TIGER_GLOBAL_EXECUTION_SPEC_FINAL_AR.md,2037,NOT_YET_VERIFIED,NOT_YET_EXECUTED,NOT_YET_CREATED,NOT_APPLICABLE_BEFORE_IMPLEMENTATION
VVIP-GV1-0521,جدول 99,قصر الظهور العلني على ميثاق القيم ورسالة المالك والصفحات المناسبة بعد مراجعة لغوية وشرعية محترمة.,GOVERNANCE_ETHICS,P2,NOT_STARTED,docs/specifications/VVIP_TIGER_GLOBAL_EXECUTION_SPEC_FINAL_AR.md,2038,NOT_YET_VERIFIED,NOT_YET_EXECUTED,NOT_YET_CREATED,NOT_APPLICABLE_BEFORE_IMPLEMENTATION
VVIP-GV1-0522,جدول 99,احترام جميع الأديان والثقافات وعدم ممارسة ضغط ديني للشراء أو الاشتراك.,PAYMENTS_BILLING,P0,NOT_STARTED,docs/specifications/VVIP_TIGER_GLOBAL_EXECUTION_SPEC_FINAL_AR.md,2039,NOT_YET_VERIFIED,NOT_YET_EXECUTED,NOT_YET_CREATED,NOT_APPLICABLE_BEFORE_IMPLEMENTATION
VVIP-GV1-0523,جدول 99,faith_ethics_charter_ar/en، content governance rules، review workflow.,AI_AUTOMATION,P2,NOT_STARTED,docs/specifications/VVIP_TIGER_GLOBAL_EXECUTION_SPEC_FINAL_AR.md,2042,NOT_YET_VERIFIED,NOT_YET_EXECUTED,NOT_YET_CREATED,NOT_APPLICABLE_BEFORE_IMPLEMENTATION
VVIP-GV1-0524,جدول 99,لا PII؛ لا استغلال؛ no dark patterns؛ مراجعة صلاحيات النشر والتعديل.,SECURITY_PRIVACY,P0,NOT_STARTED,docs/specifications/VVIP_TIGER_GLOBAL_EXECUTION_SPEC_FINAL_AR.md,2045,NOT_YET_VERIFIED,NOT_YET_EXECUTED,NOT_YET_CREATED,NOT_APPLICABLE_BEFORE_IMPLEMENTATION
VVIP-GV1-0525,جدول 99,Content scan، prohibited placement، localization، moderation، accessibility.,UX_ACCESSIBILITY,P1,NOT_STARTED,docs/specifications/VVIP_TIGER_GLOBAL_EXECUTION_SPEC_FINAL_AR.md,2048,NOT_YET_VERIFIED,NOT_YET_EXECUTED,NOT_YET_CREATED,NOT_APPLICABLE_BEFORE_IMPLEMENTATION
VVIP-GV1-0526,جدول 99,لا ظهور تجاري أو مسيء؛ القيم تنعكس في السياسات والرسائل والخدمة لا في الزينة.,MESSAGING_SUPPORT,P2,NOT_STARTED,docs/specifications/VVIP_TIGER_GLOBAL_EXECUTION_SPEC_FINAL_AR.md,2051,NOT_YET_VERIFIED,NOT_YET_EXECUTED,NOT_YET_CREATED,NOT_APPLICABLE_BEFORE_IMPLEMENTATION
VVIP-GV1-0527,جدول 99,الميثاق، checklist المراجعة، owner message، governance evidence.,MESSAGING_SUPPORT,P2,NOT_STARTED,docs/specifications/VVIP_TIGER_GLOBAL_EXECUTION_SPEC_FINAL_AR.md,2054,NOT_YET_VERIFIED,NOT_YET_EXECUTED,NOT_YET_CREATED,NOT_APPLICABLE_BEFORE_IMPLEMENTATION
VVIP-GV1-0528,جدول 101,اعتماد الأساس الافتراضي: 1% من صافي ربح المنصة المدقق بعد الضرائب والاسترجاعات ورسوم الدفع، وليس من قيمة صفقات المستخدمين.,IDENTITY_ACCESS,P0,NOT_STARTED,docs/specifications/VVIP_TIGER_GLOBAL_EXECUTION_SPEC_FINAL_AR.md,2073,NOT_YET_VERIFIED,NOT_YET_EXECUTED,NOT_YET_CREATED,NOT_APPLICABLE_BEFORE_IMPLEMENTATION
VVIP-GV1-0529,جدول 101,فصل Charity Ledger عن الإيرادات التشغيلية، وربط كل قيد بمرجع وفترة وتقرير تدقيق.,OPERATIONS_RELEASE,P2,NOT_STARTED,docs/specifications/VVIP_TIGER_GLOBAL_EXECUTION_SPEC_FINAL_AR.md,2074,NOT_YET_VERIFIED,NOT_YET_EXECUTED,NOT_YET_CREATED,NOT_APPLICABLE_BEFORE_IMPLEMENTATION
VVIP-GV1-0530,جدول 101,إنشاء صفحة باب الخير لعرض السياسة والمبالغ المحولة والجهات المستفيدة والأدلة بعد التفعيل الحقيقي.,GOVERNANCE_ETHICS,P2,NOT_STARTED,docs/specifications/VVIP_TIGER_GLOBAL_EXECUTION_SPEC_FINAL_AR.md,2075,NOT_YET_VERIFIED,NOT_YET_EXECUTED,NOT_YET_CREATED,NOT_APPLICABLE_BEFORE_IMPLEMENTATION
VVIP-GV1-0531,جدول 101,تفعيل public claim وعمليات التحويل عبر Feature Flag بعد اعتماد مالي وقانوني وتحديد الجهات وآلية التحويل.,AI_AUTOMATION,P2,NOT_STARTED,docs/specifications/VVIP_TIGER_GLOBAL_EXECUTION_SPEC_FINAL_AR.md,2076,NOT_YET_VERIFIED,NOT_YET_EXECUTED,NOT_YET_CREATED,NOT_APPLICABLE_BEFORE_IMPLEMENTATION
VVIP-GV1-0532,جدول 101,منع ربط الرزق أو البركة بشراء باقة، ومنع استخدام النسبة قبل وجود تنفيذ حقيقي قابل للتدقيق.,GENERAL_PRODUCT,P2,NOT_STARTED,docs/specifications/VVIP_TIGER_GLOBAL_EXECUTION_SPEC_FINAL_AR.md,2077,NOT_YET_VERIFIED,NOT_YET_EXECUTED,NOT_YET_CREATED,NOT_APPLICABLE_BEFORE_IMPLEMENTATION
VVIP-GV1-0533,جدول 101,charity_policy، charity_ledger، charity_disbursements، audit reports، feature flag.,GENERAL_PRODUCT,P2,NOT_STARTED,docs/specifications/VVIP_TIGER_GLOBAL_EXECUTION_SPEC_FINAL_AR.md,2080,NOT_YET_VERIFIED,NOT_YET_EXECUTED,NOT_YET_CREATED,NOT_APPLICABLE_BEFORE_IMPLEMENTATION
VVIP-GV1-0534,جدول 101,Finance separation of duties، immutable records، no user transaction funds، legal approval.,GENERAL_PRODUCT,P2,NOT_STARTED,docs/specifications/VVIP_TIGER_GLOBAL_EXECUTION_SPEC_FINAL_AR.md,2083,NOT_YET_VERIFIED,NOT_YET_EXECUTED,NOT_YET_CREATED,NOT_APPLICABLE_BEFORE_IMPLEMENTATION
VVIP-GV1-0535,جدول 101,Ledger reconciliation، rounding، refunds، negative profit، unauthorized edit، public-report accuracy.,PAYMENTS_BILLING,P0,NOT_STARTED,docs/specifications/VVIP_TIGER_GLOBAL_EXECUTION_SPEC_FINAL_AR.md,2086,NOT_YET_VERIFIED,NOT_YET_EXECUTED,NOT_YET_CREATED,NOT_APPLICABLE_BEFORE_IMPLEMENTATION
VVIP-GV1-0536,جدول 101,لا إعلان قبل التفعيل الحقيقي؛ القيد متطابق مع التقارير؛ لا خلط بأموال المستخدمين.,IDENTITY_ACCESS,P0,NOT_STARTED,docs/specifications/VVIP_TIGER_GLOBAL_EXECUTION_SPEC_FINAL_AR.md,2089,NOT_YET_VERIFIED,NOT_YET_EXECUTED,NOT_YET_CREATED,NOT_APPLICABLE_BEFORE_IMPLEMENTATION
VVIP-GV1-0537,جدول 101,Policy، schema، admin controls، public report template، audit trail.,DATA_DATABASE,P2,NOT_STARTED,docs/specifications/VVIP_TIGER_GLOBAL_EXECUTION_SPEC_FINAL_AR.md,2092,NOT_YET_VERIFIED,NOT_YET_EXECUTED,NOT_YET_CREATED,NOT_APPLICABLE_BEFORE_IMPLEMENTATION
VVIP-GV1-0538,جدول 104,إنشاء Repository Inventory وتصنيف كل ملف: keep/merge/replace/delete/quarantine مع السبب والدليل.,OPERATIONS_RELEASE,P2,NOT_STARTED,docs/specifications/VVIP_TIGER_GLOBAL_EXECUTION_SPEC_FINAL_AR.md,2122,NOT_YET_VERIFIED,NOT_YET_EXECUTED,NOT_YET_CREATED,NOT_APPLICABLE_BEFORE_IMPLEMENTATION
VVIP-GV1-0539,جدول 104,فحص imports وdynamic imports وroutes وassets وCI وmigrations وscripts وdocumentation references وGit history.,DATA_DATABASE,P2,NOT_STARTED,docs/specifications/VVIP_TIGER_GLOBAL_EXECUTION_SPEC_FINAL_AR.md,2123,NOT_YET_VERIFIED,NOT_YET_EXECUTED,NOT_YET_CREATED,NOT_APPLICABLE_BEFORE_IMPLEMENTATION
VVIP-GV1-0540,جدول 104,إنشاء git bundle وbinary diffs ونسخة للملفات غير المتتبعة خارج المستودع قبل أي حذف.,GENERAL_PRODUCT,P2,NOT_STARTED,docs/specifications/VVIP_TIGER_GLOBAL_EXECUTION_SPEC_FINAL_AR.md,2124,NOT_YET_VERIFIED,NOT_YET_EXECUTED,NOT_YET_CREATED,NOT_APPLICABLE_BEFORE_IMPLEMENTATION
VVIP-GV1-0541,جدول 104,حذف الملف فقط إذا ثبت أنه غير مستخدم أو مكرر بالكامل أو مستبدل أو ضار، وتشغيل focused/full tests بعد الحذف.,IDENTITY_ACCESS,P0,NOT_STARTED,docs/specifications/VVIP_TIGER_GLOBAL_EXECUTION_SPEC_FINAL_AR.md,2125,NOT_YET_VERIFIED,NOT_YET_EXECUTED,NOT_YET_CREATED,NOT_APPLICABLE_BEFORE_IMPLEMENTATION
VVIP-GV1-0542,جدول 104,إزالة الاعتماديات والfeature flags والمسارات والبيانات التجريبية المرتبطة بالملف المحذوف حتى لا تبقى بقايا ميتة.,DATA_DATABASE,P2,NOT_STARTED,docs/specifications/VVIP_TIGER_GLOBAL_EXECUTION_SPEC_FINAL_AR.md,2126,NOT_YET_VERIFIED,NOT_YET_EXECUTED,NOT_YET_CREATED,NOT_APPLICABLE_BEFORE_IMPLEMENTATION
VVIP-GV1-0543,جدول 104,الملف المشتبه به دون دليل لا يدخل Runtime ولا Production bundle، ويظل معزولًا حتى إثبات القرار؛ لا حذف بالحدس.,OPERATIONS_RELEASE,P2,NOT_STARTED,docs/specifications/VVIP_TIGER_GLOBAL_EXECUTION_SPEC_FINAL_AR.md,2127,NOT_YET_VERIFIED,NOT_YET_EXECUTED,NOT_YET_CREATED,NOT_APPLICABLE_BEFORE_IMPLEMENTATION
VVIP-GV1-0544,جدول 104,inventory.csv، deletion evidence، backup manifest، dependency graph، rollback commands.,SECURITY_PRIVACY,P0,NOT_STARTED,docs/specifications/VVIP_TIGER_GLOBAL_EXECUTION_SPEC_FINAL_AR.md,2130,NOT_YET_VERIFIED,NOT_YET_EXECUTED,NOT_YET_CREATED,NOT_APPLICABLE_BEFORE_IMPLEMENTATION
VVIP-GV1-0545,جدول 104,Secret scan قبل النسخ؛ النسخ خارج app tree؛ لا بيانات Production في backups المحلية.,SECURITY_PRIVACY,P0,NOT_STARTED,docs/specifications/VVIP_TIGER_GLOBAL_EXECUTION_SPEC_FINAL_AR.md,2133,NOT_YET_VERIFIED,NOT_YET_EXECUTED,NOT_YET_CREATED,NOT_APPLICABLE_BEFORE_IMPLEMENTATION
VVIP-GV1-0546,جدول 104,Build/lint/type/test/E2E/visual/dependency/route checks قبل الحذف وبعده.,UX_ACCESSIBILITY,P2,NOT_STARTED,docs/specifications/VVIP_TIGER_GLOBAL_EXECUTION_SPEC_FINAL_AR.md,2136,NOT_YET_VERIFIED,NOT_YET_EXECUTED,NOT_YET_CREATED,NOT_APPLICABLE_BEFORE_IMPLEMENTATION
VVIP-GV1-0547,جدول 104,git status نظيف؛ لا references مكسورة؛ كل حذف له دليل واستعادة؛ bundle الإنتاج خالٍ من الملفات الميتة المثبتة.,SECURITY_PRIVACY,P0,NOT_STARTED,docs/specifications/VVIP_TIGER_GLOBAL_EXECUTION_SPEC_FINAL_AR.md,2139,NOT_YET_VERIFIED,NOT_YET_EXECUTED,NOT_YET_CREATED,NOT_APPLICABLE_BEFORE_IMPLEMENTATION
VVIP-GV1-0548,جدول 104,Inventory، deletion log، backup path، test evidence، cleanup report.,SECURITY_PRIVACY,P0,NOT_STARTED,docs/specifications/VVIP_TIGER_GLOBAL_EXECUTION_SPEC_FINAL_AR.md,2142,NOT_YET_VERIFIED,NOT_YET_EXECUTED,NOT_YET_CREATED,NOT_APPLICABLE_BEFORE_IMPLEMENTATION
VVIP-GV1-0549,جدول 106,إنشاء Execution Ledger وResume State وتحديثهما بعد كل Task وCommit.,GENERAL_PRODUCT,P2,NOT_STARTED,docs/specifications/VVIP_TIGER_GLOBAL_EXECUTION_SPEC_FINAL_AR.md,2161,NOT_YET_VERIFIED,NOT_YET_EXECUTED,NOT_YET_CREATED,NOT_APPLICABLE_BEFORE_IMPLEMENTATION
VVIP-GV1-0550,جدول 106,عدم طلب موافقة على lint/import/test/docs/naming الداخلية التي تحسمها الأنماط والوثيقة.,GENERAL_PRODUCT,P2,NOT_STARTED,docs/specifications/VVIP_TIGER_GLOBAL_EXECUTION_SPEC_FINAL_AR.md,2162,NOT_YET_VERIFIED,NOT_YET_EXECUTED,NOT_YET_CREATED,NOT_APPLICABLE_BEFORE_IMPLEMENTATION
VVIP-GV1-0551,جدول 106,الاستمرار في المسارات الأخرى عند وجود Blocker خارجي وعدم تحويله إلى توقف كامل.,GENERAL_PRODUCT,P2,NOT_STARTED,docs/specifications/VVIP_TIGER_GLOBAL_EXECUTION_SPEC_FINAL_AR.md,2163,NOT_YET_VERIFIED,NOT_YET_EXECUTED,NOT_YET_CREATED,NOT_APPLICABLE_BEFORE_IMPLEMENTATION
VVIP-GV1-0552,جدول 106,التوقف فقط عند Credential أو حساب مزود أو قرار قانوني أو Production write غير قابل للتراجع أو عملية مالية حقيقية أو خطر فقد بيانات.,IDENTITY_ACCESS,P0,NOT_STARTED,docs/specifications/VVIP_TIGER_GLOBAL_EXECUTION_SPEC_FINAL_AR.md,2164,NOT_YET_VERIFIED,NOT_YET_EXECUTED,NOT_YET_CREATED,NOT_APPLICABLE_BEFORE_IMPLEMENTATION
VVIP-GV1-0553,جدول 106,عدم العمل على main وعدم force push وعدم كشف الأسرار وعدم تنفيذ destructive migration دون expand/migrate/contract وتراجع.,SECURITY_PRIVACY,P0,NOT_STARTED,docs/specifications/VVIP_TIGER_GLOBAL_EXECUTION_SPEC_FINAL_AR.md,2165,NOT_YET_VERIFIED,NOT_YET_EXECUTED,NOT_YET_CREATED,NOT_APPLICABLE_BEFORE_IMPLEMENTATION
VVIP-GV1-0554,جدول 106,GLOBAL_V1_EXECUTION_LEDGER.md، GLOBAL_V1_RESUME_STATE.md، BLOCKERS.md، EVIDENCE_INDEX.md.,GENERAL_PRODUCT,P2,NOT_STARTED,docs/specifications/VVIP_TIGER_GLOBAL_EXECUTION_SPEC_FINAL_AR.md,2168,NOT_YET_VERIFIED,NOT_YET_EXECUTED,NOT_YET_CREATED,NOT_APPLICABLE_BEFORE_IMPLEMENTATION
VVIP-GV1-0555,جدول 106,Least privilege؛ no secrets in logs؛ approval gates للإنتاج والمال والقانون.,GENERAL_PRODUCT,P2,NOT_STARTED,docs/specifications/VVIP_TIGER_GLOBAL_EXECUTION_SPEC_FINAL_AR.md,2171,NOT_YET_VERIFIED,NOT_YET_EXECUTED,NOT_YET_CREATED,NOT_APPLICABLE_BEFORE_IMPLEMENTATION
VVIP-GV1-0556,جدول 106,Resume after interruption، failed task rollback، missing credential، parallel independent work.,AI_AUTOMATION,P2,NOT_STARTED,docs/specifications/VVIP_TIGER_GLOBAL_EXECUTION_SPEC_FINAL_AR.md,2174,NOT_YET_VERIFIED,NOT_YET_EXECUTED,NOT_YET_CREATED,NOT_APPLICABLE_BEFORE_IMPLEMENTATION
VVIP-GV1-0557,جدول 106,يمكن استئناف المهمة من last good commit؛ لا مرحلة ناجحة تُفقد بسبب فشل لاحق؛ Blockers دقيقة ومحدودة.,GENERAL_PRODUCT,P2,NOT_STARTED,docs/specifications/VVIP_TIGER_GLOBAL_EXECUTION_SPEC_FINAL_AR.md,2177,NOT_YET_VERIFIED,NOT_YET_EXECUTED,NOT_YET_CREATED,NOT_APPLICABLE_BEFORE_IMPLEMENTATION
VVIP-GV1-0558,جدول 106,Ledger، resume state، blockers، exact resume/rollback commands.,OPERATIONS_RELEASE,P2,NOT_STARTED,docs/specifications/VVIP_TIGER_GLOBAL_EXECUTION_SPEC_FINAL_AR.md,2180,NOT_YET_VERIFIED,NOT_YET_EXECUTED,NOT_YET_CREATED,NOT_APPLICABLE_BEFORE_IMPLEMENTATION
VVIP-GV1-0559,جدول 108,ربط كل Requirement بالكود والاختبار والدليل والحالة دون أي صف فارغ أو Placeholder.,UX_ACCESSIBILITY,P1,NOT_STARTED,docs/specifications/VVIP_TIGER_GLOBAL_EXECUTION_SPEC_FINAL_AR.md,2199,NOT_YET_VERIFIED,NOT_YET_EXECUTED,NOT_YET_CREATED,NOT_APPLICABLE_BEFORE_IMPLEMENTATION
VVIP-GV1-0560,جدول 108,تشغيل full regression والأمن والأداء والاستعادة وRLS والمهاجرات وlow-bandwidth وAI fallback والدفع sandbox.,SECURITY_PRIVACY,P0,NOT_STARTED,docs/specifications/VVIP_TIGER_GLOBAL_EXECUTION_SPEC_FINAL_AR.md,2200,NOT_YET_VERIFIED,NOT_YET_EXECUTED,NOT_YET_CREATED,NOT_APPLICABLE_BEFORE_IMPLEMENTATION
VVIP-GV1-0561,جدول 108,إعداد التقرير النهائي: البداية والنهاية والCommits والنسخ والحذف والإصلاحات والاختبارات والأداء والسعة والأمن والخصوصية والمخاطر والتراجع.,SECURITY_PRIVACY,P0,NOT_STARTED,docs/specifications/VVIP_TIGER_GLOBAL_EXECUTION_SPEC_FINAL_AR.md,2201,NOT_YET_VERIFIED,NOT_YET_EXECUTED,NOT_YET_CREATED,NOT_APPLICABLE_BEFORE_IMPLEMENTATION
VVIP-GV1-0562,جدول 108,استخدام حالة نهائية واحدة فقط من الحالات المعتمدة وعدم كتابة 100% أو COMPLETE دون تحقق جميع البوابات.,GENERAL_PRODUCT,P2,NOT_STARTED,docs/specifications/VVIP_TIGER_GLOBAL_EXECUTION_SPEC_FINAL_AR.md,2202,NOT_YET_VERIFIED,NOT_YET_EXECUTED,NOT_YET_CREATED,NOT_APPLICABLE_BEFORE_IMPLEMENTATION
VVIP-GV1-0563,جدول 108,Final report، traceability matrix، go/no-go record، release manifest، rollback evidence.,OPERATIONS_RELEASE,P2,NOT_STARTED,docs/specifications/VVIP_TIGER_GLOBAL_EXECUTION_SPEC_FINAL_AR.md,2205,NOT_YET_VERIFIED,NOT_YET_EXECUTED,NOT_YET_CREATED,NOT_APPLICABLE_BEFORE_IMPLEMENTATION
VVIP-GV1-0564,جدول 108,لا Critical/Blocker مفتوح؛ لا secrets؛ لا Production claim دون evidence.,AI_AUTOMATION,P0,NOT_STARTED,docs/specifications/VVIP_TIGER_GLOBAL_EXECUTION_SPEC_FINAL_AR.md,2208,NOT_YET_VERIFIED,NOT_YET_EXECUTED,NOT_YET_CREATED,NOT_APPLICABLE_BEFORE_IMPLEMENTATION
VVIP-GV1-0565,جدول 108,All P0/P1، security gates، restore drill، release rollback، smoke tests.,SECURITY_PRIVACY,P0,NOT_STARTED,docs/specifications/VVIP_TIGER_GLOBAL_EXECUTION_SPEC_FINAL_AR.md,2211,NOT_YET_VERIFIED,NOT_YET_EXECUTED,NOT_YET_CREATED,NOT_APPLICABLE_BEFORE_IMPLEMENTATION
VVIP-GV1-0566,جدول 108,FINAL_STATUS موثق؛ لا تناقض بين التقرير والاختبارات؛ كل Blocker خارجي محدد بمتطلب واحد قابل للتنفيذ.,GENERAL_PRODUCT,P1,NOT_STARTED,docs/specifications/VVIP_TIGER_GLOBAL_EXECUTION_SPEC_FINAL_AR.md,2214,NOT_YET_VERIFIED,NOT_YET_EXECUTED,NOT_YET_CREATED,NOT_APPLICABLE_BEFORE_IMPLEMENTATION
VVIP-GV1-0567,جدول 108,GLOBAL_V1_FINAL_EXECUTION_REPORT.md، release package، final status.,OPERATIONS_RELEASE,P2,NOT_STARTED,docs/specifications/VVIP_TIGER_GLOBAL_EXECUTION_SPEC_FINAL_AR.md,2217,NOT_YET_VERIFIED,NOT_YET_EXECUTED,NOT_YET_CREATED,NOT_APPLICABLE_BEFORE_IMPLEMENTATION
VVIP-GV1-0568,7.1 العلاقات الأساسية,profile واحد يرتبط به صفر أو واحد business_profile وعدة listings وsubscriptions وsupport_tickets.,LISTINGS_MARKETPLACE,P2,NOT_STARTED,docs/specifications/VVIP_TIGER_GLOBAL_EXECUTION_SPEC_FINAL_AR.md,2307,NOT_YET_VERIFIED,NOT_YET_EXECUTED,NOT_YET_CREATED,NOT_APPLICABLE_BEFORE_IMPLEMENTATION
VVIP-GV1-0569,7.1 العلاقات الأساسية,listing ينتمي إلى owner وcategory، وله attributes وrevisions وmedia_assets وstatus_history.,LISTINGS_MARKETPLACE,P2,NOT_STARTED,docs/specifications/VVIP_TIGER_GLOBAL_EXECUTION_SPEC_FINAL_AR.md,2308,NOT_YET_VERIFIED,NOT_YET_EXECUTED,NOT_YET_CREATED,NOT_APPLICABLE_BEFORE_IMPLEMENTATION
VVIP-GV1-0570,7.1 العلاقات الأساسية,conversation تحتوي طرفين فقط في Global V1، ويمكن ربطها بإعلان واحد.,LISTINGS_MARKETPLACE,P2,NOT_STARTED,docs/specifications/VVIP_TIGER_GLOBAL_EXECUTION_SPEC_FINAL_AR.md,2309,NOT_YET_VERIFIED,NOT_YET_EXECUTED,NOT_YET_CREATED,NOT_APPLICABLE_BEFORE_IMPLEMENTATION
VVIP-GV1-0571,7.1 العلاقات الأساسية,message لا تقرأ إلا عبر membership في conversation، ويستخدم client_id لمنع التكرار.,MESSAGING_SUPPORT,P2,NOT_STARTED,docs/specifications/VVIP_TIGER_GLOBAL_EXECUTION_SPEC_FINAL_AR.md,2310,NOT_YET_VERIFIED,NOT_YET_EXECUTED,NOT_YET_CREATED,NOT_APPLICABLE_BEFORE_IMPLEMENTATION
VVIP-GV1-0572,7.1 العلاقات الأساسية,moderation_case تربط بلاغًا أو اكتشافًا آليًا، وقراراتها قابلة للاستئناف.,GENERAL_PRODUCT,P2,NOT_STARTED,docs/specifications/VVIP_TIGER_GLOBAL_EXECUTION_SPEC_FINAL_AR.md,2311,NOT_YET_VERIFIED,NOT_YET_EXECUTED,NOT_YET_CREATED,NOT_APPLICABLE_BEFORE_IMPLEMENTATION
VVIP-GV1-0573,7.1 العلاقات الأساسية,payment_event لا يعدّل Ledger مباشرة دون handler idempotent وtransaction.,PAYMENTS_BILLING,P0,NOT_STARTED,docs/specifications/VVIP_TIGER_GLOBAL_EXECUTION_SPEC_FINAL_AR.md,2312,NOT_YET_VERIFIED,NOT_YET_EXECUTED,NOT_YET_CREATED,NOT_APPLICABLE_BEFORE_IMPLEMENTATION
VVIP-GV1-0574,جدول 116,كل خانة في هذه المصفوفة يجب أن تتحول إلى Policy واختبار آلي إيجابي وسلبي. لا يسمح بعبارات عامة مثل «الإدارة ترى كل شيء» دون تقييد الدور والنطاق والتدقيق.,GENERAL_PRODUCT,P1,NOT_STARTED,docs/specifications/VVIP_TIGER_GLOBAL_EXECUTION_SPEC_FINAL_AR.md,2329,NOT_YET_VERIFIED,NOT_YET_EXECUTED,NOT_YET_CREATED,NOT_APPLICABLE_BEFORE_IMPLEMENTATION
VVIP-GV1-0575,9.1 الرحلات الحرجة,اختيار اللغة والدولة,GENERAL_PRODUCT,P2,NOT_STARTED,docs/specifications/VVIP_TIGER_GLOBAL_EXECUTION_SPEC_FINAL_AR.md,2358,NOT_YET_VERIFIED,NOT_YET_EXECUTED,NOT_YET_CREATED,NOT_APPLICABLE_BEFORE_IMPLEMENTATION
VVIP-GV1-0576,9.1 الرحلات الحرجة,إنشاء الهوية,IDENTITY_ACCESS,P0,NOT_STARTED,docs/specifications/VVIP_TIGER_GLOBAL_EXECUTION_SPEC_FINAL_AR.md,2359,NOT_YET_VERIFIED,NOT_YET_EXECUTED,NOT_YET_CREATED,NOT_APPLICABLE_BEFORE_IMPLEMENTATION
VVIP-GV1-0577,9.1 الرحلات الحرجة,قبول السياسات,GENERAL_PRODUCT,P2,NOT_STARTED,docs/specifications/VVIP_TIGER_GLOBAL_EXECUTION_SPEC_FINAL_AR.md,2360,NOT_YET_VERIFIED,NOT_YET_EXECUTED,NOT_YET_CREATED,NOT_APPLICABLE_BEFORE_IMPLEMENTATION
VVIP-GV1-0578,9.1 الرحلات الحرجة,اختيار نوع الحساب,IDENTITY_ACCESS,P0,NOT_STARTED,docs/specifications/VVIP_TIGER_GLOBAL_EXECUTION_SPEC_FINAL_AR.md,2361,NOT_YET_VERIFIED,NOT_YET_EXECUTED,NOT_YET_CREATED,NOT_APPLICABLE_BEFORE_IMPLEMENTATION
VVIP-GV1-0579,9.1 الرحلات الحرجة,إكمال الحد الأدنى للملف,GENERAL_PRODUCT,P2,NOT_STARTED,docs/specifications/VVIP_TIGER_GLOBAL_EXECUTION_SPEC_FINAL_AR.md,2362,NOT_YET_VERIFIED,NOT_YET_EXECUTED,NOT_YET_CREATED,NOT_APPLICABLE_BEFORE_IMPLEMENTATION
VVIP-GV1-0580,9.1 الرحلات الحرجة,الدخول إلى Home,GENERAL_PRODUCT,P2,NOT_STARTED,docs/specifications/VVIP_TIGER_GLOBAL_EXECUTION_SPEC_FINAL_AR.md,2363,NOT_YET_VERIFIED,NOT_YET_EXECUTED,NOT_YET_CREATED,NOT_APPLICABLE_BEFORE_IMPLEMENTATION
VVIP-GV1-0581,9.1 الرحلات الحرجة,إنشاء مسودة,GENERAL_PRODUCT,P2,NOT_STARTED,docs/specifications/VVIP_TIGER_GLOBAL_EXECUTION_SPEC_FINAL_AR.md,2366,NOT_YET_VERIFIED,NOT_YET_EXECUTED,NOT_YET_CREATED,NOT_APPLICABLE_BEFORE_IMPLEMENTATION
VVIP-GV1-0582,9.1 الرحلات الحرجة,اختيار القطاع والفئة,LISTINGS_MARKETPLACE,P2,NOT_STARTED,docs/specifications/VVIP_TIGER_GLOBAL_EXECUTION_SPEC_FINAL_AR.md,2367,NOT_YET_VERIFIED,NOT_YET_EXECUTED,NOT_YET_CREATED,NOT_APPLICABLE_BEFORE_IMPLEMENTATION
VVIP-GV1-0583,9.1 الرحلات الحرجة,إدخال الحقول,GENERAL_PRODUCT,P2,NOT_STARTED,docs/specifications/VVIP_TIGER_GLOBAL_EXECUTION_SPEC_FINAL_AR.md,2368,NOT_YET_VERIFIED,NOT_YET_EXECUTED,NOT_YET_CREATED,NOT_APPLICABLE_BEFORE_IMPLEMENTATION
VVIP-GV1-0584,9.1 الرحلات الحرجة,رفع الصور,GENERAL_PRODUCT,P2,NOT_STARTED,docs/specifications/VVIP_TIGER_GLOBAL_EXECUTION_SPEC_FINAL_AR.md,2369,NOT_YET_VERIFIED,NOT_YET_EXECUTED,NOT_YET_CREATED,NOT_APPLICABLE_BEFORE_IMPLEMENTATION
VVIP-GV1-0585,9.1 الرحلات الحرجة,إرسال للمراجعة,GENERAL_PRODUCT,P2,NOT_STARTED,docs/specifications/VVIP_TIGER_GLOBAL_EXECUTION_SPEC_FINAL_AR.md,2371,NOT_YET_VERIFIED,NOT_YET_EXECUTED,NOT_YET_CREATED,NOT_APPLICABLE_BEFORE_IMPLEMENTATION
VVIP-GV1-0586,9.1 الرحلات الحرجة,فتح التفاصيل,GENERAL_PRODUCT,P2,NOT_STARTED,docs/specifications/VVIP_TIGER_GLOBAL_EXECUTION_SPEC_FINAL_AR.md,2376,NOT_YET_VERIFIED,NOT_YET_EXECUTED,NOT_YET_CREATED,NOT_APPLICABLE_BEFORE_IMPLEMENTATION
VVIP-GV1-0587,9.1 الرحلات الحرجة,بدء محادثة,MESSAGING_SUPPORT,P2,NOT_STARTED,docs/specifications/VVIP_TIGER_GLOBAL_EXECUTION_SPEC_FINAL_AR.md,2377,NOT_YET_VERIFIED,NOT_YET_EXECUTED,NOT_YET_CREATED,NOT_APPLICABLE_BEFORE_IMPLEMENTATION
VVIP-GV1-0588,9.1 الرحلات الحرجة,إرسال رسالة,GENERAL_PRODUCT,P2,NOT_STARTED,docs/specifications/VVIP_TIGER_GLOBAL_EXECUTION_SPEC_FINAL_AR.md,2378,NOT_YET_VERIFIED,NOT_YET_EXECUTED,NOT_YET_CREATED,NOT_APPLICABLE_BEFORE_IMPLEMENTATION
VVIP-GV1-0589,9.1 الرحلات الحرجة,وصول إشعار,MESSAGING_SUPPORT,P2,NOT_STARTED,docs/specifications/VVIP_TIGER_GLOBAL_EXECUTION_SPEC_FINAL_AR.md,2379,NOT_YET_VERIFIED,NOT_YET_EXECUTED,NOT_YET_CREATED,NOT_APPLICABLE_BEFORE_IMPLEMENTATION
VVIP-GV1-0590,9.1 الرحلات الحرجة,قراءة ورد,GENERAL_PRODUCT,P2,NOT_STARTED,docs/specifications/VVIP_TIGER_GLOBAL_EXECUTION_SPEC_FINAL_AR.md,2380,NOT_YET_VERIFIED,NOT_YET_EXECUTED,NOT_YET_CREATED,NOT_APPLICABLE_BEFORE_IMPLEMENTATION
VVIP-GV1-0591,9.1 الرحلات الحرجة,حظر/بلاغ عند الحاجة,GENERAL_PRODUCT,P2,NOT_STARTED,docs/specifications/VVIP_TIGER_GLOBAL_EXECUTION_SPEC_FINAL_AR.md,2381,NOT_YET_VERIFIED,NOT_YET_EXECUTED,NOT_YET_CREATED,NOT_APPLICABLE_BEFORE_IMPLEMENTATION
VVIP-GV1-0592,9.1 الرحلات الحرجة,عرض الباقات,GENERAL_PRODUCT,P2,NOT_STARTED,docs/specifications/VVIP_TIGER_GLOBAL_EXECUTION_SPEC_FINAL_AR.md,2384,NOT_YET_VERIFIED,NOT_YET_EXECUTED,NOT_YET_CREATED,NOT_APPLICABLE_BEFORE_IMPLEMENTATION
VVIP-GV1-0593,9.1 الرحلات الحرجة,إنشاء Checkout,GENERAL_PRODUCT,P2,NOT_STARTED,docs/specifications/VVIP_TIGER_GLOBAL_EXECUTION_SPEC_FINAL_AR.md,2385,NOT_YET_VERIFIED,NOT_YET_EXECUTED,NOT_YET_CREATED,NOT_APPLICABLE_BEFORE_IMPLEMENTATION
VVIP-GV1-0594,9.1 الرحلات الحرجة,دفع مستضاف,PAYMENTS_BILLING,P0,NOT_STARTED,docs/specifications/VVIP_TIGER_GLOBAL_EXECUTION_SPEC_FINAL_AR.md,2386,NOT_YET_VERIFIED,NOT_YET_EXECUTED,NOT_YET_CREATED,NOT_APPLICABLE_BEFORE_IMPLEMENTATION
VVIP-GV1-0595,9.1 الرحلات الحرجة,Webhook موثوق,GENERAL_PRODUCT,P2,NOT_STARTED,docs/specifications/VVIP_TIGER_GLOBAL_EXECUTION_SPEC_FINAL_AR.md,2387,NOT_YET_VERIFIED,NOT_YET_EXECUTED,NOT_YET_CREATED,NOT_APPLICABLE_BEFORE_IMPLEMENTATION
VVIP-GV1-0596,9.1 الرحلات الحرجة,تفعيل Entitlement,GENERAL_PRODUCT,P2,NOT_STARTED,docs/specifications/VVIP_TIGER_GLOBAL_EXECUTION_SPEC_FINAL_AR.md,2388,NOT_YET_VERIFIED,NOT_YET_EXECUTED,NOT_YET_CREATED,NOT_APPLICABLE_BEFORE_IMPLEMENTATION
VVIP-GV1-0597,9.1 الرحلات الحرجة,فاتورة/بوابة إدارة,PAYMENTS_BILLING,P0,NOT_STARTED,docs/specifications/VVIP_TIGER_GLOBAL_EXECUTION_SPEC_FINAL_AR.md,2389,NOT_YET_VERIFIED,NOT_YET_EXECUTED,NOT_YET_CREATED,NOT_APPLICABLE_BEFORE_IMPLEMENTATION
VVIP-GV1-0598,9.1 الرحلات الحرجة,اختيار الهدف والسبب,GENERAL_PRODUCT,P2,NOT_STARTED,docs/specifications/VVIP_TIGER_GLOBAL_EXECUTION_SPEC_FINAL_AR.md,2392,NOT_YET_VERIFIED,NOT_YET_EXECUTED,NOT_YET_CREATED,NOT_APPLICABLE_BEFORE_IMPLEMENTATION
VVIP-GV1-0599,9.1 الرحلات الحرجة,إرسال الدليل,OPERATIONS_RELEASE,P2,NOT_STARTED,docs/specifications/VVIP_TIGER_GLOBAL_EXECUTION_SPEC_FINAL_AR.md,2393,NOT_YET_VERIFIED,NOT_YET_EXECUTED,NOT_YET_CREATED,NOT_APPLICABLE_BEFORE_IMPLEMENTATION
VVIP-GV1-0600,9.1 الرحلات الحرجة,إنشاء Case,GENERAL_PRODUCT,P2,NOT_STARTED,docs/specifications/VVIP_TIGER_GLOBAL_EXECUTION_SPEC_FINAL_AR.md,2394,NOT_YET_VERIFIED,NOT_YET_EXECUTED,NOT_YET_CREATED,NOT_APPLICABLE_BEFORE_IMPLEMENTATION
VVIP-GV1-0601,9.1 الرحلات الحرجة,قرار موضح,GENERAL_PRODUCT,P2,NOT_STARTED,docs/specifications/VVIP_TIGER_GLOBAL_EXECUTION_SPEC_FINAL_AR.md,2395,NOT_YET_VERIFIED,NOT_YET_EXECUTED,NOT_YET_CREATED,NOT_APPLICABLE_BEFORE_IMPLEMENTATION
VVIP-GV1-0602,9.1 الرحلات الحرجة,إشعار الأطراف,MESSAGING_SUPPORT,P2,NOT_STARTED,docs/specifications/VVIP_TIGER_GLOBAL_EXECUTION_SPEC_FINAL_AR.md,2396,NOT_YET_VERIFIED,NOT_YET_EXECUTED,NOT_YET_CREATED,NOT_APPLICABLE_BEFORE_IMPLEMENTATION
VVIP-GV1-0603,9.1 الرحلات الحرجة,استئناف مستقل,GENERAL_PRODUCT,P2,NOT_STARTED,docs/specifications/VVIP_TIGER_GLOBAL_EXECUTION_SPEC_FINAL_AR.md,2397,NOT_YET_VERIFIED,NOT_YET_EXECUTED,NOT_YET_CREATED,NOT_APPLICABLE_BEFORE_IMPLEMENTATION
VVIP-GV1-0604,10.1 قواعد API الملزمة,JSON schema موثق لكل request/response.,DATA_DATABASE,P2,NOT_STARTED,docs/specifications/VVIP_TIGER_GLOBAL_EXECUTION_SPEC_FINAL_AR.md,2421,NOT_YET_VERIFIED,NOT_YET_EXECUTED,NOT_YET_CREATED,NOT_APPLICABLE_BEFORE_IMPLEMENTATION
VVIP-GV1-0605,10.1 قواعد API الملزمة,"Error envelope موحد: code, message_key, field_errors, correlation_id.",MESSAGING_SUPPORT,P2,NOT_STARTED,docs/specifications/VVIP_TIGER_GLOBAL_EXECUTION_SPEC_FINAL_AR.md,2422,NOT_YET_VERIFIED,NOT_YET_EXECUTED,NOT_YET_CREATED,NOT_APPLICABLE_BEFORE_IMPLEMENTATION
VVIP-GV1-0606,10.1 قواعد API الملزمة,Idempotency-Key للعمليات المالية والإرسال والإنشاء القابل للتكرار.,GENERAL_PRODUCT,P2,NOT_STARTED,docs/specifications/VVIP_TIGER_GLOBAL_EXECUTION_SPEC_FINAL_AR.md,2423,NOT_YET_VERIFIED,NOT_YET_EXECUTED,NOT_YET_CREATED,NOT_APPLICABLE_BEFORE_IMPLEMENTATION
VVIP-GV1-0607,10.1 قواعد API الملزمة,Cursor pagination بدل offset في البيانات المتغيرة.,DATA_DATABASE,P2,NOT_STARTED,docs/specifications/VVIP_TIGER_GLOBAL_EXECUTION_SPEC_FINAL_AR.md,2424,NOT_YET_VERIFIED,NOT_YET_EXECUTED,NOT_YET_CREATED,NOT_APPLICABLE_BEFORE_IMPLEMENTATION
VVIP-GV1-0608,10.1 قواعد API الملزمة,Rate limits حسب الهوية والجهاز والعنوان والعملية.,IDENTITY_ACCESS,P0,NOT_STARTED,docs/specifications/VVIP_TIGER_GLOBAL_EXECUTION_SPEC_FINAL_AR.md,2425,NOT_YET_VERIFIED,NOT_YET_EXECUTED,NOT_YET_CREATED,NOT_APPLICABLE_BEFORE_IMPLEMENTATION
VVIP-GV1-0609,10.1 قواعد API الملزمة,Audit event للأفعال الإدارية والمالية والحذف.,GENERAL_PRODUCT,P2,NOT_STARTED,docs/specifications/VVIP_TIGER_GLOBAL_EXECUTION_SPEC_FINAL_AR.md,2426,NOT_YET_VERIFIED,NOT_YET_EXECUTED,NOT_YET_CREATED,NOT_APPLICABLE_BEFORE_IMPLEMENTATION
VVIP-GV1-0610,10.1 قواعد API الملزمة,Versioning تحت /api/v1 وتوافق خلفي خلال نافذة الإصدار.,GENERAL_PRODUCT,P2,NOT_STARTED,docs/specifications/VVIP_TIGER_GLOBAL_EXECUTION_SPEC_FINAL_AR.md,2427,NOT_YET_VERIFIED,NOT_YET_EXECUTED,NOT_YET_CREATED,NOT_APPLICABLE_BEFORE_IMPLEMENTATION
VVIP-GV1-0611,11.2 قواعد المحادثة,طرفان فقط في V1؛ لا مجموعات ولا Broadcast.,GENERAL_PRODUCT,P2,NOT_STARTED,docs/specifications/VVIP_TIGER_GLOBAL_EXECUTION_SPEC_FINAL_AR.md,2467,NOT_YET_VERIFIED,NOT_YET_EXECUTED,NOT_YET_CREATED,NOT_APPLICABLE_BEFORE_IMPLEMENTATION
VVIP-GV1-0612,11.2 قواعد المحادثة,"يمكن اعتماد محادثة واحدة لكل (listing, buyer, seller) لمنع التكرار.",LISTINGS_MARKETPLACE,P2,NOT_STARTED,docs/specifications/VVIP_TIGER_GLOBAL_EXECUTION_SPEC_FINAL_AR.md,2468,NOT_YET_VERIFIED,NOT_YET_EXECUTED,NOT_YET_CREATED,NOT_APPLICABLE_BEFORE_IMPLEMENTATION
VVIP-GV1-0613,11.2 قواعد المحادثة,client_message_id فريد لكل مرسل لمنع حفظ الرسالة مرتين.,MESSAGING_SUPPORT,P2,NOT_STARTED,docs/specifications/VVIP_TIGER_GLOBAL_EXECUTION_SPEC_FINAL_AR.md,2469,NOT_YET_VERIFIED,NOT_YET_EXECUTED,NOT_YET_CREATED,NOT_APPLICABLE_BEFORE_IMPLEMENTATION
VVIP-GV1-0614,11.2 قواعد المحادثة,الحظر يمنع الرسائل الجديدة ولا يحذف الدليل السابق تلقائيًا.,MESSAGING_SUPPORT,P2,NOT_STARTED,docs/specifications/VVIP_TIGER_GLOBAL_EXECUTION_SPEC_FINAL_AR.md,2470,NOT_YET_VERIFIED,NOT_YET_EXECUTED,NOT_YET_CREATED,NOT_APPLICABLE_BEFORE_IMPLEMENTATION
VVIP-GV1-0615,11.2 قواعد المحادثة,حذف الحساب يتبع سياسة الاحتفاظ والالتزامات القانونية؛ لا يمحو Evidence بلا مراجعة.,IDENTITY_ACCESS,P0,NOT_STARTED,docs/specifications/VVIP_TIGER_GLOBAL_EXECUTION_SPEC_FINAL_AR.md,2471,NOT_YET_VERIFIED,NOT_YET_EXECUTED,NOT_YET_CREATED,NOT_APPLICABLE_BEFORE_IMPLEMENTATION
VVIP-GV1-0616,11.2 قواعد المحادثة,المرفقات تبدأ بالصور فقط أو تؤجل؛ الملفات العامة تحتاج فحصًا منفصلًا.,GENERAL_PRODUCT,P2,NOT_STARTED,docs/specifications/VVIP_TIGER_GLOBAL_EXECUTION_SPEC_FINAL_AR.md,2472,NOT_YET_VERIFIED,NOT_YET_EXECUTED,NOT_YET_CREATED,NOT_APPLICABLE_BEFORE_IMPLEMENTATION
VVIP-GV1-0617,15.1 Runbooks المطلوبة,عطل Clerk أو فشل تسجيل الدخول.,IDENTITY_ACCESS,P0,NOT_STARTED,docs/specifications/VVIP_TIGER_GLOBAL_EXECUTION_SPEC_FINAL_AR.md,2593,NOT_YET_VERIFIED,NOT_YET_EXECUTED,NOT_YET_CREATED,NOT_APPLICABLE_BEFORE_IMPLEMENTATION
VVIP-GV1-0618,15.1 Runbooks المطلوبة,توقف Supabase أو قاعدة البيانات.,DATA_DATABASE,P2,NOT_STARTED,docs/specifications/VVIP_TIGER_GLOBAL_EXECUTION_SPEC_FINAL_AR.md,2594,NOT_YET_VERIFIED,NOT_YET_EXECUTED,NOT_YET_CREATED,NOT_APPLICABLE_BEFORE_IMPLEMENTATION
VVIP-GV1-0619,15.1 Runbooks المطلوبة,فشل migrations بعد النشر.,DATA_DATABASE,P2,NOT_STARTED,docs/specifications/VVIP_TIGER_GLOBAL_EXECUTION_SPEC_FINAL_AR.md,2595,NOT_YET_VERIFIED,NOT_YET_EXECUTED,NOT_YET_CREATED,NOT_APPLICABLE_BEFORE_IMPLEMENTATION
VVIP-GV1-0620,15.1 Runbooks المطلوبة,تراكم Queue أو تعطل معالجة الصور.,GENERAL_PRODUCT,P2,NOT_STARTED,docs/specifications/VVIP_TIGER_GLOBAL_EXECUTION_SPEC_FINAL_AR.md,2596,NOT_YET_VERIFIED,NOT_YET_EXECUTED,NOT_YET_CREATED,NOT_APPLICABLE_BEFORE_IMPLEMENTATION
VVIP-GV1-0621,15.1 Runbooks المطلوبة,توقف البريد أو Push.,GENERAL_PRODUCT,P2,NOT_STARTED,docs/specifications/VVIP_TIGER_GLOBAL_EXECUTION_SPEC_FINAL_AR.md,2597,NOT_YET_VERIFIED,NOT_YET_EXECUTED,NOT_YET_CREATED,NOT_APPLICABLE_BEFORE_IMPLEMENTATION
VVIP-GV1-0622,15.1 Runbooks المطلوبة,خطأ Webhook الدفع أو عدم مطابقة Ledger.,PAYMENTS_BILLING,P0,NOT_STARTED,docs/specifications/VVIP_TIGER_GLOBAL_EXECUTION_SPEC_FINAL_AR.md,2598,NOT_YET_VERIFIED,NOT_YET_EXECUTED,NOT_YET_CREATED,NOT_APPLICABLE_BEFORE_IMPLEMENTATION
VVIP-GV1-0623,15.1 Runbooks المطلوبة,تسريب مفتاح أو حساب إداري.,SECURITY_PRIVACY,P0,NOT_STARTED,docs/specifications/VVIP_TIGER_GLOBAL_EXECUTION_SPEC_FINAL_AR.md,2599,NOT_YET_VERIFIED,NOT_YET_EXECUTED,NOT_YET_CREATED,NOT_APPLICABLE_BEFORE_IMPLEMENTATION
VVIP-GV1-0624,15.1 Runbooks المطلوبة,ارتفاع البلاغات أو حملة Spam.,GENERAL_PRODUCT,P2,NOT_STARTED,docs/specifications/VVIP_TIGER_GLOBAL_EXECUTION_SPEC_FINAL_AR.md,2600,NOT_YET_VERIFIED,NOT_YET_EXECUTED,NOT_YET_CREATED,NOT_APPLICABLE_BEFORE_IMPLEMENTATION
VVIP-GV1-0625,15.1 Runbooks المطلوبة,إيقاف دولة أو فئة أو الدفع عبر Kill Switch.,LISTINGS_MARKETPLACE,P0,NOT_STARTED,docs/specifications/VVIP_TIGER_GLOBAL_EXECUTION_SPEC_FINAL_AR.md,2601,NOT_YET_VERIFIED,NOT_YET_EXECUTED,NOT_YET_CREATED,NOT_APPLICABLE_BEFORE_IMPLEMENTATION
VVIP-GV1-0626,15.1 Runbooks المطلوبة,استعادة Backup والتحويل إلى Read-only.,SECURITY_PRIVACY,P0,NOT_STARTED,docs/specifications/VVIP_TIGER_GLOBAL_EXECUTION_SPEC_FINAL_AR.md,2602,NOT_YET_VERIFIED,NOT_YET_EXECUTED,NOT_YET_CREATED,NOT_APPLICABLE_BEFORE_IMPLEMENTATION
VVIP-GV1-0627,16.3 نموذج تقدير التكلفة,"تحدد الأرقام بعد اختيار الموردين والدول، لكن يجب إعداد نموذج شهري لثلاثة أحجام: 1,000 و10,000 و100,000 مستخدم نشط. يشمل النموذج: فريق التطوير، قاعدة البيانات، التخزين والنقل، البريد وPush، المراقبة، الدفع، الدعم والمراجعة، الأمن، القانون والترجمة، واحتياطي 15–25%. يجب وضع تنبيه عند 70% و90% من ميزانية كل خدمة.",SECURITY_PRIVACY,P0,NOT_STARTED,docs/specifications/VVIP_TIGER_GLOBAL_EXECUTION_SPEC_FINAL_AR.md,2639,NOT_YET_VERIFIED,NOT_YET_EXECUTED,NOT_YET_CREATED,NOT_APPLICABLE_BEFORE_IMPLEMENTATION
VVIP-GV1-0628,17. قائمة الإطلاق والتسليم النهائي,Global V1 contract موقع ولا توجد P0 requirements بلا مالك.,UX_ACCESSIBILITY,P2,NOT_STARTED,docs/specifications/VVIP_TIGER_GLOBAL_EXECUTION_SPEC_FINAL_AR.md,2643,NOT_YET_VERIFIED,NOT_YET_EXECUTED,NOT_YET_CREATED,NOT_APPLICABLE_BEFORE_IMPLEMENTATION
VVIP-GV1-0629,17. قائمة الإطلاق والتسليم النهائي,main محمي وCI أخضر وProduction deploy approval مفعل.,AI_AUTOMATION,P2,NOT_STARTED,docs/specifications/VVIP_TIGER_GLOBAL_EXECUTION_SPEC_FINAL_AR.md,2644,NOT_YET_VERIFIED,NOT_YET_EXECUTED,NOT_YET_CREATED,NOT_APPLICABLE_BEFORE_IMPLEMENTATION
VVIP-GV1-0630,17. قائمة الإطلاق والتسليم النهائي,Clerk/Supabase reconciliation = صفر أخطاء غير معالجة.,IDENTITY_ACCESS,P0,NOT_STARTED,docs/specifications/VVIP_TIGER_GLOBAL_EXECUTION_SPEC_FINAL_AR.md,2645,NOT_YET_VERIFIED,NOT_YET_EXECUTED,NOT_YET_CREATED,NOT_APPLICABLE_BEFORE_IMPLEMENTATION
VVIP-GV1-0631,17. قائمة الإطلاق والتسليم النهائي,كل جداول التطبيق RLS ومغطاة باختبارات إيجابية وسلبية.,SECURITY_PRIVACY,P0,NOT_STARTED,docs/specifications/VVIP_TIGER_GLOBAL_EXECUTION_SPEC_FINAL_AR.md,2646,NOT_YET_VERIFIED,NOT_YET_EXECUTED,NOT_YET_CREATED,NOT_APPLICABLE_BEFORE_IMPLEMENTATION
VVIP-GV1-0632,17. قائمة الإطلاق والتسليم النهائي,Backup restore drill ناجح ضمن RTO/RPO.,SECURITY_PRIVACY,P0,NOT_STARTED,docs/specifications/VVIP_TIGER_GLOBAL_EXECUTION_SPEC_FINAL_AR.md,2647,NOT_YET_VERIFIED,NOT_YET_EXECUTED,NOT_YET_CREATED,NOT_APPLICABLE_BEFORE_IMPLEMENTATION
VVIP-GV1-0633,17. قائمة الإطلاق والتسليم النهائي,المسارات: التسجيل، الإعلان، البحث، الرسائل، البلاغ، الدعم، الدفع تمر E2E.,SEARCH_DISCOVERY,P0,NOT_STARTED,docs/specifications/VVIP_TIGER_GLOBAL_EXECUTION_SPEC_FINAL_AR.md,2648,NOT_YET_VERIFIED,NOT_YET_EXECUTED,NOT_YET_CREATED,NOT_APPLICABLE_BEFORE_IMPLEMENTATION
VVIP-GV1-0634,17. قائمة الإطلاق والتسليم النهائي,لا Critical/Blocker مفتوح، وHigh المقبولة موثقة ومحدودة.,GENERAL_PRODUCT,P0,NOT_STARTED,docs/specifications/VVIP_TIGER_GLOBAL_EXECUTION_SPEC_FINAL_AR.md,2649,NOT_YET_VERIFIED,NOT_YET_EXECUTED,NOT_YET_CREATED,NOT_APPLICABLE_BEFORE_IMPLEMENTATION
VVIP-GV1-0635,17. قائمة الإطلاق والتسليم النهائي,Country capability/legal/payment matrix معتمدة لكل دولة مفتوحة.,PAYMENTS_BILLING,P0,NOT_STARTED,docs/specifications/VVIP_TIGER_GLOBAL_EXECUTION_SPEC_FINAL_AR.md,2650,NOT_YET_VERIFIED,NOT_YET_EXECUTED,NOT_YET_CREATED,NOT_APPLICABLE_BEFORE_IMPLEMENTATION
VVIP-GV1-0636,17. قائمة الإطلاق والتسليم النهائي,سياسات الخصوصية والشروط والاسترجاع والمحتوى منشورة بالإصدارات الصحيحة.,SECURITY_PRIVACY,P0,NOT_STARTED,docs/specifications/VVIP_TIGER_GLOBAL_EXECUTION_SPEC_FINAL_AR.md,2651,NOT_YET_VERIFIED,NOT_YET_EXECUTED,NOT_YET_CREATED,NOT_APPLICABLE_BEFORE_IMPLEMENTATION
VVIP-GV1-0637,17. قائمة الإطلاق والتسليم النهائي,فريق الدعم والمراجعة وon-call جاهز وجداول التصعيد مختبرة.,MESSAGING_SUPPORT,P2,NOT_STARTED,docs/specifications/VVIP_TIGER_GLOBAL_EXECUTION_SPEC_FINAL_AR.md,2652,NOT_YET_VERIFIED,NOT_YET_EXECUTED,NOT_YET_CREATED,NOT_APPLICABLE_BEFORE_IMPLEMENTATION
VVIP-GV1-0638,17. قائمة الإطلاق والتسليم النهائي,Dashboards وalerts وstatus communication جاهزة.,GENERAL_PRODUCT,P2,NOT_STARTED,docs/specifications/VVIP_TIGER_GLOBAL_EXECUTION_SPEC_FINAL_AR.md,2653,NOT_YET_VERIFIED,NOT_YET_EXECUTED,NOT_YET_CREATED,NOT_APPLICABLE_BEFORE_IMPLEMENTATION
VVIP-GV1-0639,17. قائمة الإطلاق والتسليم النهائي,Kill switches وrollback وread-only mode مختبرة.,OPERATIONS_RELEASE,P2,NOT_STARTED,docs/specifications/VVIP_TIGER_GLOBAL_EXECUTION_SPEC_FINAL_AR.md,2654,NOT_YET_VERIFIED,NOT_YET_EXECUTED,NOT_YET_CREATED,NOT_APPLICABLE_BEFORE_IMPLEMENTATION
VVIP-GV1-0640,17. قائمة الإطلاق والتسليم النهائي,Closed Beta وPublic Beta استوفت مؤشرات الانتقال.,GENERAL_PRODUCT,P2,NOT_STARTED,docs/specifications/VVIP_TIGER_GLOBAL_EXECUTION_SPEC_FINAL_AR.md,2655,NOT_YET_VERIFIED,NOT_YET_EXECUTED,NOT_YET_CREATED,NOT_APPLICABLE_BEFORE_IMPLEMENTATION
VVIP-GV1-0641,17. قائمة الإطلاق والتسليم النهائي,قرار Go/No-Go موقع من Owner وTech وSecurity وQA وOperations.,SECURITY_PRIVACY,P0,NOT_STARTED,docs/specifications/VVIP_TIGER_GLOBAL_EXECUTION_SPEC_FINAL_AR.md,2656,NOT_YET_VERIFIED,NOT_YET_EXECUTED,NOT_YET_CREATED,NOT_APPLICABLE_BEFORE_IMPLEMENTATION
VVIP-GV1-0642,17.1 حزمة التسليم للمبرمج/الشركة,Source code وGit history نظيف.,GENERAL_PRODUCT,P2,NOT_STARTED,docs/specifications/VVIP_TIGER_GLOBAL_EXECUTION_SPEC_FINAL_AR.md,2659,NOT_YET_VERIFIED,NOT_YET_EXECUTED,NOT_YET_CREATED,NOT_APPLICABLE_BEFORE_IMPLEMENTATION
VVIP-GV1-0643,17.1 حزمة التسليم للمبرمج/الشركة,Infrastructure-as-code أو وصف تكويني قابل لإعادة البناء.,GENERAL_PRODUCT,P2,NOT_STARTED,docs/specifications/VVIP_TIGER_GLOBAL_EXECUTION_SPEC_FINAL_AR.md,2660,NOT_YET_VERIFIED,NOT_YET_EXECUTED,NOT_YET_CREATED,NOT_APPLICABLE_BEFORE_IMPLEMENTATION
VVIP-GV1-0644,17.1 حزمة التسليم للمبرمج/الشركة,Database migrations وseed وRLS tests.,SECURITY_PRIVACY,P0,NOT_STARTED,docs/specifications/VVIP_TIGER_GLOBAL_EXECUTION_SPEC_FINAL_AR.md,2661,NOT_YET_VERIFIED,NOT_YET_EXECUTED,NOT_YET_CREATED,NOT_APPLICABLE_BEFORE_IMPLEMENTATION
VVIP-GV1-0645,17.1 حزمة التسليم للمبرمج/الشركة,API specification وevent/error catalogs.,GENERAL_PRODUCT,P2,NOT_STARTED,docs/specifications/VVIP_TIGER_GLOBAL_EXECUTION_SPEC_FINAL_AR.md,2662,NOT_YET_VERIFIED,NOT_YET_EXECUTED,NOT_YET_CREATED,NOT_APPLICABLE_BEFORE_IMPLEMENTATION
VVIP-GV1-0646,17.1 حزمة التسليم للمبرمج/الشركة,Test reports وcoverage وE2E evidence.,GENERAL_PRODUCT,P2,NOT_STARTED,docs/specifications/VVIP_TIGER_GLOBAL_EXECUTION_SPEC_FINAL_AR.md,2663,NOT_YET_VERIFIED,NOT_YET_EXECUTED,NOT_YET_CREATED,NOT_APPLICABLE_BEFORE_IMPLEMENTATION
VVIP-GV1-0647,17.1 حزمة التسليم للمبرمج/الشركة,Security reports وthreat model وpentest remediation.,SECURITY_PRIVACY,P0,NOT_STARTED,docs/specifications/VVIP_TIGER_GLOBAL_EXECUTION_SPEC_FINAL_AR.md,2664,NOT_YET_VERIFIED,NOT_YET_EXECUTED,NOT_YET_CREATED,NOT_APPLICABLE_BEFORE_IMPLEMENTATION
VVIP-GV1-0648,17.1 حزمة التسليم للمبرمج/الشركة,Operations runbooks وDR وincident contacts.,OPERATIONS_RELEASE,P2,NOT_STARTED,docs/specifications/VVIP_TIGER_GLOBAL_EXECUTION_SPEC_FINAL_AR.md,2665,NOT_YET_VERIFIED,NOT_YET_EXECUTED,NOT_YET_CREATED,NOT_APPLICABLE_BEFORE_IMPLEMENTATION
VVIP-GV1-0649,17.1 حزمة التسليم للمبرمج/الشركة,Vendor accounts ownership transferred للمالك.,IDENTITY_ACCESS,P0,NOT_STARTED,docs/specifications/VVIP_TIGER_GLOBAL_EXECUTION_SPEC_FINAL_AR.md,2666,NOT_YET_VERIFIED,NOT_YET_EXECUTED,NOT_YET_CREATED,NOT_APPLICABLE_BEFORE_IMPLEMENTATION
VVIP-GV1-0650,17.1 حزمة التسليم للمبرمج/الشركة,Environment variables register دون كشف القيم في الوثيقة.,GENERAL_PRODUCT,P2,NOT_STARTED,docs/specifications/VVIP_TIGER_GLOBAL_EXECUTION_SPEC_FINAL_AR.md,2667,NOT_YET_VERIFIED,NOT_YET_EXECUTED,NOT_YET_CREATED,NOT_APPLICABLE_BEFORE_IMPLEMENTATION
VVIP-GV1-0651,17.1 حزمة التسليم للمبرمج/الشركة,Admin/user manuals وtraining recordings.,AI_AUTOMATION,P2,NOT_STARTED,docs/specifications/VVIP_TIGER_GLOBAL_EXECUTION_SPEC_FINAL_AR.md,2668,NOT_YET_VERIFIED,NOT_YET_EXECUTED,NOT_YET_CREATED,NOT_APPLICABLE_BEFORE_IMPLEMENTATION
VVIP-GV1-0652,17.1 حزمة التسليم للمبرمج/الشركة,Open issues وtechnical debt register وnext release roadmap.,OPERATIONS_RELEASE,P2,NOT_STARTED,docs/specifications/VVIP_TIGER_GLOBAL_EXECUTION_SPEC_FINAL_AR.md,2669,NOT_YET_VERIFIED,NOT_YET_EXECUTED,NOT_YET_CREATED,NOT_APPLICABLE_BEFORE_IMPLEMENTATION
VVIP-GV1-0653,18. معيار الإغلاق والتقرير النهائي,لا تُستخدم كلمة «مكتمل» أو «100%» إلا بعد تحقق جميع الشروط التالية:,GENERAL_PRODUCT,P2,NOT_STARTED,docs/specifications/VVIP_TIGER_GLOBAL_EXECUTION_SPEC_FINAL_AR.md,2676,NOT_YET_VERIFIED,NOT_YET_EXECUTED,NOT_YET_CREATED,NOT_APPLICABLE_BEFORE_IMPLEMENTATION
VVIP-GV1-0654,18. معيار الإغلاق والتقرير النهائي,كل متطلبات الوثيقة موجودة في Traceability Matrix ولها حالة وملفات واختبارات وأدلة وخطة تراجع.,GENERAL_PRODUCT,P1,NOT_STARTED,docs/specifications/VVIP_TIGER_GLOBAL_EXECUTION_SPEC_FINAL_AR.md,2678,NOT_YET_VERIFIED,NOT_YET_EXECUTED,NOT_YET_CREATED,NOT_APPLICABLE_BEFORE_IMPLEMENTATION
VVIP-GV1-0655,18. معيار الإغلاق والتقرير النهائي,لا Requirement وارد في الوثيقة مؤجل؛ العائق الخارجي الحقيقي فقط يحمل BLOCKED_EXTERNAL.,UX_ACCESSIBILITY,P2,NOT_STARTED,docs/specifications/VVIP_TIGER_GLOBAL_EXECUTION_SPEC_FINAL_AR.md,2679,NOT_YET_VERIFIED,NOT_YET_EXECUTED,NOT_YET_CREATED,NOT_APPLICABLE_BEFORE_IMPLEMENTATION
VVIP-GV1-0656,18. معيار الإغلاق والتقرير النهائي,Build وLint وTypecheck وP0/P1 وRLS وMigration وSecurity وPerformance وLow-Bandwidth وRollback ناجحة.,SECURITY_PRIVACY,P0,NOT_STARTED,docs/specifications/VVIP_TIGER_GLOBAL_EXECUTION_SPEC_FINAL_AR.md,2680,NOT_YET_VERIFIED,NOT_YET_EXECUTED,NOT_YET_CREATED,NOT_APPLICABLE_BEFORE_IMPLEMENTATION
VVIP-GV1-0657,18. معيار الإغلاق والتقرير النهائي,لا Blocker أو Critical مفتوح، ولا Secret مكشوف، ولا Mock إنتاجي، ولا نجاح وهمي.,GENERAL_PRODUCT,P0,NOT_STARTED,docs/specifications/VVIP_TIGER_GLOBAL_EXECUTION_SPEC_FINAL_AR.md,2681,NOT_YET_VERIFIED,NOT_YET_EXECUTED,NOT_YET_CREATED,NOT_APPLICABLE_BEFORE_IMPLEMENTATION
VVIP-GV1-0658,18. معيار الإغلاق والتقرير النهائي,Staging Evidence وBackup Restore وRunbooks وRelease Manifest وحزمة التسليم مكتملة.,SECURITY_PRIVACY,P0,NOT_STARTED,docs/specifications/VVIP_TIGER_GLOBAL_EXECUTION_SPEC_FINAL_AR.md,2682,NOT_YET_VERIFIED,NOT_YET_EXECUTED,NOT_YET_CREATED,NOT_APPLICABLE_BEFORE_IMPLEMENTATION
VVIP-GV1-0659,18. معيار الإغلاق والتقرير النهائي,كل ملف محذوف له دليل عدم استخدام ونسخة استعادة خارج شجرة التطبيق.,SECURITY_PRIVACY,P0,NOT_STARTED,docs/specifications/VVIP_TIGER_GLOBAL_EXECUTION_SPEC_FINAL_AR.md,2683,NOT_YET_VERIFIED,NOT_YET_EXECUTED,NOT_YET_CREATED,NOT_APPLICABLE_BEFORE_IMPLEMENTATION
VVIP-GV1-0660,18. معيار الإغلاق والتقرير النهائي,قرار Go/No-Go يطابق الأدلة الفعلية ولا يتجاوز اعتمادًا خارجيًا أو قانونيًا أو ماليًا.,GENERAL_PRODUCT,P2,NOT_STARTED,docs/specifications/VVIP_TIGER_GLOBAL_EXECUTION_SPEC_FINAL_AR.md,2684,NOT_YET_VERIFIED,NOT_YET_EXECUTED,NOT_YET_CREATED,NOT_APPLICABLE_BEFORE_IMPLEMENTATION
VVIP-GV1-0661,18.1 محتويات التقرير النهائي الإلزامية,الملخص التنفيذي، Branch، بداية HEAD ونهاية HEAD، قائمة Commits، ومسار النسخة الاحتياطية.,GENERAL_PRODUCT,P2,NOT_STARTED,docs/specifications/VVIP_TIGER_GLOBAL_EXECUTION_SPEC_FINAL_AR.md,2697,NOT_YET_VERIFIED,NOT_YET_EXECUTED,NOT_YET_CREATED,NOT_APPLICABLE_BEFORE_IMPLEMENTATION
VVIP-GV1-0662,18.1 محتويات التقرير النهائي الإلزامية,المتطلبات التي كانت جاهزة وتم التحقق منها، والنواقص التي اكتملت، والمتطلبات المحجوبة خارجيًا.,GENERAL_PRODUCT,P2,NOT_STARTED,docs/specifications/VVIP_TIGER_GLOBAL_EXECUTION_SPEC_FINAL_AR.md,2698,NOT_YET_VERIFIED,NOT_YET_EXECUTED,NOT_YET_CREATED,NOT_APPLICABLE_BEFORE_IMPLEMENTATION
VVIP-GV1-0663,18.1 محتويات التقرير النهائي الإلزامية,الأخطاء المكتشفة وأسبابها الجذرية والإصلاحات واختبارات Regression.,GENERAL_PRODUCT,P1,NOT_STARTED,docs/specifications/VVIP_TIGER_GLOBAL_EXECUTION_SPEC_FINAL_AR.md,2699,NOT_YET_VERIFIED,NOT_YET_EXECUTED,NOT_YET_CREATED,NOT_APPLICABLE_BEFORE_IMPLEMENTATION
VVIP-GV1-0664,18.1 محتويات التقرير النهائي الإلزامية,الملفات المحذوفة ودليل عدم استخدامها، والملفات المحتفظ بها أو المعزولة وسبب القرار.,OPERATIONS_RELEASE,P2,NOT_STARTED,docs/specifications/VVIP_TIGER_GLOBAL_EXECUTION_SPEC_FINAL_AR.md,2700,NOT_YET_VERIFIED,NOT_YET_EXECUTED,NOT_YET_CREATED,NOT_APPLICABLE_BEFORE_IMPLEMENTATION
VVIP-GV1-0665,18.1 محتويات التقرير النهائي الإلزامية,Migrations وRLS وAPIs وUX وAI والبحث وPWA وLow Data والمرونة والأداء ونموذج 4M.,SECURITY_PRIVACY,P0,NOT_STARTED,docs/specifications/VVIP_TIGER_GLOBAL_EXECUTION_SPEC_FINAL_AR.md,2701,NOT_YET_VERIFIED,NOT_YET_EXECUTED,NOT_YET_CREATED,NOT_APPLICABLE_BEFORE_IMPLEMENTATION
VVIP-GV1-0666,18.1 محتويات التقرير النهائي الإلزامية,الأمن والخصوصية والامتثال والاستعادة والحوادث ونتائج الاختبارات بأوامرها وExit Codes.,SECURITY_PRIVACY,P0,NOT_STARTED,docs/specifications/VVIP_TIGER_GLOBAL_EXECUTION_SPEC_FINAL_AR.md,2702,NOT_YET_VERIFIED,NOT_YET_EXECUTED,NOT_YET_CREATED,NOT_APPLICABLE_BEFORE_IMPLEMENTATION
VVIP-GV1-0667,18.1 محتويات التقرير النهائي الإلزامية,التكلفة والموردون والملكية وخطة الخروج والمخاطر المتبقية وقرار Go/No-Go.,GENERAL_PRODUCT,P2,NOT_STARTED,docs/specifications/VVIP_TIGER_GLOBAL_EXECUTION_SPEC_FINAL_AR.md,2703,NOT_YET_VERIFIED,NOT_YET_EXECUTED,NOT_YET_CREATED,NOT_APPLICABLE_BEFORE_IMPLEMENTATION
VVIP-GV1-0668,18.1 محتويات التقرير النهائي الإلزامية,Exact rollback instructions وExact resume instructions والخطوة الخارجية الوحيدة المطلوبة لكل Blocker.,OPERATIONS_RELEASE,P2,NOT_STARTED,docs/specifications/VVIP_TIGER_GLOBAL_EXECUTION_SPEC_FINAL_AR.md,2704,NOT_YET_VERIFIED,NOT_YET_EXECUTED,NOT_YET_CREATED,NOT_APPLICABLE_BEFORE_IMPLEMENTATION
VVIP-GV1-0669,19. أمر التنفيذ الموحد للإيجنت,يُنسخ النص التالي كاملًا إلى Cline أو الإيجنت داخل المستودع بعد وضع هذا الملف في المسار المحدد. هذا الأمر لا يحل محل الوثيقة؛ بل يلزم الإيجنت بقراءتها وتنفيذها بالكامل.,GENERAL_PRODUCT,P1,NOT_STARTED,docs/specifications/VVIP_TIGER_GLOBAL_EXECUTION_SPEC_FINAL_AR.md,2707,NOT_YET_VERIFIED,NOT_YET_EXECUTED,NOT_YET_CREATED,NOT_APPLICABLE_BEFORE_IMPLEMENTATION
VVIP-GV1-0670,19. أمر التنفيذ الموحد للإيجنت,اقرأ ملف Word كاملًا حرفًا وجداول وملاحق ومعايير قبول ومخاطر وخطط تراجع. استخرج نسخة Markdown قابلة للبحث ومصفوفة Traceability، ثم نفّذ جميع المراحل G00 إلى G17 بالترتيب القائم على الاعتماديات دون إسقاط أو تأجيل أي متطلب وارد في المرجع.,SEARCH_DISCOVERY,P1,NOT_STARTED,docs/specifications/VVIP_TIGER_GLOBAL_EXECUTION_SPEC_FINAL_AR.md,2717,NOT_YET_VERIFIED,NOT_YET_EXECUTED,NOT_YET_CREATED,NOT_APPLICABLE_BEFORE_IMPLEMENTATION
VVIP-GV1-0671,19. أمر التنفيذ الموحد للإيجنت,لا تعمل على main. أنشئ Worktree/Branch آمنًا ونسخة استعادة كاملة قبل أي تعديل.,SECURITY_PRIVACY,P0,NOT_STARTED,docs/specifications/VVIP_TIGER_GLOBAL_EXECUTION_SPEC_FINAL_AR.md,2721,NOT_YET_VERIFIED,NOT_YET_EXECUTED,NOT_YET_CREATED,NOT_APPLICABLE_BEFORE_IMPLEMENTATION
VVIP-GV1-0672,19. أمر التنفيذ الموحد للإيجنت,التقط Baseline دون إصلاح، ثم سجل كل خطأ وأمر وExit Code وسبب جذري ودليل إعادة إنتاج.,OPERATIONS_RELEASE,P2,NOT_STARTED,docs/specifications/VVIP_TIGER_GLOBAL_EXECUTION_SPEC_FINAL_AR.md,2723,NOT_YET_VERIFIED,NOT_YET_EXECUTED,NOT_YET_CREATED,NOT_APPLICABLE_BEFORE_IMPLEMENTATION
VVIP-GV1-0673,19. أمر التنفيذ الموحد للإيجنت,ابدأ كل مرحلة بسجل PHASE_START وأنهِها بسجل PHASE_END يتضمن Commit SHA والاختبارات والأدلة والتراجع والقرار.,OPERATIONS_RELEASE,P1,NOT_STARTED,docs/specifications/VVIP_TIGER_GLOBAL_EXECUTION_SPEC_FINAL_AR.md,2725,NOT_YET_VERIFIED,NOT_YET_EXECUTED,NOT_YET_CREATED,NOT_APPLICABLE_BEFORE_IMPLEMENTATION
VVIP-GV1-0674,19. أمر التنفيذ الموحد للإيجنت,لا تبدأ المرحلة التالية إذا كسرت الحالية البناء أو الأمن؛ أصلح جراحيًا أو ارجع تعديلات المرحلة فقط.,SECURITY_PRIVACY,P0,NOT_STARTED,docs/specifications/VVIP_TIGER_GLOBAL_EXECUTION_SPEC_FINAL_AR.md,2727,NOT_YET_VERIFIED,NOT_YET_EXECUTED,NOT_YET_CREATED,NOT_APPLICABLE_BEFORE_IMPLEMENTATION
VVIP-GV1-0675,19. أمر التنفيذ الموحد للإيجنت,لا Placeholder ولا TODO ولا Mock/Fake في Production. نفذ كودًا حقيقيًا واختبارات حقيقية.,GENERAL_PRODUCT,P1,NOT_STARTED,docs/specifications/VVIP_TIGER_GLOBAL_EXECUTION_SPEC_FINAL_AR.md,2729,NOT_YET_VERIFIED,NOT_YET_EXECUTED,NOT_YET_CREATED,NOT_APPLICABLE_BEFORE_IMPLEMENTATION
VVIP-GV1-0676,19. أمر التنفيذ الموحد للإيجنت,افحص الجاهز أولًا، تحقق منه بالدليل، أكمل الناقص، أصلح الأسباب الجذرية، ولا تعيد بناء ما يعمل بلا حاجة.,OPERATIONS_RELEASE,P2,NOT_STARTED,docs/specifications/VVIP_TIGER_GLOBAL_EXECUTION_SPEC_FINAL_AR.md,2731,NOT_YET_VERIFIED,NOT_YET_EXECUTED,NOT_YET_CREATED,NOT_APPLICABLE_BEFORE_IMPLEMENTATION
VVIP-GV1-0677,19. أمر التنفيذ الموحد للإيجنت,أي حذف يحتاج Inventory ومراجع مباشرة وديناميكية وGit history وBackup خارج app tree واختبارات قبل/بعد. لا حذف بالحدس.,SECURITY_PRIVACY,P0,NOT_STARTED,docs/specifications/VVIP_TIGER_GLOBAL_EXECUTION_SPEC_FINAL_AR.md,2733,NOT_YET_VERIFIED,NOT_YET_EXECUTED,NOT_YET_CREATED,NOT_APPLICABLE_BEFORE_IMPLEMENTATION
VVIP-GV1-0678,19. أمر التنفيذ الموحد للإيجنت,التزم بترتيب التعارض: سلامة البيانات والأمن والقانون؛ ثم الوثيقة؛ ثم ADR؛ ثم العقود المختبرة؛ ثم الكود الحالي.,SECURITY_PRIVACY,P0,NOT_STARTED,docs/specifications/VVIP_TIGER_GLOBAL_EXECUTION_SPEC_FINAL_AR.md,2735,NOT_YET_VERIFIED,NOT_YET_EXECUTED,NOT_YET_CREATED,NOT_APPLICABLE_BEFORE_IMPLEMENTATION
VVIP-GV1-0679,19. أمر التنفيذ الموحد للإيجنت,نفذ UX 2026: أفعال أساسية ظاهرة، ثانوية تحت ثلاث نقاط، رموز واضحة مع accessibility، وكل حالات loading/empty/error/offline/success.,UX_ACCESSIBILITY,P1,NOT_STARTED,docs/specifications/VVIP_TIGER_GLOBAL_EXECUTION_SPEC_FINAL_AR.md,2737,NOT_YET_VERIFIED,NOT_YET_EXECUTED,NOT_YET_CREATED,NOT_APPLICABLE_BEFORE_IMPLEMENTATION
VVIP-GV1-0680,19. أمر التنفيذ الموحد للإيجنت,نفذ AI عبر Adapters وFlags وFallback deterministic؛ لا قرار نهائي أو تغيير حقيقة دون موافقة المستخدم؛ لا PII غير ضرورية.,IDENTITY_ACCESS,P0,NOT_STARTED,docs/specifications/VVIP_TIGER_GLOBAL_EXECUTION_SPEC_FINAL_AR.md,2739,NOT_YET_VERIFIED,NOT_YET_EXECUTED,NOT_YET_CREATED,NOT_APPLICABLE_BEFORE_IMPLEMENTATION
VVIP-GV1-0681,19. أمر التنفيذ الموحد للإيجنت,نفذ البحث العالمي والفلاتر والاقتراحات والحفظ والمشاركة بمستوى الأسواق العالمية دون نسخ هوية أو محتوى طرف آخر.,IDENTITY_ACCESS,P0,NOT_STARTED,docs/specifications/VVIP_TIGER_GLOBAL_EXECUTION_SPEC_FINAL_AR.md,2741,NOT_YET_VERIFIED,NOT_YET_EXECUTED,NOT_YET_CREATED,NOT_APPLICABLE_BEFORE_IMPLEMENTATION
VVIP-GV1-0682,19. أمر التنفيذ الموحد للإيجنت,نفذ Low Data/Offline/Resumable upload/Cache policies/Idempotency/Queues/Circuit breakers/Read-only/Kill switches دون إخفاء فشل مالي أو فقد كتابة.,UX_ACCESSIBILITY,P2,NOT_STARTED,docs/specifications/VVIP_TIGER_GLOBAL_EXECUTION_SPEC_FINAL_AR.md,2743,NOT_YET_VERIFIED,NOT_YET_EXECUTED,NOT_YET_CREATED,NOT_APPLICABLE_BEFORE_IMPLEMENTATION
VVIP-GV1-0683,19. أمر التنفيذ الموحد للإيجنت,"أنشئ Capacity Model واختبارات حمل آمنة لهدف أكثر من 4,000,000 مستخدم، ولا تساوِ عدد الحسابات بالاتصال المتزامن دون نموذج.",IDENTITY_ACCESS,P0,NOT_STARTED,docs/specifications/VVIP_TIGER_GLOBAL_EXECUTION_SPEC_FINAL_AR.md,2745,NOT_YET_VERIFIED,NOT_YET_EXECUTED,NOT_YET_CREATED,NOT_APPLICABLE_BEFORE_IMPLEMENTATION
VVIP-GV1-0684,19. أمر التنفيذ الموحد للإيجنت,التزم بميثاق الإحاطة الإيمانية: أسماء الله الحسنى قيم سلوكية محترمة لا تسويقًا ولا أزرارًا ولا ادعاء حماية تقنية؛ حروف القرآن لا تستخدم كتشفير أو تعويذة. نفذ باب الخير و1% وفق Ledger وتدقيق واعتماد حقيقي.,SECURITY_PRIVACY,P0,NOT_STARTED,docs/specifications/VVIP_TIGER_GLOBAL_EXECUTION_SPEC_FINAL_AR.md,2747,NOT_YET_VERIFIED,NOT_YET_EXECUTED,NOT_YET_CREATED,NOT_APPLICABLE_BEFORE_IMPLEMENTATION
VVIP-GV1-0685,19. أمر التنفيذ الموحد للإيجنت,استمر دون طلب موافقات متكررة. توقف فقط لسر/حساب مزود/قرار قانوني/عملية مالية/Production write غير قابل للتراجع/خطر فقد بيانات. سجل BLOCKED_EXTERNAL وأكمل بقية المسارات.,SECURITY_PRIVACY,P0,NOT_STARTED,docs/specifications/VVIP_TIGER_GLOBAL_EXECUTION_SPEC_FINAL_AR.md,2749,NOT_YET_VERIFIED,NOT_YET_EXECUTED,NOT_YET_CREATED,NOT_APPLICABLE_BEFORE_IMPLEMENTATION
VVIP-GV1-0686,19. أمر التنفيذ الموحد للإيجنت,لا Push أو Merge أو Production deployment تلقائيًا يتجاوز الحماية. جهز PRs وحزمة إطلاق وأدلة، واحترم موافقات الإنتاج الخارجية.,SECURITY_PRIVACY,P0,NOT_STARTED,docs/specifications/VVIP_TIGER_GLOBAL_EXECUTION_SPEC_FINAL_AR.md,2751,NOT_YET_VERIFIED,NOT_YET_EXECUTED,NOT_YET_CREATED,NOT_APPLICABLE_BEFORE_IMPLEMENTATION
VVIP-GV1-0687,19. أمر التنفيذ الموحد للإيجنت,حدّث Execution Ledger وResume State بعد كل Task وCommit حتى يمكن الاستئناف من آخر حالة سليمة.,GENERAL_PRODUCT,P2,NOT_STARTED,docs/specifications/VVIP_TIGER_GLOBAL_EXECUTION_SPEC_FINAL_AR.md,2753,NOT_YET_VERIFIED,NOT_YET_EXECUTED,NOT_YET_CREATED,NOT_APPLICABLE_BEFORE_IMPLEMENTATION
VVIP-GV1-0688,19. أمر التنفيذ الموحد للإيجنت,عند النهاية أنشئ docs/execution/GLOBAL_V1_FINAL_EXECUTION_REPORT.md بالمحتويات الإلزامية في المرجع، واستخدم حالة نهائية واحدة فقط:,GENERAL_PRODUCT,P0,NOT_STARTED,docs/specifications/VVIP_TIGER_GLOBAL_EXECUTION_SPEC_FINAL_AR.md,2755,NOT_YET_VERIFIED,NOT_YET_EXECUTED,NOT_YET_CREATED,NOT_APPLICABLE_BEFORE_IMPLEMENTATION
VVIP-GV1-0689,19. أمر التنفيذ الموحد للإيجنت,ابدأ الآن. لا تعطِ خطة فقط: أنشئ خطة تنفيذ قابلة للتتبع ثم نفذها. لا تدّعِ نتيجة غير مثبتة، ولا تنفذ ضربًا عشوائيًا، وحافظ على استقرار المنصة في كل Commit.,GENERAL_PRODUCT,P2,NOT_STARTED,docs/specifications/VVIP_TIGER_GLOBAL_EXECUTION_SPEC_FINAL_AR.md,2765,NOT_YET_VERIFIED,NOT_YET_EXECUTED,NOT_YET_CREATED,NOT_APPLICABLE_BEFORE_IMPLEMENTATION
VVIP-GV1-0690,الوسائط المضمنة,لا توجد وسائط مضمنة.,GENERAL_PRODUCT,P2,NOT_STARTED,docs/specifications/VVIP_TIGER_GLOBAL_EXECUTION_SPEC_FINAL_AR.md,2785,NOT_YET_VERIFIED,NOT_YET_EXECUTED,NOT_YET_CREATED,NOT_APPLICABLE_BEFORE_IMPLEMENTATION
VVIP-GV1-0691,الحواشي السفلية,لا يوجد محتوى.,GENERAL_PRODUCT,P2,NOT_STARTED,docs/specifications/VVIP_TIGER_GLOBAL_EXECUTION_SPEC_FINAL_AR.md,2789,NOT_YET_VERIFIED,NOT_YET_EXECUTED,NOT_YET_CREATED,NOT_APPLICABLE_BEFORE_IMPLEMENTATION
