requirement_id,task_code,requirement_type,requirement_text,source_document,source_heading
REQ-00001,G00-01,عمل المبرمج خطوة بخطوة,1. يجمع المبرمج وصاحب المنتج القرارات في وثيقة versioned، وينشئ قائمة In Scope/Out of Scope ويربط كل Epic بها.,VVIP_TIGER_Global_Implementation_Specification_AR_v2.docx,G00-01 — وثيقة تعريف المنتج العالمي
REQ-00002,G00-01,عمل المبرمج خطوة بخطوة,2. إنشاء ADR/PRD مرقم وربطه بسجل القرارات.,VVIP_TIGER_Global_Implementation_Specification_AR_v2.docx,G00-01 — وثيقة تعريف المنتج العالمي
REQ-00003,G00-01,عمل المبرمج خطوة بخطوة,3. تحويل كل قرار إلى شرط قابل للاختبار أو إعداد قابل للتهيئة.,VVIP_TIGER_Global_Implementation_Specification_AR_v2.docx,G00-01 — وثيقة تعريف المنتج العالمي
REQ-00004,G00-01,عمل المبرمج خطوة بخطوة,4. تحديد من يعتمد التغيير ومدة الاستجابة قبل أن يصبح مانعًا.,VVIP_TIGER_Global_Implementation_Specification_AR_v2.docx,G00-01 — وثيقة تعريف المنتج العالمي
REQ-00005,G00-01,عمل المبرمج خطوة بخطوة,5. تعريف API contract وحالات الخطأ والـrate limit قبل دمج الواجهة.,VVIP_TIGER_Global_Implementation_Specification_AR_v2.docx,G00-01 — وثيقة تعريف المنتج العالمي
REQ-00006,G00-01,عمل المبرمج خطوة بخطوة,6. إضافة unit/integration/E2E أو security tests بحسب حدود المهمة، وربطها بـCI.,VVIP_TIGER_Global_Implementation_Specification_AR_v2.docx,G00-01 — وثيقة تعريف المنتج العالمي
REQ-00007,G00-01,عمل المبرمج خطوة بخطوة,7. نشرها خلف Feature Flag على Staging، جمع الدليل، ثم إعداد rollback أو forward-fix.,VVIP_TIGER_Global_Implementation_Specification_AR_v2.docx,G00-01 — وثيقة تعريف المنتج العالمي
REQ-00008,G00-01,ما يجب أن يبنيه أو يعدله,وحدة المجال `product-governance`: entities/value objects/state rules من دون اعتماد مباشر على الواجهة أو المورد.,VVIP_TIGER_Global_Implementation_Specification_AR_v2.docx,G00-01 — وثيقة تعريف المنتج العالمي
REQ-00009,G00-01,ما يجب أن يبنيه أو يعدله,طبقة application: use cases وخدمات تحقق ورسائل خطأ ثابتة ومترجمة.,VVIP_TIGER_Global_Implementation_Specification_AR_v2.docx,G00-01 — وثيقة تعريف المنتج العالمي
REQ-00010,G00-01,ما يجب أن يبنيه أو يعدله,طبقة infrastructure: database/repository/provider adapter مع timeout/retry/idempotency عند الحاجة.,VVIP_TIGER_Global_Implementation_Specification_AR_v2.docx,G00-01 — وثيقة تعريف المنتج العالمي
REQ-00011,G00-01,ما يجب أن يبنيه أو يعدله,طبقة الواجهة: حالات loading/empty/error/forbidden/offline/success والهاتف وRTL/LTR.,VVIP_TIGER_Global_Implementation_Specification_AR_v2.docx,G00-01 — وثيقة تعريف المنتج العالمي
REQ-00012,G00-01,ما يجب أن يبنيه أو يعدله,Schema/migration/index/policy عند وجود بيانات، مع forward migration وخطة rollback أو forward-fix.,VVIP_TIGER_Global_Implementation_Specification_AR_v2.docx,G00-01 — وثيقة تعريف المنتج العالمي
REQ-00013,G00-01,ما يجب أن يبنيه أو يعدله,اختبارات وتسميات واضحة وربط كل حالة بمعيار قبول أو خطر.,VVIP_TIGER_Global_Implementation_Specification_AR_v2.docx,G00-01 — وثيقة تعريف المنتج العالمي
REQ-00014,G00-01,الأمان والخصوصية,التحقق من authentication وauthorization على الخادم؛ إخفاء الزر ليس حماية.,VVIP_TIGER_Global_Implementation_Specification_AR_v2.docx,G00-01 — وثيقة تعريف المنتج العالمي
REQ-00015,G00-01,الأمان والخصوصية,عدم تسجيل token/secret/payment data/private message أو PII غير لازم.,VVIP_TIGER_Global_Implementation_Specification_AR_v2.docx,G00-01 — وثيقة تعريف المنتج العالمي
REQ-00016,G00-01,الأمان والخصوصية,تطبيق least privilege وdeny by default وrate limit وaudit على العمليات الحساسة.,VVIP_TIGER_Global_Implementation_Specification_AR_v2.docx,G00-01 — وثيقة تعريف المنتج العالمي
REQ-00017,G00-01,الأمان والخصوصية,تحديد retention والحذف والتصدير والوصول الإداري إن كانت المهمة تعالج بيانات شخصية.,VVIP_TIGER_Global_Implementation_Specification_AR_v2.docx,G00-01 — وثيقة تعريف المنتج العالمي
REQ-00018,G00-01,اختبارات QA المطلوبة,Happy path كامل ببيانات واقعية في Staging.,VVIP_TIGER_Global_Implementation_Specification_AR_v2.docx,G00-01 — وثيقة تعريف المنتج العالمي
REQ-00019,G00-01,اختبارات QA المطلوبة,مدخلات ناقصة وخاطئة وحدود الحجم والعدد والحالة.,VVIP_TIGER_Global_Implementation_Specification_AR_v2.docx,G00-01 — وثيقة تعريف المنتج العالمي
REQ-00020,G00-01,اختبارات QA المطلوبة,انقطاع الشبكة، retry، duplicate request، refresh وعودة من جهاز آخر عند انطباقها.,VVIP_TIGER_Global_Implementation_Specification_AR_v2.docx,G00-01 — وثيقة تعريف المنتج العالمي
REQ-00021,G00-01,اختبارات QA المطلوبة,مستخدم A مقابل مستخدم B، وزائر، ودور إداري محدود.,VVIP_TIGER_Global_Implementation_Specification_AR_v2.docx,G00-01 — وثيقة تعريف المنتج العالمي
REQ-00022,G00-01,اختبارات QA المطلوبة,العربية/الإنجليزية، RTL/LTR، هاتف متوسط، Chrome/Safari/Firefox للواجهات المتأثرة.,VVIP_TIGER_Global_Implementation_Specification_AR_v2.docx,G00-01 — وثيقة تعريف المنتج العالمي
REQ-00023,G00-01,اختبارات QA المطلوبة,Regression آلي يمنع عودة السبب بعد الدمج.,VVIP_TIGER_Global_Implementation_Specification_AR_v2.docx,G00-01 — وثيقة تعريف المنتج العالمي
REQ-00024,G00-01,قبول: معيار القبول الرئيسي,موافقة المالك والقائد التقني والقانوني على نسخة واحدة مرقمة.,VVIP_TIGER_Global_Implementation_Specification_AR_v2.docx,G00-01 — وثيقة تعريف المنتج العالمي
REQ-00025,G00-01,قبول: معايير إضافية,CI أخضر؛ لا خطأ حرج؛ صلاحيات مختبرة؛ Staging يعمل؛ الأداء ضمن الميزانية؛ النصوص مترجمة.,VVIP_TIGER_Global_Implementation_Specification_AR_v2.docx,G00-01 — وثيقة تعريف المنتج العالمي
REQ-00026,G00-01,قبول: المخرجات,كود + tests + migration/policy إن لزم + API/schema docs + screenshots/log evidence + release/rollback notes.,VVIP_TIGER_Global_Implementation_Specification_AR_v2.docx,G00-01 — وثيقة تعريف المنتج العالمي
REQ-00027,G00-01,قبول: تعريف الاكتمال,Code review، QA sign-off، Security sign-off بحسب الخطر، Product acceptance، تحديث Decision/Change Log.,VVIP_TIGER_Global_Implementation_Specification_AR_v2.docx,G00-01 — وثيقة تعريف المنتج العالمي
REQ-00028,G00-01,قبول: الخطر,تنفيذ الواجهة قبل عقد البيانات أو الصلاحيات يؤدي إلى إعادة بناء أو تسريب.,VVIP_TIGER_Global_Implementation_Specification_AR_v2.docx,G00-01 — وثيقة تعريف المنتج العالمي
REQ-00029,G00-01,قبول: التراجع,Feature Flag وإيقاف endpoint/job، ثم rollback migration الآمن أو forward-fix مع حفظ البيانات.,VVIP_TIGER_Global_Implementation_Specification_AR_v2.docx,G00-01 — وثيقة تعريف المنتج العالمي
REQ-00030,G00-02,عمل المبرمج خطوة بخطوة,1. ينشئ الفريق جداول plan/entitlement وخرائط البلدان والعملات دون تفعيل الدفع بعد.,VVIP_TIGER_Global_Implementation_Specification_AR_v2.docx,G00-02 — تحديد نموذج الإيرادات العالمي
REQ-00031,G00-02,عمل المبرمج خطوة بخطوة,2. إنشاء checkout session من الخادم فقط.,VVIP_TIGER_Global_Implementation_Specification_AR_v2.docx,G00-02 — تحديد نموذج الإيرادات العالمي
REQ-00032,G00-02,عمل المبرمج خطوة بخطوة,3. تسجيل payment_event خامًا وموقعًا ثم إسقاطه إلى transaction/ledger.,VVIP_TIGER_Global_Implementation_Specification_AR_v2.docx,G00-02 — تحديد نموذج الإيرادات العالمي
REQ-00033,G00-02,عمل المبرمج خطوة بخطوة,4. اختبار تكرار webhook وفشل الشبكة والـrefund الجزئي.,VVIP_TIGER_Global_Implementation_Specification_AR_v2.docx,G00-02 — تحديد نموذج الإيرادات العالمي
REQ-00034,G00-02,عمل المبرمج خطوة بخطوة,5. إنشاء ADR/PRD مرقم وربطه بسجل القرارات.,VVIP_TIGER_Global_Implementation_Specification_AR_v2.docx,G00-02 — تحديد نموذج الإيرادات العالمي
REQ-00035,G00-02,عمل المبرمج خطوة بخطوة,6. تحويل كل قرار إلى شرط قابل للاختبار أو إعداد قابل للتهيئة.,VVIP_TIGER_Global_Implementation_Specification_AR_v2.docx,G00-02 — تحديد نموذج الإيرادات العالمي
REQ-00036,G00-02,عمل المبرمج خطوة بخطوة,7. تحديد من يعتمد التغيير ومدة الاستجابة قبل أن يصبح مانعًا.,VVIP_TIGER_Global_Implementation_Specification_AR_v2.docx,G00-02 — تحديد نموذج الإيرادات العالمي
REQ-00037,G00-02,عمل المبرمج خطوة بخطوة,8. تعريف API contract وحالات الخطأ والـrate limit قبل دمج الواجهة.,VVIP_TIGER_Global_Implementation_Specification_AR_v2.docx,G00-02 — تحديد نموذج الإيرادات العالمي
REQ-00038,G00-02,عمل المبرمج خطوة بخطوة,9. إضافة unit/integration/E2E أو security tests بحسب حدود المهمة، وربطها بـCI.,VVIP_TIGER_Global_Implementation_Specification_AR_v2.docx,G00-02 — تحديد نموذج الإيرادات العالمي
REQ-00039,G00-02,عمل المبرمج خطوة بخطوة,10. نشرها خلف Feature Flag على Staging، جمع الدليل، ثم إعداد rollback أو forward-fix.,VVIP_TIGER_Global_Implementation_Specification_AR_v2.docx,G00-02 — تحديد نموذج الإيرادات العالمي
REQ-00040,G00-02,ما يجب أن يبنيه أو يعدله,وحدة المجال `product-governance`: entities/value objects/state rules من دون اعتماد مباشر على الواجهة أو المورد.,VVIP_TIGER_Global_Implementation_Specification_AR_v2.docx,G00-02 — تحديد نموذج الإيرادات العالمي
REQ-00041,G00-02,ما يجب أن يبنيه أو يعدله,طبقة application: use cases وخدمات تحقق ورسائل خطأ ثابتة ومترجمة.,VVIP_TIGER_Global_Implementation_Specification_AR_v2.docx,G00-02 — تحديد نموذج الإيرادات العالمي
REQ-00042,G00-02,ما يجب أن يبنيه أو يعدله,طبقة infrastructure: database/repository/provider adapter مع timeout/retry/idempotency عند الحاجة.,VVIP_TIGER_Global_Implementation_Specification_AR_v2.docx,G00-02 — تحديد نموذج الإيرادات العالمي
REQ-00043,G00-02,ما يجب أن يبنيه أو يعدله,طبقة الواجهة: حالات loading/empty/error/forbidden/offline/success والهاتف وRTL/LTR.,VVIP_TIGER_Global_Implementation_Specification_AR_v2.docx,G00-02 — تحديد نموذج الإيرادات العالمي
REQ-00044,G00-02,ما يجب أن يبنيه أو يعدله,Schema/migration/index/policy عند وجود بيانات، مع forward migration وخطة rollback أو forward-fix.,VVIP_TIGER_Global_Implementation_Specification_AR_v2.docx,G00-02 — تحديد نموذج الإيرادات العالمي
REQ-00045,G00-02,ما يجب أن يبنيه أو يعدله,اختبارات وتسميات واضحة وربط كل حالة بمعيار قبول أو خطر.,VVIP_TIGER_Global_Implementation_Specification_AR_v2.docx,G00-02 — تحديد نموذج الإيرادات العالمي
REQ-00046,G00-02,الأمان والخصوصية,التحقق من authentication وauthorization على الخادم؛ إخفاء الزر ليس حماية.,VVIP_TIGER_Global_Implementation_Specification_AR_v2.docx,G00-02 — تحديد نموذج الإيرادات العالمي
REQ-00047,G00-02,الأمان والخصوصية,عدم تسجيل token/secret/payment data/private message أو PII غير لازم.,VVIP_TIGER_Global_Implementation_Specification_AR_v2.docx,G00-02 — تحديد نموذج الإيرادات العالمي
REQ-00048,G00-02,الأمان والخصوصية,تطبيق least privilege وdeny by default وrate limit وaudit على العمليات الحساسة.,VVIP_TIGER_Global_Implementation_Specification_AR_v2.docx,G00-02 — تحديد نموذج الإيرادات العالمي
REQ-00049,G00-02,الأمان والخصوصية,تحديد retention والحذف والتصدير والوصول الإداري إن كانت المهمة تعالج بيانات شخصية.,VVIP_TIGER_Global_Implementation_Specification_AR_v2.docx,G00-02 — تحديد نموذج الإيرادات العالمي
REQ-00050,G00-02,اختبارات QA المطلوبة,Happy path كامل ببيانات واقعية في Staging.,VVIP_TIGER_Global_Implementation_Specification_AR_v2.docx,G00-02 — تحديد نموذج الإيرادات العالمي
REQ-00051,G00-02,اختبارات QA المطلوبة,مدخلات ناقصة وخاطئة وحدود الحجم والعدد والحالة.,VVIP_TIGER_Global_Implementation_Specification_AR_v2.docx,G00-02 — تحديد نموذج الإيرادات العالمي
REQ-00052,G00-02,اختبارات QA المطلوبة,انقطاع الشبكة، retry، duplicate request، refresh وعودة من جهاز آخر عند انطباقها.,VVIP_TIGER_Global_Implementation_Specification_AR_v2.docx,G00-02 — تحديد نموذج الإيرادات العالمي
REQ-00053,G00-02,اختبارات QA المطلوبة,مستخدم A مقابل مستخدم B، وزائر، ودور إداري محدود.,VVIP_TIGER_Global_Implementation_Specification_AR_v2.docx,G00-02 — تحديد نموذج الإيرادات العالمي
REQ-00054,G00-02,اختبارات QA المطلوبة,العربية/الإنجليزية، RTL/LTR، هاتف متوسط، Chrome/Safari/Firefox للواجهات المتأثرة.,VVIP_TIGER_Global_Implementation_Specification_AR_v2.docx,G00-02 — تحديد نموذج الإيرادات العالمي
REQ-00055,G00-02,اختبارات QA المطلوبة,Regression آلي يمنع عودة السبب بعد الدمج.,VVIP_TIGER_Global_Implementation_Specification_AR_v2.docx,G00-02 — تحديد نموذج الإيرادات العالمي
REQ-00056,G00-02,قبول: معيار القبول الرئيسي,اعتماد باقات V1 وحدودها وتسعيرها المرجعي.,VVIP_TIGER_Global_Implementation_Specification_AR_v2.docx,G00-02 — تحديد نموذج الإيرادات العالمي
REQ-00057,G00-02,قبول: معايير إضافية,CI أخضر؛ لا خطأ حرج؛ صلاحيات مختبرة؛ Staging يعمل؛ الأداء ضمن الميزانية؛ النصوص مترجمة.,VVIP_TIGER_Global_Implementation_Specification_AR_v2.docx,G00-02 — تحديد نموذج الإيرادات العالمي
REQ-00058,G00-02,قبول: المخرجات,كود + tests + migration/policy إن لزم + API/schema docs + screenshots/log evidence + release/rollback notes.,VVIP_TIGER_Global_Implementation_Specification_AR_v2.docx,G00-02 — تحديد نموذج الإيرادات العالمي
REQ-00059,G00-02,قبول: تعريف الاكتمال,Code review، QA sign-off، Security sign-off بحسب الخطر، Product acceptance، تحديث Decision/Change Log.,VVIP_TIGER_Global_Implementation_Specification_AR_v2.docx,G00-02 — تحديد نموذج الإيرادات العالمي
REQ-00060,G00-02,قبول: الخطر,تنفيذ الواجهة قبل عقد البيانات أو الصلاحيات يؤدي إلى إعادة بناء أو تسريب.,VVIP_TIGER_Global_Implementation_Specification_AR_v2.docx,G00-02 — تحديد نموذج الإيرادات العالمي
REQ-00061,G00-02,قبول: التراجع,Feature Flag وإيقاف endpoint/job، ثم rollback migration الآمن أو forward-fix مع حفظ البيانات.,VVIP_TIGER_Global_Implementation_Specification_AR_v2.docx,G00-02 — تحديد نموذج الإيرادات العالمي
REQ-00062,G00-03,عمل المبرمج خطوة بخطوة,1. إنشاء Capability Matrix أولية ومعرفات ISO للدول والعملات واللغات.,VVIP_TIGER_Global_Implementation_Specification_AR_v2.docx,G00-03 — سياسة الدول واللغات والإطلاق
REQ-00063,G00-03,عمل المبرمج خطوة بخطوة,2. إنشاء ADR/PRD مرقم وربطه بسجل القرارات.,VVIP_TIGER_Global_Implementation_Specification_AR_v2.docx,G00-03 — سياسة الدول واللغات والإطلاق
REQ-00064,G00-03,عمل المبرمج خطوة بخطوة,3. تحويل كل قرار إلى شرط قابل للاختبار أو إعداد قابل للتهيئة.,VVIP_TIGER_Global_Implementation_Specification_AR_v2.docx,G00-03 — سياسة الدول واللغات والإطلاق
REQ-00065,G00-03,عمل المبرمج خطوة بخطوة,4. تحديد من يعتمد التغيير ومدة الاستجابة قبل أن يصبح مانعًا.,VVIP_TIGER_Global_Implementation_Specification_AR_v2.docx,G00-03 — سياسة الدول واللغات والإطلاق
REQ-00066,G00-03,عمل المبرمج خطوة بخطوة,5. تعريف API contract وحالات الخطأ والـrate limit قبل دمج الواجهة.,VVIP_TIGER_Global_Implementation_Specification_AR_v2.docx,G00-03 — سياسة الدول واللغات والإطلاق
REQ-00067,G00-03,عمل المبرمج خطوة بخطوة,6. إضافة unit/integration/E2E أو security tests بحسب حدود المهمة، وربطها بـCI.,VVIP_TIGER_Global_Implementation_Specification_AR_v2.docx,G00-03 — سياسة الدول واللغات والإطلاق
REQ-00068,G00-03,عمل المبرمج خطوة بخطوة,7. نشرها خلف Feature Flag على Staging، جمع الدليل، ثم إعداد rollback أو forward-fix.,VVIP_TIGER_Global_Implementation_Specification_AR_v2.docx,G00-03 — سياسة الدول واللغات والإطلاق
REQ-00069,G00-03,ما يجب أن يبنيه أو يعدله,وحدة المجال `product-governance`: entities/value objects/state rules من دون اعتماد مباشر على الواجهة أو المورد.,VVIP_TIGER_Global_Implementation_Specification_AR_v2.docx,G00-03 — سياسة الدول واللغات والإطلاق
REQ-00070,G00-03,ما يجب أن يبنيه أو يعدله,طبقة application: use cases وخدمات تحقق ورسائل خطأ ثابتة ومترجمة.,VVIP_TIGER_Global_Implementation_Specification_AR_v2.docx,G00-03 — سياسة الدول واللغات والإطلاق
REQ-00071,G00-03,ما يجب أن يبنيه أو يعدله,طبقة infrastructure: database/repository/provider adapter مع timeout/retry/idempotency عند الحاجة.,VVIP_TIGER_Global_Implementation_Specification_AR_v2.docx,G00-03 — سياسة الدول واللغات والإطلاق
REQ-00072,G00-03,ما يجب أن يبنيه أو يعدله,طبقة الواجهة: حالات loading/empty/error/forbidden/offline/success والهاتف وRTL/LTR.,VVIP_TIGER_Global_Implementation_Specification_AR_v2.docx,G00-03 — سياسة الدول واللغات والإطلاق
REQ-00073,G00-03,ما يجب أن يبنيه أو يعدله,Schema/migration/index/policy عند وجود بيانات، مع forward migration وخطة rollback أو forward-fix.,VVIP_TIGER_Global_Implementation_Specification_AR_v2.docx,G00-03 — سياسة الدول واللغات والإطلاق
REQ-00074,G00-03,ما يجب أن يبنيه أو يعدله,اختبارات وتسميات واضحة وربط كل حالة بمعيار قبول أو خطر.,VVIP_TIGER_Global_Implementation_Specification_AR_v2.docx,G00-03 — سياسة الدول واللغات والإطلاق
REQ-00075,G00-03,الأمان والخصوصية,التحقق من authentication وauthorization على الخادم؛ إخفاء الزر ليس حماية.,VVIP_TIGER_Global_Implementation_Specification_AR_v2.docx,G00-03 — سياسة الدول واللغات والإطلاق
REQ-00076,G00-03,الأمان والخصوصية,عدم تسجيل token/secret/payment data/private message أو PII غير لازم.,VVIP_TIGER_Global_Implementation_Specification_AR_v2.docx,G00-03 — سياسة الدول واللغات والإطلاق
REQ-00077,G00-03,الأمان والخصوصية,تطبيق least privilege وdeny by default وrate limit وaudit على العمليات الحساسة.,VVIP_TIGER_Global_Implementation_Specification_AR_v2.docx,G00-03 — سياسة الدول واللغات والإطلاق
REQ-00078,G00-03,الأمان والخصوصية,تحديد retention والحذف والتصدير والوصول الإداري إن كانت المهمة تعالج بيانات شخصية.,VVIP_TIGER_Global_Implementation_Specification_AR_v2.docx,G00-03 — سياسة الدول واللغات والإطلاق
REQ-00079,G00-03,اختبارات QA المطلوبة,Happy path كامل ببيانات واقعية في Staging.,VVIP_TIGER_Global_Implementation_Specification_AR_v2.docx,G00-03 — سياسة الدول واللغات والإطلاق
REQ-00080,G00-03,اختبارات QA المطلوبة,مدخلات ناقصة وخاطئة وحدود الحجم والعدد والحالة.,VVIP_TIGER_Global_Implementation_Specification_AR_v2.docx,G00-03 — سياسة الدول واللغات والإطلاق
REQ-00081,G00-03,اختبارات QA المطلوبة,انقطاع الشبكة، retry، duplicate request، refresh وعودة من جهاز آخر عند انطباقها.,VVIP_TIGER_Global_Implementation_Specification_AR_v2.docx,G00-03 — سياسة الدول واللغات والإطلاق
REQ-00082,G00-03,اختبارات QA المطلوبة,مستخدم A مقابل مستخدم B، وزائر، ودور إداري محدود.,VVIP_TIGER_Global_Implementation_Specification_AR_v2.docx,G00-03 — سياسة الدول واللغات والإطلاق
REQ-00083,G00-03,اختبارات QA المطلوبة,العربية/الإنجليزية، RTL/LTR، هاتف متوسط، Chrome/Safari/Firefox للواجهات المتأثرة.,VVIP_TIGER_Global_Implementation_Specification_AR_v2.docx,G00-03 — سياسة الدول واللغات والإطلاق
REQ-00084,G00-03,اختبارات QA المطلوبة,Regression آلي يمنع عودة السبب بعد الدمج.,VVIP_TIGER_Global_Implementation_Specification_AR_v2.docx,G00-03 — سياسة الدول واللغات والإطلاق
REQ-00085,G00-03,قبول: معيار القبول الرئيسي,وجود قرار قابل للتنفيذ لكل دولة وميزة.,VVIP_TIGER_Global_Implementation_Specification_AR_v2.docx,G00-03 — سياسة الدول واللغات والإطلاق
REQ-00086,G00-03,قبول: معايير إضافية,CI أخضر؛ لا خطأ حرج؛ صلاحيات مختبرة؛ Staging يعمل؛ الأداء ضمن الميزانية؛ النصوص مترجمة.,VVIP_TIGER_Global_Implementation_Specification_AR_v2.docx,G00-03 — سياسة الدول واللغات والإطلاق
REQ-00087,G00-03,قبول: المخرجات,كود + tests + migration/policy إن لزم + API/schema docs + screenshots/log evidence + release/rollback notes.,VVIP_TIGER_Global_Implementation_Specification_AR_v2.docx,G00-03 — سياسة الدول واللغات والإطلاق
REQ-00088,G00-03,قبول: تعريف الاكتمال,Code review، QA sign-off، Security sign-off بحسب الخطر، Product acceptance، تحديث Decision/Change Log.,VVIP_TIGER_Global_Implementation_Specification_AR_v2.docx,G00-03 — سياسة الدول واللغات والإطلاق
REQ-00089,G00-03,قبول: الخطر,تنفيذ الواجهة قبل عقد البيانات أو الصلاحيات يؤدي إلى إعادة بناء أو تسريب.,VVIP_TIGER_Global_Implementation_Specification_AR_v2.docx,G00-03 — سياسة الدول واللغات والإطلاق
REQ-00090,G00-03,قبول: التراجع,Feature Flag وإيقاف endpoint/job، ثم rollback migration الآمن أو forward-fix مع حفظ البيانات.,VVIP_TIGER_Global_Implementation_Specification_AR_v2.docx,G00-03 — سياسة الدول واللغات والإطلاق
REQ-00091,G01-01,عمل المبرمج خطوة بخطوة,1. يشغل المبرمج git status/log/branch audits، يصنف الملفات ويصدر تقرير Keep/Fix/Archive/Delete.,VVIP_TIGER_Global_Implementation_Specification_AR_v2.docx,G01-01 — جرد المستودع والملفات والفروع
REQ-00092,G01-01,عمل المبرمج خطوة بخطوة,2. إنشاء actor/action/resource/before/after/correlation_id.,VVIP_TIGER_Global_Implementation_Specification_AR_v2.docx,G01-01 — جرد المستودع والملفات والفروع
REQ-00093,G01-01,عمل المبرمج خطوة بخطوة,3. منع update/delete للتدقيق من أدوار التطبيق.,VVIP_TIGER_Global_Implementation_Specification_AR_v2.docx,G01-01 — جرد المستودع والملفات والفروع
REQ-00094,G01-01,عمل المبرمج خطوة بخطوة,4. تحديد redaction وretention وصلاحية التصدير.,VVIP_TIGER_Global_Implementation_Specification_AR_v2.docx,G01-01 — جرد المستودع والملفات والفروع
REQ-00095,G01-01,عمل المبرمج خطوة بخطوة,5. إنتاج manifest للملفات والفروع والحالة وتاريخ آخر استخدام.,VVIP_TIGER_Global_Implementation_Specification_AR_v2.docx,G01-01 — جرد المستودع والملفات والفروع
REQ-00096,G01-01,عمل المبرمج خطوة بخطوة,6. تشغيل الاختبارات قبل وبعد التنظيف لإثبات عدم فقد وظيفة.,VVIP_TIGER_Global_Implementation_Specification_AR_v2.docx,G01-01 — جرد المستودع والملفات والفروع
REQ-00097,G01-01,عمل المبرمج خطوة بخطوة,7. أرشفة الدليل خارج Runtime مع owner وقرار حذف.,VVIP_TIGER_Global_Implementation_Specification_AR_v2.docx,G01-01 — جرد المستودع والملفات والفروع
REQ-00098,G01-01,عمل المبرمج خطوة بخطوة,8. تعريف API contract وحالات الخطأ والـrate limit قبل دمج الواجهة.,VVIP_TIGER_Global_Implementation_Specification_AR_v2.docx,G01-01 — جرد المستودع والملفات والفروع
REQ-00099,G01-01,عمل المبرمج خطوة بخطوة,9. إضافة unit/integration/E2E أو security tests بحسب حدود المهمة، وربطها بـCI.,VVIP_TIGER_Global_Implementation_Specification_AR_v2.docx,G01-01 — جرد المستودع والملفات والفروع
REQ-00100,G01-01,عمل المبرمج خطوة بخطوة,10. نشرها خلف Feature Flag على Staging، جمع الدليل، ثم إعداد rollback أو forward-fix.,VVIP_TIGER_Global_Implementation_Specification_AR_v2.docx,G01-01 — جرد المستودع والملفات والفروع
REQ-00101,G01-01,ما يجب أن يبنيه أو يعدله,وحدة المجال `repository-audit`: entities/value objects/state rules من دون اعتماد مباشر على الواجهة أو المورد.,VVIP_TIGER_Global_Implementation_Specification_AR_v2.docx,G01-01 — جرد المستودع والملفات والفروع
REQ-00102,G01-01,ما يجب أن يبنيه أو يعدله,طبقة application: use cases وخدمات تحقق ورسائل خطأ ثابتة ومترجمة.,VVIP_TIGER_Global_Implementation_Specification_AR_v2.docx,G01-01 — جرد المستودع والملفات والفروع
REQ-00103,G01-01,ما يجب أن يبنيه أو يعدله,طبقة infrastructure: database/repository/provider adapter مع timeout/retry/idempotency عند الحاجة.,VVIP_TIGER_Global_Implementation_Specification_AR_v2.docx,G01-01 — جرد المستودع والملفات والفروع
REQ-00104,G01-01,ما يجب أن يبنيه أو يعدله,طبقة الواجهة: حالات loading/empty/error/forbidden/offline/success والهاتف وRTL/LTR.,VVIP_TIGER_Global_Implementation_Specification_AR_v2.docx,G01-01 — جرد المستودع والملفات والفروع
REQ-00105,G01-01,ما يجب أن يبنيه أو يعدله,Schema/migration/index/policy عند وجود بيانات، مع forward migration وخطة rollback أو forward-fix.,VVIP_TIGER_Global_Implementation_Specification_AR_v2.docx,G01-01 — جرد المستودع والملفات والفروع
REQ-00106,G01-01,ما يجب أن يبنيه أو يعدله,اختبارات وتسميات واضحة وربط كل حالة بمعيار قبول أو خطر.,VVIP_TIGER_Global_Implementation_Specification_AR_v2.docx,G01-01 — جرد المستودع والملفات والفروع
REQ-00107,G01-01,الأمان والخصوصية,التحقق من authentication وauthorization على الخادم؛ إخفاء الزر ليس حماية.,VVIP_TIGER_Global_Implementation_Specification_AR_v2.docx,G01-01 — جرد المستودع والملفات والفروع
REQ-00108,G01-01,الأمان والخصوصية,عدم تسجيل token/secret/payment data/private message أو PII غير لازم.,VVIP_TIGER_Global_Implementation_Specification_AR_v2.docx,G01-01 — جرد المستودع والملفات والفروع
REQ-00109,G01-01,الأمان والخصوصية,تطبيق least privilege وdeny by default وrate limit وaudit على العمليات الحساسة.,VVIP_TIGER_Global_Implementation_Specification_AR_v2.docx,G01-01 — جرد المستودع والملفات والفروع
REQ-00110,G01-01,الأمان والخصوصية,تحديد retention والحذف والتصدير والوصول الإداري إن كانت المهمة تعالج بيانات شخصية.,VVIP_TIGER_Global_Implementation_Specification_AR_v2.docx,G01-01 — جرد المستودع والملفات والفروع
REQ-00111,G01-01,اختبارات QA المطلوبة,Happy path كامل ببيانات واقعية في Staging.,VVIP_TIGER_Global_Implementation_Specification_AR_v2.docx,G01-01 — جرد المستودع والملفات والفروع
REQ-00112,G01-01,اختبارات QA المطلوبة,مدخلات ناقصة وخاطئة وحدود الحجم والعدد والحالة.,VVIP_TIGER_Global_Implementation_Specification_AR_v2.docx,G01-01 — جرد المستودع والملفات والفروع
REQ-00113,G01-01,اختبارات QA المطلوبة,انقطاع الشبكة، retry، duplicate request، refresh وعودة من جهاز آخر عند انطباقها.,VVIP_TIGER_Global_Implementation_Specification_AR_v2.docx,G01-01 — جرد المستودع والملفات والفروع
REQ-00114,G01-01,اختبارات QA المطلوبة,مستخدم A مقابل مستخدم B، وزائر، ودور إداري محدود.,VVIP_TIGER_Global_Implementation_Specification_AR_v2.docx,G01-01 — جرد المستودع والملفات والفروع
REQ-00115,G01-01,اختبارات QA المطلوبة,العربية/الإنجليزية، RTL/LTR، هاتف متوسط، Chrome/Safari/Firefox للواجهات المتأثرة.,VVIP_TIGER_Global_Implementation_Specification_AR_v2.docx,G01-01 — جرد المستودع والملفات والفروع
REQ-00116,G01-01,اختبارات QA المطلوبة,Regression آلي يمنع عودة السبب بعد الدمج.,VVIP_TIGER_Global_Implementation_Specification_AR_v2.docx,G01-01 — جرد المستودع والملفات والفروع
REQ-00117,G01-01,قبول: معيار القبول الرئيسي,لا توجد ملفات مجهولة أو فروع غير موثقة.,VVIP_TIGER_Global_Implementation_Specification_AR_v2.docx,G01-01 — جرد المستودع والملفات والفروع
REQ-00118,G01-01,قبول: معايير إضافية,CI أخضر؛ لا خطأ حرج؛ صلاحيات مختبرة؛ Staging يعمل؛ الأداء ضمن الميزانية؛ النصوص مترجمة.,VVIP_TIGER_Global_Implementation_Specification_AR_v2.docx,G01-01 — جرد المستودع والملفات والفروع
REQ-00119,G01-01,قبول: المخرجات,كود + tests + migration/policy إن لزم + API/schema docs + screenshots/log evidence + release/rollback notes.,VVIP_TIGER_Global_Implementation_Specification_AR_v2.docx,G01-01 — جرد المستودع والملفات والفروع
REQ-00120,G01-01,قبول: تعريف الاكتمال,Code review، QA sign-off، Security sign-off بحسب الخطر، Product acceptance، تحديث Decision/Change Log.,VVIP_TIGER_Global_Implementation_Specification_AR_v2.docx,G01-01 — جرد المستودع والملفات والفروع
REQ-00121,G01-01,قبول: الخطر,تنفيذ الواجهة قبل عقد البيانات أو الصلاحيات يؤدي إلى إعادة بناء أو تسريب.,VVIP_TIGER_Global_Implementation_Specification_AR_v2.docx,G01-01 — جرد المستودع والملفات والفروع
REQ-00122,G01-01,قبول: التراجع,Feature Flag وإيقاف endpoint/job، ثم rollback migration الآمن أو forward-fix مع حفظ البيانات.,VVIP_TIGER_Global_Implementation_Specification_AR_v2.docx,G01-01 — جرد المستودع والملفات والفروع
REQ-00123,G01-02,عمل المبرمج خطوة بخطوة,1. تفعيل branch protection ومنع الدفع المباشر وربط PR بقالب ومراجعة.,VVIP_TIGER_Global_Implementation_Specification_AR_v2.docx,G01-02 — تثبيت مصدر الحقيقة
REQ-00124,G01-02,عمل المبرمج خطوة بخطوة,2. إنشاء checkout session من الخادم فقط.,VVIP_TIGER_Global_Implementation_Specification_AR_v2.docx,G01-02 — تثبيت مصدر الحقيقة
REQ-00125,G01-02,عمل المبرمج خطوة بخطوة,3. تسجيل payment_event خامًا وموقعًا ثم إسقاطه إلى transaction/ledger.,VVIP_TIGER_Global_Implementation_Specification_AR_v2.docx,G01-02 — تثبيت مصدر الحقيقة
REQ-00126,G01-02,عمل المبرمج خطوة بخطوة,4. اختبار تكرار webhook وفشل الشبكة والـrefund الجزئي.,VVIP_TIGER_Global_Implementation_Specification_AR_v2.docx,G01-02 — تثبيت مصدر الحقيقة
REQ-00127,G01-02,عمل المبرمج خطوة بخطوة,5. إنتاج manifest للملفات والفروع والحالة وتاريخ آخر استخدام.,VVIP_TIGER_Global_Implementation_Specification_AR_v2.docx,G01-02 — تثبيت مصدر الحقيقة
REQ-00128,G01-02,عمل المبرمج خطوة بخطوة,6. تشغيل الاختبارات قبل وبعد التنظيف لإثبات عدم فقد وظيفة.,VVIP_TIGER_Global_Implementation_Specification_AR_v2.docx,G01-02 — تثبيت مصدر الحقيقة
REQ-00129,G01-02,عمل المبرمج خطوة بخطوة,7. أرشفة الدليل خارج Runtime مع owner وقرار حذف.,VVIP_TIGER_Global_Implementation_Specification_AR_v2.docx,G01-02 — تثبيت مصدر الحقيقة
REQ-00130,G01-02,عمل المبرمج خطوة بخطوة,8. تعريف API contract وحالات الخطأ والـrate limit قبل دمج الواجهة.,VVIP_TIGER_Global_Implementation_Specification_AR_v2.docx,G01-02 — تثبيت مصدر الحقيقة
REQ-00131,G01-02,عمل المبرمج خطوة بخطوة,9. إضافة unit/integration/E2E أو security tests بحسب حدود المهمة، وربطها بـCI.,VVIP_TIGER_Global_Implementation_Specification_AR_v2.docx,G01-02 — تثبيت مصدر الحقيقة
REQ-00132,G01-02,عمل المبرمج خطوة بخطوة,10. نشرها خلف Feature Flag على Staging، جمع الدليل، ثم إعداد rollback أو forward-fix.,VVIP_TIGER_Global_Implementation_Specification_AR_v2.docx,G01-02 — تثبيت مصدر الحقيقة
REQ-00133,G01-02,ما يجب أن يبنيه أو يعدله,وحدة المجال `repository-audit`: entities/value objects/state rules من دون اعتماد مباشر على الواجهة أو المورد.,VVIP_TIGER_Global_Implementation_Specification_AR_v2.docx,G01-02 — تثبيت مصدر الحقيقة
REQ-00134,G01-02,ما يجب أن يبنيه أو يعدله,طبقة application: use cases وخدمات تحقق ورسائل خطأ ثابتة ومترجمة.,VVIP_TIGER_Global_Implementation_Specification_AR_v2.docx,G01-02 — تثبيت مصدر الحقيقة
REQ-00135,G01-02,ما يجب أن يبنيه أو يعدله,طبقة infrastructure: database/repository/provider adapter مع timeout/retry/idempotency عند الحاجة.,VVIP_TIGER_Global_Implementation_Specification_AR_v2.docx,G01-02 — تثبيت مصدر الحقيقة
REQ-00136,G01-02,ما يجب أن يبنيه أو يعدله,طبقة الواجهة: حالات loading/empty/error/forbidden/offline/success والهاتف وRTL/LTR.,VVIP_TIGER_Global_Implementation_Specification_AR_v2.docx,G01-02 — تثبيت مصدر الحقيقة
REQ-00137,G01-02,ما يجب أن يبنيه أو يعدله,Schema/migration/index/policy عند وجود بيانات، مع forward migration وخطة rollback أو forward-fix.,VVIP_TIGER_Global_Implementation_Specification_AR_v2.docx,G01-02 — تثبيت مصدر الحقيقة
REQ-00138,G01-02,ما يجب أن يبنيه أو يعدله,اختبارات وتسميات واضحة وربط كل حالة بمعيار قبول أو خطر.,VVIP_TIGER_Global_Implementation_Specification_AR_v2.docx,G01-02 — تثبيت مصدر الحقيقة
REQ-00139,G01-02,الأمان والخصوصية,التحقق من authentication وauthorization على الخادم؛ إخفاء الزر ليس حماية.,VVIP_TIGER_Global_Implementation_Specification_AR_v2.docx,G01-02 — تثبيت مصدر الحقيقة
REQ-00140,G01-02,الأمان والخصوصية,عدم تسجيل token/secret/payment data/private message أو PII غير لازم.,VVIP_TIGER_Global_Implementation_Specification_AR_v2.docx,G01-02 — تثبيت مصدر الحقيقة
REQ-00141,G01-02,الأمان والخصوصية,تطبيق least privilege وdeny by default وrate limit وaudit على العمليات الحساسة.,VVIP_TIGER_Global_Implementation_Specification_AR_v2.docx,G01-02 — تثبيت مصدر الحقيقة
REQ-00142,G01-02,الأمان والخصوصية,تحديد retention والحذف والتصدير والوصول الإداري إن كانت المهمة تعالج بيانات شخصية.,VVIP_TIGER_Global_Implementation_Specification_AR_v2.docx,G01-02 — تثبيت مصدر الحقيقة
REQ-00143,G01-02,اختبارات QA المطلوبة,Happy path كامل ببيانات واقعية في Staging.,VVIP_TIGER_Global_Implementation_Specification_AR_v2.docx,G01-02 — تثبيت مصدر الحقيقة
REQ-00144,G01-02,اختبارات QA المطلوبة,مدخلات ناقصة وخاطئة وحدود الحجم والعدد والحالة.,VVIP_TIGER_Global_Implementation_Specification_AR_v2.docx,G01-02 — تثبيت مصدر الحقيقة
REQ-00145,G01-02,اختبارات QA المطلوبة,انقطاع الشبكة، retry، duplicate request، refresh وعودة من جهاز آخر عند انطباقها.,VVIP_TIGER_Global_Implementation_Specification_AR_v2.docx,G01-02 — تثبيت مصدر الحقيقة
REQ-00146,G01-02,اختبارات QA المطلوبة,مستخدم A مقابل مستخدم B، وزائر، ودور إداري محدود.,VVIP_TIGER_Global_Implementation_Specification_AR_v2.docx,G01-02 — تثبيت مصدر الحقيقة
REQ-00147,G01-02,اختبارات QA المطلوبة,العربية/الإنجليزية، RTL/LTR، هاتف متوسط، Chrome/Safari/Firefox للواجهات المتأثرة.,VVIP_TIGER_Global_Implementation_Specification_AR_v2.docx,G01-02 — تثبيت مصدر الحقيقة
REQ-00148,G01-02,اختبارات QA المطلوبة,Regression آلي يمنع عودة السبب بعد الدمج.,VVIP_TIGER_Global_Implementation_Specification_AR_v2.docx,G01-02 — تثبيت مصدر الحقيقة
REQ-00149,G01-02,قبول: معيار القبول الرئيسي,كل تغيير يمر عبر PR ناجح.,VVIP_TIGER_Global_Implementation_Specification_AR_v2.docx,G01-02 — تثبيت مصدر الحقيقة
REQ-00150,G01-02,قبول: معايير إضافية,CI أخضر؛ لا خطأ حرج؛ صلاحيات مختبرة؛ Staging يعمل؛ الأداء ضمن الميزانية؛ النصوص مترجمة.,VVIP_TIGER_Global_Implementation_Specification_AR_v2.docx,G01-02 — تثبيت مصدر الحقيقة
REQ-00151,G01-02,قبول: المخرجات,كود + tests + migration/policy إن لزم + API/schema docs + screenshots/log evidence + release/rollback notes.,VVIP_TIGER_Global_Implementation_Specification_AR_v2.docx,G01-02 — تثبيت مصدر الحقيقة
REQ-00152,G01-02,قبول: تعريف الاكتمال,Code review، QA sign-off، Security sign-off بحسب الخطر، Product acceptance، تحديث Decision/Change Log.,VVIP_TIGER_Global_Implementation_Specification_AR_v2.docx,G01-02 — تثبيت مصدر الحقيقة
REQ-00153,G01-02,قبول: الخطر,تنفيذ الواجهة قبل عقد البيانات أو الصلاحيات يؤدي إلى إعادة بناء أو تسريب.,VVIP_TIGER_Global_Implementation_Specification_AR_v2.docx,G01-02 — تثبيت مصدر الحقيقة
REQ-00154,G01-02,قبول: التراجع,Feature Flag وإيقاف endpoint/job، ثم rollback migration الآمن أو forward-fix مع حفظ البيانات.,VVIP_TIGER_Global_Implementation_Specification_AR_v2.docx,G01-02 — تثبيت مصدر الحقيقة
REQ-00155,G01-03,عمل المبرمج خطوة بخطوة,1. يحدد المبرمج dependency graph ويزيل الاستخدام الفعلي فقط بعد اختبارات regression.,VVIP_TIGER_Global_Implementation_Specification_AR_v2.docx,G01-03 — تنظيف Runtime والنسخ القديمة
REQ-00156,G01-03,عمل المبرمج خطوة بخطوة,2. تشفير النسخ وتحديد retention وفصل الصلاحيات.,VVIP_TIGER_Global_Implementation_Specification_AR_v2.docx,G01-03 — تنظيف Runtime والنسخ القديمة
REQ-00157,G01-03,عمل المبرمج خطوة بخطوة,3. اختبار restore إلى بيئة معزولة والتحقق من checksums.,VVIP_TIGER_Global_Implementation_Specification_AR_v2.docx,G01-03 — تنظيف Runtime والنسخ القديمة
REQ-00158,G01-03,عمل المبرمج خطوة بخطوة,4. تسجيل RPO/RTO الفعلي ومقارنته بالهدف.,VVIP_TIGER_Global_Implementation_Specification_AR_v2.docx,G01-03 — تنظيف Runtime والنسخ القديمة
REQ-00159,G01-03,عمل المبرمج خطوة بخطوة,5. إنتاج manifest للملفات والفروع والحالة وتاريخ آخر استخدام.,VVIP_TIGER_Global_Implementation_Specification_AR_v2.docx,G01-03 — تنظيف Runtime والنسخ القديمة
REQ-00160,G01-03,عمل المبرمج خطوة بخطوة,6. تشغيل الاختبارات قبل وبعد التنظيف لإثبات عدم فقد وظيفة.,VVIP_TIGER_Global_Implementation_Specification_AR_v2.docx,G01-03 — تنظيف Runtime والنسخ القديمة
REQ-00161,G01-03,عمل المبرمج خطوة بخطوة,7. أرشفة الدليل خارج Runtime مع owner وقرار حذف.,VVIP_TIGER_Global_Implementation_Specification_AR_v2.docx,G01-03 — تنظيف Runtime والنسخ القديمة
REQ-00162,G01-03,عمل المبرمج خطوة بخطوة,8. تعريف API contract وحالات الخطأ والـrate limit قبل دمج الواجهة.,VVIP_TIGER_Global_Implementation_Specification_AR_v2.docx,G01-03 — تنظيف Runtime والنسخ القديمة
REQ-00163,G01-03,عمل المبرمج خطوة بخطوة,9. إضافة unit/integration/E2E أو security tests بحسب حدود المهمة، وربطها بـCI.,VVIP_TIGER_Global_Implementation_Specification_AR_v2.docx,G01-03 — تنظيف Runtime والنسخ القديمة
REQ-00164,G01-03,عمل المبرمج خطوة بخطوة,10. نشرها خلف Feature Flag على Staging، جمع الدليل، ثم إعداد rollback أو forward-fix.,VVIP_TIGER_Global_Implementation_Specification_AR_v2.docx,G01-03 — تنظيف Runtime والنسخ القديمة
REQ-00165,G01-03,ما يجب أن يبنيه أو يعدله,وحدة المجال `repository-audit`: entities/value objects/state rules من دون اعتماد مباشر على الواجهة أو المورد.,VVIP_TIGER_Global_Implementation_Specification_AR_v2.docx,G01-03 — تنظيف Runtime والنسخ القديمة
REQ-00166,G01-03,ما يجب أن يبنيه أو يعدله,طبقة application: use cases وخدمات تحقق ورسائل خطأ ثابتة ومترجمة.,VVIP_TIGER_Global_Implementation_Specification_AR_v2.docx,G01-03 — تنظيف Runtime والنسخ القديمة
REQ-00167,G01-03,ما يجب أن يبنيه أو يعدله,طبقة infrastructure: database/repository/provider adapter مع timeout/retry/idempotency عند الحاجة.,VVIP_TIGER_Global_Implementation_Specification_AR_v2.docx,G01-03 — تنظيف Runtime والنسخ القديمة
REQ-00168,G01-03,ما يجب أن يبنيه أو يعدله,طبقة الواجهة: حالات loading/empty/error/forbidden/offline/success والهاتف وRTL/LTR.,VVIP_TIGER_Global_Implementation_Specification_AR_v2.docx,G01-03 — تنظيف Runtime والنسخ القديمة
REQ-00169,G01-03,ما يجب أن يبنيه أو يعدله,Schema/migration/index/policy عند وجود بيانات، مع forward migration وخطة rollback أو forward-fix.,VVIP_TIGER_Global_Implementation_Specification_AR_v2.docx,G01-03 — تنظيف Runtime والنسخ القديمة
REQ-00170,G01-03,ما يجب أن يبنيه أو يعدله,اختبارات وتسميات واضحة وربط كل حالة بمعيار قبول أو خطر.,VVIP_TIGER_Global_Implementation_Specification_AR_v2.docx,G01-03 — تنظيف Runtime والنسخ القديمة
REQ-00171,G01-03,الأمان والخصوصية,التحقق من authentication وauthorization على الخادم؛ إخفاء الزر ليس حماية.,VVIP_TIGER_Global_Implementation_Specification_AR_v2.docx,G01-03 — تنظيف Runtime والنسخ القديمة
REQ-00172,G01-03,الأمان والخصوصية,عدم تسجيل token/secret/payment data/private message أو PII غير لازم.,VVIP_TIGER_Global_Implementation_Specification_AR_v2.docx,G01-03 — تنظيف Runtime والنسخ القديمة
REQ-00173,G01-03,الأمان والخصوصية,تطبيق least privilege وdeny by default وrate limit وaudit على العمليات الحساسة.,VVIP_TIGER_Global_Implementation_Specification_AR_v2.docx,G01-03 — تنظيف Runtime والنسخ القديمة
REQ-00174,G01-03,الأمان والخصوصية,تحديد retention والحذف والتصدير والوصول الإداري إن كانت المهمة تعالج بيانات شخصية.,VVIP_TIGER_Global_Implementation_Specification_AR_v2.docx,G01-03 — تنظيف Runtime والنسخ القديمة
REQ-00175,G01-03,اختبارات QA المطلوبة,Happy path كامل ببيانات واقعية في Staging.,VVIP_TIGER_Global_Implementation_Specification_AR_v2.docx,G01-03 — تنظيف Runtime والنسخ القديمة
REQ-00176,G01-03,اختبارات QA المطلوبة,مدخلات ناقصة وخاطئة وحدود الحجم والعدد والحالة.,VVIP_TIGER_Global_Implementation_Specification_AR_v2.docx,G01-03 — تنظيف Runtime والنسخ القديمة
REQ-00177,G01-03,اختبارات QA المطلوبة,انقطاع الشبكة، retry، duplicate request، refresh وعودة من جهاز آخر عند انطباقها.,VVIP_TIGER_Global_Implementation_Specification_AR_v2.docx,G01-03 — تنظيف Runtime والنسخ القديمة
REQ-00178,G01-03,اختبارات QA المطلوبة,مستخدم A مقابل مستخدم B، وزائر، ودور إداري محدود.,VVIP_TIGER_Global_Implementation_Specification_AR_v2.docx,G01-03 — تنظيف Runtime والنسخ القديمة
REQ-00179,G01-03,اختبارات QA المطلوبة,العربية/الإنجليزية، RTL/LTR، هاتف متوسط، Chrome/Safari/Firefox للواجهات المتأثرة.,VVIP_TIGER_Global_Implementation_Specification_AR_v2.docx,G01-03 — تنظيف Runtime والنسخ القديمة
REQ-00180,G01-03,اختبارات QA المطلوبة,Regression آلي يمنع عودة السبب بعد الدمج.,VVIP_TIGER_Global_Implementation_Specification_AR_v2.docx,G01-03 — تنظيف Runtime والنسخ القديمة
REQ-00181,G01-03,قبول: معيار القبول الرئيسي,عدم وجود duplicated auth/runtime في build النهائي.,VVIP_TIGER_Global_Implementation_Specification_AR_v2.docx,G01-03 — تنظيف Runtime والنسخ القديمة
REQ-00182,G01-03,قبول: معايير إضافية,CI أخضر؛ لا خطأ حرج؛ صلاحيات مختبرة؛ Staging يعمل؛ الأداء ضمن الميزانية؛ النصوص مترجمة.,VVIP_TIGER_Global_Implementation_Specification_AR_v2.docx,G01-03 — تنظيف Runtime والنسخ القديمة
REQ-00183,G01-03,قبول: المخرجات,كود + tests + migration/policy إن لزم + API/schema docs + screenshots/log evidence + release/rollback notes.,VVIP_TIGER_Global_Implementation_Specification_AR_v2.docx,G01-03 — تنظيف Runtime والنسخ القديمة
REQ-00184,G01-03,قبول: تعريف الاكتمال,Code review، QA sign-off، Security sign-off بحسب الخطر، Product acceptance، تحديث Decision/Change Log.,VVIP_TIGER_Global_Implementation_Specification_AR_v2.docx,G01-03 — تنظيف Runtime والنسخ القديمة
REQ-00185,G01-03,قبول: الخطر,تنفيذ الواجهة قبل عقد البيانات أو الصلاحيات يؤدي إلى إعادة بناء أو تسريب.,VVIP_TIGER_Global_Implementation_Specification_AR_v2.docx,G01-03 — تنظيف Runtime والنسخ القديمة
REQ-00186,G01-03,قبول: التراجع,Feature Flag وإيقاف endpoint/job، ثم rollback migration الآمن أو forward-fix مع حفظ البيانات.,VVIP_TIGER_Global_Implementation_Specification_AR_v2.docx,G01-03 — تنظيف Runtime والنسخ القديمة
REQ-00187,G02-01,عمل المبرمج خطوة بخطوة,1. إعداد workflows للبناء وlint وunit وintegration وsecret scan وdependency scan.,VVIP_TIGER_Global_Implementation_Specification_AR_v2.docx,G02-01 — إنشاء CI إلزامي
REQ-00188,G02-01,عمل المبرمج خطوة بخطوة,2. تعريف required checks وحماية البيئات والموافقات.,VVIP_TIGER_Global_Implementation_Specification_AR_v2.docx,G02-01 — إنشاء CI إلزامي
REQ-00189,G02-01,عمل المبرمج خطوة بخطوة,3. إنشاء قوالب PR/Issue/Release وربطها بالمهمة.,VVIP_TIGER_Global_Implementation_Specification_AR_v2.docx,G02-01 — إنشاء CI إلزامي
REQ-00190,G02-01,عمل المبرمج خطوة بخطوة,4. تجربة نشر وتراجع تلقائي على Staging وتوثيق الزمن.,VVIP_TIGER_Global_Implementation_Specification_AR_v2.docx,G02-01 — إنشاء CI إلزامي
REQ-00191,G02-01,عمل المبرمج خطوة بخطوة,5. تعريف API contract وحالات الخطأ والـrate limit قبل دمج الواجهة.,VVIP_TIGER_Global_Implementation_Specification_AR_v2.docx,G02-01 — إنشاء CI إلزامي
REQ-00192,G02-01,عمل المبرمج خطوة بخطوة,6. إضافة unit/integration/E2E أو security tests بحسب حدود المهمة، وربطها بـCI.,VVIP_TIGER_Global_Implementation_Specification_AR_v2.docx,G02-01 — إنشاء CI إلزامي
REQ-00193,G02-01,عمل المبرمج خطوة بخطوة,7. نشرها خلف Feature Flag على Staging، جمع الدليل، ثم إعداد rollback أو forward-fix.,VVIP_TIGER_Global_Implementation_Specification_AR_v2.docx,G02-01 — إنشاء CI إلزامي
REQ-00194,G02-01,ما يجب أن يبنيه أو يعدله,وحدة المجال `platform-ci`: entities/value objects/state rules من دون اعتماد مباشر على الواجهة أو المورد.,VVIP_TIGER_Global_Implementation_Specification_AR_v2.docx,G02-01 — إنشاء CI إلزامي
REQ-00195,G02-01,ما يجب أن يبنيه أو يعدله,طبقة application: use cases وخدمات تحقق ورسائل خطأ ثابتة ومترجمة.,VVIP_TIGER_Global_Implementation_Specification_AR_v2.docx,G02-01 — إنشاء CI إلزامي
REQ-00196,G02-01,ما يجب أن يبنيه أو يعدله,طبقة infrastructure: database/repository/provider adapter مع timeout/retry/idempotency عند الحاجة.,VVIP_TIGER_Global_Implementation_Specification_AR_v2.docx,G02-01 — إنشاء CI إلزامي
REQ-00197,G02-01,ما يجب أن يبنيه أو يعدله,طبقة الواجهة: حالات loading/empty/error/forbidden/offline/success والهاتف وRTL/LTR.,VVIP_TIGER_Global_Implementation_Specification_AR_v2.docx,G02-01 — إنشاء CI إلزامي
REQ-00198,G02-01,ما يجب أن يبنيه أو يعدله,Schema/migration/index/policy عند وجود بيانات، مع forward migration وخطة rollback أو forward-fix.,VVIP_TIGER_Global_Implementation_Specification_AR_v2.docx,G02-01 — إنشاء CI إلزامي
REQ-00199,G02-01,ما يجب أن يبنيه أو يعدله,اختبارات وتسميات واضحة وربط كل حالة بمعيار قبول أو خطر.,VVIP_TIGER_Global_Implementation_Specification_AR_v2.docx,G02-01 — إنشاء CI إلزامي
REQ-00200,G02-01,الأمان والخصوصية,التحقق من authentication وauthorization على الخادم؛ إخفاء الزر ليس حماية.,VVIP_TIGER_Global_Implementation_Specification_AR_v2.docx,G02-01 — إنشاء CI إلزامي
REQ-00201,G02-01,الأمان والخصوصية,عدم تسجيل token/secret/payment data/private message أو PII غير لازم.,VVIP_TIGER_Global_Implementation_Specification_AR_v2.docx,G02-01 — إنشاء CI إلزامي
REQ-00202,G02-01,الأمان والخصوصية,تطبيق least privilege وdeny by default وrate limit وaudit على العمليات الحساسة.,VVIP_TIGER_Global_Implementation_Specification_AR_v2.docx,G02-01 — إنشاء CI إلزامي
REQ-00203,G02-01,الأمان والخصوصية,تحديد retention والحذف والتصدير والوصول الإداري إن كانت المهمة تعالج بيانات شخصية.,VVIP_TIGER_Global_Implementation_Specification_AR_v2.docx,G02-01 — إنشاء CI إلزامي
REQ-00204,G02-01,اختبارات QA المطلوبة,Happy path كامل ببيانات واقعية في Staging.,VVIP_TIGER_Global_Implementation_Specification_AR_v2.docx,G02-01 — إنشاء CI إلزامي
REQ-00205,G02-01,اختبارات QA المطلوبة,مدخلات ناقصة وخاطئة وحدود الحجم والعدد والحالة.,VVIP_TIGER_Global_Implementation_Specification_AR_v2.docx,G02-01 — إنشاء CI إلزامي
REQ-00206,G02-01,اختبارات QA المطلوبة,انقطاع الشبكة، retry، duplicate request، refresh وعودة من جهاز آخر عند انطباقها.,VVIP_TIGER_Global_Implementation_Specification_AR_v2.docx,G02-01 — إنشاء CI إلزامي
REQ-00207,G02-01,اختبارات QA المطلوبة,مستخدم A مقابل مستخدم B، وزائر، ودور إداري محدود.,VVIP_TIGER_Global_Implementation_Specification_AR_v2.docx,G02-01 — إنشاء CI إلزامي
REQ-00208,G02-01,اختبارات QA المطلوبة,العربية/الإنجليزية، RTL/LTR، هاتف متوسط، Chrome/Safari/Firefox للواجهات المتأثرة.,VVIP_TIGER_Global_Implementation_Specification_AR_v2.docx,G02-01 — إنشاء CI إلزامي
REQ-00209,G02-01,اختبارات QA المطلوبة,Regression آلي يمنع عودة السبب بعد الدمج.,VVIP_TIGER_Global_Implementation_Specification_AR_v2.docx,G02-01 — إنشاء CI إلزامي
REQ-00210,G02-01,قبول: معيار القبول الرئيسي,لا يمكن الدمج عند فشل أي فحص حرج.,VVIP_TIGER_Global_Implementation_Specification_AR_v2.docx,G02-01 — إنشاء CI إلزامي
REQ-00211,G02-01,قبول: معايير إضافية,CI أخضر؛ لا خطأ حرج؛ صلاحيات مختبرة؛ Staging يعمل؛ الأداء ضمن الميزانية؛ النصوص مترجمة.,VVIP_TIGER_Global_Implementation_Specification_AR_v2.docx,G02-01 — إنشاء CI إلزامي
REQ-00212,G02-01,قبول: المخرجات,كود + tests + migration/policy إن لزم + API/schema docs + screenshots/log evidence + release/rollback notes.,VVIP_TIGER_Global_Implementation_Specification_AR_v2.docx,G02-01 — إنشاء CI إلزامي
REQ-00213,G02-01,قبول: تعريف الاكتمال,Code review، QA sign-off، Security sign-off بحسب الخطر، Product acceptance، تحديث Decision/Change Log.,VVIP_TIGER_Global_Implementation_Specification_AR_v2.docx,G02-01 — إنشاء CI إلزامي
REQ-00214,G02-01,قبول: الخطر,تنفيذ الواجهة قبل عقد البيانات أو الصلاحيات يؤدي إلى إعادة بناء أو تسريب.,VVIP_TIGER_Global_Implementation_Specification_AR_v2.docx,G02-01 — إنشاء CI إلزامي
REQ-00215,G02-01,قبول: التراجع,Feature Flag وإيقاف endpoint/job، ثم rollback migration الآمن أو forward-fix مع حفظ البيانات.,VVIP_TIGER_Global_Implementation_Specification_AR_v2.docx,G02-01 — إنشاء CI إلزامي
REQ-00216,G02-02,عمل المبرمج خطوة بخطوة,1. إنشاء ملفات إعداد بيئية، سياسات وصول، وseed بيانات تجريبية لـStaging.,VVIP_TIGER_Global_Implementation_Specification_AR_v2.docx,G02-02 — إعداد البيئات المنفصلة
REQ-00217,G02-02,عمل المبرمج خطوة بخطوة,2. تعريف required checks وحماية البيئات والموافقات.,VVIP_TIGER_Global_Implementation_Specification_AR_v2.docx,G02-02 — إعداد البيئات المنفصلة
REQ-00218,G02-02,عمل المبرمج خطوة بخطوة,3. إنشاء قوالب PR/Issue/Release وربطها بالمهمة.,VVIP_TIGER_Global_Implementation_Specification_AR_v2.docx,G02-02 — إعداد البيئات المنفصلة
REQ-00219,G02-02,عمل المبرمج خطوة بخطوة,4. تجربة نشر وتراجع تلقائي على Staging وتوثيق الزمن.,VVIP_TIGER_Global_Implementation_Specification_AR_v2.docx,G02-02 — إعداد البيئات المنفصلة
REQ-00220,G02-02,عمل المبرمج خطوة بخطوة,5. تعريف API contract وحالات الخطأ والـrate limit قبل دمج الواجهة.,VVIP_TIGER_Global_Implementation_Specification_AR_v2.docx,G02-02 — إعداد البيئات المنفصلة
REQ-00221,G02-02,عمل المبرمج خطوة بخطوة,6. إضافة unit/integration/E2E أو security tests بحسب حدود المهمة، وربطها بـCI.,VVIP_TIGER_Global_Implementation_Specification_AR_v2.docx,G02-02 — إعداد البيئات المنفصلة
REQ-00222,G02-02,عمل المبرمج خطوة بخطوة,7. نشرها خلف Feature Flag على Staging، جمع الدليل، ثم إعداد rollback أو forward-fix.,VVIP_TIGER_Global_Implementation_Specification_AR_v2.docx,G02-02 — إعداد البيئات المنفصلة
REQ-00223,G02-02,ما يجب أن يبنيه أو يعدله,وحدة المجال `platform-ci`: entities/value objects/state rules من دون اعتماد مباشر على الواجهة أو المورد.,VVIP_TIGER_Global_Implementation_Specification_AR_v2.docx,G02-02 — إعداد البيئات المنفصلة
REQ-00224,G02-02,ما يجب أن يبنيه أو يعدله,طبقة application: use cases وخدمات تحقق ورسائل خطأ ثابتة ومترجمة.,VVIP_TIGER_Global_Implementation_Specification_AR_v2.docx,G02-02 — إعداد البيئات المنفصلة
REQ-00225,G02-02,ما يجب أن يبنيه أو يعدله,طبقة infrastructure: database/repository/provider adapter مع timeout/retry/idempotency عند الحاجة.,VVIP_TIGER_Global_Implementation_Specification_AR_v2.docx,G02-02 — إعداد البيئات المنفصلة
REQ-00226,G02-02,ما يجب أن يبنيه أو يعدله,طبقة الواجهة: حالات loading/empty/error/forbidden/offline/success والهاتف وRTL/LTR.,VVIP_TIGER_Global_Implementation_Specification_AR_v2.docx,G02-02 — إعداد البيئات المنفصلة
REQ-00227,G02-02,ما يجب أن يبنيه أو يعدله,Schema/migration/index/policy عند وجود بيانات، مع forward migration وخطة rollback أو forward-fix.,VVIP_TIGER_Global_Implementation_Specification_AR_v2.docx,G02-02 — إعداد البيئات المنفصلة
REQ-00228,G02-02,ما يجب أن يبنيه أو يعدله,اختبارات وتسميات واضحة وربط كل حالة بمعيار قبول أو خطر.,VVIP_TIGER_Global_Implementation_Specification_AR_v2.docx,G02-02 — إعداد البيئات المنفصلة
REQ-00229,G02-02,الأمان والخصوصية,التحقق من authentication وauthorization على الخادم؛ إخفاء الزر ليس حماية.,VVIP_TIGER_Global_Implementation_Specification_AR_v2.docx,G02-02 — إعداد البيئات المنفصلة
REQ-00230,G02-02,الأمان والخصوصية,عدم تسجيل token/secret/payment data/private message أو PII غير لازم.,VVIP_TIGER_Global_Implementation_Specification_AR_v2.docx,G02-02 — إعداد البيئات المنفصلة
REQ-00231,G02-02,الأمان والخصوصية,تطبيق least privilege وdeny by default وrate limit وaudit على العمليات الحساسة.,VVIP_TIGER_Global_Implementation_Specification_AR_v2.docx,G02-02 — إعداد البيئات المنفصلة
REQ-00232,G02-02,الأمان والخصوصية,تحديد retention والحذف والتصدير والوصول الإداري إن كانت المهمة تعالج بيانات شخصية.,VVIP_TIGER_Global_Implementation_Specification_AR_v2.docx,G02-02 — إعداد البيئات المنفصلة
REQ-00233,G02-02,اختبارات QA المطلوبة,Happy path كامل ببيانات واقعية في Staging.,VVIP_TIGER_Global_Implementation_Specification_AR_v2.docx,G02-02 — إعداد البيئات المنفصلة
REQ-00234,G02-02,اختبارات QA المطلوبة,مدخلات ناقصة وخاطئة وحدود الحجم والعدد والحالة.,VVIP_TIGER_Global_Implementation_Specification_AR_v2.docx,G02-02 — إعداد البيئات المنفصلة
REQ-00235,G02-02,اختبارات QA المطلوبة,انقطاع الشبكة، retry، duplicate request، refresh وعودة من جهاز آخر عند انطباقها.,VVIP_TIGER_Global_Implementation_Specification_AR_v2.docx,G02-02 — إعداد البيئات المنفصلة
REQ-00236,G02-02,اختبارات QA المطلوبة,مستخدم A مقابل مستخدم B، وزائر، ودور إداري محدود.,VVIP_TIGER_Global_Implementation_Specification_AR_v2.docx,G02-02 — إعداد البيئات المنفصلة
REQ-00237,G02-02,اختبارات QA المطلوبة,العربية/الإنجليزية، RTL/LTR، هاتف متوسط، Chrome/Safari/Firefox للواجهات المتأثرة.,VVIP_TIGER_Global_Implementation_Specification_AR_v2.docx,G02-02 — إعداد البيئات المنفصلة
REQ-00238,G02-02,اختبارات QA المطلوبة,Regression آلي يمنع عودة السبب بعد الدمج.,VVIP_TIGER_Global_Implementation_Specification_AR_v2.docx,G02-02 — إعداد البيئات المنفصلة
REQ-00239,G02-02,قبول: معيار القبول الرئيسي,لا تتشارك البيئات أسرارًا أو بيانات حساسة.,VVIP_TIGER_Global_Implementation_Specification_AR_v2.docx,G02-02 — إعداد البيئات المنفصلة
REQ-00240,G02-02,قبول: معايير إضافية,CI أخضر؛ لا خطأ حرج؛ صلاحيات مختبرة؛ Staging يعمل؛ الأداء ضمن الميزانية؛ النصوص مترجمة.,VVIP_TIGER_Global_Implementation_Specification_AR_v2.docx,G02-02 — إعداد البيئات المنفصلة
REQ-00241,G02-02,قبول: المخرجات,كود + tests + migration/policy إن لزم + API/schema docs + screenshots/log evidence + release/rollback notes.,VVIP_TIGER_Global_Implementation_Specification_AR_v2.docx,G02-02 — إعداد البيئات المنفصلة
REQ-00242,G02-02,قبول: تعريف الاكتمال,Code review، QA sign-off، Security sign-off بحسب الخطر، Product acceptance، تحديث Decision/Change Log.,VVIP_TIGER_Global_Implementation_Specification_AR_v2.docx,G02-02 — إعداد البيئات المنفصلة
REQ-00243,G02-02,قبول: الخطر,تنفيذ الواجهة قبل عقد البيانات أو الصلاحيات يؤدي إلى إعادة بناء أو تسريب.,VVIP_TIGER_Global_Implementation_Specification_AR_v2.docx,G02-02 — إعداد البيئات المنفصلة
REQ-00244,G02-02,قبول: التراجع,Feature Flag وإيقاف endpoint/job، ثم rollback migration الآمن أو forward-fix مع حفظ البيانات.,VVIP_TIGER_Global_Implementation_Specification_AR_v2.docx,G02-02 — إعداد البيئات المنفصلة
REQ-00245,G02-03,عمل المبرمج خطوة بخطوة,1. إعداد deployment pipeline، health checks، rollback، flags حسب الدولة والدور.,VVIP_TIGER_Global_Implementation_Specification_AR_v2.docx,G02-03 — النشر والتراجع وFeature Flags
REQ-00246,G02-03,عمل المبرمج خطوة بخطوة,2. تعريف required checks وحماية البيئات والموافقات.,VVIP_TIGER_Global_Implementation_Specification_AR_v2.docx,G02-03 — النشر والتراجع وFeature Flags
REQ-00247,G02-03,عمل المبرمج خطوة بخطوة,3. إنشاء قوالب PR/Issue/Release وربطها بالمهمة.,VVIP_TIGER_Global_Implementation_Specification_AR_v2.docx,G02-03 — النشر والتراجع وFeature Flags
REQ-00248,G02-03,عمل المبرمج خطوة بخطوة,4. تجربة نشر وتراجع تلقائي على Staging وتوثيق الزمن.,VVIP_TIGER_Global_Implementation_Specification_AR_v2.docx,G02-03 — النشر والتراجع وFeature Flags
REQ-00249,G02-03,عمل المبرمج خطوة بخطوة,5. تعريف API contract وحالات الخطأ والـrate limit قبل دمج الواجهة.,VVIP_TIGER_Global_Implementation_Specification_AR_v2.docx,G02-03 — النشر والتراجع وFeature Flags
REQ-00250,G02-03,عمل المبرمج خطوة بخطوة,6. إضافة unit/integration/E2E أو security tests بحسب حدود المهمة، وربطها بـCI.,VVIP_TIGER_Global_Implementation_Specification_AR_v2.docx,G02-03 — النشر والتراجع وFeature Flags
REQ-00251,G02-03,عمل المبرمج خطوة بخطوة,7. نشرها خلف Feature Flag على Staging، جمع الدليل، ثم إعداد rollback أو forward-fix.,VVIP_TIGER_Global_Implementation_Specification_AR_v2.docx,G02-03 — النشر والتراجع وFeature Flags
REQ-00252,G02-03,ما يجب أن يبنيه أو يعدله,وحدة المجال `platform-ci`: entities/value objects/state rules من دون اعتماد مباشر على الواجهة أو المورد.,VVIP_TIGER_Global_Implementation_Specification_AR_v2.docx,G02-03 — النشر والتراجع وFeature Flags
REQ-00253,G02-03,ما يجب أن يبنيه أو يعدله,طبقة application: use cases وخدمات تحقق ورسائل خطأ ثابتة ومترجمة.,VVIP_TIGER_Global_Implementation_Specification_AR_v2.docx,G02-03 — النشر والتراجع وFeature Flags
REQ-00254,G02-03,ما يجب أن يبنيه أو يعدله,طبقة infrastructure: database/repository/provider adapter مع timeout/retry/idempotency عند الحاجة.,VVIP_TIGER_Global_Implementation_Specification_AR_v2.docx,G02-03 — النشر والتراجع وFeature Flags
REQ-00255,G02-03,ما يجب أن يبنيه أو يعدله,طبقة الواجهة: حالات loading/empty/error/forbidden/offline/success والهاتف وRTL/LTR.,VVIP_TIGER_Global_Implementation_Specification_AR_v2.docx,G02-03 — النشر والتراجع وFeature Flags
REQ-00256,G02-03,ما يجب أن يبنيه أو يعدله,Schema/migration/index/policy عند وجود بيانات، مع forward migration وخطة rollback أو forward-fix.,VVIP_TIGER_Global_Implementation_Specification_AR_v2.docx,G02-03 — النشر والتراجع وFeature Flags
REQ-00257,G02-03,ما يجب أن يبنيه أو يعدله,اختبارات وتسميات واضحة وربط كل حالة بمعيار قبول أو خطر.,VVIP_TIGER_Global_Implementation_Specification_AR_v2.docx,G02-03 — النشر والتراجع وFeature Flags
REQ-00258,G02-03,الأمان والخصوصية,التحقق من authentication وauthorization على الخادم؛ إخفاء الزر ليس حماية.,VVIP_TIGER_Global_Implementation_Specification_AR_v2.docx,G02-03 — النشر والتراجع وFeature Flags
REQ-00259,G02-03,الأمان والخصوصية,عدم تسجيل token/secret/payment data/private message أو PII غير لازم.,VVIP_TIGER_Global_Implementation_Specification_AR_v2.docx,G02-03 — النشر والتراجع وFeature Flags
REQ-00260,G02-03,الأمان والخصوصية,تطبيق least privilege وdeny by default وrate limit وaudit على العمليات الحساسة.,VVIP_TIGER_Global_Implementation_Specification_AR_v2.docx,G02-03 — النشر والتراجع وFeature Flags
REQ-00261,G02-03,الأمان والخصوصية,تحديد retention والحذف والتصدير والوصول الإداري إن كانت المهمة تعالج بيانات شخصية.,VVIP_TIGER_Global_Implementation_Specification_AR_v2.docx,G02-03 — النشر والتراجع وFeature Flags
REQ-00262,G02-03,اختبارات QA المطلوبة,Happy path كامل ببيانات واقعية في Staging.,VVIP_TIGER_Global_Implementation_Specification_AR_v2.docx,G02-03 — النشر والتراجع وFeature Flags
REQ-00263,G02-03,اختبارات QA المطلوبة,مدخلات ناقصة وخاطئة وحدود الحجم والعدد والحالة.,VVIP_TIGER_Global_Implementation_Specification_AR_v2.docx,G02-03 — النشر والتراجع وFeature Flags
REQ-00264,G02-03,اختبارات QA المطلوبة,انقطاع الشبكة، retry، duplicate request، refresh وعودة من جهاز آخر عند انطباقها.,VVIP_TIGER_Global_Implementation_Specification_AR_v2.docx,G02-03 — النشر والتراجع وFeature Flags
REQ-00265,G02-03,اختبارات QA المطلوبة,مستخدم A مقابل مستخدم B، وزائر، ودور إداري محدود.,VVIP_TIGER_Global_Implementation_Specification_AR_v2.docx,G02-03 — النشر والتراجع وFeature Flags
REQ-00266,G02-03,اختبارات QA المطلوبة,العربية/الإنجليزية، RTL/LTR، هاتف متوسط، Chrome/Safari/Firefox للواجهات المتأثرة.,VVIP_TIGER_Global_Implementation_Specification_AR_v2.docx,G02-03 — النشر والتراجع وFeature Flags
REQ-00267,G02-03,اختبارات QA المطلوبة,Regression آلي يمنع عودة السبب بعد الدمج.,VVIP_TIGER_Global_Implementation_Specification_AR_v2.docx,G02-03 — النشر والتراجع وFeature Flags
REQ-00268,G02-03,قبول: معيار القبول الرئيسي,اختبار rollback فعلي في Staging.,VVIP_TIGER_Global_Implementation_Specification_AR_v2.docx,G02-03 — النشر والتراجع وFeature Flags
REQ-00269,G02-03,قبول: معايير إضافية,CI أخضر؛ لا خطأ حرج؛ صلاحيات مختبرة؛ Staging يعمل؛ الأداء ضمن الميزانية؛ النصوص مترجمة.,VVIP_TIGER_Global_Implementation_Specification_AR_v2.docx,G02-03 — النشر والتراجع وFeature Flags
REQ-00270,G02-03,قبول: المخرجات,كود + tests + migration/policy إن لزم + API/schema docs + screenshots/log evidence + release/rollback notes.,VVIP_TIGER_Global_Implementation_Specification_AR_v2.docx,G02-03 — النشر والتراجع وFeature Flags
REQ-00271,G02-03,قبول: تعريف الاكتمال,Code review، QA sign-off، Security sign-off بحسب الخطر، Product acceptance، تحديث Decision/Change Log.,VVIP_TIGER_Global_Implementation_Specification_AR_v2.docx,G02-03 — النشر والتراجع وFeature Flags
REQ-00272,G02-03,قبول: الخطر,تنفيذ الواجهة قبل عقد البيانات أو الصلاحيات يؤدي إلى إعادة بناء أو تسريب.,VVIP_TIGER_Global_Implementation_Specification_AR_v2.docx,G02-03 — النشر والتراجع وFeature Flags
REQ-00273,G02-03,قبول: التراجع,Feature Flag وإيقاف endpoint/job، ثم rollback migration الآمن أو forward-fix مع حفظ البيانات.,VVIP_TIGER_Global_Implementation_Specification_AR_v2.docx,G02-03 — النشر والتراجع وFeature Flags
REQ-00274,G03-01,عمل المبرمج خطوة بخطوة,1. تكوين النطاق، TLS، CDN cache policies، WAF وقواعد rate limit.,VVIP_TIGER_Global_Implementation_Specification_AR_v2.docx,G03-01 — DNS وCDN وWAF عالمي
REQ-00275,G03-01,عمل المبرمج خطوة بخطوة,2. فصل adapters عن منطق العمل لتسهيل تغيير المورد.,VVIP_TIGER_Global_Implementation_Specification_AR_v2.docx,G03-01 — DNS وCDN وWAF عالمي
REQ-00276,G03-01,عمل المبرمج خطوة بخطوة,3. تسجيل metrics/logs/traces مع correlation_id.,VVIP_TIGER_Global_Implementation_Specification_AR_v2.docx,G03-01 — DNS وCDN وWAF عالمي
REQ-00277,G03-01,عمل المبرمج خطوة بخطوة,4. تعريف timeout/retry/dead-letter وحدود التكلفة لكل خدمة.,VVIP_TIGER_Global_Implementation_Specification_AR_v2.docx,G03-01 — DNS وCDN وWAF عالمي
REQ-00278,G03-01,عمل المبرمج خطوة بخطوة,5. تعريف API contract وحالات الخطأ والـrate limit قبل دمج الواجهة.,VVIP_TIGER_Global_Implementation_Specification_AR_v2.docx,G03-01 — DNS وCDN وWAF عالمي
REQ-00279,G03-01,عمل المبرمج خطوة بخطوة,6. إضافة unit/integration/E2E أو security tests بحسب حدود المهمة، وربطها بـCI.,VVIP_TIGER_Global_Implementation_Specification_AR_v2.docx,G03-01 — DNS وCDN وWAF عالمي
REQ-00280,G03-01,عمل المبرمج خطوة بخطوة,7. نشرها خلف Feature Flag على Staging، جمع الدليل، ثم إعداد rollback أو forward-fix.,VVIP_TIGER_Global_Implementation_Specification_AR_v2.docx,G03-01 — DNS وCDN وWAF عالمي
REQ-00281,G03-01,ما يجب أن يبنيه أو يعدله,وحدة المجال `platform-runtime`: entities/value objects/state rules من دون اعتماد مباشر على الواجهة أو المورد.,VVIP_TIGER_Global_Implementation_Specification_AR_v2.docx,G03-01 — DNS وCDN وWAF عالمي
REQ-00282,G03-01,ما يجب أن يبنيه أو يعدله,طبقة application: use cases وخدمات تحقق ورسائل خطأ ثابتة ومترجمة.,VVIP_TIGER_Global_Implementation_Specification_AR_v2.docx,G03-01 — DNS وCDN وWAF عالمي
REQ-00283,G03-01,ما يجب أن يبنيه أو يعدله,طبقة infrastructure: database/repository/provider adapter مع timeout/retry/idempotency عند الحاجة.,VVIP_TIGER_Global_Implementation_Specification_AR_v2.docx,G03-01 — DNS وCDN وWAF عالمي
REQ-00284,G03-01,ما يجب أن يبنيه أو يعدله,طبقة الواجهة: حالات loading/empty/error/forbidden/offline/success والهاتف وRTL/LTR.,VVIP_TIGER_Global_Implementation_Specification_AR_v2.docx,G03-01 — DNS وCDN وWAF عالمي
REQ-00285,G03-01,ما يجب أن يبنيه أو يعدله,Schema/migration/index/policy عند وجود بيانات، مع forward migration وخطة rollback أو forward-fix.,VVIP_TIGER_Global_Implementation_Specification_AR_v2.docx,G03-01 — DNS وCDN وWAF عالمي
REQ-00286,G03-01,ما يجب أن يبنيه أو يعدله,اختبارات وتسميات واضحة وربط كل حالة بمعيار قبول أو خطر.,VVIP_TIGER_Global_Implementation_Specification_AR_v2.docx,G03-01 — DNS وCDN وWAF عالمي
REQ-00287,G03-01,الأمان والخصوصية,التحقق من authentication وauthorization على الخادم؛ إخفاء الزر ليس حماية.,VVIP_TIGER_Global_Implementation_Specification_AR_v2.docx,G03-01 — DNS وCDN وWAF عالمي
REQ-00288,G03-01,الأمان والخصوصية,عدم تسجيل token/secret/payment data/private message أو PII غير لازم.,VVIP_TIGER_Global_Implementation_Specification_AR_v2.docx,G03-01 — DNS وCDN وWAF عالمي
REQ-00289,G03-01,الأمان والخصوصية,تطبيق least privilege وdeny by default وrate limit وaudit على العمليات الحساسة.,VVIP_TIGER_Global_Implementation_Specification_AR_v2.docx,G03-01 — DNS وCDN وWAF عالمي
REQ-00290,G03-01,الأمان والخصوصية,تحديد retention والحذف والتصدير والوصول الإداري إن كانت المهمة تعالج بيانات شخصية.,VVIP_TIGER_Global_Implementation_Specification_AR_v2.docx,G03-01 — DNS وCDN وWAF عالمي
REQ-00291,G03-01,اختبارات QA المطلوبة,Happy path كامل ببيانات واقعية في Staging.,VVIP_TIGER_Global_Implementation_Specification_AR_v2.docx,G03-01 — DNS وCDN وWAF عالمي
REQ-00292,G03-01,اختبارات QA المطلوبة,مدخلات ناقصة وخاطئة وحدود الحجم والعدد والحالة.,VVIP_TIGER_Global_Implementation_Specification_AR_v2.docx,G03-01 — DNS وCDN وWAF عالمي
REQ-00293,G03-01,اختبارات QA المطلوبة,انقطاع الشبكة، retry، duplicate request، refresh وعودة من جهاز آخر عند انطباقها.,VVIP_TIGER_Global_Implementation_Specification_AR_v2.docx,G03-01 — DNS وCDN وWAF عالمي
REQ-00294,G03-01,اختبارات QA المطلوبة,مستخدم A مقابل مستخدم B، وزائر، ودور إداري محدود.,VVIP_TIGER_Global_Implementation_Specification_AR_v2.docx,G03-01 — DNS وCDN وWAF عالمي
REQ-00295,G03-01,اختبارات QA المطلوبة,العربية/الإنجليزية، RTL/LTR، هاتف متوسط، Chrome/Safari/Firefox للواجهات المتأثرة.,VVIP_TIGER_Global_Implementation_Specification_AR_v2.docx,G03-01 — DNS وCDN وWAF عالمي
REQ-00296,G03-01,اختبارات QA المطلوبة,Regression آلي يمنع عودة السبب بعد الدمج.,VVIP_TIGER_Global_Implementation_Specification_AR_v2.docx,G03-01 — DNS وCDN وWAF عالمي
REQ-00297,G03-01,قبول: معيار القبول الرئيسي,نجاح اختبارات TLS وcache وWAF.,VVIP_TIGER_Global_Implementation_Specification_AR_v2.docx,G03-01 — DNS وCDN وWAF عالمي
REQ-00298,G03-01,قبول: معايير إضافية,CI أخضر؛ لا خطأ حرج؛ صلاحيات مختبرة؛ Staging يعمل؛ الأداء ضمن الميزانية؛ النصوص مترجمة.,VVIP_TIGER_Global_Implementation_Specification_AR_v2.docx,G03-01 — DNS وCDN وWAF عالمي
REQ-00299,G03-01,قبول: المخرجات,كود + tests + migration/policy إن لزم + API/schema docs + screenshots/log evidence + release/rollback notes.,VVIP_TIGER_Global_Implementation_Specification_AR_v2.docx,G03-01 — DNS وCDN وWAF عالمي
REQ-00300,G03-01,قبول: تعريف الاكتمال,Code review، QA sign-off، Security sign-off بحسب الخطر، Product acceptance، تحديث Decision/Change Log.,VVIP_TIGER_Global_Implementation_Specification_AR_v2.docx,G03-01 — DNS وCDN وWAF عالمي
REQ-00301,G03-01,قبول: الخطر,تنفيذ الواجهة قبل عقد البيانات أو الصلاحيات يؤدي إلى إعادة بناء أو تسريب.,VVIP_TIGER_Global_Implementation_Specification_AR_v2.docx,G03-01 — DNS وCDN وWAF عالمي
REQ-00302,G03-01,قبول: التراجع,Feature Flag وإيقاف endpoint/job، ثم rollback migration الآمن أو forward-fix مع حفظ البيانات.,VVIP_TIGER_Global_Implementation_Specification_AR_v2.docx,G03-01 — DNS وCDN وWAF عالمي
REQ-00303,G03-02,عمل المبرمج خطوة بخطوة,1. دمج error monitoring وstructured logs وuptime alerts ولوحات تشغيل.,VVIP_TIGER_Global_Implementation_Specification_AR_v2.docx,G03-02 — المراقبة والسجلات والتنبيهات
REQ-00304,G03-02,عمل المبرمج خطوة بخطوة,2. فصل adapters عن منطق العمل لتسهيل تغيير المورد.,VVIP_TIGER_Global_Implementation_Specification_AR_v2.docx,G03-02 — المراقبة والسجلات والتنبيهات
REQ-00305,G03-02,عمل المبرمج خطوة بخطوة,3. تسجيل metrics/logs/traces مع correlation_id.,VVIP_TIGER_Global_Implementation_Specification_AR_v2.docx,G03-02 — المراقبة والسجلات والتنبيهات
REQ-00306,G03-02,عمل المبرمج خطوة بخطوة,4. تعريف timeout/retry/dead-letter وحدود التكلفة لكل خدمة.,VVIP_TIGER_Global_Implementation_Specification_AR_v2.docx,G03-02 — المراقبة والسجلات والتنبيهات
REQ-00307,G03-02,عمل المبرمج خطوة بخطوة,5. تعريف API contract وحالات الخطأ والـrate limit قبل دمج الواجهة.,VVIP_TIGER_Global_Implementation_Specification_AR_v2.docx,G03-02 — المراقبة والسجلات والتنبيهات
REQ-00308,G03-02,عمل المبرمج خطوة بخطوة,6. إضافة unit/integration/E2E أو security tests بحسب حدود المهمة، وربطها بـCI.,VVIP_TIGER_Global_Implementation_Specification_AR_v2.docx,G03-02 — المراقبة والسجلات والتنبيهات
REQ-00309,G03-02,عمل المبرمج خطوة بخطوة,7. نشرها خلف Feature Flag على Staging، جمع الدليل، ثم إعداد rollback أو forward-fix.,VVIP_TIGER_Global_Implementation_Specification_AR_v2.docx,G03-02 — المراقبة والسجلات والتنبيهات
REQ-00310,G03-02,ما يجب أن يبنيه أو يعدله,وحدة المجال `platform-runtime`: entities/value objects/state rules من دون اعتماد مباشر على الواجهة أو المورد.,VVIP_TIGER_Global_Implementation_Specification_AR_v2.docx,G03-02 — المراقبة والسجلات والتنبيهات
REQ-00311,G03-02,ما يجب أن يبنيه أو يعدله,طبقة application: use cases وخدمات تحقق ورسائل خطأ ثابتة ومترجمة.,VVIP_TIGER_Global_Implementation_Specification_AR_v2.docx,G03-02 — المراقبة والسجلات والتنبيهات
REQ-00312,G03-02,ما يجب أن يبنيه أو يعدله,طبقة infrastructure: database/repository/provider adapter مع timeout/retry/idempotency عند الحاجة.,VVIP_TIGER_Global_Implementation_Specification_AR_v2.docx,G03-02 — المراقبة والسجلات والتنبيهات
REQ-00313,G03-02,ما يجب أن يبنيه أو يعدله,طبقة الواجهة: حالات loading/empty/error/forbidden/offline/success والهاتف وRTL/LTR.,VVIP_TIGER_Global_Implementation_Specification_AR_v2.docx,G03-02 — المراقبة والسجلات والتنبيهات
REQ-00314,G03-02,ما يجب أن يبنيه أو يعدله,Schema/migration/index/policy عند وجود بيانات، مع forward migration وخطة rollback أو forward-fix.,VVIP_TIGER_Global_Implementation_Specification_AR_v2.docx,G03-02 — المراقبة والسجلات والتنبيهات
REQ-00315,G03-02,ما يجب أن يبنيه أو يعدله,اختبارات وتسميات واضحة وربط كل حالة بمعيار قبول أو خطر.,VVIP_TIGER_Global_Implementation_Specification_AR_v2.docx,G03-02 — المراقبة والسجلات والتنبيهات
REQ-00316,G03-02,الأمان والخصوصية,التحقق من authentication وauthorization على الخادم؛ إخفاء الزر ليس حماية.,VVIP_TIGER_Global_Implementation_Specification_AR_v2.docx,G03-02 — المراقبة والسجلات والتنبيهات
REQ-00317,G03-02,الأمان والخصوصية,عدم تسجيل token/secret/payment data/private message أو PII غير لازم.,VVIP_TIGER_Global_Implementation_Specification_AR_v2.docx,G03-02 — المراقبة والسجلات والتنبيهات
REQ-00318,G03-02,الأمان والخصوصية,تطبيق least privilege وdeny by default وrate limit وaudit على العمليات الحساسة.,VVIP_TIGER_Global_Implementation_Specification_AR_v2.docx,G03-02 — المراقبة والسجلات والتنبيهات
REQ-00319,G03-02,الأمان والخصوصية,تحديد retention والحذف والتصدير والوصول الإداري إن كانت المهمة تعالج بيانات شخصية.,VVIP_TIGER_Global_Implementation_Specification_AR_v2.docx,G03-02 — المراقبة والسجلات والتنبيهات
REQ-00320,G03-02,اختبارات QA المطلوبة,Happy path كامل ببيانات واقعية في Staging.,VVIP_TIGER_Global_Implementation_Specification_AR_v2.docx,G03-02 — المراقبة والسجلات والتنبيهات
REQ-00321,G03-02,اختبارات QA المطلوبة,مدخلات ناقصة وخاطئة وحدود الحجم والعدد والحالة.,VVIP_TIGER_Global_Implementation_Specification_AR_v2.docx,G03-02 — المراقبة والسجلات والتنبيهات
REQ-00322,G03-02,اختبارات QA المطلوبة,انقطاع الشبكة، retry، duplicate request، refresh وعودة من جهاز آخر عند انطباقها.,VVIP_TIGER_Global_Implementation_Specification_AR_v2.docx,G03-02 — المراقبة والسجلات والتنبيهات
REQ-00323,G03-02,اختبارات QA المطلوبة,مستخدم A مقابل مستخدم B، وزائر، ودور إداري محدود.,VVIP_TIGER_Global_Implementation_Specification_AR_v2.docx,G03-02 — المراقبة والسجلات والتنبيهات
REQ-00324,G03-02,اختبارات QA المطلوبة,العربية/الإنجليزية، RTL/LTR، هاتف متوسط، Chrome/Safari/Firefox للواجهات المتأثرة.,VVIP_TIGER_Global_Implementation_Specification_AR_v2.docx,G03-02 — المراقبة والسجلات والتنبيهات
REQ-00325,G03-02,اختبارات QA المطلوبة,Regression آلي يمنع عودة السبب بعد الدمج.,VVIP_TIGER_Global_Implementation_Specification_AR_v2.docx,G03-02 — المراقبة والسجلات والتنبيهات
REQ-00326,G03-02,قبول: معيار القبول الرئيسي,تنبيه فعلي عند عطل تجريبي.,VVIP_TIGER_Global_Implementation_Specification_AR_v2.docx,G03-02 — المراقبة والسجلات والتنبيهات
REQ-00327,G03-02,قبول: معايير إضافية,CI أخضر؛ لا خطأ حرج؛ صلاحيات مختبرة؛ Staging يعمل؛ الأداء ضمن الميزانية؛ النصوص مترجمة.,VVIP_TIGER_Global_Implementation_Specification_AR_v2.docx,G03-02 — المراقبة والسجلات والتنبيهات
REQ-00328,G03-02,قبول: المخرجات,كود + tests + migration/policy إن لزم + API/schema docs + screenshots/log evidence + release/rollback notes.,VVIP_TIGER_Global_Implementation_Specification_AR_v2.docx,G03-02 — المراقبة والسجلات والتنبيهات
REQ-00329,G03-02,قبول: تعريف الاكتمال,Code review، QA sign-off، Security sign-off بحسب الخطر، Product acceptance، تحديث Decision/Change Log.,VVIP_TIGER_Global_Implementation_Specification_AR_v2.docx,G03-02 — المراقبة والسجلات والتنبيهات
REQ-00330,G03-02,قبول: الخطر,تنفيذ الواجهة قبل عقد البيانات أو الصلاحيات يؤدي إلى إعادة بناء أو تسريب.,VVIP_TIGER_Global_Implementation_Specification_AR_v2.docx,G03-02 — المراقبة والسجلات والتنبيهات
REQ-00331,G03-02,قبول: التراجع,Feature Flag وإيقاف endpoint/job، ثم rollback migration الآمن أو forward-fix مع حفظ البيانات.,VVIP_TIGER_Global_Implementation_Specification_AR_v2.docx,G03-02 — المراقبة والسجلات والتنبيهات
REQ-00332,G03-03,عمل المبرمج خطوة بخطوة,1. إنشاء queue workers مع idempotency وretry وdead-letter.,VVIP_TIGER_Global_Implementation_Specification_AR_v2.docx,G03-03 — المهام الخلفية والطوابير
REQ-00333,G03-03,عمل المبرمج خطوة بخطوة,2. فصل adapters عن منطق العمل لتسهيل تغيير المورد.,VVIP_TIGER_Global_Implementation_Specification_AR_v2.docx,G03-03 — المهام الخلفية والطوابير
REQ-00334,G03-03,عمل المبرمج خطوة بخطوة,3. تسجيل metrics/logs/traces مع correlation_id.,VVIP_TIGER_Global_Implementation_Specification_AR_v2.docx,G03-03 — المهام الخلفية والطوابير
REQ-00335,G03-03,عمل المبرمج خطوة بخطوة,4. تعريف timeout/retry/dead-letter وحدود التكلفة لكل خدمة.,VVIP_TIGER_Global_Implementation_Specification_AR_v2.docx,G03-03 — المهام الخلفية والطوابير
REQ-00336,G03-03,عمل المبرمج خطوة بخطوة,5. تعريف API contract وحالات الخطأ والـrate limit قبل دمج الواجهة.,VVIP_TIGER_Global_Implementation_Specification_AR_v2.docx,G03-03 — المهام الخلفية والطوابير
REQ-00337,G03-03,عمل المبرمج خطوة بخطوة,6. إضافة unit/integration/E2E أو security tests بحسب حدود المهمة، وربطها بـCI.,VVIP_TIGER_Global_Implementation_Specification_AR_v2.docx,G03-03 — المهام الخلفية والطوابير
REQ-00338,G03-03,عمل المبرمج خطوة بخطوة,7. نشرها خلف Feature Flag على Staging، جمع الدليل، ثم إعداد rollback أو forward-fix.,VVIP_TIGER_Global_Implementation_Specification_AR_v2.docx,G03-03 — المهام الخلفية والطوابير
REQ-00339,G03-03,ما يجب أن يبنيه أو يعدله,وحدة المجال `platform-runtime`: entities/value objects/state rules من دون اعتماد مباشر على الواجهة أو المورد.,VVIP_TIGER_Global_Implementation_Specification_AR_v2.docx,G03-03 — المهام الخلفية والطوابير
REQ-00340,G03-03,ما يجب أن يبنيه أو يعدله,طبقة application: use cases وخدمات تحقق ورسائل خطأ ثابتة ومترجمة.,VVIP_TIGER_Global_Implementation_Specification_AR_v2.docx,G03-03 — المهام الخلفية والطوابير
REQ-00341,G03-03,ما يجب أن يبنيه أو يعدله,طبقة infrastructure: database/repository/provider adapter مع timeout/retry/idempotency عند الحاجة.,VVIP_TIGER_Global_Implementation_Specification_AR_v2.docx,G03-03 — المهام الخلفية والطوابير
REQ-00342,G03-03,ما يجب أن يبنيه أو يعدله,طبقة الواجهة: حالات loading/empty/error/forbidden/offline/success والهاتف وRTL/LTR.,VVIP_TIGER_Global_Implementation_Specification_AR_v2.docx,G03-03 — المهام الخلفية والطوابير
REQ-00343,G03-03,ما يجب أن يبنيه أو يعدله,Schema/migration/index/policy عند وجود بيانات، مع forward migration وخطة rollback أو forward-fix.,VVIP_TIGER_Global_Implementation_Specification_AR_v2.docx,G03-03 — المهام الخلفية والطوابير
REQ-00344,G03-03,ما يجب أن يبنيه أو يعدله,اختبارات وتسميات واضحة وربط كل حالة بمعيار قبول أو خطر.,VVIP_TIGER_Global_Implementation_Specification_AR_v2.docx,G03-03 — المهام الخلفية والطوابير
REQ-00345,G03-03,الأمان والخصوصية,التحقق من authentication وauthorization على الخادم؛ إخفاء الزر ليس حماية.,VVIP_TIGER_Global_Implementation_Specification_AR_v2.docx,G03-03 — المهام الخلفية والطوابير
REQ-00346,G03-03,الأمان والخصوصية,عدم تسجيل token/secret/payment data/private message أو PII غير لازم.,VVIP_TIGER_Global_Implementation_Specification_AR_v2.docx,G03-03 — المهام الخلفية والطوابير
REQ-00347,G03-03,الأمان والخصوصية,تطبيق least privilege وdeny by default وrate limit وaudit على العمليات الحساسة.,VVIP_TIGER_Global_Implementation_Specification_AR_v2.docx,G03-03 — المهام الخلفية والطوابير
REQ-00348,G03-03,الأمان والخصوصية,تحديد retention والحذف والتصدير والوصول الإداري إن كانت المهمة تعالج بيانات شخصية.,VVIP_TIGER_Global_Implementation_Specification_AR_v2.docx,G03-03 — المهام الخلفية والطوابير
REQ-00349,G03-03,اختبارات QA المطلوبة,Happy path كامل ببيانات واقعية في Staging.,VVIP_TIGER_Global_Implementation_Specification_AR_v2.docx,G03-03 — المهام الخلفية والطوابير
REQ-00350,G03-03,اختبارات QA المطلوبة,مدخلات ناقصة وخاطئة وحدود الحجم والعدد والحالة.,VVIP_TIGER_Global_Implementation_Specification_AR_v2.docx,G03-03 — المهام الخلفية والطوابير
REQ-00351,G03-03,اختبارات QA المطلوبة,انقطاع الشبكة، retry، duplicate request، refresh وعودة من جهاز آخر عند انطباقها.,VVIP_TIGER_Global_Implementation_Specification_AR_v2.docx,G03-03 — المهام الخلفية والطوابير
REQ-00352,G03-03,اختبارات QA المطلوبة,مستخدم A مقابل مستخدم B، وزائر، ودور إداري محدود.,VVIP_TIGER_Global_Implementation_Specification_AR_v2.docx,G03-03 — المهام الخلفية والطوابير
REQ-00353,G03-03,اختبارات QA المطلوبة,العربية/الإنجليزية، RTL/LTR، هاتف متوسط، Chrome/Safari/Firefox للواجهات المتأثرة.,VVIP_TIGER_Global_Implementation_Specification_AR_v2.docx,G03-03 — المهام الخلفية والطوابير
REQ-00354,G03-03,اختبارات QA المطلوبة,Regression آلي يمنع عودة السبب بعد الدمج.,VVIP_TIGER_Global_Implementation_Specification_AR_v2.docx,G03-03 — المهام الخلفية والطوابير
REQ-00355,G03-03,قبول: معيار القبول الرئيسي,نجاح اختبار الفشل وإعادة المحاولة دون تكرار.,VVIP_TIGER_Global_Implementation_Specification_AR_v2.docx,G03-03 — المهام الخلفية والطوابير
REQ-00356,G03-03,قبول: معايير إضافية,CI أخضر؛ لا خطأ حرج؛ صلاحيات مختبرة؛ Staging يعمل؛ الأداء ضمن الميزانية؛ النصوص مترجمة.,VVIP_TIGER_Global_Implementation_Specification_AR_v2.docx,G03-03 — المهام الخلفية والطوابير
REQ-00357,G03-03,قبول: المخرجات,كود + tests + migration/policy إن لزم + API/schema docs + screenshots/log evidence + release/rollback notes.,VVIP_TIGER_Global_Implementation_Specification_AR_v2.docx,G03-03 — المهام الخلفية والطوابير
REQ-00358,G03-03,قبول: تعريف الاكتمال,Code review، QA sign-off، Security sign-off بحسب الخطر، Product acceptance، تحديث Decision/Change Log.,VVIP_TIGER_Global_Implementation_Specification_AR_v2.docx,G03-03 — المهام الخلفية والطوابير
REQ-00359,G03-03,قبول: الخطر,تنفيذ الواجهة قبل عقد البيانات أو الصلاحيات يؤدي إلى إعادة بناء أو تسريب.,VVIP_TIGER_Global_Implementation_Specification_AR_v2.docx,G03-03 — المهام الخلفية والطوابير
REQ-00360,G03-03,قبول: التراجع,Feature Flag وإيقاف endpoint/job، ثم rollback migration الآمن أو forward-fix مع حفظ البيانات.,VVIP_TIGER_Global_Implementation_Specification_AR_v2.docx,G03-03 — المهام الخلفية والطوابير
REQ-00361,G04-01,عمل المبرمج خطوة بخطوة,1. تنظيف auth runtime، تكوين Clerk، routes، callbacks، session guards ورسائل الخطأ.,VVIP_TIGER_Global_Implementation_Specification_AR_v2.docx,G04-01 — توحيد Clerk كنظام الهوية الوحيد
REQ-00362,G04-01,عمل المبرمج خطوة بخطوة,2. تحميل SDK مرة واحدة واستخدام واجهة رسمية واحدة للتسجيل والدخول.,VVIP_TIGER_Global_Implementation_Specification_AR_v2.docx,G04-01 — توحيد Clerk كنظام الهوية الوحيد
REQ-00363,G04-01,عمل المبرمج خطوة بخطوة,3. تحديد claims الدنيا وعدم وضع أسرار في المتصفح.,VVIP_TIGER_Global_Implementation_Specification_AR_v2.docx,G04-01 — توحيد Clerk كنظام الهوية الوحيد
REQ-00364,G04-01,عمل المبرمج خطوة بخطوة,4. كتابة اختبارات session expiration، sign-out، reset password وOAuth callback.,VVIP_TIGER_Global_Implementation_Specification_AR_v2.docx,G04-01 — توحيد Clerk كنظام الهوية الوحيد
REQ-00365,G04-01,عمل المبرمج خطوة بخطوة,5. توحيد session source ومنع أي مسار دخول موازٍ.,VVIP_TIGER_Global_Implementation_Specification_AR_v2.docx,G04-01 — توحيد Clerk كنظام الهوية الوحيد
REQ-00366,G04-01,عمل المبرمج خطوة بخطوة,6. تحقق server-side من token والـclaims وعدم الثقة ببيانات العميل.,VVIP_TIGER_Global_Implementation_Specification_AR_v2.docx,G04-01 — توحيد Clerk كنظام الهوية الوحيد
REQ-00367,G04-01,عمل المبرمج خطوة بخطوة,7. اختبار duplicate/replay/out-of-order webhook وحالات الحذف والتعليق.,VVIP_TIGER_Global_Implementation_Specification_AR_v2.docx,G04-01 — توحيد Clerk كنظام الهوية الوحيد
REQ-00368,G04-01,عمل المبرمج خطوة بخطوة,8. تعريف API contract وحالات الخطأ والـrate limit قبل دمج الواجهة.,VVIP_TIGER_Global_Implementation_Specification_AR_v2.docx,G04-01 — توحيد Clerk كنظام الهوية الوحيد
REQ-00369,G04-01,عمل المبرمج خطوة بخطوة,9. إضافة unit/integration/E2E أو security tests بحسب حدود المهمة، وربطها بـCI.,VVIP_TIGER_Global_Implementation_Specification_AR_v2.docx,G04-01 — توحيد Clerk كنظام الهوية الوحيد
REQ-00370,G04-01,عمل المبرمج خطوة بخطوة,10. نشرها خلف Feature Flag على Staging، جمع الدليل، ثم إعداد rollback أو forward-fix.,VVIP_TIGER_Global_Implementation_Specification_AR_v2.docx,G04-01 — توحيد Clerk كنظام الهوية الوحيد
REQ-00371,G04-01,ما يجب أن يبنيه أو يعدله,وحدة المجال `identity`: entities/value objects/state rules من دون اعتماد مباشر على الواجهة أو المورد.,VVIP_TIGER_Global_Implementation_Specification_AR_v2.docx,G04-01 — توحيد Clerk كنظام الهوية الوحيد
REQ-00372,G04-01,ما يجب أن يبنيه أو يعدله,طبقة application: use cases وخدمات تحقق ورسائل خطأ ثابتة ومترجمة.,VVIP_TIGER_Global_Implementation_Specification_AR_v2.docx,G04-01 — توحيد Clerk كنظام الهوية الوحيد
REQ-00373,G04-01,ما يجب أن يبنيه أو يعدله,طبقة infrastructure: database/repository/provider adapter مع timeout/retry/idempotency عند الحاجة.,VVIP_TIGER_Global_Implementation_Specification_AR_v2.docx,G04-01 — توحيد Clerk كنظام الهوية الوحيد
REQ-00374,G04-01,ما يجب أن يبنيه أو يعدله,طبقة الواجهة: حالات loading/empty/error/forbidden/offline/success والهاتف وRTL/LTR.,VVIP_TIGER_Global_Implementation_Specification_AR_v2.docx,G04-01 — توحيد Clerk كنظام الهوية الوحيد
REQ-00375,G04-01,ما يجب أن يبنيه أو يعدله,Schema/migration/index/policy عند وجود بيانات، مع forward migration وخطة rollback أو forward-fix.,VVIP_TIGER_Global_Implementation_Specification_AR_v2.docx,G04-01 — توحيد Clerk كنظام الهوية الوحيد
REQ-00376,G04-01,ما يجب أن يبنيه أو يعدله,اختبارات وتسميات واضحة وربط كل حالة بمعيار قبول أو خطر.,VVIP_TIGER_Global_Implementation_Specification_AR_v2.docx,G04-01 — توحيد Clerk كنظام الهوية الوحيد
REQ-00377,G04-01,الأمان والخصوصية,التحقق من authentication وauthorization على الخادم؛ إخفاء الزر ليس حماية.,VVIP_TIGER_Global_Implementation_Specification_AR_v2.docx,G04-01 — توحيد Clerk كنظام الهوية الوحيد
REQ-00378,G04-01,الأمان والخصوصية,عدم تسجيل token/secret/payment data/private message أو PII غير لازم.,VVIP_TIGER_Global_Implementation_Specification_AR_v2.docx,G04-01 — توحيد Clerk كنظام الهوية الوحيد
REQ-00379,G04-01,الأمان والخصوصية,تطبيق least privilege وdeny by default وrate limit وaudit على العمليات الحساسة.,VVIP_TIGER_Global_Implementation_Specification_AR_v2.docx,G04-01 — توحيد Clerk كنظام الهوية الوحيد
REQ-00380,G04-01,الأمان والخصوصية,تحديد retention والحذف والتصدير والوصول الإداري إن كانت المهمة تعالج بيانات شخصية.,VVIP_TIGER_Global_Implementation_Specification_AR_v2.docx,G04-01 — توحيد Clerk كنظام الهوية الوحيد
REQ-00381,G04-01,اختبارات QA المطلوبة,Happy path كامل ببيانات واقعية في Staging.,VVIP_TIGER_Global_Implementation_Specification_AR_v2.docx,G04-01 — توحيد Clerk كنظام الهوية الوحيد
REQ-00382,G04-01,اختبارات QA المطلوبة,مدخلات ناقصة وخاطئة وحدود الحجم والعدد والحالة.,VVIP_TIGER_Global_Implementation_Specification_AR_v2.docx,G04-01 — توحيد Clerk كنظام الهوية الوحيد
REQ-00383,G04-01,اختبارات QA المطلوبة,انقطاع الشبكة، retry، duplicate request، refresh وعودة من جهاز آخر عند انطباقها.,VVIP_TIGER_Global_Implementation_Specification_AR_v2.docx,G04-01 — توحيد Clerk كنظام الهوية الوحيد
REQ-00384,G04-01,اختبارات QA المطلوبة,مستخدم A مقابل مستخدم B، وزائر، ودور إداري محدود.,VVIP_TIGER_Global_Implementation_Specification_AR_v2.docx,G04-01 — توحيد Clerk كنظام الهوية الوحيد
REQ-00385,G04-01,اختبارات QA المطلوبة,العربية/الإنجليزية، RTL/LTR، هاتف متوسط، Chrome/Safari/Firefox للواجهات المتأثرة.,VVIP_TIGER_Global_Implementation_Specification_AR_v2.docx,G04-01 — توحيد Clerk كنظام الهوية الوحيد
REQ-00386,G04-01,اختبارات QA المطلوبة,Regression آلي يمنع عودة السبب بعد الدمج.,VVIP_TIGER_Global_Implementation_Specification_AR_v2.docx,G04-01 — توحيد Clerk كنظام الهوية الوحيد
REQ-00387,G04-01,قبول: معيار القبول الرئيسي,نجاح التسجيل والدخول والخروج والاستعادة على الهاتف والويب.,VVIP_TIGER_Global_Implementation_Specification_AR_v2.docx,G04-01 — توحيد Clerk كنظام الهوية الوحيد
REQ-00388,G04-01,قبول: معايير إضافية,CI أخضر؛ لا خطأ حرج؛ صلاحيات مختبرة؛ Staging يعمل؛ الأداء ضمن الميزانية؛ النصوص مترجمة.,VVIP_TIGER_Global_Implementation_Specification_AR_v2.docx,G04-01 — توحيد Clerk كنظام الهوية الوحيد
REQ-00389,G04-01,قبول: المخرجات,كود + tests + migration/policy إن لزم + API/schema docs + screenshots/log evidence + release/rollback notes.,VVIP_TIGER_Global_Implementation_Specification_AR_v2.docx,G04-01 — توحيد Clerk كنظام الهوية الوحيد
REQ-00390,G04-01,قبول: تعريف الاكتمال,Code review، QA sign-off، Security sign-off بحسب الخطر، Product acceptance، تحديث Decision/Change Log.,VVIP_TIGER_Global_Implementation_Specification_AR_v2.docx,G04-01 — توحيد Clerk كنظام الهوية الوحيد
REQ-00391,G04-01,قبول: الخطر,تنفيذ الواجهة قبل عقد البيانات أو الصلاحيات يؤدي إلى إعادة بناء أو تسريب.,VVIP_TIGER_Global_Implementation_Specification_AR_v2.docx,G04-01 — توحيد Clerk كنظام الهوية الوحيد
REQ-00392,G04-01,قبول: التراجع,Feature Flag وإيقاف endpoint/job، ثم rollback migration الآمن أو forward-fix مع حفظ البيانات.,VVIP_TIGER_Global_Implementation_Specification_AR_v2.docx,G04-01 — توحيد Clerk كنظام الهوية الوحيد
REQ-00393,G04-02,عمل المبرمج خطوة بخطوة,1. إنشاء user_profiles وidentity_links، webhook موقع، upsert idempotent ومعالجة الحذف.,VVIP_TIGER_Global_Implementation_Specification_AR_v2.docx,G04-02 — ربط Clerk بملف Supabase الداخلي
REQ-00394,G04-02,عمل المبرمج خطوة بخطوة,2. تحميل SDK مرة واحدة واستخدام واجهة رسمية واحدة للتسجيل والدخول.,VVIP_TIGER_Global_Implementation_Specification_AR_v2.docx,G04-02 — ربط Clerk بملف Supabase الداخلي
REQ-00395,G04-02,عمل المبرمج خطوة بخطوة,3. تحديد claims الدنيا وعدم وضع أسرار في المتصفح.,VVIP_TIGER_Global_Implementation_Specification_AR_v2.docx,G04-02 — ربط Clerk بملف Supabase الداخلي
REQ-00396,G04-02,عمل المبرمج خطوة بخطوة,4. كتابة اختبارات session expiration، sign-out، reset password وOAuth callback.,VVIP_TIGER_Global_Implementation_Specification_AR_v2.docx,G04-02 — ربط Clerk بملف Supabase الداخلي
REQ-00397,G04-02,عمل المبرمج خطوة بخطوة,5. التحقق من التوقيع والطابع الزمني قبل parsing.,VVIP_TIGER_Global_Implementation_Specification_AR_v2.docx,G04-02 — ربط Clerk بملف Supabase الداخلي
REQ-00398,G04-02,عمل المبرمج خطوة بخطوة,6. تخزين event_id ونتيجة المعالجة لمنع replay.,VVIP_TIGER_Global_Implementation_Specification_AR_v2.docx,G04-02 — ربط Clerk بملف Supabase الداخلي
REQ-00399,G04-02,عمل المبرمج خطوة بخطوة,7. إرجاع response سريع وتحويل العمل الثقيل إلى queue.,VVIP_TIGER_Global_Implementation_Specification_AR_v2.docx,G04-02 — ربط Clerk بملف Supabase الداخلي
REQ-00400,G04-02,عمل المبرمج خطوة بخطوة,8. توحيد session source ومنع أي مسار دخول موازٍ.,VVIP_TIGER_Global_Implementation_Specification_AR_v2.docx,G04-02 — ربط Clerk بملف Supabase الداخلي
REQ-00401,G04-02,عمل المبرمج خطوة بخطوة,9. تحقق server-side من token والـclaims وعدم الثقة ببيانات العميل.,VVIP_TIGER_Global_Implementation_Specification_AR_v2.docx,G04-02 — ربط Clerk بملف Supabase الداخلي
REQ-00402,G04-02,عمل المبرمج خطوة بخطوة,10. اختبار duplicate/replay/out-of-order webhook وحالات الحذف والتعليق.,VVIP_TIGER_Global_Implementation_Specification_AR_v2.docx,G04-02 — ربط Clerk بملف Supabase الداخلي
REQ-00403,G04-02,ما يجب أن يبنيه أو يعدله,وحدة المجال `identity`: entities/value objects/state rules من دون اعتماد مباشر على الواجهة أو المورد.,VVIP_TIGER_Global_Implementation_Specification_AR_v2.docx,G04-02 — ربط Clerk بملف Supabase الداخلي
REQ-00404,G04-02,ما يجب أن يبنيه أو يعدله,طبقة application: use cases وخدمات تحقق ورسائل خطأ ثابتة ومترجمة.,VVIP_TIGER_Global_Implementation_Specification_AR_v2.docx,G04-02 — ربط Clerk بملف Supabase الداخلي
REQ-00405,G04-02,ما يجب أن يبنيه أو يعدله,طبقة infrastructure: database/repository/provider adapter مع timeout/retry/idempotency عند الحاجة.,VVIP_TIGER_Global_Implementation_Specification_AR_v2.docx,G04-02 — ربط Clerk بملف Supabase الداخلي
REQ-00406,G04-02,ما يجب أن يبنيه أو يعدله,طبقة الواجهة: حالات loading/empty/error/forbidden/offline/success والهاتف وRTL/LTR.,VVIP_TIGER_Global_Implementation_Specification_AR_v2.docx,G04-02 — ربط Clerk بملف Supabase الداخلي
REQ-00407,G04-02,ما يجب أن يبنيه أو يعدله,Schema/migration/index/policy عند وجود بيانات، مع forward migration وخطة rollback أو forward-fix.,VVIP_TIGER_Global_Implementation_Specification_AR_v2.docx,G04-02 — ربط Clerk بملف Supabase الداخلي
REQ-00408,G04-02,ما يجب أن يبنيه أو يعدله,اختبارات وتسميات واضحة وربط كل حالة بمعيار قبول أو خطر.,VVIP_TIGER_Global_Implementation_Specification_AR_v2.docx,G04-02 — ربط Clerk بملف Supabase الداخلي
REQ-00409,G04-02,الأمان والخصوصية,التحقق من authentication وauthorization على الخادم؛ إخفاء الزر ليس حماية.,VVIP_TIGER_Global_Implementation_Specification_AR_v2.docx,G04-02 — ربط Clerk بملف Supabase الداخلي
REQ-00410,G04-02,الأمان والخصوصية,عدم تسجيل token/secret/payment data/private message أو PII غير لازم.,VVIP_TIGER_Global_Implementation_Specification_AR_v2.docx,G04-02 — ربط Clerk بملف Supabase الداخلي
REQ-00411,G04-02,الأمان والخصوصية,تطبيق least privilege وdeny by default وrate limit وaudit على العمليات الحساسة.,VVIP_TIGER_Global_Implementation_Specification_AR_v2.docx,G04-02 — ربط Clerk بملف Supabase الداخلي
REQ-00412,G04-02,الأمان والخصوصية,تحديد retention والحذف والتصدير والوصول الإداري إن كانت المهمة تعالج بيانات شخصية.,VVIP_TIGER_Global_Implementation_Specification_AR_v2.docx,G04-02 — ربط Clerk بملف Supabase الداخلي
REQ-00413,G04-02,اختبارات QA المطلوبة,Happy path كامل ببيانات واقعية في Staging.,VVIP_TIGER_Global_Implementation_Specification_AR_v2.docx,G04-02 — ربط Clerk بملف Supabase الداخلي
REQ-00414,G04-02,اختبارات QA المطلوبة,مدخلات ناقصة وخاطئة وحدود الحجم والعدد والحالة.,VVIP_TIGER_Global_Implementation_Specification_AR_v2.docx,G04-02 — ربط Clerk بملف Supabase الداخلي
REQ-00415,G04-02,اختبارات QA المطلوبة,انقطاع الشبكة، retry، duplicate request، refresh وعودة من جهاز آخر عند انطباقها.,VVIP_TIGER_Global_Implementation_Specification_AR_v2.docx,G04-02 — ربط Clerk بملف Supabase الداخلي
REQ-00416,G04-02,اختبارات QA المطلوبة,مستخدم A مقابل مستخدم B، وزائر، ودور إداري محدود.,VVIP_TIGER_Global_Implementation_Specification_AR_v2.docx,G04-02 — ربط Clerk بملف Supabase الداخلي
REQ-00417,G04-02,اختبارات QA المطلوبة,العربية/الإنجليزية، RTL/LTR، هاتف متوسط، Chrome/Safari/Firefox للواجهات المتأثرة.,VVIP_TIGER_Global_Implementation_Specification_AR_v2.docx,G04-02 — ربط Clerk بملف Supabase الداخلي
REQ-00418,G04-02,اختبارات QA المطلوبة,Regression آلي يمنع عودة السبب بعد الدمج.,VVIP_TIGER_Global_Implementation_Specification_AR_v2.docx,G04-02 — ربط Clerk بملف Supabase الداخلي
REQ-00419,G04-02,قبول: معيار القبول الرئيسي,لا يمكن إنشاء ملفين لنفس Clerk user.,VVIP_TIGER_Global_Implementation_Specification_AR_v2.docx,G04-02 — ربط Clerk بملف Supabase الداخلي
REQ-00420,G04-02,قبول: معايير إضافية,CI أخضر؛ لا خطأ حرج؛ صلاحيات مختبرة؛ Staging يعمل؛ الأداء ضمن الميزانية؛ النصوص مترجمة.,VVIP_TIGER_Global_Implementation_Specification_AR_v2.docx,G04-02 — ربط Clerk بملف Supabase الداخلي
REQ-00421,G04-02,قبول: المخرجات,كود + tests + migration/policy إن لزم + API/schema docs + screenshots/log evidence + release/rollback notes.,VVIP_TIGER_Global_Implementation_Specification_AR_v2.docx,G04-02 — ربط Clerk بملف Supabase الداخلي
REQ-00422,G04-02,قبول: تعريف الاكتمال,Code review، QA sign-off، Security sign-off بحسب الخطر، Product acceptance، تحديث Decision/Change Log.,VVIP_TIGER_Global_Implementation_Specification_AR_v2.docx,G04-02 — ربط Clerk بملف Supabase الداخلي
REQ-00423,G04-02,قبول: الخطر,تنفيذ الواجهة قبل عقد البيانات أو الصلاحيات يؤدي إلى إعادة بناء أو تسريب.,VVIP_TIGER_Global_Implementation_Specification_AR_v2.docx,G04-02 — ربط Clerk بملف Supabase الداخلي
REQ-00424,G04-02,قبول: التراجع,Feature Flag وإيقاف endpoint/job، ثم rollback migration الآمن أو forward-fix مع حفظ البيانات.,VVIP_TIGER_Global_Implementation_Specification_AR_v2.docx,G04-02 — ربط Clerk بملف Supabase الداخلي
REQ-00425,G04-03,عمل المبرمج خطوة بخطوة,1. فرض MFA للأدوار الحساسة، إدارة الجلسات والأجهزة وإبطالها.,VVIP_TIGER_Global_Implementation_Specification_AR_v2.docx,G04-03 — MFA وجلسات الإدارة
REQ-00426,G04-03,عمل المبرمج خطوة بخطوة,2. توحيد session source ومنع أي مسار دخول موازٍ.,VVIP_TIGER_Global_Implementation_Specification_AR_v2.docx,G04-03 — MFA وجلسات الإدارة
REQ-00427,G04-03,عمل المبرمج خطوة بخطوة,3. تحقق server-side من token والـclaims وعدم الثقة ببيانات العميل.,VVIP_TIGER_Global_Implementation_Specification_AR_v2.docx,G04-03 — MFA وجلسات الإدارة
REQ-00428,G04-03,عمل المبرمج خطوة بخطوة,4. اختبار duplicate/replay/out-of-order webhook وحالات الحذف والتعليق.,VVIP_TIGER_Global_Implementation_Specification_AR_v2.docx,G04-03 — MFA وجلسات الإدارة
REQ-00429,G04-03,عمل المبرمج خطوة بخطوة,5. تعريف API contract وحالات الخطأ والـrate limit قبل دمج الواجهة.,VVIP_TIGER_Global_Implementation_Specification_AR_v2.docx,G04-03 — MFA وجلسات الإدارة
REQ-00430,G04-03,عمل المبرمج خطوة بخطوة,6. إضافة unit/integration/E2E أو security tests بحسب حدود المهمة، وربطها بـCI.,VVIP_TIGER_Global_Implementation_Specification_AR_v2.docx,G04-03 — MFA وجلسات الإدارة
REQ-00431,G04-03,عمل المبرمج خطوة بخطوة,7. نشرها خلف Feature Flag على Staging، جمع الدليل، ثم إعداد rollback أو forward-fix.,VVIP_TIGER_Global_Implementation_Specification_AR_v2.docx,G04-03 — MFA وجلسات الإدارة
REQ-00432,G04-03,ما يجب أن يبنيه أو يعدله,وحدة المجال `identity`: entities/value objects/state rules من دون اعتماد مباشر على الواجهة أو المورد.,VVIP_TIGER_Global_Implementation_Specification_AR_v2.docx,G04-03 — MFA وجلسات الإدارة
REQ-00433,G04-03,ما يجب أن يبنيه أو يعدله,طبقة application: use cases وخدمات تحقق ورسائل خطأ ثابتة ومترجمة.,VVIP_TIGER_Global_Implementation_Specification_AR_v2.docx,G04-03 — MFA وجلسات الإدارة
REQ-00434,G04-03,ما يجب أن يبنيه أو يعدله,طبقة infrastructure: database/repository/provider adapter مع timeout/retry/idempotency عند الحاجة.,VVIP_TIGER_Global_Implementation_Specification_AR_v2.docx,G04-03 — MFA وجلسات الإدارة
REQ-00435,G04-03,ما يجب أن يبنيه أو يعدله,طبقة الواجهة: حالات loading/empty/error/forbidden/offline/success والهاتف وRTL/LTR.,VVIP_TIGER_Global_Implementation_Specification_AR_v2.docx,G04-03 — MFA وجلسات الإدارة
REQ-00436,G04-03,ما يجب أن يبنيه أو يعدله,Schema/migration/index/policy عند وجود بيانات، مع forward migration وخطة rollback أو forward-fix.,VVIP_TIGER_Global_Implementation_Specification_AR_v2.docx,G04-03 — MFA وجلسات الإدارة
REQ-00437,G04-03,ما يجب أن يبنيه أو يعدله,اختبارات وتسميات واضحة وربط كل حالة بمعيار قبول أو خطر.,VVIP_TIGER_Global_Implementation_Specification_AR_v2.docx,G04-03 — MFA وجلسات الإدارة
REQ-00438,G04-03,الأمان والخصوصية,التحقق من authentication وauthorization على الخادم؛ إخفاء الزر ليس حماية.,VVIP_TIGER_Global_Implementation_Specification_AR_v2.docx,G04-03 — MFA وجلسات الإدارة
REQ-00439,G04-03,الأمان والخصوصية,عدم تسجيل token/secret/payment data/private message أو PII غير لازم.,VVIP_TIGER_Global_Implementation_Specification_AR_v2.docx,G04-03 — MFA وجلسات الإدارة
REQ-00440,G04-03,الأمان والخصوصية,تطبيق least privilege وdeny by default وrate limit وaudit على العمليات الحساسة.,VVIP_TIGER_Global_Implementation_Specification_AR_v2.docx,G04-03 — MFA وجلسات الإدارة
REQ-00441,G04-03,الأمان والخصوصية,تحديد retention والحذف والتصدير والوصول الإداري إن كانت المهمة تعالج بيانات شخصية.,VVIP_TIGER_Global_Implementation_Specification_AR_v2.docx,G04-03 — MFA وجلسات الإدارة
REQ-00442,G04-03,اختبارات QA المطلوبة,Happy path كامل ببيانات واقعية في Staging.,VVIP_TIGER_Global_Implementation_Specification_AR_v2.docx,G04-03 — MFA وجلسات الإدارة
REQ-00443,G04-03,اختبارات QA المطلوبة,مدخلات ناقصة وخاطئة وحدود الحجم والعدد والحالة.,VVIP_TIGER_Global_Implementation_Specification_AR_v2.docx,G04-03 — MFA وجلسات الإدارة
REQ-00444,G04-03,اختبارات QA المطلوبة,انقطاع الشبكة، retry، duplicate request، refresh وعودة من جهاز آخر عند انطباقها.,VVIP_TIGER_Global_Implementation_Specification_AR_v2.docx,G04-03 — MFA وجلسات الإدارة
REQ-00445,G04-03,اختبارات QA المطلوبة,مستخدم A مقابل مستخدم B، وزائر، ودور إداري محدود.,VVIP_TIGER_Global_Implementation_Specification_AR_v2.docx,G04-03 — MFA وجلسات الإدارة
REQ-00446,G04-03,اختبارات QA المطلوبة,العربية/الإنجليزية، RTL/LTR، هاتف متوسط، Chrome/Safari/Firefox للواجهات المتأثرة.,VVIP_TIGER_Global_Implementation_Specification_AR_v2.docx,G04-03 — MFA وجلسات الإدارة
REQ-00447,G04-03,اختبارات QA المطلوبة,Regression آلي يمنع عودة السبب بعد الدمج.,VVIP_TIGER_Global_Implementation_Specification_AR_v2.docx,G04-03 — MFA وجلسات الإدارة
REQ-00448,G04-03,قبول: معيار القبول الرئيسي,اختبار إبطال جلسة وجهاز مشبوه.,VVIP_TIGER_Global_Implementation_Specification_AR_v2.docx,G04-03 — MFA وجلسات الإدارة
REQ-00449,G04-03,قبول: معايير إضافية,CI أخضر؛ لا خطأ حرج؛ صلاحيات مختبرة؛ Staging يعمل؛ الأداء ضمن الميزانية؛ النصوص مترجمة.,VVIP_TIGER_Global_Implementation_Specification_AR_v2.docx,G04-03 — MFA وجلسات الإدارة
REQ-00450,G04-03,قبول: المخرجات,كود + tests + migration/policy إن لزم + API/schema docs + screenshots/log evidence + release/rollback notes.,VVIP_TIGER_Global_Implementation_Specification_AR_v2.docx,G04-03 — MFA وجلسات الإدارة
REQ-00451,G04-03,قبول: تعريف الاكتمال,Code review، QA sign-off، Security sign-off بحسب الخطر، Product acceptance، تحديث Decision/Change Log.,VVIP_TIGER_Global_Implementation_Specification_AR_v2.docx,G04-03 — MFA وجلسات الإدارة
REQ-00452,G04-03,قبول: الخطر,تنفيذ الواجهة قبل عقد البيانات أو الصلاحيات يؤدي إلى إعادة بناء أو تسريب.,VVIP_TIGER_Global_Implementation_Specification_AR_v2.docx,G04-03 — MFA وجلسات الإدارة
REQ-00453,G04-03,قبول: التراجع,Feature Flag وإيقاف endpoint/job، ثم rollback migration الآمن أو forward-fix مع حفظ البيانات.,VVIP_TIGER_Global_Implementation_Specification_AR_v2.docx,G04-03 — MFA وجلسات الإدارة
REQ-00454,G05-01,عمل المبرمج خطوة بخطوة,1. إنشاء migrations للجداول والقيود والفهارس والعلاقات مع rollback scripts.,VVIP_TIGER_Global_Implementation_Specification_AR_v2.docx,G05-01 — اعتماد مخطط قاعدة البيانات
REQ-00455,G05-01,عمل المبرمج خطوة بخطوة,2. إنشاء migration أمامية وخطة rollback أو forward-fix.,VVIP_TIGER_Global_Implementation_Specification_AR_v2.docx,G05-01 — اعتماد مخطط قاعدة البيانات
REQ-00456,G05-01,عمل المبرمج خطوة بخطوة,3. اعتماد deny-by-default واختبارات مستخدم A/B لكل مورد.,VVIP_TIGER_Global_Implementation_Specification_AR_v2.docx,G05-01 — اعتماد مخطط قاعدة البيانات
REQ-00457,G05-01,عمل المبرمج خطوة بخطوة,4. تعريف retention، soft delete، legal hold وحقول audit.,VVIP_TIGER_Global_Implementation_Specification_AR_v2.docx,G05-01 — اعتماد مخطط قاعدة البيانات
REQ-00458,G05-01,عمل المبرمج خطوة بخطوة,5. تعريف API contract وحالات الخطأ والـrate limit قبل دمج الواجهة.,VVIP_TIGER_Global_Implementation_Specification_AR_v2.docx,G05-01 — اعتماد مخطط قاعدة البيانات
REQ-00459,G05-01,عمل المبرمج خطوة بخطوة,6. إضافة unit/integration/E2E أو security tests بحسب حدود المهمة، وربطها بـCI.,VVIP_TIGER_Global_Implementation_Specification_AR_v2.docx,G05-01 — اعتماد مخطط قاعدة البيانات
REQ-00460,G05-01,عمل المبرمج خطوة بخطوة,7. نشرها خلف Feature Flag على Staging، جمع الدليل، ثم إعداد rollback أو forward-fix.,VVIP_TIGER_Global_Implementation_Specification_AR_v2.docx,G05-01 — اعتماد مخطط قاعدة البيانات
REQ-00461,G05-01,ما يجب أن يبنيه أو يعدله,وحدة المجال `data-security`: entities/value objects/state rules من دون اعتماد مباشر على الواجهة أو المورد.,VVIP_TIGER_Global_Implementation_Specification_AR_v2.docx,G05-01 — اعتماد مخطط قاعدة البيانات
REQ-00462,G05-01,ما يجب أن يبنيه أو يعدله,طبقة application: use cases وخدمات تحقق ورسائل خطأ ثابتة ومترجمة.,VVIP_TIGER_Global_Implementation_Specification_AR_v2.docx,G05-01 — اعتماد مخطط قاعدة البيانات
REQ-00463,G05-01,ما يجب أن يبنيه أو يعدله,طبقة infrastructure: database/repository/provider adapter مع timeout/retry/idempotency عند الحاجة.,VVIP_TIGER_Global_Implementation_Specification_AR_v2.docx,G05-01 — اعتماد مخطط قاعدة البيانات
REQ-00464,G05-01,ما يجب أن يبنيه أو يعدله,طبقة الواجهة: حالات loading/empty/error/forbidden/offline/success والهاتف وRTL/LTR.,VVIP_TIGER_Global_Implementation_Specification_AR_v2.docx,G05-01 — اعتماد مخطط قاعدة البيانات
REQ-00465,G05-01,ما يجب أن يبنيه أو يعدله,Schema/migration/index/policy عند وجود بيانات، مع forward migration وخطة rollback أو forward-fix.,VVIP_TIGER_Global_Implementation_Specification_AR_v2.docx,G05-01 — اعتماد مخطط قاعدة البيانات
REQ-00466,G05-01,ما يجب أن يبنيه أو يعدله,اختبارات وتسميات واضحة وربط كل حالة بمعيار قبول أو خطر.,VVIP_TIGER_Global_Implementation_Specification_AR_v2.docx,G05-01 — اعتماد مخطط قاعدة البيانات
REQ-00467,G05-01,الأمان والخصوصية,التحقق من authentication وauthorization على الخادم؛ إخفاء الزر ليس حماية.,VVIP_TIGER_Global_Implementation_Specification_AR_v2.docx,G05-01 — اعتماد مخطط قاعدة البيانات
REQ-00468,G05-01,الأمان والخصوصية,عدم تسجيل token/secret/payment data/private message أو PII غير لازم.,VVIP_TIGER_Global_Implementation_Specification_AR_v2.docx,G05-01 — اعتماد مخطط قاعدة البيانات
REQ-00469,G05-01,الأمان والخصوصية,تطبيق least privilege وdeny by default وrate limit وaudit على العمليات الحساسة.,VVIP_TIGER_Global_Implementation_Specification_AR_v2.docx,G05-01 — اعتماد مخطط قاعدة البيانات
REQ-00470,G05-01,الأمان والخصوصية,تحديد retention والحذف والتصدير والوصول الإداري إن كانت المهمة تعالج بيانات شخصية.,VVIP_TIGER_Global_Implementation_Specification_AR_v2.docx,G05-01 — اعتماد مخطط قاعدة البيانات
REQ-00471,G05-01,اختبارات QA المطلوبة,Happy path كامل ببيانات واقعية في Staging.,VVIP_TIGER_Global_Implementation_Specification_AR_v2.docx,G05-01 — اعتماد مخطط قاعدة البيانات
REQ-00472,G05-01,اختبارات QA المطلوبة,مدخلات ناقصة وخاطئة وحدود الحجم والعدد والحالة.,VVIP_TIGER_Global_Implementation_Specification_AR_v2.docx,G05-01 — اعتماد مخطط قاعدة البيانات
REQ-00473,G05-01,اختبارات QA المطلوبة,انقطاع الشبكة، retry، duplicate request، refresh وعودة من جهاز آخر عند انطباقها.,VVIP_TIGER_Global_Implementation_Specification_AR_v2.docx,G05-01 — اعتماد مخطط قاعدة البيانات
REQ-00474,G05-01,اختبارات QA المطلوبة,مستخدم A مقابل مستخدم B، وزائر، ودور إداري محدود.,VVIP_TIGER_Global_Implementation_Specification_AR_v2.docx,G05-01 — اعتماد مخطط قاعدة البيانات
REQ-00475,G05-01,اختبارات QA المطلوبة,العربية/الإنجليزية، RTL/LTR، هاتف متوسط، Chrome/Safari/Firefox للواجهات المتأثرة.,VVIP_TIGER_Global_Implementation_Specification_AR_v2.docx,G05-01 — اعتماد مخطط قاعدة البيانات
REQ-00476,G05-01,اختبارات QA المطلوبة,Regression آلي يمنع عودة السبب بعد الدمج.,VVIP_TIGER_Global_Implementation_Specification_AR_v2.docx,G05-01 — اعتماد مخطط قاعدة البيانات
REQ-00477,G05-01,قبول: معيار القبول الرئيسي,تطبيق نظيف على قاعدة جديدة وموجودة.,VVIP_TIGER_Global_Implementation_Specification_AR_v2.docx,G05-01 — اعتماد مخطط قاعدة البيانات
REQ-00478,G05-01,قبول: معايير إضافية,CI أخضر؛ لا خطأ حرج؛ صلاحيات مختبرة؛ Staging يعمل؛ الأداء ضمن الميزانية؛ النصوص مترجمة.,VVIP_TIGER_Global_Implementation_Specification_AR_v2.docx,G05-01 — اعتماد مخطط قاعدة البيانات
REQ-00479,G05-01,قبول: المخرجات,كود + tests + migration/policy إن لزم + API/schema docs + screenshots/log evidence + release/rollback notes.,VVIP_TIGER_Global_Implementation_Specification_AR_v2.docx,G05-01 — اعتماد مخطط قاعدة البيانات
REQ-00480,G05-01,قبول: تعريف الاكتمال,Code review، QA sign-off، Security sign-off بحسب الخطر، Product acceptance، تحديث Decision/Change Log.,VVIP_TIGER_Global_Implementation_Specification_AR_v2.docx,G05-01 — اعتماد مخطط قاعدة البيانات
REQ-00481,G05-01,قبول: الخطر,تنفيذ الواجهة قبل عقد البيانات أو الصلاحيات يؤدي إلى إعادة بناء أو تسريب.,VVIP_TIGER_Global_Implementation_Specification_AR_v2.docx,G05-01 — اعتماد مخطط قاعدة البيانات
REQ-00482,G05-01,قبول: التراجع,Feature Flag وإيقاف endpoint/job، ثم rollback migration الآمن أو forward-fix مع حفظ البيانات.,VVIP_TIGER_Global_Implementation_Specification_AR_v2.docx,G05-01 — اعتماد مخطط قاعدة البيانات
REQ-00483,G05-02,عمل المبرمج خطوة بخطوة,1. كتابة policies واختبارات مستخدم A/B والأدوار الإدارية ومبدأ deny by default.,VVIP_TIGER_Global_Implementation_Specification_AR_v2.docx,G05-02 — تطبيق RLS الشامل
REQ-00484,G05-02,عمل المبرمج خطوة بخطوة,2. إعداد policy matrix: SELECT/INSERT/UPDATE/DELETE لكل دور.,VVIP_TIGER_Global_Implementation_Specification_AR_v2.docx,G05-02 — تطبيق RLS الشامل
REQ-00485,G05-02,عمل المبرمج خطوة بخطوة,3. إنشاء fixtures لمستخدمين A وB واختبار المنع المباشر عبر SQL/API.,VVIP_TIGER_Global_Implementation_Specification_AR_v2.docx,G05-02 — تطبيق RLS الشامل
REQ-00486,G05-02,عمل المبرمج خطوة بخطوة,4. فحص أن service role لا يصل للواجهة ولا يسجل في logs.,VVIP_TIGER_Global_Implementation_Specification_AR_v2.docx,G05-02 — تطبيق RLS الشامل
REQ-00487,G05-02,عمل المبرمج خطوة بخطوة,5. إنشاء migration أمامية وخطة rollback أو forward-fix.,VVIP_TIGER_Global_Implementation_Specification_AR_v2.docx,G05-02 — تطبيق RLS الشامل
REQ-00488,G05-02,عمل المبرمج خطوة بخطوة,6. اعتماد deny-by-default واختبارات مستخدم A/B لكل مورد.,VVIP_TIGER_Global_Implementation_Specification_AR_v2.docx,G05-02 — تطبيق RLS الشامل
REQ-00489,G05-02,عمل المبرمج خطوة بخطوة,7. تعريف retention، soft delete، legal hold وحقول audit.,VVIP_TIGER_Global_Implementation_Specification_AR_v2.docx,G05-02 — تطبيق RLS الشامل
REQ-00490,G05-02,عمل المبرمج خطوة بخطوة,8. تعريف API contract وحالات الخطأ والـrate limit قبل دمج الواجهة.,VVIP_TIGER_Global_Implementation_Specification_AR_v2.docx,G05-02 — تطبيق RLS الشامل
REQ-00491,G05-02,عمل المبرمج خطوة بخطوة,9. إضافة unit/integration/E2E أو security tests بحسب حدود المهمة، وربطها بـCI.,VVIP_TIGER_Global_Implementation_Specification_AR_v2.docx,G05-02 — تطبيق RLS الشامل
REQ-00492,G05-02,عمل المبرمج خطوة بخطوة,10. نشرها خلف Feature Flag على Staging، جمع الدليل، ثم إعداد rollback أو forward-fix.,VVIP_TIGER_Global_Implementation_Specification_AR_v2.docx,G05-02 — تطبيق RLS الشامل
REQ-00493,G05-02,ما يجب أن يبنيه أو يعدله,وحدة المجال `data-security`: entities/value objects/state rules من دون اعتماد مباشر على الواجهة أو المورد.,VVIP_TIGER_Global_Implementation_Specification_AR_v2.docx,G05-02 — تطبيق RLS الشامل
REQ-00494,G05-02,ما يجب أن يبنيه أو يعدله,طبقة application: use cases وخدمات تحقق ورسائل خطأ ثابتة ومترجمة.,VVIP_TIGER_Global_Implementation_Specification_AR_v2.docx,G05-02 — تطبيق RLS الشامل
REQ-00495,G05-02,ما يجب أن يبنيه أو يعدله,طبقة infrastructure: database/repository/provider adapter مع timeout/retry/idempotency عند الحاجة.,VVIP_TIGER_Global_Implementation_Specification_AR_v2.docx,G05-02 — تطبيق RLS الشامل
REQ-00496,G05-02,ما يجب أن يبنيه أو يعدله,طبقة الواجهة: حالات loading/empty/error/forbidden/offline/success والهاتف وRTL/LTR.,VVIP_TIGER_Global_Implementation_Specification_AR_v2.docx,G05-02 — تطبيق RLS الشامل
REQ-00497,G05-02,ما يجب أن يبنيه أو يعدله,Schema/migration/index/policy عند وجود بيانات، مع forward migration وخطة rollback أو forward-fix.,VVIP_TIGER_Global_Implementation_Specification_AR_v2.docx,G05-02 — تطبيق RLS الشامل
REQ-00498,G05-02,ما يجب أن يبنيه أو يعدله,اختبارات وتسميات واضحة وربط كل حالة بمعيار قبول أو خطر.,VVIP_TIGER_Global_Implementation_Specification_AR_v2.docx,G05-02 — تطبيق RLS الشامل
REQ-00499,G05-02,الأمان والخصوصية,التحقق من authentication وauthorization على الخادم؛ إخفاء الزر ليس حماية.,VVIP_TIGER_Global_Implementation_Specification_AR_v2.docx,G05-02 — تطبيق RLS الشامل
REQ-00500,G05-02,الأمان والخصوصية,عدم تسجيل token/secret/payment data/private message أو PII غير لازم.,VVIP_TIGER_Global_Implementation_Specification_AR_v2.docx,G05-02 — تطبيق RLS الشامل
REQ-00501,G05-02,الأمان والخصوصية,تطبيق least privilege وdeny by default وrate limit وaudit على العمليات الحساسة.,VVIP_TIGER_Global_Implementation_Specification_AR_v2.docx,G05-02 — تطبيق RLS الشامل
REQ-00502,G05-02,الأمان والخصوصية,تحديد retention والحذف والتصدير والوصول الإداري إن كانت المهمة تعالج بيانات شخصية.,VVIP_TIGER_Global_Implementation_Specification_AR_v2.docx,G05-02 — تطبيق RLS الشامل
REQ-00503,G05-02,اختبارات QA المطلوبة,Happy path كامل ببيانات واقعية في Staging.,VVIP_TIGER_Global_Implementation_Specification_AR_v2.docx,G05-02 — تطبيق RLS الشامل
REQ-00504,G05-02,اختبارات QA المطلوبة,مدخلات ناقصة وخاطئة وحدود الحجم والعدد والحالة.,VVIP_TIGER_Global_Implementation_Specification_AR_v2.docx,G05-02 — تطبيق RLS الشامل
REQ-00505,G05-02,اختبارات QA المطلوبة,انقطاع الشبكة، retry، duplicate request، refresh وعودة من جهاز آخر عند انطباقها.,VVIP_TIGER_Global_Implementation_Specification_AR_v2.docx,G05-02 — تطبيق RLS الشامل
REQ-00506,G05-02,اختبارات QA المطلوبة,مستخدم A مقابل مستخدم B، وزائر، ودور إداري محدود.,VVIP_TIGER_Global_Implementation_Specification_AR_v2.docx,G05-02 — تطبيق RLS الشامل
REQ-00507,G05-02,اختبارات QA المطلوبة,العربية/الإنجليزية، RTL/LTR، هاتف متوسط، Chrome/Safari/Firefox للواجهات المتأثرة.,VVIP_TIGER_Global_Implementation_Specification_AR_v2.docx,G05-02 — تطبيق RLS الشامل
REQ-00508,G05-02,اختبارات QA المطلوبة,Regression آلي يمنع عودة السبب بعد الدمج.,VVIP_TIGER_Global_Implementation_Specification_AR_v2.docx,G05-02 — تطبيق RLS الشامل
REQ-00509,G05-02,قبول: معيار القبول الرئيسي,نجاح جميع اختبارات السماح والمنع.,VVIP_TIGER_Global_Implementation_Specification_AR_v2.docx,G05-02 — تطبيق RLS الشامل
REQ-00510,G05-02,قبول: معايير إضافية,CI أخضر؛ لا خطأ حرج؛ صلاحيات مختبرة؛ Staging يعمل؛ الأداء ضمن الميزانية؛ النصوص مترجمة.,VVIP_TIGER_Global_Implementation_Specification_AR_v2.docx,G05-02 — تطبيق RLS الشامل
REQ-00511,G05-02,قبول: المخرجات,كود + tests + migration/policy إن لزم + API/schema docs + screenshots/log evidence + release/rollback notes.,VVIP_TIGER_Global_Implementation_Specification_AR_v2.docx,G05-02 — تطبيق RLS الشامل
REQ-00512,G05-02,قبول: تعريف الاكتمال,Code review، QA sign-off، Security sign-off بحسب الخطر، Product acceptance، تحديث Decision/Change Log.,VVIP_TIGER_Global_Implementation_Specification_AR_v2.docx,G05-02 — تطبيق RLS الشامل
REQ-00513,G05-02,قبول: الخطر,تنفيذ الواجهة قبل عقد البيانات أو الصلاحيات يؤدي إلى إعادة بناء أو تسريب.,VVIP_TIGER_Global_Implementation_Specification_AR_v2.docx,G05-02 — تطبيق RLS الشامل
REQ-00514,G05-02,قبول: التراجع,Feature Flag وإيقاف endpoint/job، ثم rollback migration الآمن أو forward-fix مع حفظ البيانات.,VVIP_TIGER_Global_Implementation_Specification_AR_v2.docx,G05-02 — تطبيق RLS الشامل
REQ-00515,G05-03,عمل المبرمج خطوة بخطوة,1. إعداد buckets وسياسات signed URLs وretention وbackup/restore runbook.,VVIP_TIGER_Global_Implementation_Specification_AR_v2.docx,G05-03 — سياسات التخزين والنسخ الاحتياطي
REQ-00516,G05-03,عمل المبرمج خطوة بخطوة,2. إعداد policy matrix: SELECT/INSERT/UPDATE/DELETE لكل دور.,VVIP_TIGER_Global_Implementation_Specification_AR_v2.docx,G05-03 — سياسات التخزين والنسخ الاحتياطي
REQ-00517,G05-03,عمل المبرمج خطوة بخطوة,3. إنشاء fixtures لمستخدمين A وB واختبار المنع المباشر عبر SQL/API.,VVIP_TIGER_Global_Implementation_Specification_AR_v2.docx,G05-03 — سياسات التخزين والنسخ الاحتياطي
REQ-00518,G05-03,عمل المبرمج خطوة بخطوة,4. فحص أن service role لا يصل للواجهة ولا يسجل في logs.,VVIP_TIGER_Global_Implementation_Specification_AR_v2.docx,G05-03 — سياسات التخزين والنسخ الاحتياطي
REQ-00519,G05-03,عمل المبرمج خطوة بخطوة,5. تشفير النسخ وتحديد retention وفصل الصلاحيات.,VVIP_TIGER_Global_Implementation_Specification_AR_v2.docx,G05-03 — سياسات التخزين والنسخ الاحتياطي
REQ-00520,G05-03,عمل المبرمج خطوة بخطوة,6. اختبار restore إلى بيئة معزولة والتحقق من checksums.,VVIP_TIGER_Global_Implementation_Specification_AR_v2.docx,G05-03 — سياسات التخزين والنسخ الاحتياطي
REQ-00521,G05-03,عمل المبرمج خطوة بخطوة,7. تسجيل RPO/RTO الفعلي ومقارنته بالهدف.,VVIP_TIGER_Global_Implementation_Specification_AR_v2.docx,G05-03 — سياسات التخزين والنسخ الاحتياطي
REQ-00522,G05-03,عمل المبرمج خطوة بخطوة,8. إنشاء migration أمامية وخطة rollback أو forward-fix.,VVIP_TIGER_Global_Implementation_Specification_AR_v2.docx,G05-03 — سياسات التخزين والنسخ الاحتياطي
REQ-00523,G05-03,عمل المبرمج خطوة بخطوة,9. اعتماد deny-by-default واختبارات مستخدم A/B لكل مورد.,VVIP_TIGER_Global_Implementation_Specification_AR_v2.docx,G05-03 — سياسات التخزين والنسخ الاحتياطي
REQ-00524,G05-03,عمل المبرمج خطوة بخطوة,10. تعريف retention، soft delete، legal hold وحقول audit.,VVIP_TIGER_Global_Implementation_Specification_AR_v2.docx,G05-03 — سياسات التخزين والنسخ الاحتياطي
REQ-00525,G05-03,ما يجب أن يبنيه أو يعدله,وحدة المجال `data-security`: entities/value objects/state rules من دون اعتماد مباشر على الواجهة أو المورد.,VVIP_TIGER_Global_Implementation_Specification_AR_v2.docx,G05-03 — سياسات التخزين والنسخ الاحتياطي
REQ-00526,G05-03,ما يجب أن يبنيه أو يعدله,طبقة application: use cases وخدمات تحقق ورسائل خطأ ثابتة ومترجمة.,VVIP_TIGER_Global_Implementation_Specification_AR_v2.docx,G05-03 — سياسات التخزين والنسخ الاحتياطي
REQ-00527,G05-03,ما يجب أن يبنيه أو يعدله,طبقة infrastructure: database/repository/provider adapter مع timeout/retry/idempotency عند الحاجة.,VVIP_TIGER_Global_Implementation_Specification_AR_v2.docx,G05-03 — سياسات التخزين والنسخ الاحتياطي
REQ-00528,G05-03,ما يجب أن يبنيه أو يعدله,طبقة الواجهة: حالات loading/empty/error/forbidden/offline/success والهاتف وRTL/LTR.,VVIP_TIGER_Global_Implementation_Specification_AR_v2.docx,G05-03 — سياسات التخزين والنسخ الاحتياطي
REQ-00529,G05-03,ما يجب أن يبنيه أو يعدله,Schema/migration/index/policy عند وجود بيانات، مع forward migration وخطة rollback أو forward-fix.,VVIP_TIGER_Global_Implementation_Specification_AR_v2.docx,G05-03 — سياسات التخزين والنسخ الاحتياطي
REQ-00530,G05-03,ما يجب أن يبنيه أو يعدله,اختبارات وتسميات واضحة وربط كل حالة بمعيار قبول أو خطر.,VVIP_TIGER_Global_Implementation_Specification_AR_v2.docx,G05-03 — سياسات التخزين والنسخ الاحتياطي
REQ-00531,G05-03,الأمان والخصوصية,التحقق من authentication وauthorization على الخادم؛ إخفاء الزر ليس حماية.,VVIP_TIGER_Global_Implementation_Specification_AR_v2.docx,G05-03 — سياسات التخزين والنسخ الاحتياطي
REQ-00532,G05-03,الأمان والخصوصية,عدم تسجيل token/secret/payment data/private message أو PII غير لازم.,VVIP_TIGER_Global_Implementation_Specification_AR_v2.docx,G05-03 — سياسات التخزين والنسخ الاحتياطي
REQ-00533,G05-03,الأمان والخصوصية,تطبيق least privilege وdeny by default وrate limit وaudit على العمليات الحساسة.,VVIP_TIGER_Global_Implementation_Specification_AR_v2.docx,G05-03 — سياسات التخزين والنسخ الاحتياطي
REQ-00534,G05-03,الأمان والخصوصية,تحديد retention والحذف والتصدير والوصول الإداري إن كانت المهمة تعالج بيانات شخصية.,VVIP_TIGER_Global_Implementation_Specification_AR_v2.docx,G05-03 — سياسات التخزين والنسخ الاحتياطي
REQ-00535,G05-03,اختبارات QA المطلوبة,Happy path كامل ببيانات واقعية في Staging.,VVIP_TIGER_Global_Implementation_Specification_AR_v2.docx,G05-03 — سياسات التخزين والنسخ الاحتياطي
REQ-00536,G05-03,اختبارات QA المطلوبة,مدخلات ناقصة وخاطئة وحدود الحجم والعدد والحالة.,VVIP_TIGER_Global_Implementation_Specification_AR_v2.docx,G05-03 — سياسات التخزين والنسخ الاحتياطي
REQ-00537,G05-03,اختبارات QA المطلوبة,انقطاع الشبكة، retry، duplicate request، refresh وعودة من جهاز آخر عند انطباقها.,VVIP_TIGER_Global_Implementation_Specification_AR_v2.docx,G05-03 — سياسات التخزين والنسخ الاحتياطي
REQ-00538,G05-03,اختبارات QA المطلوبة,مستخدم A مقابل مستخدم B، وزائر، ودور إداري محدود.,VVIP_TIGER_Global_Implementation_Specification_AR_v2.docx,G05-03 — سياسات التخزين والنسخ الاحتياطي
REQ-00539,G05-03,اختبارات QA المطلوبة,العربية/الإنجليزية، RTL/LTR، هاتف متوسط، Chrome/Safari/Firefox للواجهات المتأثرة.,VVIP_TIGER_Global_Implementation_Specification_AR_v2.docx,G05-03 — سياسات التخزين والنسخ الاحتياطي
REQ-00540,G05-03,اختبارات QA المطلوبة,Regression آلي يمنع عودة السبب بعد الدمج.,VVIP_TIGER_Global_Implementation_Specification_AR_v2.docx,G05-03 — سياسات التخزين والنسخ الاحتياطي
REQ-00541,G05-03,قبول: معيار القبول الرئيسي,استعادة نسخة Staging بنجاح.,VVIP_TIGER_Global_Implementation_Specification_AR_v2.docx,G05-03 — سياسات التخزين والنسخ الاحتياطي
REQ-00542,G05-03,قبول: معايير إضافية,CI أخضر؛ لا خطأ حرج؛ صلاحيات مختبرة؛ Staging يعمل؛ الأداء ضمن الميزانية؛ النصوص مترجمة.,VVIP_TIGER_Global_Implementation_Specification_AR_v2.docx,G05-03 — سياسات التخزين والنسخ الاحتياطي
REQ-00543,G05-03,قبول: المخرجات,كود + tests + migration/policy إن لزم + API/schema docs + screenshots/log evidence + release/rollback notes.,VVIP_TIGER_Global_Implementation_Specification_AR_v2.docx,G05-03 — سياسات التخزين والنسخ الاحتياطي
REQ-00544,G05-03,قبول: تعريف الاكتمال,Code review، QA sign-off، Security sign-off بحسب الخطر، Product acceptance، تحديث Decision/Change Log.,VVIP_TIGER_Global_Implementation_Specification_AR_v2.docx,G05-03 — سياسات التخزين والنسخ الاحتياطي
REQ-00545,G05-03,قبول: الخطر,تنفيذ الواجهة قبل عقد البيانات أو الصلاحيات يؤدي إلى إعادة بناء أو تسريب.,VVIP_TIGER_Global_Implementation_Specification_AR_v2.docx,G05-03 — سياسات التخزين والنسخ الاحتياطي
REQ-00546,G05-03,قبول: التراجع,Feature Flag وإيقاف endpoint/job، ثم rollback migration الآمن أو forward-fix مع حفظ البيانات.,VVIP_TIGER_Global_Implementation_Specification_AR_v2.docx,G05-03 — سياسات التخزين والنسخ الاحتياطي
REQ-00547,G06-01,عمل المبرمج خطوة بخطوة,1. إنشاء country/region/city datasets بمعرفات ISO وفهارس وترجمة أسماء.,VVIP_TIGER_Global_Implementation_Specification_AR_v2.docx,G06-01 — قاعدة بيانات الدول والمناطق
REQ-00548,G06-01,عمل المبرمج خطوة بخطوة,2. استخدام معرفات قياسية غير مرتبطة بالنص المترجم.,VVIP_TIGER_Global_Implementation_Specification_AR_v2.docx,G06-01 — قاعدة بيانات الدول والمناطق
REQ-00549,G06-01,عمل المبرمج خطوة بخطوة,3. وضع جميع فروق الدول في configuration وليس شروطًا متناثرة بالكود.,VVIP_TIGER_Global_Implementation_Specification_AR_v2.docx,G06-01 — قاعدة بيانات الدول والمناطق
REQ-00550,G06-01,عمل المبرمج خطوة بخطوة,4. تعريف fallback للغة/العملة/المنطقة وماذا يحدث عند نقص البيانات.,VVIP_TIGER_Global_Implementation_Specification_AR_v2.docx,G06-01 — قاعدة بيانات الدول والمناطق
REQ-00551,G06-01,عمل المبرمج خطوة بخطوة,5. تعريف API contract وحالات الخطأ والـrate limit قبل دمج الواجهة.,VVIP_TIGER_Global_Implementation_Specification_AR_v2.docx,G06-01 — قاعدة بيانات الدول والمناطق
REQ-00552,G06-01,عمل المبرمج خطوة بخطوة,6. إضافة unit/integration/E2E أو security tests بحسب حدود المهمة، وربطها بـCI.,VVIP_TIGER_Global_Implementation_Specification_AR_v2.docx,G06-01 — قاعدة بيانات الدول والمناطق
REQ-00553,G06-01,عمل المبرمج خطوة بخطوة,7. نشرها خلف Feature Flag على Staging، جمع الدليل، ثم إعداد rollback أو forward-fix.,VVIP_TIGER_Global_Implementation_Specification_AR_v2.docx,G06-01 — قاعدة بيانات الدول والمناطق
REQ-00554,G06-01,ما يجب أن يبنيه أو يعدله,وحدة المجال `globalization`: entities/value objects/state rules من دون اعتماد مباشر على الواجهة أو المورد.,VVIP_TIGER_Global_Implementation_Specification_AR_v2.docx,G06-01 — قاعدة بيانات الدول والمناطق
REQ-00555,G06-01,ما يجب أن يبنيه أو يعدله,طبقة application: use cases وخدمات تحقق ورسائل خطأ ثابتة ومترجمة.,VVIP_TIGER_Global_Implementation_Specification_AR_v2.docx,G06-01 — قاعدة بيانات الدول والمناطق
REQ-00556,G06-01,ما يجب أن يبنيه أو يعدله,طبقة infrastructure: database/repository/provider adapter مع timeout/retry/idempotency عند الحاجة.,VVIP_TIGER_Global_Implementation_Specification_AR_v2.docx,G06-01 — قاعدة بيانات الدول والمناطق
REQ-00557,G06-01,ما يجب أن يبنيه أو يعدله,طبقة الواجهة: حالات loading/empty/error/forbidden/offline/success والهاتف وRTL/LTR.,VVIP_TIGER_Global_Implementation_Specification_AR_v2.docx,G06-01 — قاعدة بيانات الدول والمناطق
REQ-00558,G06-01,ما يجب أن يبنيه أو يعدله,Schema/migration/index/policy عند وجود بيانات، مع forward migration وخطة rollback أو forward-fix.,VVIP_TIGER_Global_Implementation_Specification_AR_v2.docx,G06-01 — قاعدة بيانات الدول والمناطق
REQ-00559,G06-01,ما يجب أن يبنيه أو يعدله,اختبارات وتسميات واضحة وربط كل حالة بمعيار قبول أو خطر.,VVIP_TIGER_Global_Implementation_Specification_AR_v2.docx,G06-01 — قاعدة بيانات الدول والمناطق
REQ-00560,G06-01,الأمان والخصوصية,التحقق من authentication وauthorization على الخادم؛ إخفاء الزر ليس حماية.,VVIP_TIGER_Global_Implementation_Specification_AR_v2.docx,G06-01 — قاعدة بيانات الدول والمناطق
REQ-00561,G06-01,الأمان والخصوصية,عدم تسجيل token/secret/payment data/private message أو PII غير لازم.,VVIP_TIGER_Global_Implementation_Specification_AR_v2.docx,G06-01 — قاعدة بيانات الدول والمناطق
REQ-00562,G06-01,الأمان والخصوصية,تطبيق least privilege وdeny by default وrate limit وaudit على العمليات الحساسة.,VVIP_TIGER_Global_Implementation_Specification_AR_v2.docx,G06-01 — قاعدة بيانات الدول والمناطق
REQ-00563,G06-01,الأمان والخصوصية,تحديد retention والحذف والتصدير والوصول الإداري إن كانت المهمة تعالج بيانات شخصية.,VVIP_TIGER_Global_Implementation_Specification_AR_v2.docx,G06-01 — قاعدة بيانات الدول والمناطق
REQ-00564,G06-01,اختبارات QA المطلوبة,Happy path كامل ببيانات واقعية في Staging.,VVIP_TIGER_Global_Implementation_Specification_AR_v2.docx,G06-01 — قاعدة بيانات الدول والمناطق
REQ-00565,G06-01,اختبارات QA المطلوبة,مدخلات ناقصة وخاطئة وحدود الحجم والعدد والحالة.,VVIP_TIGER_Global_Implementation_Specification_AR_v2.docx,G06-01 — قاعدة بيانات الدول والمناطق
REQ-00566,G06-01,اختبارات QA المطلوبة,انقطاع الشبكة، retry، duplicate request، refresh وعودة من جهاز آخر عند انطباقها.,VVIP_TIGER_Global_Implementation_Specification_AR_v2.docx,G06-01 — قاعدة بيانات الدول والمناطق
REQ-00567,G06-01,اختبارات QA المطلوبة,مستخدم A مقابل مستخدم B، وزائر، ودور إداري محدود.,VVIP_TIGER_Global_Implementation_Specification_AR_v2.docx,G06-01 — قاعدة بيانات الدول والمناطق
REQ-00568,G06-01,اختبارات QA المطلوبة,العربية/الإنجليزية، RTL/LTR، هاتف متوسط، Chrome/Safari/Firefox للواجهات المتأثرة.,VVIP_TIGER_Global_Implementation_Specification_AR_v2.docx,G06-01 — قاعدة بيانات الدول والمناطق
REQ-00569,G06-01,اختبارات QA المطلوبة,Regression آلي يمنع عودة السبب بعد الدمج.,VVIP_TIGER_Global_Implementation_Specification_AR_v2.docx,G06-01 — قاعدة بيانات الدول والمناطق
REQ-00570,G06-01,قبول: معيار القبول الرئيسي,عدم قبول مواقع غير مرتبطة بدولة صالحة.,VVIP_TIGER_Global_Implementation_Specification_AR_v2.docx,G06-01 — قاعدة بيانات الدول والمناطق
REQ-00571,G06-01,قبول: معايير إضافية,CI أخضر؛ لا خطأ حرج؛ صلاحيات مختبرة؛ Staging يعمل؛ الأداء ضمن الميزانية؛ النصوص مترجمة.,VVIP_TIGER_Global_Implementation_Specification_AR_v2.docx,G06-01 — قاعدة بيانات الدول والمناطق
REQ-00572,G06-01,قبول: المخرجات,كود + tests + migration/policy إن لزم + API/schema docs + screenshots/log evidence + release/rollback notes.,VVIP_TIGER_Global_Implementation_Specification_AR_v2.docx,G06-01 — قاعدة بيانات الدول والمناطق
REQ-00573,G06-01,قبول: تعريف الاكتمال,Code review، QA sign-off، Security sign-off بحسب الخطر، Product acceptance، تحديث Decision/Change Log.,VVIP_TIGER_Global_Implementation_Specification_AR_v2.docx,G06-01 — قاعدة بيانات الدول والمناطق
REQ-00574,G06-01,قبول: الخطر,تنفيذ الواجهة قبل عقد البيانات أو الصلاحيات يؤدي إلى إعادة بناء أو تسريب.,VVIP_TIGER_Global_Implementation_Specification_AR_v2.docx,G06-01 — قاعدة بيانات الدول والمناطق
REQ-00575,G06-01,قبول: التراجع,Feature Flag وإيقاف endpoint/job، ثم rollback migration الآمن أو forward-fix مع حفظ البيانات.,VVIP_TIGER_Global_Implementation_Specification_AR_v2.docx,G06-01 — قاعدة بيانات الدول والمناطق
REQ-00576,G06-02,عمل المبرمج خطوة بخطوة,1. تخزين المبلغ بوحدة صغرى مع currency code، وتنسيق locale دون تحويلات عائمة.,VVIP_TIGER_Global_Implementation_Specification_AR_v2.docx,G06-02 — العملات والمناطق الزمنية والوحدات
REQ-00577,G06-02,عمل المبرمج خطوة بخطوة,2. استخدام معرفات قياسية غير مرتبطة بالنص المترجم.,VVIP_TIGER_Global_Implementation_Specification_AR_v2.docx,G06-02 — العملات والمناطق الزمنية والوحدات
REQ-00578,G06-02,عمل المبرمج خطوة بخطوة,3. وضع جميع فروق الدول في configuration وليس شروطًا متناثرة بالكود.,VVIP_TIGER_Global_Implementation_Specification_AR_v2.docx,G06-02 — العملات والمناطق الزمنية والوحدات
REQ-00579,G06-02,عمل المبرمج خطوة بخطوة,4. تعريف fallback للغة/العملة/المنطقة وماذا يحدث عند نقص البيانات.,VVIP_TIGER_Global_Implementation_Specification_AR_v2.docx,G06-02 — العملات والمناطق الزمنية والوحدات
REQ-00580,G06-02,عمل المبرمج خطوة بخطوة,5. تعريف API contract وحالات الخطأ والـrate limit قبل دمج الواجهة.,VVIP_TIGER_Global_Implementation_Specification_AR_v2.docx,G06-02 — العملات والمناطق الزمنية والوحدات
REQ-00581,G06-02,عمل المبرمج خطوة بخطوة,6. إضافة unit/integration/E2E أو security tests بحسب حدود المهمة، وربطها بـCI.,VVIP_TIGER_Global_Implementation_Specification_AR_v2.docx,G06-02 — العملات والمناطق الزمنية والوحدات
REQ-00582,G06-02,عمل المبرمج خطوة بخطوة,7. نشرها خلف Feature Flag على Staging، جمع الدليل، ثم إعداد rollback أو forward-fix.,VVIP_TIGER_Global_Implementation_Specification_AR_v2.docx,G06-02 — العملات والمناطق الزمنية والوحدات
REQ-00583,G06-02,ما يجب أن يبنيه أو يعدله,وحدة المجال `globalization`: entities/value objects/state rules من دون اعتماد مباشر على الواجهة أو المورد.,VVIP_TIGER_Global_Implementation_Specification_AR_v2.docx,G06-02 — العملات والمناطق الزمنية والوحدات
REQ-00584,G06-02,ما يجب أن يبنيه أو يعدله,طبقة application: use cases وخدمات تحقق ورسائل خطأ ثابتة ومترجمة.,VVIP_TIGER_Global_Implementation_Specification_AR_v2.docx,G06-02 — العملات والمناطق الزمنية والوحدات
REQ-00585,G06-02,ما يجب أن يبنيه أو يعدله,طبقة infrastructure: database/repository/provider adapter مع timeout/retry/idempotency عند الحاجة.,VVIP_TIGER_Global_Implementation_Specification_AR_v2.docx,G06-02 — العملات والمناطق الزمنية والوحدات
REQ-00586,G06-02,ما يجب أن يبنيه أو يعدله,طبقة الواجهة: حالات loading/empty/error/forbidden/offline/success والهاتف وRTL/LTR.,VVIP_TIGER_Global_Implementation_Specification_AR_v2.docx,G06-02 — العملات والمناطق الزمنية والوحدات
REQ-00587,G06-02,ما يجب أن يبنيه أو يعدله,Schema/migration/index/policy عند وجود بيانات، مع forward migration وخطة rollback أو forward-fix.,VVIP_TIGER_Global_Implementation_Specification_AR_v2.docx,G06-02 — العملات والمناطق الزمنية والوحدات
REQ-00588,G06-02,ما يجب أن يبنيه أو يعدله,اختبارات وتسميات واضحة وربط كل حالة بمعيار قبول أو خطر.,VVIP_TIGER_Global_Implementation_Specification_AR_v2.docx,G06-02 — العملات والمناطق الزمنية والوحدات
REQ-00589,G06-02,الأمان والخصوصية,التحقق من authentication وauthorization على الخادم؛ إخفاء الزر ليس حماية.,VVIP_TIGER_Global_Implementation_Specification_AR_v2.docx,G06-02 — العملات والمناطق الزمنية والوحدات
REQ-00590,G06-02,الأمان والخصوصية,عدم تسجيل token/secret/payment data/private message أو PII غير لازم.,VVIP_TIGER_Global_Implementation_Specification_AR_v2.docx,G06-02 — العملات والمناطق الزمنية والوحدات
REQ-00591,G06-02,الأمان والخصوصية,تطبيق least privilege وdeny by default وrate limit وaudit على العمليات الحساسة.,VVIP_TIGER_Global_Implementation_Specification_AR_v2.docx,G06-02 — العملات والمناطق الزمنية والوحدات
REQ-00592,G06-02,الأمان والخصوصية,تحديد retention والحذف والتصدير والوصول الإداري إن كانت المهمة تعالج بيانات شخصية.,VVIP_TIGER_Global_Implementation_Specification_AR_v2.docx,G06-02 — العملات والمناطق الزمنية والوحدات
REQ-00593,G06-02,اختبارات QA المطلوبة,Happy path كامل ببيانات واقعية في Staging.,VVIP_TIGER_Global_Implementation_Specification_AR_v2.docx,G06-02 — العملات والمناطق الزمنية والوحدات
REQ-00594,G06-02,اختبارات QA المطلوبة,مدخلات ناقصة وخاطئة وحدود الحجم والعدد والحالة.,VVIP_TIGER_Global_Implementation_Specification_AR_v2.docx,G06-02 — العملات والمناطق الزمنية والوحدات
REQ-00595,G06-02,اختبارات QA المطلوبة,انقطاع الشبكة، retry، duplicate request، refresh وعودة من جهاز آخر عند انطباقها.,VVIP_TIGER_Global_Implementation_Specification_AR_v2.docx,G06-02 — العملات والمناطق الزمنية والوحدات
REQ-00596,G06-02,اختبارات QA المطلوبة,مستخدم A مقابل مستخدم B، وزائر، ودور إداري محدود.,VVIP_TIGER_Global_Implementation_Specification_AR_v2.docx,G06-02 — العملات والمناطق الزمنية والوحدات
REQ-00597,G06-02,اختبارات QA المطلوبة,العربية/الإنجليزية، RTL/LTR، هاتف متوسط، Chrome/Safari/Firefox للواجهات المتأثرة.,VVIP_TIGER_Global_Implementation_Specification_AR_v2.docx,G06-02 — العملات والمناطق الزمنية والوحدات
REQ-00598,G06-02,اختبارات QA المطلوبة,Regression آلي يمنع عودة السبب بعد الدمج.,VVIP_TIGER_Global_Implementation_Specification_AR_v2.docx,G06-02 — العملات والمناطق الزمنية والوحدات
REQ-00599,G06-02,قبول: معيار القبول الرئيسي,اختبارات عملات وتوقيت صيفي ووحدات.,VVIP_TIGER_Global_Implementation_Specification_AR_v2.docx,G06-02 — العملات والمناطق الزمنية والوحدات
REQ-00600,G06-02,قبول: معايير إضافية,CI أخضر؛ لا خطأ حرج؛ صلاحيات مختبرة؛ Staging يعمل؛ الأداء ضمن الميزانية؛ النصوص مترجمة.,VVIP_TIGER_Global_Implementation_Specification_AR_v2.docx,G06-02 — العملات والمناطق الزمنية والوحدات
REQ-00601,G06-02,قبول: المخرجات,كود + tests + migration/policy إن لزم + API/schema docs + screenshots/log evidence + release/rollback notes.,VVIP_TIGER_Global_Implementation_Specification_AR_v2.docx,G06-02 — العملات والمناطق الزمنية والوحدات
REQ-00602,G06-02,قبول: تعريف الاكتمال,Code review، QA sign-off، Security sign-off بحسب الخطر، Product acceptance، تحديث Decision/Change Log.,VVIP_TIGER_Global_Implementation_Specification_AR_v2.docx,G06-02 — العملات والمناطق الزمنية والوحدات
REQ-00603,G06-02,قبول: الخطر,تنفيذ الواجهة قبل عقد البيانات أو الصلاحيات يؤدي إلى إعادة بناء أو تسريب.,VVIP_TIGER_Global_Implementation_Specification_AR_v2.docx,G06-02 — العملات والمناطق الزمنية والوحدات
REQ-00604,G06-02,قبول: التراجع,Feature Flag وإيقاف endpoint/job، ثم rollback migration الآمن أو forward-fix مع حفظ البيانات.,VVIP_TIGER_Global_Implementation_Specification_AR_v2.docx,G06-02 — العملات والمناطق الزمنية والوحدات
REQ-00605,G06-03,عمل المبرمج خطوة بخطوة,1. إنشاء جدول country_capabilities وAPI cache وfeature checks في الواجهة والخلفية.,VVIP_TIGER_Global_Implementation_Specification_AR_v2.docx,G06-03 — Capability Matrix
REQ-00606,G06-03,عمل المبرمج خطوة بخطوة,2. استخدام معرفات قياسية غير مرتبطة بالنص المترجم.,VVIP_TIGER_Global_Implementation_Specification_AR_v2.docx,G06-03 — Capability Matrix
REQ-00607,G06-03,عمل المبرمج خطوة بخطوة,3. وضع جميع فروق الدول في configuration وليس شروطًا متناثرة بالكود.,VVIP_TIGER_Global_Implementation_Specification_AR_v2.docx,G06-03 — Capability Matrix
REQ-00608,G06-03,عمل المبرمج خطوة بخطوة,4. تعريف fallback للغة/العملة/المنطقة وماذا يحدث عند نقص البيانات.,VVIP_TIGER_Global_Implementation_Specification_AR_v2.docx,G06-03 — Capability Matrix
REQ-00609,G06-03,عمل المبرمج خطوة بخطوة,5. تعريف API contract وحالات الخطأ والـrate limit قبل دمج الواجهة.,VVIP_TIGER_Global_Implementation_Specification_AR_v2.docx,G06-03 — Capability Matrix
REQ-00610,G06-03,عمل المبرمج خطوة بخطوة,6. إضافة unit/integration/E2E أو security tests بحسب حدود المهمة، وربطها بـCI.,VVIP_TIGER_Global_Implementation_Specification_AR_v2.docx,G06-03 — Capability Matrix
REQ-00611,G06-03,عمل المبرمج خطوة بخطوة,7. نشرها خلف Feature Flag على Staging، جمع الدليل، ثم إعداد rollback أو forward-fix.,VVIP_TIGER_Global_Implementation_Specification_AR_v2.docx,G06-03 — Capability Matrix
REQ-00612,G06-03,ما يجب أن يبنيه أو يعدله,وحدة المجال `globalization`: entities/value objects/state rules من دون اعتماد مباشر على الواجهة أو المورد.,VVIP_TIGER_Global_Implementation_Specification_AR_v2.docx,G06-03 — Capability Matrix
REQ-00613,G06-03,ما يجب أن يبنيه أو يعدله,طبقة application: use cases وخدمات تحقق ورسائل خطأ ثابتة ومترجمة.,VVIP_TIGER_Global_Implementation_Specification_AR_v2.docx,G06-03 — Capability Matrix
REQ-00614,G06-03,ما يجب أن يبنيه أو يعدله,طبقة infrastructure: database/repository/provider adapter مع timeout/retry/idempotency عند الحاجة.,VVIP_TIGER_Global_Implementation_Specification_AR_v2.docx,G06-03 — Capability Matrix
REQ-00615,G06-03,ما يجب أن يبنيه أو يعدله,طبقة الواجهة: حالات loading/empty/error/forbidden/offline/success والهاتف وRTL/LTR.,VVIP_TIGER_Global_Implementation_Specification_AR_v2.docx,G06-03 — Capability Matrix
REQ-00616,G06-03,ما يجب أن يبنيه أو يعدله,Schema/migration/index/policy عند وجود بيانات، مع forward migration وخطة rollback أو forward-fix.,VVIP_TIGER_Global_Implementation_Specification_AR_v2.docx,G06-03 — Capability Matrix
REQ-00617,G06-03,ما يجب أن يبنيه أو يعدله,اختبارات وتسميات واضحة وربط كل حالة بمعيار قبول أو خطر.,VVIP_TIGER_Global_Implementation_Specification_AR_v2.docx,G06-03 — Capability Matrix
REQ-00618,G06-03,الأمان والخصوصية,التحقق من authentication وauthorization على الخادم؛ إخفاء الزر ليس حماية.,VVIP_TIGER_Global_Implementation_Specification_AR_v2.docx,G06-03 — Capability Matrix
REQ-00619,G06-03,الأمان والخصوصية,عدم تسجيل token/secret/payment data/private message أو PII غير لازم.,VVIP_TIGER_Global_Implementation_Specification_AR_v2.docx,G06-03 — Capability Matrix
REQ-00620,G06-03,الأمان والخصوصية,تطبيق least privilege وdeny by default وrate limit وaudit على العمليات الحساسة.,VVIP_TIGER_Global_Implementation_Specification_AR_v2.docx,G06-03 — Capability Matrix
REQ-00621,G06-03,الأمان والخصوصية,تحديد retention والحذف والتصدير والوصول الإداري إن كانت المهمة تعالج بيانات شخصية.,VVIP_TIGER_Global_Implementation_Specification_AR_v2.docx,G06-03 — Capability Matrix
REQ-00622,G06-03,اختبارات QA المطلوبة,Happy path كامل ببيانات واقعية في Staging.,VVIP_TIGER_Global_Implementation_Specification_AR_v2.docx,G06-03 — Capability Matrix
REQ-00623,G06-03,اختبارات QA المطلوبة,مدخلات ناقصة وخاطئة وحدود الحجم والعدد والحالة.,VVIP_TIGER_Global_Implementation_Specification_AR_v2.docx,G06-03 — Capability Matrix
REQ-00624,G06-03,اختبارات QA المطلوبة,انقطاع الشبكة، retry، duplicate request، refresh وعودة من جهاز آخر عند انطباقها.,VVIP_TIGER_Global_Implementation_Specification_AR_v2.docx,G06-03 — Capability Matrix
REQ-00625,G06-03,اختبارات QA المطلوبة,مستخدم A مقابل مستخدم B، وزائر، ودور إداري محدود.,VVIP_TIGER_Global_Implementation_Specification_AR_v2.docx,G06-03 — Capability Matrix
REQ-00626,G06-03,اختبارات QA المطلوبة,العربية/الإنجليزية، RTL/LTR، هاتف متوسط، Chrome/Safari/Firefox للواجهات المتأثرة.,VVIP_TIGER_Global_Implementation_Specification_AR_v2.docx,G06-03 — Capability Matrix
REQ-00627,G06-03,اختبارات QA المطلوبة,Regression آلي يمنع عودة السبب بعد الدمج.,VVIP_TIGER_Global_Implementation_Specification_AR_v2.docx,G06-03 — Capability Matrix
REQ-00628,G06-03,قبول: معيار القبول الرئيسي,تعطيل دولة أو ميزة دون تغيير الكود.,VVIP_TIGER_Global_Implementation_Specification_AR_v2.docx,G06-03 — Capability Matrix
REQ-00629,G06-03,قبول: معايير إضافية,CI أخضر؛ لا خطأ حرج؛ صلاحيات مختبرة؛ Staging يعمل؛ الأداء ضمن الميزانية؛ النصوص مترجمة.,VVIP_TIGER_Global_Implementation_Specification_AR_v2.docx,G06-03 — Capability Matrix
REQ-00630,G06-03,قبول: المخرجات,كود + tests + migration/policy إن لزم + API/schema docs + screenshots/log evidence + release/rollback notes.,VVIP_TIGER_Global_Implementation_Specification_AR_v2.docx,G06-03 — Capability Matrix
REQ-00631,G06-03,قبول: تعريف الاكتمال,Code review، QA sign-off، Security sign-off بحسب الخطر، Product acceptance، تحديث Decision/Change Log.,VVIP_TIGER_Global_Implementation_Specification_AR_v2.docx,G06-03 — Capability Matrix
REQ-00632,G06-03,قبول: الخطر,تنفيذ الواجهة قبل عقد البيانات أو الصلاحيات يؤدي إلى إعادة بناء أو تسريب.,VVIP_TIGER_Global_Implementation_Specification_AR_v2.docx,G06-03 — Capability Matrix
REQ-00633,G06-03,قبول: التراجع,Feature Flag وإيقاف endpoint/job، ثم rollback migration الآمن أو forward-fix مع حفظ البيانات.,VVIP_TIGER_Global_Implementation_Specification_AR_v2.docx,G06-03 — Capability Matrix
REQ-00634,G07-01,عمل المبرمج خطوة بخطوة,1. إنشاء wizard قابل للاستكمال، validation، progress state وanalytics events.,VVIP_TIGER_Global_Implementation_Specification_AR_v2.docx,G07-01 — رحلة Onboarding
REQ-00635,G07-01,عمل المبرمج خطوة بخطوة,2. حفظ تقدم onboarding وإتاحة الاستكمال من جهاز آخر.,VVIP_TIGER_Global_Implementation_Specification_AR_v2.docx,G07-01 — رحلة Onboarding
REQ-00636,G07-01,عمل المبرمج خطوة بخطوة,3. فصل public profile عن private account data.,VVIP_TIGER_Global_Implementation_Specification_AR_v2.docx,G07-01 — رحلة Onboarding
REQ-00637,G07-01,عمل المبرمج خطوة بخطوة,4. تطبيق تحقق تدريجي ورسائل خطأ محلية وواضحة.,VVIP_TIGER_Global_Implementation_Specification_AR_v2.docx,G07-01 — رحلة Onboarding
REQ-00638,G07-01,عمل المبرمج خطوة بخطوة,5. تعريف API contract وحالات الخطأ والـrate limit قبل دمج الواجهة.,VVIP_TIGER_Global_Implementation_Specification_AR_v2.docx,G07-01 — رحلة Onboarding
REQ-00639,G07-01,عمل المبرمج خطوة بخطوة,6. إضافة unit/integration/E2E أو security tests بحسب حدود المهمة، وربطها بـCI.,VVIP_TIGER_Global_Implementation_Specification_AR_v2.docx,G07-01 — رحلة Onboarding
REQ-00640,G07-01,عمل المبرمج خطوة بخطوة,7. نشرها خلف Feature Flag على Staging، جمع الدليل، ثم إعداد rollback أو forward-fix.,VVIP_TIGER_Global_Implementation_Specification_AR_v2.docx,G07-01 — رحلة Onboarding
REQ-00641,G07-01,ما يجب أن يبنيه أو يعدله,وحدة المجال `accounts`: entities/value objects/state rules من دون اعتماد مباشر على الواجهة أو المورد.,VVIP_TIGER_Global_Implementation_Specification_AR_v2.docx,G07-01 — رحلة Onboarding
REQ-00642,G07-01,ما يجب أن يبنيه أو يعدله,طبقة application: use cases وخدمات تحقق ورسائل خطأ ثابتة ومترجمة.,VVIP_TIGER_Global_Implementation_Specification_AR_v2.docx,G07-01 — رحلة Onboarding
REQ-00643,G07-01,ما يجب أن يبنيه أو يعدله,طبقة infrastructure: database/repository/provider adapter مع timeout/retry/idempotency عند الحاجة.,VVIP_TIGER_Global_Implementation_Specification_AR_v2.docx,G07-01 — رحلة Onboarding
REQ-00644,G07-01,ما يجب أن يبنيه أو يعدله,طبقة الواجهة: حالات loading/empty/error/forbidden/offline/success والهاتف وRTL/LTR.,VVIP_TIGER_Global_Implementation_Specification_AR_v2.docx,G07-01 — رحلة Onboarding
REQ-00645,G07-01,ما يجب أن يبنيه أو يعدله,Schema/migration/index/policy عند وجود بيانات، مع forward migration وخطة rollback أو forward-fix.,VVIP_TIGER_Global_Implementation_Specification_AR_v2.docx,G07-01 — رحلة Onboarding
REQ-00646,G07-01,ما يجب أن يبنيه أو يعدله,اختبارات وتسميات واضحة وربط كل حالة بمعيار قبول أو خطر.,VVIP_TIGER_Global_Implementation_Specification_AR_v2.docx,G07-01 — رحلة Onboarding
REQ-00647,G07-01,الأمان والخصوصية,التحقق من authentication وauthorization على الخادم؛ إخفاء الزر ليس حماية.,VVIP_TIGER_Global_Implementation_Specification_AR_v2.docx,G07-01 — رحلة Onboarding
REQ-00648,G07-01,الأمان والخصوصية,عدم تسجيل token/secret/payment data/private message أو PII غير لازم.,VVIP_TIGER_Global_Implementation_Specification_AR_v2.docx,G07-01 — رحلة Onboarding
REQ-00649,G07-01,الأمان والخصوصية,تطبيق least privilege وdeny by default وrate limit وaudit على العمليات الحساسة.,VVIP_TIGER_Global_Implementation_Specification_AR_v2.docx,G07-01 — رحلة Onboarding
REQ-00650,G07-01,الأمان والخصوصية,تحديد retention والحذف والتصدير والوصول الإداري إن كانت المهمة تعالج بيانات شخصية.,VVIP_TIGER_Global_Implementation_Specification_AR_v2.docx,G07-01 — رحلة Onboarding
REQ-00651,G07-01,اختبارات QA المطلوبة,Happy path كامل ببيانات واقعية في Staging.,VVIP_TIGER_Global_Implementation_Specification_AR_v2.docx,G07-01 — رحلة Onboarding
REQ-00652,G07-01,اختبارات QA المطلوبة,مدخلات ناقصة وخاطئة وحدود الحجم والعدد والحالة.,VVIP_TIGER_Global_Implementation_Specification_AR_v2.docx,G07-01 — رحلة Onboarding
REQ-00653,G07-01,اختبارات QA المطلوبة,انقطاع الشبكة، retry، duplicate request، refresh وعودة من جهاز آخر عند انطباقها.,VVIP_TIGER_Global_Implementation_Specification_AR_v2.docx,G07-01 — رحلة Onboarding
REQ-00654,G07-01,اختبارات QA المطلوبة,مستخدم A مقابل مستخدم B، وزائر، ودور إداري محدود.,VVIP_TIGER_Global_Implementation_Specification_AR_v2.docx,G07-01 — رحلة Onboarding
REQ-00655,G07-01,اختبارات QA المطلوبة,العربية/الإنجليزية، RTL/LTR، هاتف متوسط، Chrome/Safari/Firefox للواجهات المتأثرة.,VVIP_TIGER_Global_Implementation_Specification_AR_v2.docx,G07-01 — رحلة Onboarding
REQ-00656,G07-01,اختبارات QA المطلوبة,Regression آلي يمنع عودة السبب بعد الدمج.,VVIP_TIGER_Global_Implementation_Specification_AR_v2.docx,G07-01 — رحلة Onboarding
REQ-00657,G07-01,قبول: معيار القبول الرئيسي,إكمال الرحلة وإعادة الدخول دون فقدان التقدم.,VVIP_TIGER_Global_Implementation_Specification_AR_v2.docx,G07-01 — رحلة Onboarding
REQ-00658,G07-01,قبول: معايير إضافية,CI أخضر؛ لا خطأ حرج؛ صلاحيات مختبرة؛ Staging يعمل؛ الأداء ضمن الميزانية؛ النصوص مترجمة.,VVIP_TIGER_Global_Implementation_Specification_AR_v2.docx,G07-01 — رحلة Onboarding
REQ-00659,G07-01,قبول: المخرجات,كود + tests + migration/policy إن لزم + API/schema docs + screenshots/log evidence + release/rollback notes.,VVIP_TIGER_Global_Implementation_Specification_AR_v2.docx,G07-01 — رحلة Onboarding
REQ-00660,G07-01,قبول: تعريف الاكتمال,Code review، QA sign-off، Security sign-off بحسب الخطر، Product acceptance، تحديث Decision/Change Log.,VVIP_TIGER_Global_Implementation_Specification_AR_v2.docx,G07-01 — رحلة Onboarding
REQ-00661,G07-01,قبول: الخطر,تنفيذ الواجهة قبل عقد البيانات أو الصلاحيات يؤدي إلى إعادة بناء أو تسريب.,VVIP_TIGER_Global_Implementation_Specification_AR_v2.docx,G07-01 — رحلة Onboarding
REQ-00662,G07-01,قبول: التراجع,Feature Flag وإيقاف endpoint/job، ثم rollback migration الآمن أو forward-fix مع حفظ البيانات.,VVIP_TIGER_Global_Implementation_Specification_AR_v2.docx,G07-01 — رحلة Onboarding
REQ-00663,G07-02,عمل المبرمج خطوة بخطوة,1. إنشاء account_type وverification_status ومرفقات آمنة وسير مراجعة.,VVIP_TIGER_Global_Implementation_Specification_AR_v2.docx,G07-02 — أنواع الحسابات والتحقق
REQ-00664,G07-02,عمل المبرمج خطوة بخطوة,2. حفظ تقدم onboarding وإتاحة الاستكمال من جهاز آخر.,VVIP_TIGER_Global_Implementation_Specification_AR_v2.docx,G07-02 — أنواع الحسابات والتحقق
REQ-00665,G07-02,عمل المبرمج خطوة بخطوة,3. فصل public profile عن private account data.,VVIP_TIGER_Global_Implementation_Specification_AR_v2.docx,G07-02 — أنواع الحسابات والتحقق
REQ-00666,G07-02,عمل المبرمج خطوة بخطوة,4. تطبيق تحقق تدريجي ورسائل خطأ محلية وواضحة.,VVIP_TIGER_Global_Implementation_Specification_AR_v2.docx,G07-02 — أنواع الحسابات والتحقق
REQ-00667,G07-02,عمل المبرمج خطوة بخطوة,5. تعريف API contract وحالات الخطأ والـrate limit قبل دمج الواجهة.,VVIP_TIGER_Global_Implementation_Specification_AR_v2.docx,G07-02 — أنواع الحسابات والتحقق
REQ-00668,G07-02,عمل المبرمج خطوة بخطوة,6. إضافة unit/integration/E2E أو security tests بحسب حدود المهمة، وربطها بـCI.,VVIP_TIGER_Global_Implementation_Specification_AR_v2.docx,G07-02 — أنواع الحسابات والتحقق
REQ-00669,G07-02,عمل المبرمج خطوة بخطوة,7. نشرها خلف Feature Flag على Staging، جمع الدليل، ثم إعداد rollback أو forward-fix.,VVIP_TIGER_Global_Implementation_Specification_AR_v2.docx,G07-02 — أنواع الحسابات والتحقق
REQ-00670,G07-02,ما يجب أن يبنيه أو يعدله,وحدة المجال `accounts`: entities/value objects/state rules من دون اعتماد مباشر على الواجهة أو المورد.,VVIP_TIGER_Global_Implementation_Specification_AR_v2.docx,G07-02 — أنواع الحسابات والتحقق
REQ-00671,G07-02,ما يجب أن يبنيه أو يعدله,طبقة application: use cases وخدمات تحقق ورسائل خطأ ثابتة ومترجمة.,VVIP_TIGER_Global_Implementation_Specification_AR_v2.docx,G07-02 — أنواع الحسابات والتحقق
REQ-00672,G07-02,ما يجب أن يبنيه أو يعدله,طبقة infrastructure: database/repository/provider adapter مع timeout/retry/idempotency عند الحاجة.,VVIP_TIGER_Global_Implementation_Specification_AR_v2.docx,G07-02 — أنواع الحسابات والتحقق
REQ-00673,G07-02,ما يجب أن يبنيه أو يعدله,طبقة الواجهة: حالات loading/empty/error/forbidden/offline/success والهاتف وRTL/LTR.,VVIP_TIGER_Global_Implementation_Specification_AR_v2.docx,G07-02 — أنواع الحسابات والتحقق
REQ-00674,G07-02,ما يجب أن يبنيه أو يعدله,Schema/migration/index/policy عند وجود بيانات، مع forward migration وخطة rollback أو forward-fix.,VVIP_TIGER_Global_Implementation_Specification_AR_v2.docx,G07-02 — أنواع الحسابات والتحقق
REQ-00675,G07-02,ما يجب أن يبنيه أو يعدله,اختبارات وتسميات واضحة وربط كل حالة بمعيار قبول أو خطر.,VVIP_TIGER_Global_Implementation_Specification_AR_v2.docx,G07-02 — أنواع الحسابات والتحقق
REQ-00676,G07-02,الأمان والخصوصية,التحقق من authentication وauthorization على الخادم؛ إخفاء الزر ليس حماية.,VVIP_TIGER_Global_Implementation_Specification_AR_v2.docx,G07-02 — أنواع الحسابات والتحقق
REQ-00677,G07-02,الأمان والخصوصية,عدم تسجيل token/secret/payment data/private message أو PII غير لازم.,VVIP_TIGER_Global_Implementation_Specification_AR_v2.docx,G07-02 — أنواع الحسابات والتحقق
REQ-00678,G07-02,الأمان والخصوصية,تطبيق least privilege وdeny by default وrate limit وaudit على العمليات الحساسة.,VVIP_TIGER_Global_Implementation_Specification_AR_v2.docx,G07-02 — أنواع الحسابات والتحقق
REQ-00679,G07-02,الأمان والخصوصية,تحديد retention والحذف والتصدير والوصول الإداري إن كانت المهمة تعالج بيانات شخصية.,VVIP_TIGER_Global_Implementation_Specification_AR_v2.docx,G07-02 — أنواع الحسابات والتحقق
REQ-00680,G07-02,اختبارات QA المطلوبة,Happy path كامل ببيانات واقعية في Staging.,VVIP_TIGER_Global_Implementation_Specification_AR_v2.docx,G07-02 — أنواع الحسابات والتحقق
REQ-00681,G07-02,اختبارات QA المطلوبة,مدخلات ناقصة وخاطئة وحدود الحجم والعدد والحالة.,VVIP_TIGER_Global_Implementation_Specification_AR_v2.docx,G07-02 — أنواع الحسابات والتحقق
REQ-00682,G07-02,اختبارات QA المطلوبة,انقطاع الشبكة، retry، duplicate request، refresh وعودة من جهاز آخر عند انطباقها.,VVIP_TIGER_Global_Implementation_Specification_AR_v2.docx,G07-02 — أنواع الحسابات والتحقق
REQ-00683,G07-02,اختبارات QA المطلوبة,مستخدم A مقابل مستخدم B، وزائر، ودور إداري محدود.,VVIP_TIGER_Global_Implementation_Specification_AR_v2.docx,G07-02 — أنواع الحسابات والتحقق
REQ-00684,G07-02,اختبارات QA المطلوبة,العربية/الإنجليزية، RTL/LTR، هاتف متوسط، Chrome/Safari/Firefox للواجهات المتأثرة.,VVIP_TIGER_Global_Implementation_Specification_AR_v2.docx,G07-02 — أنواع الحسابات والتحقق
REQ-00685,G07-02,اختبارات QA المطلوبة,Regression آلي يمنع عودة السبب بعد الدمج.,VVIP_TIGER_Global_Implementation_Specification_AR_v2.docx,G07-02 — أنواع الحسابات والتحقق
REQ-00686,G07-02,قبول: معيار القبول الرئيسي,لا يمنح الدور بمجرد تعديل الواجهة.,VVIP_TIGER_Global_Implementation_Specification_AR_v2.docx,G07-02 — أنواع الحسابات والتحقق
REQ-00687,G07-02,قبول: معايير إضافية,CI أخضر؛ لا خطأ حرج؛ صلاحيات مختبرة؛ Staging يعمل؛ الأداء ضمن الميزانية؛ النصوص مترجمة.,VVIP_TIGER_Global_Implementation_Specification_AR_v2.docx,G07-02 — أنواع الحسابات والتحقق
REQ-00688,G07-02,قبول: المخرجات,كود + tests + migration/policy إن لزم + API/schema docs + screenshots/log evidence + release/rollback notes.,VVIP_TIGER_Global_Implementation_Specification_AR_v2.docx,G07-02 — أنواع الحسابات والتحقق
REQ-00689,G07-02,قبول: تعريف الاكتمال,Code review، QA sign-off، Security sign-off بحسب الخطر، Product acceptance، تحديث Decision/Change Log.,VVIP_TIGER_Global_Implementation_Specification_AR_v2.docx,G07-02 — أنواع الحسابات والتحقق
REQ-00690,G07-02,قبول: الخطر,تنفيذ الواجهة قبل عقد البيانات أو الصلاحيات يؤدي إلى إعادة بناء أو تسريب.,VVIP_TIGER_Global_Implementation_Specification_AR_v2.docx,G07-02 — أنواع الحسابات والتحقق
REQ-00691,G07-02,قبول: التراجع,Feature Flag وإيقاف endpoint/job، ثم rollback migration الآمن أو forward-fix مع حفظ البيانات.,VVIP_TIGER_Global_Implementation_Specification_AR_v2.docx,G07-02 — أنواع الحسابات والتحقق
REQ-00692,G07-03,عمل المبرمج خطوة بخطوة,1. بناء export job، deletion workflow، grace period، anonymization وaudit.,VVIP_TIGER_Global_Implementation_Specification_AR_v2.docx,G07-03 — إدارة الخصوصية والحذف والتصدير
REQ-00693,G07-03,عمل المبرمج خطوة بخطوة,2. إنشاء actor/action/resource/before/after/correlation_id.,VVIP_TIGER_Global_Implementation_Specification_AR_v2.docx,G07-03 — إدارة الخصوصية والحذف والتصدير
REQ-00694,G07-03,عمل المبرمج خطوة بخطوة,3. منع update/delete للتدقيق من أدوار التطبيق.,VVIP_TIGER_Global_Implementation_Specification_AR_v2.docx,G07-03 — إدارة الخصوصية والحذف والتصدير
REQ-00695,G07-03,عمل المبرمج خطوة بخطوة,4. تحديد redaction وretention وصلاحية التصدير.,VVIP_TIGER_Global_Implementation_Specification_AR_v2.docx,G07-03 — إدارة الخصوصية والحذف والتصدير
REQ-00696,G07-03,عمل المبرمج خطوة بخطوة,5. حفظ تقدم onboarding وإتاحة الاستكمال من جهاز آخر.,VVIP_TIGER_Global_Implementation_Specification_AR_v2.docx,G07-03 — إدارة الخصوصية والحذف والتصدير
REQ-00697,G07-03,عمل المبرمج خطوة بخطوة,6. فصل public profile عن private account data.,VVIP_TIGER_Global_Implementation_Specification_AR_v2.docx,G07-03 — إدارة الخصوصية والحذف والتصدير
REQ-00698,G07-03,عمل المبرمج خطوة بخطوة,7. تطبيق تحقق تدريجي ورسائل خطأ محلية وواضحة.,VVIP_TIGER_Global_Implementation_Specification_AR_v2.docx,G07-03 — إدارة الخصوصية والحذف والتصدير
REQ-00699,G07-03,عمل المبرمج خطوة بخطوة,8. تعريف API contract وحالات الخطأ والـrate limit قبل دمج الواجهة.,VVIP_TIGER_Global_Implementation_Specification_AR_v2.docx,G07-03 — إدارة الخصوصية والحذف والتصدير
REQ-00700,G07-03,عمل المبرمج خطوة بخطوة,9. إضافة unit/integration/E2E أو security tests بحسب حدود المهمة، وربطها بـCI.,VVIP_TIGER_Global_Implementation_Specification_AR_v2.docx,G07-03 — إدارة الخصوصية والحذف والتصدير
REQ-00701,G07-03,عمل المبرمج خطوة بخطوة,10. نشرها خلف Feature Flag على Staging، جمع الدليل، ثم إعداد rollback أو forward-fix.,VVIP_TIGER_Global_Implementation_Specification_AR_v2.docx,G07-03 — إدارة الخصوصية والحذف والتصدير
REQ-00702,G07-03,ما يجب أن يبنيه أو يعدله,وحدة المجال `accounts`: entities/value objects/state rules من دون اعتماد مباشر على الواجهة أو المورد.,VVIP_TIGER_Global_Implementation_Specification_AR_v2.docx,G07-03 — إدارة الخصوصية والحذف والتصدير
REQ-00703,G07-03,ما يجب أن يبنيه أو يعدله,طبقة application: use cases وخدمات تحقق ورسائل خطأ ثابتة ومترجمة.,VVIP_TIGER_Global_Implementation_Specification_AR_v2.docx,G07-03 — إدارة الخصوصية والحذف والتصدير
REQ-00704,G07-03,ما يجب أن يبنيه أو يعدله,طبقة infrastructure: database/repository/provider adapter مع timeout/retry/idempotency عند الحاجة.,VVIP_TIGER_Global_Implementation_Specification_AR_v2.docx,G07-03 — إدارة الخصوصية والحذف والتصدير
REQ-00705,G07-03,ما يجب أن يبنيه أو يعدله,طبقة الواجهة: حالات loading/empty/error/forbidden/offline/success والهاتف وRTL/LTR.,VVIP_TIGER_Global_Implementation_Specification_AR_v2.docx,G07-03 — إدارة الخصوصية والحذف والتصدير
REQ-00706,G07-03,ما يجب أن يبنيه أو يعدله,Schema/migration/index/policy عند وجود بيانات، مع forward migration وخطة rollback أو forward-fix.,VVIP_TIGER_Global_Implementation_Specification_AR_v2.docx,G07-03 — إدارة الخصوصية والحذف والتصدير
REQ-00707,G07-03,ما يجب أن يبنيه أو يعدله,اختبارات وتسميات واضحة وربط كل حالة بمعيار قبول أو خطر.,VVIP_TIGER_Global_Implementation_Specification_AR_v2.docx,G07-03 — إدارة الخصوصية والحذف والتصدير
REQ-00708,G07-03,الأمان والخصوصية,التحقق من authentication وauthorization على الخادم؛ إخفاء الزر ليس حماية.,VVIP_TIGER_Global_Implementation_Specification_AR_v2.docx,G07-03 — إدارة الخصوصية والحذف والتصدير
REQ-00709,G07-03,الأمان والخصوصية,عدم تسجيل token/secret/payment data/private message أو PII غير لازم.,VVIP_TIGER_Global_Implementation_Specification_AR_v2.docx,G07-03 — إدارة الخصوصية والحذف والتصدير
REQ-00710,G07-03,الأمان والخصوصية,تطبيق least privilege وdeny by default وrate limit وaudit على العمليات الحساسة.,VVIP_TIGER_Global_Implementation_Specification_AR_v2.docx,G07-03 — إدارة الخصوصية والحذف والتصدير
REQ-00711,G07-03,الأمان والخصوصية,تحديد retention والحذف والتصدير والوصول الإداري إن كانت المهمة تعالج بيانات شخصية.,VVIP_TIGER_Global_Implementation_Specification_AR_v2.docx,G07-03 — إدارة الخصوصية والحذف والتصدير
REQ-00712,G07-03,اختبارات QA المطلوبة,Happy path كامل ببيانات واقعية في Staging.,VVIP_TIGER_Global_Implementation_Specification_AR_v2.docx,G07-03 — إدارة الخصوصية والحذف والتصدير
REQ-00713,G07-03,اختبارات QA المطلوبة,مدخلات ناقصة وخاطئة وحدود الحجم والعدد والحالة.,VVIP_TIGER_Global_Implementation_Specification_AR_v2.docx,G07-03 — إدارة الخصوصية والحذف والتصدير
REQ-00714,G07-03,اختبارات QA المطلوبة,انقطاع الشبكة، retry، duplicate request، refresh وعودة من جهاز آخر عند انطباقها.,VVIP_TIGER_Global_Implementation_Specification_AR_v2.docx,G07-03 — إدارة الخصوصية والحذف والتصدير
REQ-00715,G07-03,اختبارات QA المطلوبة,مستخدم A مقابل مستخدم B، وزائر، ودور إداري محدود.,VVIP_TIGER_Global_Implementation_Specification_AR_v2.docx,G07-03 — إدارة الخصوصية والحذف والتصدير
REQ-00716,G07-03,اختبارات QA المطلوبة,العربية/الإنجليزية، RTL/LTR، هاتف متوسط، Chrome/Safari/Firefox للواجهات المتأثرة.,VVIP_TIGER_Global_Implementation_Specification_AR_v2.docx,G07-03 — إدارة الخصوصية والحذف والتصدير
REQ-00717,G07-03,اختبارات QA المطلوبة,Regression آلي يمنع عودة السبب بعد الدمج.,VVIP_TIGER_Global_Implementation_Specification_AR_v2.docx,G07-03 — إدارة الخصوصية والحذف والتصدير
REQ-00718,G07-03,قبول: معيار القبول الرئيسي,طلب التصدير والحذف يعملان end-to-end.,VVIP_TIGER_Global_Implementation_Specification_AR_v2.docx,G07-03 — إدارة الخصوصية والحذف والتصدير
REQ-00719,G07-03,قبول: معايير إضافية,CI أخضر؛ لا خطأ حرج؛ صلاحيات مختبرة؛ Staging يعمل؛ الأداء ضمن الميزانية؛ النصوص مترجمة.,VVIP_TIGER_Global_Implementation_Specification_AR_v2.docx,G07-03 — إدارة الخصوصية والحذف والتصدير
REQ-00720,G07-03,قبول: المخرجات,كود + tests + migration/policy إن لزم + API/schema docs + screenshots/log evidence + release/rollback notes.,VVIP_TIGER_Global_Implementation_Specification_AR_v2.docx,G07-03 — إدارة الخصوصية والحذف والتصدير
REQ-00721,G07-03,قبول: تعريف الاكتمال,Code review، QA sign-off، Security sign-off بحسب الخطر، Product acceptance، تحديث Decision/Change Log.,VVIP_TIGER_Global_Implementation_Specification_AR_v2.docx,G07-03 — إدارة الخصوصية والحذف والتصدير
REQ-00722,G07-03,قبول: الخطر,تنفيذ الواجهة قبل عقد البيانات أو الصلاحيات يؤدي إلى إعادة بناء أو تسريب.,VVIP_TIGER_Global_Implementation_Specification_AR_v2.docx,G07-03 — إدارة الخصوصية والحذف والتصدير
REQ-00723,G07-03,قبول: التراجع,Feature Flag وإيقاف endpoint/job، ثم rollback migration الآمن أو forward-fix مع حفظ البيانات.,VVIP_TIGER_Global_Implementation_Specification_AR_v2.docx,G07-03 — إدارة الخصوصية والحذف والتصدير
REQ-00724,G08-01,عمل المبرمج خطوة بخطوة,1. إنشاء sector/category tables وترتيب وترجمة وحالات نشر.,VVIP_TIGER_Global_Implementation_Specification_AR_v2.docx,G08-01 — تعريف القطاعات والفئات
REQ-00725,G08-01,عمل المبرمج خطوة بخطوة,2. تخزين تعريفات الحقول بإصدارات حتى لا تتغير الإعلانات القديمة.,VVIP_TIGER_Global_Implementation_Specification_AR_v2.docx,G08-01 — تعريف القطاعات والفئات
REQ-00726,G08-01,عمل المبرمج خطوة بخطوة,3. تطبيق validation على الخادم والعميل من مصدر schema واحد.,VVIP_TIGER_Global_Implementation_Specification_AR_v2.docx,G08-01 — تعريف القطاعات والفئات
REQ-00727,G08-01,عمل المبرمج خطوة بخطوة,4. إضافة معاينة للإدارة قبل نشر تغييرات taxonomy.,VVIP_TIGER_Global_Implementation_Specification_AR_v2.docx,G08-01 — تعريف القطاعات والفئات
REQ-00728,G08-01,عمل المبرمج خطوة بخطوة,5. تعريف API contract وحالات الخطأ والـrate limit قبل دمج الواجهة.,VVIP_TIGER_Global_Implementation_Specification_AR_v2.docx,G08-01 — تعريف القطاعات والفئات
REQ-00729,G08-01,عمل المبرمج خطوة بخطوة,6. إضافة unit/integration/E2E أو security tests بحسب حدود المهمة، وربطها بـCI.,VVIP_TIGER_Global_Implementation_Specification_AR_v2.docx,G08-01 — تعريف القطاعات والفئات
REQ-00730,G08-01,عمل المبرمج خطوة بخطوة,7. نشرها خلف Feature Flag على Staging، جمع الدليل، ثم إعداد rollback أو forward-fix.,VVIP_TIGER_Global_Implementation_Specification_AR_v2.docx,G08-01 — تعريف القطاعات والفئات
REQ-00731,G08-01,ما يجب أن يبنيه أو يعدله,وحدة المجال `taxonomy`: entities/value objects/state rules من دون اعتماد مباشر على الواجهة أو المورد.,VVIP_TIGER_Global_Implementation_Specification_AR_v2.docx,G08-01 — تعريف القطاعات والفئات
REQ-00732,G08-01,ما يجب أن يبنيه أو يعدله,طبقة application: use cases وخدمات تحقق ورسائل خطأ ثابتة ومترجمة.,VVIP_TIGER_Global_Implementation_Specification_AR_v2.docx,G08-01 — تعريف القطاعات والفئات
REQ-00733,G08-01,ما يجب أن يبنيه أو يعدله,طبقة infrastructure: database/repository/provider adapter مع timeout/retry/idempotency عند الحاجة.,VVIP_TIGER_Global_Implementation_Specification_AR_v2.docx,G08-01 — تعريف القطاعات والفئات
REQ-00734,G08-01,ما يجب أن يبنيه أو يعدله,طبقة الواجهة: حالات loading/empty/error/forbidden/offline/success والهاتف وRTL/LTR.,VVIP_TIGER_Global_Implementation_Specification_AR_v2.docx,G08-01 — تعريف القطاعات والفئات
REQ-00735,G08-01,ما يجب أن يبنيه أو يعدله,Schema/migration/index/policy عند وجود بيانات، مع forward migration وخطة rollback أو forward-fix.,VVIP_TIGER_Global_Implementation_Specification_AR_v2.docx,G08-01 — تعريف القطاعات والفئات
REQ-00736,G08-01,ما يجب أن يبنيه أو يعدله,اختبارات وتسميات واضحة وربط كل حالة بمعيار قبول أو خطر.,VVIP_TIGER_Global_Implementation_Specification_AR_v2.docx,G08-01 — تعريف القطاعات والفئات
REQ-00737,G08-01,الأمان والخصوصية,التحقق من authentication وauthorization على الخادم؛ إخفاء الزر ليس حماية.,VVIP_TIGER_Global_Implementation_Specification_AR_v2.docx,G08-01 — تعريف القطاعات والفئات
REQ-00738,G08-01,الأمان والخصوصية,عدم تسجيل token/secret/payment data/private message أو PII غير لازم.,VVIP_TIGER_Global_Implementation_Specification_AR_v2.docx,G08-01 — تعريف القطاعات والفئات
REQ-00739,G08-01,الأمان والخصوصية,تطبيق least privilege وdeny by default وrate limit وaudit على العمليات الحساسة.,VVIP_TIGER_Global_Implementation_Specification_AR_v2.docx,G08-01 — تعريف القطاعات والفئات
REQ-00740,G08-01,الأمان والخصوصية,تحديد retention والحذف والتصدير والوصول الإداري إن كانت المهمة تعالج بيانات شخصية.,VVIP_TIGER_Global_Implementation_Specification_AR_v2.docx,G08-01 — تعريف القطاعات والفئات
REQ-00741,G08-01,اختبارات QA المطلوبة,Happy path كامل ببيانات واقعية في Staging.,VVIP_TIGER_Global_Implementation_Specification_AR_v2.docx,G08-01 — تعريف القطاعات والفئات
REQ-00742,G08-01,اختبارات QA المطلوبة,مدخلات ناقصة وخاطئة وحدود الحجم والعدد والحالة.,VVIP_TIGER_Global_Implementation_Specification_AR_v2.docx,G08-01 — تعريف القطاعات والفئات
REQ-00743,G08-01,اختبارات QA المطلوبة,انقطاع الشبكة، retry، duplicate request، refresh وعودة من جهاز آخر عند انطباقها.,VVIP_TIGER_Global_Implementation_Specification_AR_v2.docx,G08-01 — تعريف القطاعات والفئات
REQ-00744,G08-01,اختبارات QA المطلوبة,مستخدم A مقابل مستخدم B، وزائر، ودور إداري محدود.,VVIP_TIGER_Global_Implementation_Specification_AR_v2.docx,G08-01 — تعريف القطاعات والفئات
REQ-00745,G08-01,اختبارات QA المطلوبة,العربية/الإنجليزية، RTL/LTR، هاتف متوسط، Chrome/Safari/Firefox للواجهات المتأثرة.,VVIP_TIGER_Global_Implementation_Specification_AR_v2.docx,G08-01 — تعريف القطاعات والفئات
REQ-00746,G08-01,اختبارات QA المطلوبة,Regression آلي يمنع عودة السبب بعد الدمج.,VVIP_TIGER_Global_Implementation_Specification_AR_v2.docx,G08-01 — تعريف القطاعات والفئات
REQ-00747,G08-01,قبول: معيار القبول الرئيسي,يمكن إنشاء فئة من الإدارة وظهورها وفق الصلاحية.,VVIP_TIGER_Global_Implementation_Specification_AR_v2.docx,G08-01 — تعريف القطاعات والفئات
REQ-00748,G08-01,قبول: معايير إضافية,CI أخضر؛ لا خطأ حرج؛ صلاحيات مختبرة؛ Staging يعمل؛ الأداء ضمن الميزانية؛ النصوص مترجمة.,VVIP_TIGER_Global_Implementation_Specification_AR_v2.docx,G08-01 — تعريف القطاعات والفئات
REQ-00749,G08-01,قبول: المخرجات,كود + tests + migration/policy إن لزم + API/schema docs + screenshots/log evidence + release/rollback notes.,VVIP_TIGER_Global_Implementation_Specification_AR_v2.docx,G08-01 — تعريف القطاعات والفئات
REQ-00750,G08-01,قبول: تعريف الاكتمال,Code review، QA sign-off، Security sign-off بحسب الخطر، Product acceptance، تحديث Decision/Change Log.,VVIP_TIGER_Global_Implementation_Specification_AR_v2.docx,G08-01 — تعريف القطاعات والفئات
REQ-00751,G08-01,قبول: الخطر,تنفيذ الواجهة قبل عقد البيانات أو الصلاحيات يؤدي إلى إعادة بناء أو تسريب.,VVIP_TIGER_Global_Implementation_Specification_AR_v2.docx,G08-01 — تعريف القطاعات والفئات
REQ-00752,G08-01,قبول: التراجع,Feature Flag وإيقاف endpoint/job، ثم rollback migration الآمن أو forward-fix مع حفظ البيانات.,VVIP_TIGER_Global_Implementation_Specification_AR_v2.docx,G08-01 — تعريف القطاعات والفئات
REQ-00753,G08-02,عمل المبرمج خطوة بخطوة,1. إنشاء field_definition وoption sets وvalidation schema renderer.,VVIP_TIGER_Global_Implementation_Specification_AR_v2.docx,G08-02 — الحقول الديناميكية
REQ-00754,G08-02,عمل المبرمج خطوة بخطوة,2. تخزين تعريفات الحقول بإصدارات حتى لا تتغير الإعلانات القديمة.,VVIP_TIGER_Global_Implementation_Specification_AR_v2.docx,G08-02 — الحقول الديناميكية
REQ-00755,G08-02,عمل المبرمج خطوة بخطوة,3. تطبيق validation على الخادم والعميل من مصدر schema واحد.,VVIP_TIGER_Global_Implementation_Specification_AR_v2.docx,G08-02 — الحقول الديناميكية
REQ-00756,G08-02,عمل المبرمج خطوة بخطوة,4. إضافة معاينة للإدارة قبل نشر تغييرات taxonomy.,VVIP_TIGER_Global_Implementation_Specification_AR_v2.docx,G08-02 — الحقول الديناميكية
REQ-00757,G08-02,عمل المبرمج خطوة بخطوة,5. تعريف API contract وحالات الخطأ والـrate limit قبل دمج الواجهة.,VVIP_TIGER_Global_Implementation_Specification_AR_v2.docx,G08-02 — الحقول الديناميكية
REQ-00758,G08-02,عمل المبرمج خطوة بخطوة,6. إضافة unit/integration/E2E أو security tests بحسب حدود المهمة، وربطها بـCI.,VVIP_TIGER_Global_Implementation_Specification_AR_v2.docx,G08-02 — الحقول الديناميكية
REQ-00759,G08-02,عمل المبرمج خطوة بخطوة,7. نشرها خلف Feature Flag على Staging، جمع الدليل، ثم إعداد rollback أو forward-fix.,VVIP_TIGER_Global_Implementation_Specification_AR_v2.docx,G08-02 — الحقول الديناميكية
REQ-00760,G08-02,ما يجب أن يبنيه أو يعدله,وحدة المجال `taxonomy`: entities/value objects/state rules من دون اعتماد مباشر على الواجهة أو المورد.,VVIP_TIGER_Global_Implementation_Specification_AR_v2.docx,G08-02 — الحقول الديناميكية
REQ-00761,G08-02,ما يجب أن يبنيه أو يعدله,طبقة application: use cases وخدمات تحقق ورسائل خطأ ثابتة ومترجمة.,VVIP_TIGER_Global_Implementation_Specification_AR_v2.docx,G08-02 — الحقول الديناميكية
REQ-00762,G08-02,ما يجب أن يبنيه أو يعدله,طبقة infrastructure: database/repository/provider adapter مع timeout/retry/idempotency عند الحاجة.,VVIP_TIGER_Global_Implementation_Specification_AR_v2.docx,G08-02 — الحقول الديناميكية
REQ-00763,G08-02,ما يجب أن يبنيه أو يعدله,طبقة الواجهة: حالات loading/empty/error/forbidden/offline/success والهاتف وRTL/LTR.,VVIP_TIGER_Global_Implementation_Specification_AR_v2.docx,G08-02 — الحقول الديناميكية
REQ-00764,G08-02,ما يجب أن يبنيه أو يعدله,Schema/migration/index/policy عند وجود بيانات، مع forward migration وخطة rollback أو forward-fix.,VVIP_TIGER_Global_Implementation_Specification_AR_v2.docx,G08-02 — الحقول الديناميكية
REQ-00765,G08-02,ما يجب أن يبنيه أو يعدله,اختبارات وتسميات واضحة وربط كل حالة بمعيار قبول أو خطر.,VVIP_TIGER_Global_Implementation_Specification_AR_v2.docx,G08-02 — الحقول الديناميكية
REQ-00766,G08-02,الأمان والخصوصية,التحقق من authentication وauthorization على الخادم؛ إخفاء الزر ليس حماية.,VVIP_TIGER_Global_Implementation_Specification_AR_v2.docx,G08-02 — الحقول الديناميكية
REQ-00767,G08-02,الأمان والخصوصية,عدم تسجيل token/secret/payment data/private message أو PII غير لازم.,VVIP_TIGER_Global_Implementation_Specification_AR_v2.docx,G08-02 — الحقول الديناميكية
REQ-00768,G08-02,الأمان والخصوصية,تطبيق least privilege وdeny by default وrate limit وaudit على العمليات الحساسة.,VVIP_TIGER_Global_Implementation_Specification_AR_v2.docx,G08-02 — الحقول الديناميكية
REQ-00769,G08-02,الأمان والخصوصية,تحديد retention والحذف والتصدير والوصول الإداري إن كانت المهمة تعالج بيانات شخصية.,VVIP_TIGER_Global_Implementation_Specification_AR_v2.docx,G08-02 — الحقول الديناميكية
REQ-00770,G08-02,اختبارات QA المطلوبة,Happy path كامل ببيانات واقعية في Staging.,VVIP_TIGER_Global_Implementation_Specification_AR_v2.docx,G08-02 — الحقول الديناميكية
REQ-00771,G08-02,اختبارات QA المطلوبة,مدخلات ناقصة وخاطئة وحدود الحجم والعدد والحالة.,VVIP_TIGER_Global_Implementation_Specification_AR_v2.docx,G08-02 — الحقول الديناميكية
REQ-00772,G08-02,اختبارات QA المطلوبة,انقطاع الشبكة، retry، duplicate request، refresh وعودة من جهاز آخر عند انطباقها.,VVIP_TIGER_Global_Implementation_Specification_AR_v2.docx,G08-02 — الحقول الديناميكية
REQ-00773,G08-02,اختبارات QA المطلوبة,مستخدم A مقابل مستخدم B، وزائر، ودور إداري محدود.,VVIP_TIGER_Global_Implementation_Specification_AR_v2.docx,G08-02 — الحقول الديناميكية
REQ-00774,G08-02,اختبارات QA المطلوبة,العربية/الإنجليزية، RTL/LTR، هاتف متوسط، Chrome/Safari/Firefox للواجهات المتأثرة.,VVIP_TIGER_Global_Implementation_Specification_AR_v2.docx,G08-02 — الحقول الديناميكية
REQ-00775,G08-02,اختبارات QA المطلوبة,Regression آلي يمنع عودة السبب بعد الدمج.,VVIP_TIGER_Global_Implementation_Specification_AR_v2.docx,G08-02 — الحقول الديناميكية
REQ-00776,G08-02,قبول: معيار القبول الرئيسي,تغيير الحقل من الإدارة ينعكس بأمان.,VVIP_TIGER_Global_Implementation_Specification_AR_v2.docx,G08-02 — الحقول الديناميكية
REQ-00777,G08-02,قبول: معايير إضافية,CI أخضر؛ لا خطأ حرج؛ صلاحيات مختبرة؛ Staging يعمل؛ الأداء ضمن الميزانية؛ النصوص مترجمة.,VVIP_TIGER_Global_Implementation_Specification_AR_v2.docx,G08-02 — الحقول الديناميكية
REQ-00778,G08-02,قبول: المخرجات,كود + tests + migration/policy إن لزم + API/schema docs + screenshots/log evidence + release/rollback notes.,VVIP_TIGER_Global_Implementation_Specification_AR_v2.docx,G08-02 — الحقول الديناميكية
REQ-00779,G08-02,قبول: تعريف الاكتمال,Code review، QA sign-off، Security sign-off بحسب الخطر، Product acceptance، تحديث Decision/Change Log.,VVIP_TIGER_Global_Implementation_Specification_AR_v2.docx,G08-02 — الحقول الديناميكية
REQ-00780,G08-02,قبول: الخطر,تنفيذ الواجهة قبل عقد البيانات أو الصلاحيات يؤدي إلى إعادة بناء أو تسريب.,VVIP_TIGER_Global_Implementation_Specification_AR_v2.docx,G08-02 — الحقول الديناميكية
REQ-00781,G08-02,قبول: التراجع,Feature Flag وإيقاف endpoint/job، ثم rollback migration الآمن أو forward-fix مع حفظ البيانات.,VVIP_TIGER_Global_Implementation_Specification_AR_v2.docx,G08-02 — الحقول الديناميكية
REQ-00782,G08-03,عمل المبرمج خطوة بخطوة,1. إضافة publishing_entitlements وفحوص server-side.,VVIP_TIGER_Global_Implementation_Specification_AR_v2.docx,G08-03 — صلاحيات النشر القطاعية
REQ-00783,G08-03,عمل المبرمج خطوة بخطوة,2. تخزين تعريفات الحقول بإصدارات حتى لا تتغير الإعلانات القديمة.,VVIP_TIGER_Global_Implementation_Specification_AR_v2.docx,G08-03 — صلاحيات النشر القطاعية
REQ-00784,G08-03,عمل المبرمج خطوة بخطوة,3. تطبيق validation على الخادم والعميل من مصدر schema واحد.,VVIP_TIGER_Global_Implementation_Specification_AR_v2.docx,G08-03 — صلاحيات النشر القطاعية
REQ-00785,G08-03,عمل المبرمج خطوة بخطوة,4. إضافة معاينة للإدارة قبل نشر تغييرات taxonomy.,VVIP_TIGER_Global_Implementation_Specification_AR_v2.docx,G08-03 — صلاحيات النشر القطاعية
REQ-00786,G08-03,عمل المبرمج خطوة بخطوة,5. تعريف API contract وحالات الخطأ والـrate limit قبل دمج الواجهة.,VVIP_TIGER_Global_Implementation_Specification_AR_v2.docx,G08-03 — صلاحيات النشر القطاعية
REQ-00787,G08-03,عمل المبرمج خطوة بخطوة,6. إضافة unit/integration/E2E أو security tests بحسب حدود المهمة، وربطها بـCI.,VVIP_TIGER_Global_Implementation_Specification_AR_v2.docx,G08-03 — صلاحيات النشر القطاعية
REQ-00788,G08-03,عمل المبرمج خطوة بخطوة,7. نشرها خلف Feature Flag على Staging، جمع الدليل، ثم إعداد rollback أو forward-fix.,VVIP_TIGER_Global_Implementation_Specification_AR_v2.docx,G08-03 — صلاحيات النشر القطاعية
REQ-00789,G08-03,ما يجب أن يبنيه أو يعدله,وحدة المجال `taxonomy`: entities/value objects/state rules من دون اعتماد مباشر على الواجهة أو المورد.,VVIP_TIGER_Global_Implementation_Specification_AR_v2.docx,G08-03 — صلاحيات النشر القطاعية
REQ-00790,G08-03,ما يجب أن يبنيه أو يعدله,طبقة application: use cases وخدمات تحقق ورسائل خطأ ثابتة ومترجمة.,VVIP_TIGER_Global_Implementation_Specification_AR_v2.docx,G08-03 — صلاحيات النشر القطاعية
REQ-00791,G08-03,ما يجب أن يبنيه أو يعدله,طبقة infrastructure: database/repository/provider adapter مع timeout/retry/idempotency عند الحاجة.,VVIP_TIGER_Global_Implementation_Specification_AR_v2.docx,G08-03 — صلاحيات النشر القطاعية
REQ-00792,G08-03,ما يجب أن يبنيه أو يعدله,طبقة الواجهة: حالات loading/empty/error/forbidden/offline/success والهاتف وRTL/LTR.,VVIP_TIGER_Global_Implementation_Specification_AR_v2.docx,G08-03 — صلاحيات النشر القطاعية
REQ-00793,G08-03,ما يجب أن يبنيه أو يعدله,Schema/migration/index/policy عند وجود بيانات، مع forward migration وخطة rollback أو forward-fix.,VVIP_TIGER_Global_Implementation_Specification_AR_v2.docx,G08-03 — صلاحيات النشر القطاعية
REQ-00794,G08-03,ما يجب أن يبنيه أو يعدله,اختبارات وتسميات واضحة وربط كل حالة بمعيار قبول أو خطر.,VVIP_TIGER_Global_Implementation_Specification_AR_v2.docx,G08-03 — صلاحيات النشر القطاعية
REQ-00795,G08-03,الأمان والخصوصية,التحقق من authentication وauthorization على الخادم؛ إخفاء الزر ليس حماية.,VVIP_TIGER_Global_Implementation_Specification_AR_v2.docx,G08-03 — صلاحيات النشر القطاعية
REQ-00796,G08-03,الأمان والخصوصية,عدم تسجيل token/secret/payment data/private message أو PII غير لازم.,VVIP_TIGER_Global_Implementation_Specification_AR_v2.docx,G08-03 — صلاحيات النشر القطاعية
REQ-00797,G08-03,الأمان والخصوصية,تطبيق least privilege وdeny by default وrate limit وaudit على العمليات الحساسة.,VVIP_TIGER_Global_Implementation_Specification_AR_v2.docx,G08-03 — صلاحيات النشر القطاعية
REQ-00798,G08-03,الأمان والخصوصية,تحديد retention والحذف والتصدير والوصول الإداري إن كانت المهمة تعالج بيانات شخصية.,VVIP_TIGER_Global_Implementation_Specification_AR_v2.docx,G08-03 — صلاحيات النشر القطاعية
REQ-00799,G08-03,اختبارات QA المطلوبة,Happy path كامل ببيانات واقعية في Staging.,VVIP_TIGER_Global_Implementation_Specification_AR_v2.docx,G08-03 — صلاحيات النشر القطاعية
REQ-00800,G08-03,اختبارات QA المطلوبة,مدخلات ناقصة وخاطئة وحدود الحجم والعدد والحالة.,VVIP_TIGER_Global_Implementation_Specification_AR_v2.docx,G08-03 — صلاحيات النشر القطاعية
REQ-00801,G08-03,اختبارات QA المطلوبة,انقطاع الشبكة، retry، duplicate request، refresh وعودة من جهاز آخر عند انطباقها.,VVIP_TIGER_Global_Implementation_Specification_AR_v2.docx,G08-03 — صلاحيات النشر القطاعية
REQ-00802,G08-03,اختبارات QA المطلوبة,مستخدم A مقابل مستخدم B، وزائر، ودور إداري محدود.,VVIP_TIGER_Global_Implementation_Specification_AR_v2.docx,G08-03 — صلاحيات النشر القطاعية
REQ-00803,G08-03,اختبارات QA المطلوبة,العربية/الإنجليزية، RTL/LTR، هاتف متوسط، Chrome/Safari/Firefox للواجهات المتأثرة.,VVIP_TIGER_Global_Implementation_Specification_AR_v2.docx,G08-03 — صلاحيات النشر القطاعية
REQ-00804,G08-03,اختبارات QA المطلوبة,Regression آلي يمنع عودة السبب بعد الدمج.,VVIP_TIGER_Global_Implementation_Specification_AR_v2.docx,G08-03 — صلاحيات النشر القطاعية
REQ-00805,G08-03,قبول: معيار القبول الرئيسي,لا يمكن تجاوز المنع بطلب API مباشر.,VVIP_TIGER_Global_Implementation_Specification_AR_v2.docx,G08-03 — صلاحيات النشر القطاعية
REQ-00806,G08-03,قبول: معايير إضافية,CI أخضر؛ لا خطأ حرج؛ صلاحيات مختبرة؛ Staging يعمل؛ الأداء ضمن الميزانية؛ النصوص مترجمة.,VVIP_TIGER_Global_Implementation_Specification_AR_v2.docx,G08-03 — صلاحيات النشر القطاعية
REQ-00807,G08-03,قبول: المخرجات,كود + tests + migration/policy إن لزم + API/schema docs + screenshots/log evidence + release/rollback notes.,VVIP_TIGER_Global_Implementation_Specification_AR_v2.docx,G08-03 — صلاحيات النشر القطاعية
REQ-00808,G08-03,قبول: تعريف الاكتمال,Code review، QA sign-off، Security sign-off بحسب الخطر، Product acceptance، تحديث Decision/Change Log.,VVIP_TIGER_Global_Implementation_Specification_AR_v2.docx,G08-03 — صلاحيات النشر القطاعية
REQ-00809,G08-03,قبول: الخطر,تنفيذ الواجهة قبل عقد البيانات أو الصلاحيات يؤدي إلى إعادة بناء أو تسريب.,VVIP_TIGER_Global_Implementation_Specification_AR_v2.docx,G08-03 — صلاحيات النشر القطاعية
REQ-00810,G08-03,قبول: التراجع,Feature Flag وإيقاف endpoint/job، ثم rollback migration الآمن أو forward-fix مع حفظ البيانات.,VVIP_TIGER_Global_Implementation_Specification_AR_v2.docx,G08-03 — صلاحيات النشر القطاعية
REQ-00811,G09-01,عمل المبرمج خطوة بخطوة,1. تنفيذ state machine ومعاملات وقواعد انتقال وأحداث audit.,VVIP_TIGER_Global_Implementation_Specification_AR_v2.docx,G09-01 — دورة حياة الإعلان
REQ-00812,G09-01,عمل المبرمج خطوة بخطوة,2. إنشاء actor/action/resource/before/after/correlation_id.,VVIP_TIGER_Global_Implementation_Specification_AR_v2.docx,G09-01 — دورة حياة الإعلان
REQ-00813,G09-01,عمل المبرمج خطوة بخطوة,3. منع update/delete للتدقيق من أدوار التطبيق.,VVIP_TIGER_Global_Implementation_Specification_AR_v2.docx,G09-01 — دورة حياة الإعلان
REQ-00814,G09-01,عمل المبرمج خطوة بخطوة,4. تحديد redaction وretention وصلاحية التصدير.,VVIP_TIGER_Global_Implementation_Specification_AR_v2.docx,G09-01 — دورة حياة الإعلان
REQ-00815,G09-01,عمل المبرمج خطوة بخطوة,5. تطبيق state machine صريحة ومنع الانتقالات غير المسموحة.,VVIP_TIGER_Global_Implementation_Specification_AR_v2.docx,G09-01 — دورة حياة الإعلان
REQ-00816,G09-01,عمل المبرمج خطوة بخطوة,6. استخدام optimistic locking/version لمنع فقد تعديلين متزامنين.,VVIP_TIGER_Global_Implementation_Specification_AR_v2.docx,G09-01 — دورة حياة الإعلان
REQ-00817,G09-01,عمل المبرمج خطوة بخطوة,7. تسجيل نسخة قبل/بعد لكل تغيير حساس.,VVIP_TIGER_Global_Implementation_Specification_AR_v2.docx,G09-01 — دورة حياة الإعلان
REQ-00818,G09-01,عمل المبرمج خطوة بخطوة,8. تعريف API contract وحالات الخطأ والـrate limit قبل دمج الواجهة.,VVIP_TIGER_Global_Implementation_Specification_AR_v2.docx,G09-01 — دورة حياة الإعلان
REQ-00819,G09-01,عمل المبرمج خطوة بخطوة,9. إضافة unit/integration/E2E أو security tests بحسب حدود المهمة، وربطها بـCI.,VVIP_TIGER_Global_Implementation_Specification_AR_v2.docx,G09-01 — دورة حياة الإعلان
REQ-00820,G09-01,عمل المبرمج خطوة بخطوة,10. نشرها خلف Feature Flag على Staging، جمع الدليل، ثم إعداد rollback أو forward-fix.,VVIP_TIGER_Global_Implementation_Specification_AR_v2.docx,G09-01 — دورة حياة الإعلان
REQ-00821,G09-01,ما يجب أن يبنيه أو يعدله,وحدة المجال `listings`: entities/value objects/state rules من دون اعتماد مباشر على الواجهة أو المورد.,VVIP_TIGER_Global_Implementation_Specification_AR_v2.docx,G09-01 — دورة حياة الإعلان
REQ-00822,G09-01,ما يجب أن يبنيه أو يعدله,طبقة application: use cases وخدمات تحقق ورسائل خطأ ثابتة ومترجمة.,VVIP_TIGER_Global_Implementation_Specification_AR_v2.docx,G09-01 — دورة حياة الإعلان
REQ-00823,G09-01,ما يجب أن يبنيه أو يعدله,طبقة infrastructure: database/repository/provider adapter مع timeout/retry/idempotency عند الحاجة.,VVIP_TIGER_Global_Implementation_Specification_AR_v2.docx,G09-01 — دورة حياة الإعلان
REQ-00824,G09-01,ما يجب أن يبنيه أو يعدله,طبقة الواجهة: حالات loading/empty/error/forbidden/offline/success والهاتف وRTL/LTR.,VVIP_TIGER_Global_Implementation_Specification_AR_v2.docx,G09-01 — دورة حياة الإعلان
REQ-00825,G09-01,ما يجب أن يبنيه أو يعدله,Schema/migration/index/policy عند وجود بيانات، مع forward migration وخطة rollback أو forward-fix.,VVIP_TIGER_Global_Implementation_Specification_AR_v2.docx,G09-01 — دورة حياة الإعلان
REQ-00826,G09-01,ما يجب أن يبنيه أو يعدله,اختبارات وتسميات واضحة وربط كل حالة بمعيار قبول أو خطر.,VVIP_TIGER_Global_Implementation_Specification_AR_v2.docx,G09-01 — دورة حياة الإعلان
REQ-00827,G09-01,الأمان والخصوصية,التحقق من authentication وauthorization على الخادم؛ إخفاء الزر ليس حماية.,VVIP_TIGER_Global_Implementation_Specification_AR_v2.docx,G09-01 — دورة حياة الإعلان
REQ-00828,G09-01,الأمان والخصوصية,عدم تسجيل token/secret/payment data/private message أو PII غير لازم.,VVIP_TIGER_Global_Implementation_Specification_AR_v2.docx,G09-01 — دورة حياة الإعلان
REQ-00829,G09-01,الأمان والخصوصية,تطبيق least privilege وdeny by default وrate limit وaudit على العمليات الحساسة.,VVIP_TIGER_Global_Implementation_Specification_AR_v2.docx,G09-01 — دورة حياة الإعلان
REQ-00830,G09-01,الأمان والخصوصية,تحديد retention والحذف والتصدير والوصول الإداري إن كانت المهمة تعالج بيانات شخصية.,VVIP_TIGER_Global_Implementation_Specification_AR_v2.docx,G09-01 — دورة حياة الإعلان
REQ-00831,G09-01,اختبارات QA المطلوبة,Happy path كامل ببيانات واقعية في Staging.,VVIP_TIGER_Global_Implementation_Specification_AR_v2.docx,G09-01 — دورة حياة الإعلان
REQ-00832,G09-01,اختبارات QA المطلوبة,مدخلات ناقصة وخاطئة وحدود الحجم والعدد والحالة.,VVIP_TIGER_Global_Implementation_Specification_AR_v2.docx,G09-01 — دورة حياة الإعلان
REQ-00833,G09-01,اختبارات QA المطلوبة,انقطاع الشبكة، retry، duplicate request، refresh وعودة من جهاز آخر عند انطباقها.,VVIP_TIGER_Global_Implementation_Specification_AR_v2.docx,G09-01 — دورة حياة الإعلان
REQ-00834,G09-01,اختبارات QA المطلوبة,مستخدم A مقابل مستخدم B، وزائر، ودور إداري محدود.,VVIP_TIGER_Global_Implementation_Specification_AR_v2.docx,G09-01 — دورة حياة الإعلان
REQ-00835,G09-01,اختبارات QA المطلوبة,العربية/الإنجليزية، RTL/LTR، هاتف متوسط، Chrome/Safari/Firefox للواجهات المتأثرة.,VVIP_TIGER_Global_Implementation_Specification_AR_v2.docx,G09-01 — دورة حياة الإعلان
REQ-00836,G09-01,اختبارات QA المطلوبة,Regression آلي يمنع عودة السبب بعد الدمج.,VVIP_TIGER_Global_Implementation_Specification_AR_v2.docx,G09-01 — دورة حياة الإعلان
REQ-00837,G09-01,قبول: معيار القبول الرئيسي,منع الانتقالات غير القانونية واختبار كل حالة.,VVIP_TIGER_Global_Implementation_Specification_AR_v2.docx,G09-01 — دورة حياة الإعلان
REQ-00838,G09-01,قبول: معايير إضافية,CI أخضر؛ لا خطأ حرج؛ صلاحيات مختبرة؛ Staging يعمل؛ الأداء ضمن الميزانية؛ النصوص مترجمة.,VVIP_TIGER_Global_Implementation_Specification_AR_v2.docx,G09-01 — دورة حياة الإعلان
REQ-00839,G09-01,قبول: المخرجات,كود + tests + migration/policy إن لزم + API/schema docs + screenshots/log evidence + release/rollback notes.,VVIP_TIGER_Global_Implementation_Specification_AR_v2.docx,G09-01 — دورة حياة الإعلان
REQ-00840,G09-01,قبول: تعريف الاكتمال,Code review، QA sign-off، Security sign-off بحسب الخطر، Product acceptance، تحديث Decision/Change Log.,VVIP_TIGER_Global_Implementation_Specification_AR_v2.docx,G09-01 — دورة حياة الإعلان
REQ-00841,G09-01,قبول: الخطر,تنفيذ الواجهة قبل عقد البيانات أو الصلاحيات يؤدي إلى إعادة بناء أو تسريب.,VVIP_TIGER_Global_Implementation_Specification_AR_v2.docx,G09-01 — دورة حياة الإعلان
REQ-00842,G09-01,قبول: التراجع,Feature Flag وإيقاف endpoint/job، ثم rollback migration الآمن أو forward-fix مع حفظ البيانات.,VVIP_TIGER_Global_Implementation_Specification_AR_v2.docx,G09-01 — دورة حياة الإعلان
REQ-00843,G09-02,عمل المبرمج خطوة بخطوة,1. بناء API create/update/draft، validation، autosave، ownership checks.,VVIP_TIGER_Global_Implementation_Specification_AR_v2.docx,G09-02 — إنشاء وتعديل الإعلان
REQ-00844,G09-02,عمل المبرمج خطوة بخطوة,2. تطبيق state machine صريحة ومنع الانتقالات غير المسموحة.,VVIP_TIGER_Global_Implementation_Specification_AR_v2.docx,G09-02 — إنشاء وتعديل الإعلان
REQ-00845,G09-02,عمل المبرمج خطوة بخطوة,3. استخدام optimistic locking/version لمنع فقد تعديلين متزامنين.,VVIP_TIGER_Global_Implementation_Specification_AR_v2.docx,G09-02 — إنشاء وتعديل الإعلان
REQ-00846,G09-02,عمل المبرمج خطوة بخطوة,4. تسجيل نسخة قبل/بعد لكل تغيير حساس.,VVIP_TIGER_Global_Implementation_Specification_AR_v2.docx,G09-02 — إنشاء وتعديل الإعلان
REQ-00847,G09-02,عمل المبرمج خطوة بخطوة,5. تعريف API contract وحالات الخطأ والـrate limit قبل دمج الواجهة.,VVIP_TIGER_Global_Implementation_Specification_AR_v2.docx,G09-02 — إنشاء وتعديل الإعلان
REQ-00848,G09-02,عمل المبرمج خطوة بخطوة,6. إضافة unit/integration/E2E أو security tests بحسب حدود المهمة، وربطها بـCI.,VVIP_TIGER_Global_Implementation_Specification_AR_v2.docx,G09-02 — إنشاء وتعديل الإعلان
REQ-00849,G09-02,عمل المبرمج خطوة بخطوة,7. نشرها خلف Feature Flag على Staging، جمع الدليل، ثم إعداد rollback أو forward-fix.,VVIP_TIGER_Global_Implementation_Specification_AR_v2.docx,G09-02 — إنشاء وتعديل الإعلان
REQ-00850,G09-02,ما يجب أن يبنيه أو يعدله,وحدة المجال `listings`: entities/value objects/state rules من دون اعتماد مباشر على الواجهة أو المورد.,VVIP_TIGER_Global_Implementation_Specification_AR_v2.docx,G09-02 — إنشاء وتعديل الإعلان
REQ-00851,G09-02,ما يجب أن يبنيه أو يعدله,طبقة application: use cases وخدمات تحقق ورسائل خطأ ثابتة ومترجمة.,VVIP_TIGER_Global_Implementation_Specification_AR_v2.docx,G09-02 — إنشاء وتعديل الإعلان
REQ-00852,G09-02,ما يجب أن يبنيه أو يعدله,طبقة infrastructure: database/repository/provider adapter مع timeout/retry/idempotency عند الحاجة.,VVIP_TIGER_Global_Implementation_Specification_AR_v2.docx,G09-02 — إنشاء وتعديل الإعلان
REQ-00853,G09-02,ما يجب أن يبنيه أو يعدله,طبقة الواجهة: حالات loading/empty/error/forbidden/offline/success والهاتف وRTL/LTR.,VVIP_TIGER_Global_Implementation_Specification_AR_v2.docx,G09-02 — إنشاء وتعديل الإعلان
REQ-00854,G09-02,ما يجب أن يبنيه أو يعدله,Schema/migration/index/policy عند وجود بيانات، مع forward migration وخطة rollback أو forward-fix.,VVIP_TIGER_Global_Implementation_Specification_AR_v2.docx,G09-02 — إنشاء وتعديل الإعلان
REQ-00855,G09-02,ما يجب أن يبنيه أو يعدله,اختبارات وتسميات واضحة وربط كل حالة بمعيار قبول أو خطر.,VVIP_TIGER_Global_Implementation_Specification_AR_v2.docx,G09-02 — إنشاء وتعديل الإعلان
REQ-00856,G09-02,الأمان والخصوصية,التحقق من authentication وauthorization على الخادم؛ إخفاء الزر ليس حماية.,VVIP_TIGER_Global_Implementation_Specification_AR_v2.docx,G09-02 — إنشاء وتعديل الإعلان
REQ-00857,G09-02,الأمان والخصوصية,عدم تسجيل token/secret/payment data/private message أو PII غير لازم.,VVIP_TIGER_Global_Implementation_Specification_AR_v2.docx,G09-02 — إنشاء وتعديل الإعلان
REQ-00858,G09-02,الأمان والخصوصية,تطبيق least privilege وdeny by default وrate limit وaudit على العمليات الحساسة.,VVIP_TIGER_Global_Implementation_Specification_AR_v2.docx,G09-02 — إنشاء وتعديل الإعلان
REQ-00859,G09-02,الأمان والخصوصية,تحديد retention والحذف والتصدير والوصول الإداري إن كانت المهمة تعالج بيانات شخصية.,VVIP_TIGER_Global_Implementation_Specification_AR_v2.docx,G09-02 — إنشاء وتعديل الإعلان
REQ-00860,G09-02,اختبارات QA المطلوبة,Happy path كامل ببيانات واقعية في Staging.,VVIP_TIGER_Global_Implementation_Specification_AR_v2.docx,G09-02 — إنشاء وتعديل الإعلان
REQ-00861,G09-02,اختبارات QA المطلوبة,مدخلات ناقصة وخاطئة وحدود الحجم والعدد والحالة.,VVIP_TIGER_Global_Implementation_Specification_AR_v2.docx,G09-02 — إنشاء وتعديل الإعلان
REQ-00862,G09-02,اختبارات QA المطلوبة,انقطاع الشبكة، retry، duplicate request، refresh وعودة من جهاز آخر عند انطباقها.,VVIP_TIGER_Global_Implementation_Specification_AR_v2.docx,G09-02 — إنشاء وتعديل الإعلان
REQ-00863,G09-02,اختبارات QA المطلوبة,مستخدم A مقابل مستخدم B، وزائر، ودور إداري محدود.,VVIP_TIGER_Global_Implementation_Specification_AR_v2.docx,G09-02 — إنشاء وتعديل الإعلان
REQ-00864,G09-02,اختبارات QA المطلوبة,العربية/الإنجليزية، RTL/LTR، هاتف متوسط، Chrome/Safari/Firefox للواجهات المتأثرة.,VVIP_TIGER_Global_Implementation_Specification_AR_v2.docx,G09-02 — إنشاء وتعديل الإعلان
REQ-00865,G09-02,اختبارات QA المطلوبة,Regression آلي يمنع عودة السبب بعد الدمج.,VVIP_TIGER_Global_Implementation_Specification_AR_v2.docx,G09-02 — إنشاء وتعديل الإعلان
REQ-00866,G09-02,قبول: معيار القبول الرئيسي,حفظ واستكمال المسودة من جهاز آخر.,VVIP_TIGER_Global_Implementation_Specification_AR_v2.docx,G09-02 — إنشاء وتعديل الإعلان
REQ-00867,G09-02,قبول: معايير إضافية,CI أخضر؛ لا خطأ حرج؛ صلاحيات مختبرة؛ Staging يعمل؛ الأداء ضمن الميزانية؛ النصوص مترجمة.,VVIP_TIGER_Global_Implementation_Specification_AR_v2.docx,G09-02 — إنشاء وتعديل الإعلان
REQ-00868,G09-02,قبول: المخرجات,كود + tests + migration/policy إن لزم + API/schema docs + screenshots/log evidence + release/rollback notes.,VVIP_TIGER_Global_Implementation_Specification_AR_v2.docx,G09-02 — إنشاء وتعديل الإعلان
REQ-00869,G09-02,قبول: تعريف الاكتمال,Code review، QA sign-off، Security sign-off بحسب الخطر، Product acceptance، تحديث Decision/Change Log.,VVIP_TIGER_Global_Implementation_Specification_AR_v2.docx,G09-02 — إنشاء وتعديل الإعلان
REQ-00870,G09-02,قبول: الخطر,تنفيذ الواجهة قبل عقد البيانات أو الصلاحيات يؤدي إلى إعادة بناء أو تسريب.,VVIP_TIGER_Global_Implementation_Specification_AR_v2.docx,G09-02 — إنشاء وتعديل الإعلان
REQ-00871,G09-02,قبول: التراجع,Feature Flag وإيقاف endpoint/job، ثم rollback migration الآمن أو forward-fix مع حفظ البيانات.,VVIP_TIGER_Global_Implementation_Specification_AR_v2.docx,G09-02 — إنشاء وتعديل الإعلان
REQ-00872,G09-03,عمل المبرمج خطوة بخطوة,1. إنشاء moderation queue وreason codes وresubmit flow وnotifications.,VVIP_TIGER_Global_Implementation_Specification_AR_v2.docx,G09-03 — المراجعة والرفض وإعادة التقديم
REQ-00873,G09-03,عمل المبرمج خطوة بخطوة,2. تطبيق state machine صريحة ومنع الانتقالات غير المسموحة.,VVIP_TIGER_Global_Implementation_Specification_AR_v2.docx,G09-03 — المراجعة والرفض وإعادة التقديم
REQ-00874,G09-03,عمل المبرمج خطوة بخطوة,3. استخدام optimistic locking/version لمنع فقد تعديلين متزامنين.,VVIP_TIGER_Global_Implementation_Specification_AR_v2.docx,G09-03 — المراجعة والرفض وإعادة التقديم
REQ-00875,G09-03,عمل المبرمج خطوة بخطوة,4. تسجيل نسخة قبل/بعد لكل تغيير حساس.,VVIP_TIGER_Global_Implementation_Specification_AR_v2.docx,G09-03 — المراجعة والرفض وإعادة التقديم
REQ-00876,G09-03,عمل المبرمج خطوة بخطوة,5. تعريف API contract وحالات الخطأ والـrate limit قبل دمج الواجهة.,VVIP_TIGER_Global_Implementation_Specification_AR_v2.docx,G09-03 — المراجعة والرفض وإعادة التقديم
REQ-00877,G09-03,عمل المبرمج خطوة بخطوة,6. إضافة unit/integration/E2E أو security tests بحسب حدود المهمة، وربطها بـCI.,VVIP_TIGER_Global_Implementation_Specification_AR_v2.docx,G09-03 — المراجعة والرفض وإعادة التقديم
REQ-00878,G09-03,عمل المبرمج خطوة بخطوة,7. نشرها خلف Feature Flag على Staging، جمع الدليل، ثم إعداد rollback أو forward-fix.,VVIP_TIGER_Global_Implementation_Specification_AR_v2.docx,G09-03 — المراجعة والرفض وإعادة التقديم
REQ-00879,G09-03,ما يجب أن يبنيه أو يعدله,وحدة المجال `listings`: entities/value objects/state rules من دون اعتماد مباشر على الواجهة أو المورد.,VVIP_TIGER_Global_Implementation_Specification_AR_v2.docx,G09-03 — المراجعة والرفض وإعادة التقديم
REQ-00880,G09-03,ما يجب أن يبنيه أو يعدله,طبقة application: use cases وخدمات تحقق ورسائل خطأ ثابتة ومترجمة.,VVIP_TIGER_Global_Implementation_Specification_AR_v2.docx,G09-03 — المراجعة والرفض وإعادة التقديم
REQ-00881,G09-03,ما يجب أن يبنيه أو يعدله,طبقة infrastructure: database/repository/provider adapter مع timeout/retry/idempotency عند الحاجة.,VVIP_TIGER_Global_Implementation_Specification_AR_v2.docx,G09-03 — المراجعة والرفض وإعادة التقديم
REQ-00882,G09-03,ما يجب أن يبنيه أو يعدله,طبقة الواجهة: حالات loading/empty/error/forbidden/offline/success والهاتف وRTL/LTR.,VVIP_TIGER_Global_Implementation_Specification_AR_v2.docx,G09-03 — المراجعة والرفض وإعادة التقديم
REQ-00883,G09-03,ما يجب أن يبنيه أو يعدله,Schema/migration/index/policy عند وجود بيانات، مع forward migration وخطة rollback أو forward-fix.,VVIP_TIGER_Global_Implementation_Specification_AR_v2.docx,G09-03 — المراجعة والرفض وإعادة التقديم
REQ-00884,G09-03,ما يجب أن يبنيه أو يعدله,اختبارات وتسميات واضحة وربط كل حالة بمعيار قبول أو خطر.,VVIP_TIGER_Global_Implementation_Specification_AR_v2.docx,G09-03 — المراجعة والرفض وإعادة التقديم
REQ-00885,G09-03,الأمان والخصوصية,التحقق من authentication وauthorization على الخادم؛ إخفاء الزر ليس حماية.,VVIP_TIGER_Global_Implementation_Specification_AR_v2.docx,G09-03 — المراجعة والرفض وإعادة التقديم
REQ-00886,G09-03,الأمان والخصوصية,عدم تسجيل token/secret/payment data/private message أو PII غير لازم.,VVIP_TIGER_Global_Implementation_Specification_AR_v2.docx,G09-03 — المراجعة والرفض وإعادة التقديم
REQ-00887,G09-03,الأمان والخصوصية,تطبيق least privilege وdeny by default وrate limit وaudit على العمليات الحساسة.,VVIP_TIGER_Global_Implementation_Specification_AR_v2.docx,G09-03 — المراجعة والرفض وإعادة التقديم
REQ-00888,G09-03,الأمان والخصوصية,تحديد retention والحذف والتصدير والوصول الإداري إن كانت المهمة تعالج بيانات شخصية.,VVIP_TIGER_Global_Implementation_Specification_AR_v2.docx,G09-03 — المراجعة والرفض وإعادة التقديم
REQ-00889,G09-03,اختبارات QA المطلوبة,Happy path كامل ببيانات واقعية في Staging.,VVIP_TIGER_Global_Implementation_Specification_AR_v2.docx,G09-03 — المراجعة والرفض وإعادة التقديم
REQ-00890,G09-03,اختبارات QA المطلوبة,مدخلات ناقصة وخاطئة وحدود الحجم والعدد والحالة.,VVIP_TIGER_Global_Implementation_Specification_AR_v2.docx,G09-03 — المراجعة والرفض وإعادة التقديم
REQ-00891,G09-03,اختبارات QA المطلوبة,انقطاع الشبكة، retry، duplicate request، refresh وعودة من جهاز آخر عند انطباقها.,VVIP_TIGER_Global_Implementation_Specification_AR_v2.docx,G09-03 — المراجعة والرفض وإعادة التقديم
REQ-00892,G09-03,اختبارات QA المطلوبة,مستخدم A مقابل مستخدم B، وزائر، ودور إداري محدود.,VVIP_TIGER_Global_Implementation_Specification_AR_v2.docx,G09-03 — المراجعة والرفض وإعادة التقديم
REQ-00893,G09-03,اختبارات QA المطلوبة,العربية/الإنجليزية، RTL/LTR، هاتف متوسط، Chrome/Safari/Firefox للواجهات المتأثرة.,VVIP_TIGER_Global_Implementation_Specification_AR_v2.docx,G09-03 — المراجعة والرفض وإعادة التقديم
REQ-00894,G09-03,اختبارات QA المطلوبة,Regression آلي يمنع عودة السبب بعد الدمج.,VVIP_TIGER_Global_Implementation_Specification_AR_v2.docx,G09-03 — المراجعة والرفض وإعادة التقديم
REQ-00895,G09-03,قبول: معيار القبول الرئيسي,كل قرار له مراجع ووقت وسبب.,VVIP_TIGER_Global_Implementation_Specification_AR_v2.docx,G09-03 — المراجعة والرفض وإعادة التقديم
REQ-00896,G09-03,قبول: معايير إضافية,CI أخضر؛ لا خطأ حرج؛ صلاحيات مختبرة؛ Staging يعمل؛ الأداء ضمن الميزانية؛ النصوص مترجمة.,VVIP_TIGER_Global_Implementation_Specification_AR_v2.docx,G09-03 — المراجعة والرفض وإعادة التقديم
REQ-00897,G09-03,قبول: المخرجات,كود + tests + migration/policy إن لزم + API/schema docs + screenshots/log evidence + release/rollback notes.,VVIP_TIGER_Global_Implementation_Specification_AR_v2.docx,G09-03 — المراجعة والرفض وإعادة التقديم
REQ-00898,G09-03,قبول: تعريف الاكتمال,Code review، QA sign-off، Security sign-off بحسب الخطر، Product acceptance، تحديث Decision/Change Log.,VVIP_TIGER_Global_Implementation_Specification_AR_v2.docx,G09-03 — المراجعة والرفض وإعادة التقديم
REQ-00899,G09-03,قبول: الخطر,تنفيذ الواجهة قبل عقد البيانات أو الصلاحيات يؤدي إلى إعادة بناء أو تسريب.,VVIP_TIGER_Global_Implementation_Specification_AR_v2.docx,G09-03 — المراجعة والرفض وإعادة التقديم
REQ-00900,G09-03,قبول: التراجع,Feature Flag وإيقاف endpoint/job، ثم rollback migration الآمن أو forward-fix مع حفظ البيانات.,VVIP_TIGER_Global_Implementation_Specification_AR_v2.docx,G09-03 — المراجعة والرفض وإعادة التقديم
REQ-00901,G09-04,عمل المبرمج خطوة بخطوة,1. scheduled jobs، renewal policy، reminders، archive and restore.,VVIP_TIGER_Global_Implementation_Specification_AR_v2.docx,G09-04 — الانتهاء والتجديد والأرشفة
REQ-00902,G09-04,عمل المبرمج خطوة بخطوة,2. تطبيق state machine صريحة ومنع الانتقالات غير المسموحة.,VVIP_TIGER_Global_Implementation_Specification_AR_v2.docx,G09-04 — الانتهاء والتجديد والأرشفة
REQ-00903,G09-04,عمل المبرمج خطوة بخطوة,3. استخدام optimistic locking/version لمنع فقد تعديلين متزامنين.,VVIP_TIGER_Global_Implementation_Specification_AR_v2.docx,G09-04 — الانتهاء والتجديد والأرشفة
REQ-00904,G09-04,عمل المبرمج خطوة بخطوة,4. تسجيل نسخة قبل/بعد لكل تغيير حساس.,VVIP_TIGER_Global_Implementation_Specification_AR_v2.docx,G09-04 — الانتهاء والتجديد والأرشفة
REQ-00905,G09-04,عمل المبرمج خطوة بخطوة,5. تعريف API contract وحالات الخطأ والـrate limit قبل دمج الواجهة.,VVIP_TIGER_Global_Implementation_Specification_AR_v2.docx,G09-04 — الانتهاء والتجديد والأرشفة
REQ-00906,G09-04,عمل المبرمج خطوة بخطوة,6. إضافة unit/integration/E2E أو security tests بحسب حدود المهمة، وربطها بـCI.,VVIP_TIGER_Global_Implementation_Specification_AR_v2.docx,G09-04 — الانتهاء والتجديد والأرشفة
REQ-00907,G09-04,عمل المبرمج خطوة بخطوة,7. نشرها خلف Feature Flag على Staging، جمع الدليل، ثم إعداد rollback أو forward-fix.,VVIP_TIGER_Global_Implementation_Specification_AR_v2.docx,G09-04 — الانتهاء والتجديد والأرشفة
REQ-00908,G09-04,ما يجب أن يبنيه أو يعدله,وحدة المجال `listings`: entities/value objects/state rules من دون اعتماد مباشر على الواجهة أو المورد.,VVIP_TIGER_Global_Implementation_Specification_AR_v2.docx,G09-04 — الانتهاء والتجديد والأرشفة
REQ-00909,G09-04,ما يجب أن يبنيه أو يعدله,طبقة application: use cases وخدمات تحقق ورسائل خطأ ثابتة ومترجمة.,VVIP_TIGER_Global_Implementation_Specification_AR_v2.docx,G09-04 — الانتهاء والتجديد والأرشفة
REQ-00910,G09-04,ما يجب أن يبنيه أو يعدله,طبقة infrastructure: database/repository/provider adapter مع timeout/retry/idempotency عند الحاجة.,VVIP_TIGER_Global_Implementation_Specification_AR_v2.docx,G09-04 — الانتهاء والتجديد والأرشفة
REQ-00911,G09-04,ما يجب أن يبنيه أو يعدله,طبقة الواجهة: حالات loading/empty/error/forbidden/offline/success والهاتف وRTL/LTR.,VVIP_TIGER_Global_Implementation_Specification_AR_v2.docx,G09-04 — الانتهاء والتجديد والأرشفة
REQ-00912,G09-04,ما يجب أن يبنيه أو يعدله,Schema/migration/index/policy عند وجود بيانات، مع forward migration وخطة rollback أو forward-fix.,VVIP_TIGER_Global_Implementation_Specification_AR_v2.docx,G09-04 — الانتهاء والتجديد والأرشفة
REQ-00913,G09-04,ما يجب أن يبنيه أو يعدله,اختبارات وتسميات واضحة وربط كل حالة بمعيار قبول أو خطر.,VVIP_TIGER_Global_Implementation_Specification_AR_v2.docx,G09-04 — الانتهاء والتجديد والأرشفة
REQ-00914,G09-04,الأمان والخصوصية,التحقق من authentication وauthorization على الخادم؛ إخفاء الزر ليس حماية.,VVIP_TIGER_Global_Implementation_Specification_AR_v2.docx,G09-04 — الانتهاء والتجديد والأرشفة
REQ-00915,G09-04,الأمان والخصوصية,عدم تسجيل token/secret/payment data/private message أو PII غير لازم.,VVIP_TIGER_Global_Implementation_Specification_AR_v2.docx,G09-04 — الانتهاء والتجديد والأرشفة
REQ-00916,G09-04,الأمان والخصوصية,تطبيق least privilege وdeny by default وrate limit وaudit على العمليات الحساسة.,VVIP_TIGER_Global_Implementation_Specification_AR_v2.docx,G09-04 — الانتهاء والتجديد والأرشفة
REQ-00917,G09-04,الأمان والخصوصية,تحديد retention والحذف والتصدير والوصول الإداري إن كانت المهمة تعالج بيانات شخصية.,VVIP_TIGER_Global_Implementation_Specification_AR_v2.docx,G09-04 — الانتهاء والتجديد والأرشفة
REQ-00918,G09-04,اختبارات QA المطلوبة,Happy path كامل ببيانات واقعية في Staging.,VVIP_TIGER_Global_Implementation_Specification_AR_v2.docx,G09-04 — الانتهاء والتجديد والأرشفة
REQ-00919,G09-04,اختبارات QA المطلوبة,مدخلات ناقصة وخاطئة وحدود الحجم والعدد والحالة.,VVIP_TIGER_Global_Implementation_Specification_AR_v2.docx,G09-04 — الانتهاء والتجديد والأرشفة
REQ-00920,G09-04,اختبارات QA المطلوبة,انقطاع الشبكة، retry، duplicate request، refresh وعودة من جهاز آخر عند انطباقها.,VVIP_TIGER_Global_Implementation_Specification_AR_v2.docx,G09-04 — الانتهاء والتجديد والأرشفة
REQ-00921,G09-04,اختبارات QA المطلوبة,مستخدم A مقابل مستخدم B، وزائر، ودور إداري محدود.,VVIP_TIGER_Global_Implementation_Specification_AR_v2.docx,G09-04 — الانتهاء والتجديد والأرشفة
REQ-00922,G09-04,اختبارات QA المطلوبة,العربية/الإنجليزية، RTL/LTR، هاتف متوسط، Chrome/Safari/Firefox للواجهات المتأثرة.,VVIP_TIGER_Global_Implementation_Specification_AR_v2.docx,G09-04 — الانتهاء والتجديد والأرشفة
REQ-00923,G09-04,اختبارات QA المطلوبة,Regression آلي يمنع عودة السبب بعد الدمج.,VVIP_TIGER_Global_Implementation_Specification_AR_v2.docx,G09-04 — الانتهاء والتجديد والأرشفة
REQ-00924,G09-04,قبول: معيار القبول الرئيسي,اختبار انتهاء تلقائي وتجديد دون تكرار.,VVIP_TIGER_Global_Implementation_Specification_AR_v2.docx,G09-04 — الانتهاء والتجديد والأرشفة
REQ-00925,G09-04,قبول: معايير إضافية,CI أخضر؛ لا خطأ حرج؛ صلاحيات مختبرة؛ Staging يعمل؛ الأداء ضمن الميزانية؛ النصوص مترجمة.,VVIP_TIGER_Global_Implementation_Specification_AR_v2.docx,G09-04 — الانتهاء والتجديد والأرشفة
REQ-00926,G09-04,قبول: المخرجات,كود + tests + migration/policy إن لزم + API/schema docs + screenshots/log evidence + release/rollback notes.,VVIP_TIGER_Global_Implementation_Specification_AR_v2.docx,G09-04 — الانتهاء والتجديد والأرشفة
REQ-00927,G09-04,قبول: تعريف الاكتمال,Code review، QA sign-off، Security sign-off بحسب الخطر، Product acceptance، تحديث Decision/Change Log.,VVIP_TIGER_Global_Implementation_Specification_AR_v2.docx,G09-04 — الانتهاء والتجديد والأرشفة
REQ-00928,G09-04,قبول: الخطر,تنفيذ الواجهة قبل عقد البيانات أو الصلاحيات يؤدي إلى إعادة بناء أو تسريب.,VVIP_TIGER_Global_Implementation_Specification_AR_v2.docx,G09-04 — الانتهاء والتجديد والأرشفة
REQ-00929,G09-04,قبول: التراجع,Feature Flag وإيقاف endpoint/job، ثم rollback migration الآمن أو forward-fix مع حفظ البيانات.,VVIP_TIGER_Global_Implementation_Specification_AR_v2.docx,G09-04 — الانتهاء والتجديد والأرشفة
REQ-00930,G10-01,عمل المبرمج خطوة بخطوة,1. signed upload، MIME sniffing، size/count limits وownership.,VVIP_TIGER_Global_Implementation_Specification_AR_v2.docx,G10-01 — رفع الصور الآمن
REQ-00931,G10-01,عمل المبرمج خطوة بخطوة,2. رفع مباشر موقّع أو endpoint محدود، ثم quarantine.,VVIP_TIGER_Global_Implementation_Specification_AR_v2.docx,G10-01 — رفع الصور الآمن
REQ-00932,G10-01,عمل المبرمج خطوة بخطوة,3. إنشاء thumbnail/optimized variants وتخزين metadata.,VVIP_TIGER_Global_Implementation_Specification_AR_v2.docx,G10-01 — رفع الصور الآمن
REQ-00933,G10-01,عمل المبرمج خطوة بخطوة,4. حذف آمن مرجعي وعدم حذف ملف مستخدم في سجل آخر.,VVIP_TIGER_Global_Implementation_Specification_AR_v2.docx,G10-01 — رفع الصور الآمن
REQ-00934,G10-01,عمل المبرمج خطوة بخطوة,5. التحقق من magic bytes لا الامتداد فقط.,VVIP_TIGER_Global_Implementation_Specification_AR_v2.docx,G10-01 — رفع الصور الآمن
REQ-00935,G10-01,عمل المبرمج خطوة بخطوة,6. المعالجة غير المتزامنة مع quarantine وحالة processing/failed/ready.,VVIP_TIGER_Global_Implementation_Specification_AR_v2.docx,G10-01 — رفع الصور الآمن
REQ-00936,G10-01,عمل المبرمج خطوة بخطوة,7. حذف الملفات اليتيمة وفق job مجدول ودليل audit.,VVIP_TIGER_Global_Implementation_Specification_AR_v2.docx,G10-01 — رفع الصور الآمن
REQ-00937,G10-01,عمل المبرمج خطوة بخطوة,8. تعريف API contract وحالات الخطأ والـrate limit قبل دمج الواجهة.,VVIP_TIGER_Global_Implementation_Specification_AR_v2.docx,G10-01 — رفع الصور الآمن
REQ-00938,G10-01,عمل المبرمج خطوة بخطوة,9. إضافة unit/integration/E2E أو security tests بحسب حدود المهمة، وربطها بـCI.,VVIP_TIGER_Global_Implementation_Specification_AR_v2.docx,G10-01 — رفع الصور الآمن
REQ-00939,G10-01,عمل المبرمج خطوة بخطوة,10. نشرها خلف Feature Flag على Staging، جمع الدليل، ثم إعداد rollback أو forward-fix.,VVIP_TIGER_Global_Implementation_Specification_AR_v2.docx,G10-01 — رفع الصور الآمن
REQ-00940,G10-01,ما يجب أن يبنيه أو يعدله,وحدة المجال `media`: entities/value objects/state rules من دون اعتماد مباشر على الواجهة أو المورد.,VVIP_TIGER_Global_Implementation_Specification_AR_v2.docx,G10-01 — رفع الصور الآمن
REQ-00941,G10-01,ما يجب أن يبنيه أو يعدله,طبقة application: use cases وخدمات تحقق ورسائل خطأ ثابتة ومترجمة.,VVIP_TIGER_Global_Implementation_Specification_AR_v2.docx,G10-01 — رفع الصور الآمن
REQ-00942,G10-01,ما يجب أن يبنيه أو يعدله,طبقة infrastructure: database/repository/provider adapter مع timeout/retry/idempotency عند الحاجة.,VVIP_TIGER_Global_Implementation_Specification_AR_v2.docx,G10-01 — رفع الصور الآمن
REQ-00943,G10-01,ما يجب أن يبنيه أو يعدله,طبقة الواجهة: حالات loading/empty/error/forbidden/offline/success والهاتف وRTL/LTR.,VVIP_TIGER_Global_Implementation_Specification_AR_v2.docx,G10-01 — رفع الصور الآمن
REQ-00944,G10-01,ما يجب أن يبنيه أو يعدله,Schema/migration/index/policy عند وجود بيانات، مع forward migration وخطة rollback أو forward-fix.,VVIP_TIGER_Global_Implementation_Specification_AR_v2.docx,G10-01 — رفع الصور الآمن
REQ-00945,G10-01,ما يجب أن يبنيه أو يعدله,اختبارات وتسميات واضحة وربط كل حالة بمعيار قبول أو خطر.,VVIP_TIGER_Global_Implementation_Specification_AR_v2.docx,G10-01 — رفع الصور الآمن
REQ-00946,G10-01,الأمان والخصوصية,التحقق من authentication وauthorization على الخادم؛ إخفاء الزر ليس حماية.,VVIP_TIGER_Global_Implementation_Specification_AR_v2.docx,G10-01 — رفع الصور الآمن
REQ-00947,G10-01,الأمان والخصوصية,عدم تسجيل token/secret/payment data/private message أو PII غير لازم.,VVIP_TIGER_Global_Implementation_Specification_AR_v2.docx,G10-01 — رفع الصور الآمن
REQ-00948,G10-01,الأمان والخصوصية,تطبيق least privilege وdeny by default وrate limit وaudit على العمليات الحساسة.,VVIP_TIGER_Global_Implementation_Specification_AR_v2.docx,G10-01 — رفع الصور الآمن
REQ-00949,G10-01,الأمان والخصوصية,تحديد retention والحذف والتصدير والوصول الإداري إن كانت المهمة تعالج بيانات شخصية.,VVIP_TIGER_Global_Implementation_Specification_AR_v2.docx,G10-01 — رفع الصور الآمن
REQ-00950,G10-01,اختبارات QA المطلوبة,Happy path كامل ببيانات واقعية في Staging.,VVIP_TIGER_Global_Implementation_Specification_AR_v2.docx,G10-01 — رفع الصور الآمن
REQ-00951,G10-01,اختبارات QA المطلوبة,مدخلات ناقصة وخاطئة وحدود الحجم والعدد والحالة.,VVIP_TIGER_Global_Implementation_Specification_AR_v2.docx,G10-01 — رفع الصور الآمن
REQ-00952,G10-01,اختبارات QA المطلوبة,انقطاع الشبكة، retry، duplicate request، refresh وعودة من جهاز آخر عند انطباقها.,VVIP_TIGER_Global_Implementation_Specification_AR_v2.docx,G10-01 — رفع الصور الآمن
REQ-00953,G10-01,اختبارات QA المطلوبة,مستخدم A مقابل مستخدم B، وزائر، ودور إداري محدود.,VVIP_TIGER_Global_Implementation_Specification_AR_v2.docx,G10-01 — رفع الصور الآمن
REQ-00954,G10-01,اختبارات QA المطلوبة,العربية/الإنجليزية، RTL/LTR، هاتف متوسط، Chrome/Safari/Firefox للواجهات المتأثرة.,VVIP_TIGER_Global_Implementation_Specification_AR_v2.docx,G10-01 — رفع الصور الآمن
REQ-00955,G10-01,اختبارات QA المطلوبة,Regression آلي يمنع عودة السبب بعد الدمج.,VVIP_TIGER_Global_Implementation_Specification_AR_v2.docx,G10-01 — رفع الصور الآمن
REQ-00956,G10-01,قبول: معيار القبول الرئيسي,رفض ملف مخالف وقبول ملف صالح.,VVIP_TIGER_Global_Implementation_Specification_AR_v2.docx,G10-01 — رفع الصور الآمن
REQ-00957,G10-01,قبول: معايير إضافية,CI أخضر؛ لا خطأ حرج؛ صلاحيات مختبرة؛ Staging يعمل؛ الأداء ضمن الميزانية؛ النصوص مترجمة.,VVIP_TIGER_Global_Implementation_Specification_AR_v2.docx,G10-01 — رفع الصور الآمن
REQ-00958,G10-01,قبول: المخرجات,كود + tests + migration/policy إن لزم + API/schema docs + screenshots/log evidence + release/rollback notes.,VVIP_TIGER_Global_Implementation_Specification_AR_v2.docx,G10-01 — رفع الصور الآمن
REQ-00959,G10-01,قبول: تعريف الاكتمال,Code review، QA sign-off، Security sign-off بحسب الخطر، Product acceptance، تحديث Decision/Change Log.,VVIP_TIGER_Global_Implementation_Specification_AR_v2.docx,G10-01 — رفع الصور الآمن
REQ-00960,G10-01,قبول: الخطر,تنفيذ الواجهة قبل عقد البيانات أو الصلاحيات يؤدي إلى إعادة بناء أو تسريب.,VVIP_TIGER_Global_Implementation_Specification_AR_v2.docx,G10-01 — رفع الصور الآمن
REQ-00961,G10-01,قبول: التراجع,Feature Flag وإيقاف endpoint/job، ثم rollback migration الآمن أو forward-fix مع حفظ البيانات.,VVIP_TIGER_Global_Implementation_Specification_AR_v2.docx,G10-01 — رفع الصور الآمن
REQ-00962,G10-02,عمل المبرمج خطوة بخطوة,1. queue worker للصورة، variants، metadata stripping وفشل قابل للاستعادة.,VVIP_TIGER_Global_Implementation_Specification_AR_v2.docx,G10-02 — المعالجة والتحسين
REQ-00963,G10-02,عمل المبرمج خطوة بخطوة,2. التحقق من magic bytes لا الامتداد فقط.,VVIP_TIGER_Global_Implementation_Specification_AR_v2.docx,G10-02 — المعالجة والتحسين
REQ-00964,G10-02,عمل المبرمج خطوة بخطوة,3. المعالجة غير المتزامنة مع quarantine وحالة processing/failed/ready.,VVIP_TIGER_Global_Implementation_Specification_AR_v2.docx,G10-02 — المعالجة والتحسين
REQ-00965,G10-02,عمل المبرمج خطوة بخطوة,4. حذف الملفات اليتيمة وفق job مجدول ودليل audit.,VVIP_TIGER_Global_Implementation_Specification_AR_v2.docx,G10-02 — المعالجة والتحسين
REQ-00966,G10-02,عمل المبرمج خطوة بخطوة,5. تعريف API contract وحالات الخطأ والـrate limit قبل دمج الواجهة.,VVIP_TIGER_Global_Implementation_Specification_AR_v2.docx,G10-02 — المعالجة والتحسين
REQ-00967,G10-02,عمل المبرمج خطوة بخطوة,6. إضافة unit/integration/E2E أو security tests بحسب حدود المهمة، وربطها بـCI.,VVIP_TIGER_Global_Implementation_Specification_AR_v2.docx,G10-02 — المعالجة والتحسين
REQ-00968,G10-02,عمل المبرمج خطوة بخطوة,7. نشرها خلف Feature Flag على Staging، جمع الدليل، ثم إعداد rollback أو forward-fix.,VVIP_TIGER_Global_Implementation_Specification_AR_v2.docx,G10-02 — المعالجة والتحسين
REQ-00969,G10-02,ما يجب أن يبنيه أو يعدله,وحدة المجال `media`: entities/value objects/state rules من دون اعتماد مباشر على الواجهة أو المورد.,VVIP_TIGER_Global_Implementation_Specification_AR_v2.docx,G10-02 — المعالجة والتحسين
REQ-00970,G10-02,ما يجب أن يبنيه أو يعدله,طبقة application: use cases وخدمات تحقق ورسائل خطأ ثابتة ومترجمة.,VVIP_TIGER_Global_Implementation_Specification_AR_v2.docx,G10-02 — المعالجة والتحسين
REQ-00971,G10-02,ما يجب أن يبنيه أو يعدله,طبقة infrastructure: database/repository/provider adapter مع timeout/retry/idempotency عند الحاجة.,VVIP_TIGER_Global_Implementation_Specification_AR_v2.docx,G10-02 — المعالجة والتحسين
REQ-00972,G10-02,ما يجب أن يبنيه أو يعدله,طبقة الواجهة: حالات loading/empty/error/forbidden/offline/success والهاتف وRTL/LTR.,VVIP_TIGER_Global_Implementation_Specification_AR_v2.docx,G10-02 — المعالجة والتحسين
REQ-00973,G10-02,ما يجب أن يبنيه أو يعدله,Schema/migration/index/policy عند وجود بيانات، مع forward migration وخطة rollback أو forward-fix.,VVIP_TIGER_Global_Implementation_Specification_AR_v2.docx,G10-02 — المعالجة والتحسين
REQ-00974,G10-02,ما يجب أن يبنيه أو يعدله,اختبارات وتسميات واضحة وربط كل حالة بمعيار قبول أو خطر.,VVIP_TIGER_Global_Implementation_Specification_AR_v2.docx,G10-02 — المعالجة والتحسين
REQ-00975,G10-02,الأمان والخصوصية,التحقق من authentication وauthorization على الخادم؛ إخفاء الزر ليس حماية.,VVIP_TIGER_Global_Implementation_Specification_AR_v2.docx,G10-02 — المعالجة والتحسين
REQ-00976,G10-02,الأمان والخصوصية,عدم تسجيل token/secret/payment data/private message أو PII غير لازم.,VVIP_TIGER_Global_Implementation_Specification_AR_v2.docx,G10-02 — المعالجة والتحسين
REQ-00977,G10-02,الأمان والخصوصية,تطبيق least privilege وdeny by default وrate limit وaudit على العمليات الحساسة.,VVIP_TIGER_Global_Implementation_Specification_AR_v2.docx,G10-02 — المعالجة والتحسين
REQ-00978,G10-02,الأمان والخصوصية,تحديد retention والحذف والتصدير والوصول الإداري إن كانت المهمة تعالج بيانات شخصية.,VVIP_TIGER_Global_Implementation_Specification_AR_v2.docx,G10-02 — المعالجة والتحسين
REQ-00979,G10-02,اختبارات QA المطلوبة,Happy path كامل ببيانات واقعية في Staging.,VVIP_TIGER_Global_Implementation_Specification_AR_v2.docx,G10-02 — المعالجة والتحسين
REQ-00980,G10-02,اختبارات QA المطلوبة,مدخلات ناقصة وخاطئة وحدود الحجم والعدد والحالة.,VVIP_TIGER_Global_Implementation_Specification_AR_v2.docx,G10-02 — المعالجة والتحسين
REQ-00981,G10-02,اختبارات QA المطلوبة,انقطاع الشبكة، retry، duplicate request، refresh وعودة من جهاز آخر عند انطباقها.,VVIP_TIGER_Global_Implementation_Specification_AR_v2.docx,G10-02 — المعالجة والتحسين
REQ-00982,G10-02,اختبارات QA المطلوبة,مستخدم A مقابل مستخدم B، وزائر، ودور إداري محدود.,VVIP_TIGER_Global_Implementation_Specification_AR_v2.docx,G10-02 — المعالجة والتحسين
REQ-00983,G10-02,اختبارات QA المطلوبة,العربية/الإنجليزية، RTL/LTR، هاتف متوسط، Chrome/Safari/Firefox للواجهات المتأثرة.,VVIP_TIGER_Global_Implementation_Specification_AR_v2.docx,G10-02 — المعالجة والتحسين
REQ-00984,G10-02,اختبارات QA المطلوبة,Regression آلي يمنع عودة السبب بعد الدمج.,VVIP_TIGER_Global_Implementation_Specification_AR_v2.docx,G10-02 — المعالجة والتحسين
REQ-00985,G10-02,قبول: معيار القبول الرئيسي,قياس انخفاض الحجم وعدم كسر الجودة.,VVIP_TIGER_Global_Implementation_Specification_AR_v2.docx,G10-02 — المعالجة والتحسين
REQ-00986,G10-02,قبول: معايير إضافية,CI أخضر؛ لا خطأ حرج؛ صلاحيات مختبرة؛ Staging يعمل؛ الأداء ضمن الميزانية؛ النصوص مترجمة.,VVIP_TIGER_Global_Implementation_Specification_AR_v2.docx,G10-02 — المعالجة والتحسين
REQ-00987,G10-02,قبول: المخرجات,كود + tests + migration/policy إن لزم + API/schema docs + screenshots/log evidence + release/rollback notes.,VVIP_TIGER_Global_Implementation_Specification_AR_v2.docx,G10-02 — المعالجة والتحسين
REQ-00988,G10-02,قبول: تعريف الاكتمال,Code review، QA sign-off، Security sign-off بحسب الخطر، Product acceptance، تحديث Decision/Change Log.,VVIP_TIGER_Global_Implementation_Specification_AR_v2.docx,G10-02 — المعالجة والتحسين
REQ-00989,G10-02,قبول: الخطر,تنفيذ الواجهة قبل عقد البيانات أو الصلاحيات يؤدي إلى إعادة بناء أو تسريب.,VVIP_TIGER_Global_Implementation_Specification_AR_v2.docx,G10-02 — المعالجة والتحسين
REQ-00990,G10-02,قبول: التراجع,Feature Flag وإيقاف endpoint/job، ثم rollback migration الآمن أو forward-fix مع حفظ البيانات.,VVIP_TIGER_Global_Implementation_Specification_AR_v2.docx,G10-02 — المعالجة والتحسين
REQ-00991,G10-03,عمل المبرمج خطوة بخطوة,1. transactions لربط الصور، orphan cleanup job وdelete policies.,VVIP_TIGER_Global_Implementation_Specification_AR_v2.docx,G10-03 — إدارة الغلاف والترتيب والحذف
REQ-00992,G10-03,عمل المبرمج خطوة بخطوة,2. رفع مباشر موقّع أو endpoint محدود، ثم quarantine.,VVIP_TIGER_Global_Implementation_Specification_AR_v2.docx,G10-03 — إدارة الغلاف والترتيب والحذف
REQ-00993,G10-03,عمل المبرمج خطوة بخطوة,3. إنشاء thumbnail/optimized variants وتخزين metadata.,VVIP_TIGER_Global_Implementation_Specification_AR_v2.docx,G10-03 — إدارة الغلاف والترتيب والحذف
REQ-00994,G10-03,عمل المبرمج خطوة بخطوة,4. حذف آمن مرجعي وعدم حذف ملف مستخدم في سجل آخر.,VVIP_TIGER_Global_Implementation_Specification_AR_v2.docx,G10-03 — إدارة الغلاف والترتيب والحذف
REQ-00995,G10-03,عمل المبرمج خطوة بخطوة,5. التحقق من magic bytes لا الامتداد فقط.,VVIP_TIGER_Global_Implementation_Specification_AR_v2.docx,G10-03 — إدارة الغلاف والترتيب والحذف
REQ-00996,G10-03,عمل المبرمج خطوة بخطوة,6. المعالجة غير المتزامنة مع quarantine وحالة processing/failed/ready.,VVIP_TIGER_Global_Implementation_Specification_AR_v2.docx,G10-03 — إدارة الغلاف والترتيب والحذف
REQ-00997,G10-03,عمل المبرمج خطوة بخطوة,7. حذف الملفات اليتيمة وفق job مجدول ودليل audit.,VVIP_TIGER_Global_Implementation_Specification_AR_v2.docx,G10-03 — إدارة الغلاف والترتيب والحذف
REQ-00998,G10-03,عمل المبرمج خطوة بخطوة,8. تعريف API contract وحالات الخطأ والـrate limit قبل دمج الواجهة.,VVIP_TIGER_Global_Implementation_Specification_AR_v2.docx,G10-03 — إدارة الغلاف والترتيب والحذف
REQ-00999,G10-03,عمل المبرمج خطوة بخطوة,9. إضافة unit/integration/E2E أو security tests بحسب حدود المهمة، وربطها بـCI.,VVIP_TIGER_Global_Implementation_Specification_AR_v2.docx,G10-03 — إدارة الغلاف والترتيب والحذف
REQ-01000,G10-03,عمل المبرمج خطوة بخطوة,10. نشرها خلف Feature Flag على Staging، جمع الدليل، ثم إعداد rollback أو forward-fix.,VVIP_TIGER_Global_Implementation_Specification_AR_v2.docx,G10-03 — إدارة الغلاف والترتيب والحذف
REQ-01001,G10-03,ما يجب أن يبنيه أو يعدله,وحدة المجال `media`: entities/value objects/state rules من دون اعتماد مباشر على الواجهة أو المورد.,VVIP_TIGER_Global_Implementation_Specification_AR_v2.docx,G10-03 — إدارة الغلاف والترتيب والحذف
REQ-01002,G10-03,ما يجب أن يبنيه أو يعدله,طبقة application: use cases وخدمات تحقق ورسائل خطأ ثابتة ومترجمة.,VVIP_TIGER_Global_Implementation_Specification_AR_v2.docx,G10-03 — إدارة الغلاف والترتيب والحذف
REQ-01003,G10-03,ما يجب أن يبنيه أو يعدله,طبقة infrastructure: database/repository/provider adapter مع timeout/retry/idempotency عند الحاجة.,VVIP_TIGER_Global_Implementation_Specification_AR_v2.docx,G10-03 — إدارة الغلاف والترتيب والحذف
REQ-01004,G10-03,ما يجب أن يبنيه أو يعدله,طبقة الواجهة: حالات loading/empty/error/forbidden/offline/success والهاتف وRTL/LTR.,VVIP_TIGER_Global_Implementation_Specification_AR_v2.docx,G10-03 — إدارة الغلاف والترتيب والحذف
REQ-01005,G10-03,ما يجب أن يبنيه أو يعدله,Schema/migration/index/policy عند وجود بيانات، مع forward migration وخطة rollback أو forward-fix.,VVIP_TIGER_Global_Implementation_Specification_AR_v2.docx,G10-03 — إدارة الغلاف والترتيب والحذف
REQ-01006,G10-03,ما يجب أن يبنيه أو يعدله,اختبارات وتسميات واضحة وربط كل حالة بمعيار قبول أو خطر.,VVIP_TIGER_Global_Implementation_Specification_AR_v2.docx,G10-03 — إدارة الغلاف والترتيب والحذف
REQ-01007,G10-03,الأمان والخصوصية,التحقق من authentication وauthorization على الخادم؛ إخفاء الزر ليس حماية.,VVIP_TIGER_Global_Implementation_Specification_AR_v2.docx,G10-03 — إدارة الغلاف والترتيب والحذف
REQ-01008,G10-03,الأمان والخصوصية,عدم تسجيل token/secret/payment data/private message أو PII غير لازم.,VVIP_TIGER_Global_Implementation_Specification_AR_v2.docx,G10-03 — إدارة الغلاف والترتيب والحذف
REQ-01009,G10-03,الأمان والخصوصية,تطبيق least privilege وdeny by default وrate limit وaudit على العمليات الحساسة.,VVIP_TIGER_Global_Implementation_Specification_AR_v2.docx,G10-03 — إدارة الغلاف والترتيب والحذف
REQ-01010,G10-03,الأمان والخصوصية,تحديد retention والحذف والتصدير والوصول الإداري إن كانت المهمة تعالج بيانات شخصية.,VVIP_TIGER_Global_Implementation_Specification_AR_v2.docx,G10-03 — إدارة الغلاف والترتيب والحذف
REQ-01011,G10-03,اختبارات QA المطلوبة,Happy path كامل ببيانات واقعية في Staging.,VVIP_TIGER_Global_Implementation_Specification_AR_v2.docx,G10-03 — إدارة الغلاف والترتيب والحذف
REQ-01012,G10-03,اختبارات QA المطلوبة,مدخلات ناقصة وخاطئة وحدود الحجم والعدد والحالة.,VVIP_TIGER_Global_Implementation_Specification_AR_v2.docx,G10-03 — إدارة الغلاف والترتيب والحذف
REQ-01013,G10-03,اختبارات QA المطلوبة,انقطاع الشبكة، retry، duplicate request، refresh وعودة من جهاز آخر عند انطباقها.,VVIP_TIGER_Global_Implementation_Specification_AR_v2.docx,G10-03 — إدارة الغلاف والترتيب والحذف
REQ-01014,G10-03,اختبارات QA المطلوبة,مستخدم A مقابل مستخدم B، وزائر، ودور إداري محدود.,VVIP_TIGER_Global_Implementation_Specification_AR_v2.docx,G10-03 — إدارة الغلاف والترتيب والحذف
REQ-01015,G10-03,اختبارات QA المطلوبة,العربية/الإنجليزية، RTL/LTR، هاتف متوسط، Chrome/Safari/Firefox للواجهات المتأثرة.,VVIP_TIGER_Global_Implementation_Specification_AR_v2.docx,G10-03 — إدارة الغلاف والترتيب والحذف
REQ-01016,G10-03,اختبارات QA المطلوبة,Regression آلي يمنع عودة السبب بعد الدمج.,VVIP_TIGER_Global_Implementation_Specification_AR_v2.docx,G10-03 — إدارة الغلاف والترتيب والحذف
REQ-01017,G10-03,قبول: معيار القبول الرئيسي,حذف الإعلان يطبق سياسة الملفات الصحيحة.,VVIP_TIGER_Global_Implementation_Specification_AR_v2.docx,G10-03 — إدارة الغلاف والترتيب والحذف
REQ-01018,G10-03,قبول: معايير إضافية,CI أخضر؛ لا خطأ حرج؛ صلاحيات مختبرة؛ Staging يعمل؛ الأداء ضمن الميزانية؛ النصوص مترجمة.,VVIP_TIGER_Global_Implementation_Specification_AR_v2.docx,G10-03 — إدارة الغلاف والترتيب والحذف
REQ-01019,G10-03,قبول: المخرجات,كود + tests + migration/policy إن لزم + API/schema docs + screenshots/log evidence + release/rollback notes.,VVIP_TIGER_Global_Implementation_Specification_AR_v2.docx,G10-03 — إدارة الغلاف والترتيب والحذف
REQ-01020,G10-03,قبول: تعريف الاكتمال,Code review، QA sign-off، Security sign-off بحسب الخطر، Product acceptance، تحديث Decision/Change Log.,VVIP_TIGER_Global_Implementation_Specification_AR_v2.docx,G10-03 — إدارة الغلاف والترتيب والحذف
REQ-01021,G10-03,قبول: الخطر,تنفيذ الواجهة قبل عقد البيانات أو الصلاحيات يؤدي إلى إعادة بناء أو تسريب.,VVIP_TIGER_Global_Implementation_Specification_AR_v2.docx,G10-03 — إدارة الغلاف والترتيب والحذف
REQ-01022,G10-03,قبول: التراجع,Feature Flag وإيقاف endpoint/job، ثم rollback migration الآمن أو forward-fix مع حفظ البيانات.,VVIP_TIGER_Global_Implementation_Specification_AR_v2.docx,G10-03 — إدارة الغلاف والترتيب والحذف
REQ-01023,G11-01,عمل المبرمج خطوة بخطوة,1. إنشاء query service بصفحات وفلاتر ودعم featured rules.,VVIP_TIGER_Global_Implementation_Specification_AR_v2.docx,G11-01 — Feed عالمي ومحلي
REQ-01024,G11-01,عمل المبرمج خطوة بخطوة,2. استخدام cursor pagination وترتيب ثابت.,VVIP_TIGER_Global_Implementation_Specification_AR_v2.docx,G11-01 — Feed عالمي ومحلي
REQ-01025,G11-01,عمل المبرمج خطوة بخطوة,3. إضافة فهارس بناءً على explain وتحميل واقعي.,VVIP_TIGER_Global_Implementation_Specification_AR_v2.docx,G11-01 — Feed عالمي ومحلي
REQ-01026,G11-01,عمل المبرمج خطوة بخطوة,4. منع فهرسة المحتوى الخاص أو غير المنشور.,VVIP_TIGER_Global_Implementation_Specification_AR_v2.docx,G11-01 — Feed عالمي ومحلي
REQ-01027,G11-01,عمل المبرمج خطوة بخطوة,5. تعريف API contract وحالات الخطأ والـrate limit قبل دمج الواجهة.,VVIP_TIGER_Global_Implementation_Specification_AR_v2.docx,G11-01 — Feed عالمي ومحلي
REQ-01028,G11-01,عمل المبرمج خطوة بخطوة,6. إضافة unit/integration/E2E أو security tests بحسب حدود المهمة، وربطها بـCI.,VVIP_TIGER_Global_Implementation_Specification_AR_v2.docx,G11-01 — Feed عالمي ومحلي
REQ-01029,G11-01,عمل المبرمج خطوة بخطوة,7. نشرها خلف Feature Flag على Staging، جمع الدليل، ثم إعداد rollback أو forward-fix.,VVIP_TIGER_Global_Implementation_Specification_AR_v2.docx,G11-01 — Feed عالمي ومحلي
REQ-01030,G11-01,ما يجب أن يبنيه أو يعدله,وحدة المجال `discovery`: entities/value objects/state rules من دون اعتماد مباشر على الواجهة أو المورد.,VVIP_TIGER_Global_Implementation_Specification_AR_v2.docx,G11-01 — Feed عالمي ومحلي
REQ-01031,G11-01,ما يجب أن يبنيه أو يعدله,طبقة application: use cases وخدمات تحقق ورسائل خطأ ثابتة ومترجمة.,VVIP_TIGER_Global_Implementation_Specification_AR_v2.docx,G11-01 — Feed عالمي ومحلي
REQ-01032,G11-01,ما يجب أن يبنيه أو يعدله,طبقة infrastructure: database/repository/provider adapter مع timeout/retry/idempotency عند الحاجة.,VVIP_TIGER_Global_Implementation_Specification_AR_v2.docx,G11-01 — Feed عالمي ومحلي
REQ-01033,G11-01,ما يجب أن يبنيه أو يعدله,طبقة الواجهة: حالات loading/empty/error/forbidden/offline/success والهاتف وRTL/LTR.,VVIP_TIGER_Global_Implementation_Specification_AR_v2.docx,G11-01 — Feed عالمي ومحلي
REQ-01034,G11-01,ما يجب أن يبنيه أو يعدله,Schema/migration/index/policy عند وجود بيانات، مع forward migration وخطة rollback أو forward-fix.,VVIP_TIGER_Global_Implementation_Specification_AR_v2.docx,G11-01 — Feed عالمي ومحلي
REQ-01035,G11-01,ما يجب أن يبنيه أو يعدله,اختبارات وتسميات واضحة وربط كل حالة بمعيار قبول أو خطر.,VVIP_TIGER_Global_Implementation_Specification_AR_v2.docx,G11-01 — Feed عالمي ومحلي
REQ-01036,G11-01,الأمان والخصوصية,التحقق من authentication وauthorization على الخادم؛ إخفاء الزر ليس حماية.,VVIP_TIGER_Global_Implementation_Specification_AR_v2.docx,G11-01 — Feed عالمي ومحلي
REQ-01037,G11-01,الأمان والخصوصية,عدم تسجيل token/secret/payment data/private message أو PII غير لازم.,VVIP_TIGER_Global_Implementation_Specification_AR_v2.docx,G11-01 — Feed عالمي ومحلي
REQ-01038,G11-01,الأمان والخصوصية,تطبيق least privilege وdeny by default وrate limit وaudit على العمليات الحساسة.,VVIP_TIGER_Global_Implementation_Specification_AR_v2.docx,G11-01 — Feed عالمي ومحلي
REQ-01039,G11-01,الأمان والخصوصية,تحديد retention والحذف والتصدير والوصول الإداري إن كانت المهمة تعالج بيانات شخصية.,VVIP_TIGER_Global_Implementation_Specification_AR_v2.docx,G11-01 — Feed عالمي ومحلي
REQ-01040,G11-01,اختبارات QA المطلوبة,Happy path كامل ببيانات واقعية في Staging.,VVIP_TIGER_Global_Implementation_Specification_AR_v2.docx,G11-01 — Feed عالمي ومحلي
REQ-01041,G11-01,اختبارات QA المطلوبة,مدخلات ناقصة وخاطئة وحدود الحجم والعدد والحالة.,VVIP_TIGER_Global_Implementation_Specification_AR_v2.docx,G11-01 — Feed عالمي ومحلي
REQ-01042,G11-01,اختبارات QA المطلوبة,انقطاع الشبكة، retry، duplicate request، refresh وعودة من جهاز آخر عند انطباقها.,VVIP_TIGER_Global_Implementation_Specification_AR_v2.docx,G11-01 — Feed عالمي ومحلي
REQ-01043,G11-01,اختبارات QA المطلوبة,مستخدم A مقابل مستخدم B، وزائر، ودور إداري محدود.,VVIP_TIGER_Global_Implementation_Specification_AR_v2.docx,G11-01 — Feed عالمي ومحلي
REQ-01044,G11-01,اختبارات QA المطلوبة,العربية/الإنجليزية، RTL/LTR، هاتف متوسط، Chrome/Safari/Firefox للواجهات المتأثرة.,VVIP_TIGER_Global_Implementation_Specification_AR_v2.docx,G11-01 — Feed عالمي ومحلي
REQ-01045,G11-01,اختبارات QA المطلوبة,Regression آلي يمنع عودة السبب بعد الدمج.,VVIP_TIGER_Global_Implementation_Specification_AR_v2.docx,G11-01 — Feed عالمي ومحلي
REQ-01046,G11-01,قبول: معيار القبول الرئيسي,نتائج ثابتة دون تكرار أو فقد.,VVIP_TIGER_Global_Implementation_Specification_AR_v2.docx,G11-01 — Feed عالمي ومحلي
REQ-01047,G11-01,قبول: معايير إضافية,CI أخضر؛ لا خطأ حرج؛ صلاحيات مختبرة؛ Staging يعمل؛ الأداء ضمن الميزانية؛ النصوص مترجمة.,VVIP_TIGER_Global_Implementation_Specification_AR_v2.docx,G11-01 — Feed عالمي ومحلي
REQ-01048,G11-01,قبول: المخرجات,كود + tests + migration/policy إن لزم + API/schema docs + screenshots/log evidence + release/rollback notes.,VVIP_TIGER_Global_Implementation_Specification_AR_v2.docx,G11-01 — Feed عالمي ومحلي
REQ-01049,G11-01,قبول: تعريف الاكتمال,Code review، QA sign-off، Security sign-off بحسب الخطر، Product acceptance، تحديث Decision/Change Log.,VVIP_TIGER_Global_Implementation_Specification_AR_v2.docx,G11-01 — Feed عالمي ومحلي
REQ-01050,G11-01,قبول: الخطر,تنفيذ الواجهة قبل عقد البيانات أو الصلاحيات يؤدي إلى إعادة بناء أو تسريب.,VVIP_TIGER_Global_Implementation_Specification_AR_v2.docx,G11-01 — Feed عالمي ومحلي
REQ-01051,G11-01,قبول: التراجع,Feature Flag وإيقاف endpoint/job، ثم rollback migration الآمن أو forward-fix مع حفظ البيانات.,VVIP_TIGER_Global_Implementation_Specification_AR_v2.docx,G11-01 — Feed عالمي ومحلي
REQ-01052,G11-02,عمل المبرمج خطوة بخطوة,1. فهارس، search vector أو خدمة بحث عند الحاجة، validation للفلاتر.,VVIP_TIGER_Global_Implementation_Specification_AR_v2.docx,G11-02 — البحث والفلاتر والترتيب
REQ-01053,G11-02,عمل المبرمج خطوة بخطوة,2. تعريف search document وfilters المسموحة فقط.,VVIP_TIGER_Global_Implementation_Specification_AR_v2.docx,G11-02 — البحث والفلاتر والترتيب
REQ-01054,G11-02,عمل المبرمج خطوة بخطوة,3. استخدام query plan وفهارس مركبة حسب الاستعمال.,VVIP_TIGER_Global_Implementation_Specification_AR_v2.docx,G11-02 — البحث والفلاتر والترتيب
REQ-01055,G11-02,عمل المبرمج خطوة بخطوة,4. حماية البحث من enumeration وتسريب البيانات الخاصة.,VVIP_TIGER_Global_Implementation_Specification_AR_v2.docx,G11-02 — البحث والفلاتر والترتيب
REQ-01056,G11-02,عمل المبرمج خطوة بخطوة,5. استخدام cursor pagination وترتيب ثابت.,VVIP_TIGER_Global_Implementation_Specification_AR_v2.docx,G11-02 — البحث والفلاتر والترتيب
REQ-01057,G11-02,عمل المبرمج خطوة بخطوة,6. إضافة فهارس بناءً على explain وتحميل واقعي.,VVIP_TIGER_Global_Implementation_Specification_AR_v2.docx,G11-02 — البحث والفلاتر والترتيب
REQ-01058,G11-02,عمل المبرمج خطوة بخطوة,7. منع فهرسة المحتوى الخاص أو غير المنشور.,VVIP_TIGER_Global_Implementation_Specification_AR_v2.docx,G11-02 — البحث والفلاتر والترتيب
REQ-01059,G11-02,عمل المبرمج خطوة بخطوة,8. تعريف API contract وحالات الخطأ والـrate limit قبل دمج الواجهة.,VVIP_TIGER_Global_Implementation_Specification_AR_v2.docx,G11-02 — البحث والفلاتر والترتيب
REQ-01060,G11-02,عمل المبرمج خطوة بخطوة,9. إضافة unit/integration/E2E أو security tests بحسب حدود المهمة، وربطها بـCI.,VVIP_TIGER_Global_Implementation_Specification_AR_v2.docx,G11-02 — البحث والفلاتر والترتيب
REQ-01061,G11-02,عمل المبرمج خطوة بخطوة,10. نشرها خلف Feature Flag على Staging، جمع الدليل، ثم إعداد rollback أو forward-fix.,VVIP_TIGER_Global_Implementation_Specification_AR_v2.docx,G11-02 — البحث والفلاتر والترتيب
REQ-01062,G11-02,ما يجب أن يبنيه أو يعدله,وحدة المجال `discovery`: entities/value objects/state rules من دون اعتماد مباشر على الواجهة أو المورد.,VVIP_TIGER_Global_Implementation_Specification_AR_v2.docx,G11-02 — البحث والفلاتر والترتيب
REQ-01063,G11-02,ما يجب أن يبنيه أو يعدله,طبقة application: use cases وخدمات تحقق ورسائل خطأ ثابتة ومترجمة.,VVIP_TIGER_Global_Implementation_Specification_AR_v2.docx,G11-02 — البحث والفلاتر والترتيب
REQ-01064,G11-02,ما يجب أن يبنيه أو يعدله,طبقة infrastructure: database/repository/provider adapter مع timeout/retry/idempotency عند الحاجة.,VVIP_TIGER_Global_Implementation_Specification_AR_v2.docx,G11-02 — البحث والفلاتر والترتيب
REQ-01065,G11-02,ما يجب أن يبنيه أو يعدله,طبقة الواجهة: حالات loading/empty/error/forbidden/offline/success والهاتف وRTL/LTR.,VVIP_TIGER_Global_Implementation_Specification_AR_v2.docx,G11-02 — البحث والفلاتر والترتيب
REQ-01066,G11-02,ما يجب أن يبنيه أو يعدله,Schema/migration/index/policy عند وجود بيانات، مع forward migration وخطة rollback أو forward-fix.,VVIP_TIGER_Global_Implementation_Specification_AR_v2.docx,G11-02 — البحث والفلاتر والترتيب
REQ-01067,G11-02,ما يجب أن يبنيه أو يعدله,اختبارات وتسميات واضحة وربط كل حالة بمعيار قبول أو خطر.,VVIP_TIGER_Global_Implementation_Specification_AR_v2.docx,G11-02 — البحث والفلاتر والترتيب
REQ-01068,G11-02,الأمان والخصوصية,التحقق من authentication وauthorization على الخادم؛ إخفاء الزر ليس حماية.,VVIP_TIGER_Global_Implementation_Specification_AR_v2.docx,G11-02 — البحث والفلاتر والترتيب
REQ-01069,G11-02,الأمان والخصوصية,عدم تسجيل token/secret/payment data/private message أو PII غير لازم.,VVIP_TIGER_Global_Implementation_Specification_AR_v2.docx,G11-02 — البحث والفلاتر والترتيب
REQ-01070,G11-02,الأمان والخصوصية,تطبيق least privilege وdeny by default وrate limit وaudit على العمليات الحساسة.,VVIP_TIGER_Global_Implementation_Specification_AR_v2.docx,G11-02 — البحث والفلاتر والترتيب
REQ-01071,G11-02,الأمان والخصوصية,تحديد retention والحذف والتصدير والوصول الإداري إن كانت المهمة تعالج بيانات شخصية.,VVIP_TIGER_Global_Implementation_Specification_AR_v2.docx,G11-02 — البحث والفلاتر والترتيب
REQ-01072,G11-02,اختبارات QA المطلوبة,Happy path كامل ببيانات واقعية في Staging.,VVIP_TIGER_Global_Implementation_Specification_AR_v2.docx,G11-02 — البحث والفلاتر والترتيب
REQ-01073,G11-02,اختبارات QA المطلوبة,مدخلات ناقصة وخاطئة وحدود الحجم والعدد والحالة.,VVIP_TIGER_Global_Implementation_Specification_AR_v2.docx,G11-02 — البحث والفلاتر والترتيب
REQ-01074,G11-02,اختبارات QA المطلوبة,انقطاع الشبكة، retry، duplicate request، refresh وعودة من جهاز آخر عند انطباقها.,VVIP_TIGER_Global_Implementation_Specification_AR_v2.docx,G11-02 — البحث والفلاتر والترتيب
REQ-01075,G11-02,اختبارات QA المطلوبة,مستخدم A مقابل مستخدم B، وزائر، ودور إداري محدود.,VVIP_TIGER_Global_Implementation_Specification_AR_v2.docx,G11-02 — البحث والفلاتر والترتيب
REQ-01076,G11-02,اختبارات QA المطلوبة,العربية/الإنجليزية، RTL/LTR، هاتف متوسط، Chrome/Safari/Firefox للواجهات المتأثرة.,VVIP_TIGER_Global_Implementation_Specification_AR_v2.docx,G11-02 — البحث والفلاتر والترتيب
REQ-01077,G11-02,اختبارات QA المطلوبة,Regression آلي يمنع عودة السبب بعد الدمج.,VVIP_TIGER_Global_Implementation_Specification_AR_v2.docx,G11-02 — البحث والفلاتر والترتيب
REQ-01078,G11-02,قبول: معيار القبول الرئيسي,اختبارات دقة وأداء للبحث.,VVIP_TIGER_Global_Implementation_Specification_AR_v2.docx,G11-02 — البحث والفلاتر والترتيب
REQ-01079,G11-02,قبول: معايير إضافية,CI أخضر؛ لا خطأ حرج؛ صلاحيات مختبرة؛ Staging يعمل؛ الأداء ضمن الميزانية؛ النصوص مترجمة.,VVIP_TIGER_Global_Implementation_Specification_AR_v2.docx,G11-02 — البحث والفلاتر والترتيب
REQ-01080,G11-02,قبول: المخرجات,كود + tests + migration/policy إن لزم + API/schema docs + screenshots/log evidence + release/rollback notes.,VVIP_TIGER_Global_Implementation_Specification_AR_v2.docx,G11-02 — البحث والفلاتر والترتيب
REQ-01081,G11-02,قبول: تعريف الاكتمال,Code review، QA sign-off، Security sign-off بحسب الخطر، Product acceptance، تحديث Decision/Change Log.,VVIP_TIGER_Global_Implementation_Specification_AR_v2.docx,G11-02 — البحث والفلاتر والترتيب
REQ-01082,G11-02,قبول: الخطر,تنفيذ الواجهة قبل عقد البيانات أو الصلاحيات يؤدي إلى إعادة بناء أو تسريب.,VVIP_TIGER_Global_Implementation_Specification_AR_v2.docx,G11-02 — البحث والفلاتر والترتيب
REQ-01083,G11-02,قبول: التراجع,Feature Flag وإيقاف endpoint/job، ثم rollback migration الآمن أو forward-fix مع حفظ البيانات.,VVIP_TIGER_Global_Implementation_Specification_AR_v2.docx,G11-02 — البحث والفلاتر والترتيب
REQ-01084,G11-03,عمل المبرمج خطوة بخطوة,1. routes مستقرة، metadata، favorites table، share tracking وprivacy rules.,VVIP_TIGER_Global_Implementation_Specification_AR_v2.docx,G11-03 — صفحة التفاصيل والحفظ والمشاركة
REQ-01085,G11-03,عمل المبرمج خطوة بخطوة,2. استخدام cursor pagination وترتيب ثابت.,VVIP_TIGER_Global_Implementation_Specification_AR_v2.docx,G11-03 — صفحة التفاصيل والحفظ والمشاركة
REQ-01086,G11-03,عمل المبرمج خطوة بخطوة,3. إضافة فهارس بناءً على explain وتحميل واقعي.,VVIP_TIGER_Global_Implementation_Specification_AR_v2.docx,G11-03 — صفحة التفاصيل والحفظ والمشاركة
REQ-01087,G11-03,عمل المبرمج خطوة بخطوة,4. منع فهرسة المحتوى الخاص أو غير المنشور.,VVIP_TIGER_Global_Implementation_Specification_AR_v2.docx,G11-03 — صفحة التفاصيل والحفظ والمشاركة
REQ-01088,G11-03,عمل المبرمج خطوة بخطوة,5. تعريف API contract وحالات الخطأ والـrate limit قبل دمج الواجهة.,VVIP_TIGER_Global_Implementation_Specification_AR_v2.docx,G11-03 — صفحة التفاصيل والحفظ والمشاركة
REQ-01089,G11-03,عمل المبرمج خطوة بخطوة,6. إضافة unit/integration/E2E أو security tests بحسب حدود المهمة، وربطها بـCI.,VVIP_TIGER_Global_Implementation_Specification_AR_v2.docx,G11-03 — صفحة التفاصيل والحفظ والمشاركة
REQ-01090,G11-03,عمل المبرمج خطوة بخطوة,7. نشرها خلف Feature Flag على Staging، جمع الدليل، ثم إعداد rollback أو forward-fix.,VVIP_TIGER_Global_Implementation_Specification_AR_v2.docx,G11-03 — صفحة التفاصيل والحفظ والمشاركة
REQ-01091,G11-03,ما يجب أن يبنيه أو يعدله,وحدة المجال `discovery`: entities/value objects/state rules من دون اعتماد مباشر على الواجهة أو المورد.,VVIP_TIGER_Global_Implementation_Specification_AR_v2.docx,G11-03 — صفحة التفاصيل والحفظ والمشاركة
REQ-01092,G11-03,ما يجب أن يبنيه أو يعدله,طبقة application: use cases وخدمات تحقق ورسائل خطأ ثابتة ومترجمة.,VVIP_TIGER_Global_Implementation_Specification_AR_v2.docx,G11-03 — صفحة التفاصيل والحفظ والمشاركة
REQ-01093,G11-03,ما يجب أن يبنيه أو يعدله,طبقة infrastructure: database/repository/provider adapter مع timeout/retry/idempotency عند الحاجة.,VVIP_TIGER_Global_Implementation_Specification_AR_v2.docx,G11-03 — صفحة التفاصيل والحفظ والمشاركة
REQ-01094,G11-03,ما يجب أن يبنيه أو يعدله,طبقة الواجهة: حالات loading/empty/error/forbidden/offline/success والهاتف وRTL/LTR.,VVIP_TIGER_Global_Implementation_Specification_AR_v2.docx,G11-03 — صفحة التفاصيل والحفظ والمشاركة
REQ-01095,G11-03,ما يجب أن يبنيه أو يعدله,Schema/migration/index/policy عند وجود بيانات، مع forward migration وخطة rollback أو forward-fix.,VVIP_TIGER_Global_Implementation_Specification_AR_v2.docx,G11-03 — صفحة التفاصيل والحفظ والمشاركة
REQ-01096,G11-03,ما يجب أن يبنيه أو يعدله,اختبارات وتسميات واضحة وربط كل حالة بمعيار قبول أو خطر.,VVIP_TIGER_Global_Implementation_Specification_AR_v2.docx,G11-03 — صفحة التفاصيل والحفظ والمشاركة
REQ-01097,G11-03,الأمان والخصوصية,التحقق من authentication وauthorization على الخادم؛ إخفاء الزر ليس حماية.,VVIP_TIGER_Global_Implementation_Specification_AR_v2.docx,G11-03 — صفحة التفاصيل والحفظ والمشاركة
REQ-01098,G11-03,الأمان والخصوصية,عدم تسجيل token/secret/payment data/private message أو PII غير لازم.,VVIP_TIGER_Global_Implementation_Specification_AR_v2.docx,G11-03 — صفحة التفاصيل والحفظ والمشاركة
REQ-01099,G11-03,الأمان والخصوصية,تطبيق least privilege وdeny by default وrate limit وaudit على العمليات الحساسة.,VVIP_TIGER_Global_Implementation_Specification_AR_v2.docx,G11-03 — صفحة التفاصيل والحفظ والمشاركة
REQ-01100,G11-03,الأمان والخصوصية,تحديد retention والحذف والتصدير والوصول الإداري إن كانت المهمة تعالج بيانات شخصية.,VVIP_TIGER_Global_Implementation_Specification_AR_v2.docx,G11-03 — صفحة التفاصيل والحفظ والمشاركة
REQ-01101,G11-03,اختبارات QA المطلوبة,Happy path كامل ببيانات واقعية في Staging.,VVIP_TIGER_Global_Implementation_Specification_AR_v2.docx,G11-03 — صفحة التفاصيل والحفظ والمشاركة
REQ-01102,G11-03,اختبارات QA المطلوبة,مدخلات ناقصة وخاطئة وحدود الحجم والعدد والحالة.,VVIP_TIGER_Global_Implementation_Specification_AR_v2.docx,G11-03 — صفحة التفاصيل والحفظ والمشاركة
REQ-01103,G11-03,اختبارات QA المطلوبة,انقطاع الشبكة، retry، duplicate request، refresh وعودة من جهاز آخر عند انطباقها.,VVIP_TIGER_Global_Implementation_Specification_AR_v2.docx,G11-03 — صفحة التفاصيل والحفظ والمشاركة
REQ-01104,G11-03,اختبارات QA المطلوبة,مستخدم A مقابل مستخدم B، وزائر، ودور إداري محدود.,VVIP_TIGER_Global_Implementation_Specification_AR_v2.docx,G11-03 — صفحة التفاصيل والحفظ والمشاركة
REQ-01105,G11-03,اختبارات QA المطلوبة,العربية/الإنجليزية، RTL/LTR، هاتف متوسط، Chrome/Safari/Firefox للواجهات المتأثرة.,VVIP_TIGER_Global_Implementation_Specification_AR_v2.docx,G11-03 — صفحة التفاصيل والحفظ والمشاركة
REQ-01106,G11-03,اختبارات QA المطلوبة,Regression آلي يمنع عودة السبب بعد الدمج.,VVIP_TIGER_Global_Implementation_Specification_AR_v2.docx,G11-03 — صفحة التفاصيل والحفظ والمشاركة
REQ-01107,G11-03,قبول: معيار القبول الرئيسي,الرابط يعمل عالميًا والإعلان المحذوف لا يتسرب.,VVIP_TIGER_Global_Implementation_Specification_AR_v2.docx,G11-03 — صفحة التفاصيل والحفظ والمشاركة
REQ-01108,G11-03,قبول: معايير إضافية,CI أخضر؛ لا خطأ حرج؛ صلاحيات مختبرة؛ Staging يعمل؛ الأداء ضمن الميزانية؛ النصوص مترجمة.,VVIP_TIGER_Global_Implementation_Specification_AR_v2.docx,G11-03 — صفحة التفاصيل والحفظ والمشاركة
REQ-01109,G11-03,قبول: المخرجات,كود + tests + migration/policy إن لزم + API/schema docs + screenshots/log evidence + release/rollback notes.,VVIP_TIGER_Global_Implementation_Specification_AR_v2.docx,G11-03 — صفحة التفاصيل والحفظ والمشاركة
REQ-01110,G11-03,قبول: تعريف الاكتمال,Code review، QA sign-off، Security sign-off بحسب الخطر، Product acceptance، تحديث Decision/Change Log.,VVIP_TIGER_Global_Implementation_Specification_AR_v2.docx,G11-03 — صفحة التفاصيل والحفظ والمشاركة
REQ-01111,G11-03,قبول: الخطر,تنفيذ الواجهة قبل عقد البيانات أو الصلاحيات يؤدي إلى إعادة بناء أو تسريب.,VVIP_TIGER_Global_Implementation_Specification_AR_v2.docx,G11-03 — صفحة التفاصيل والحفظ والمشاركة
REQ-01112,G11-03,قبول: التراجع,Feature Flag وإيقاف endpoint/job، ثم rollback migration الآمن أو forward-fix مع حفظ البيانات.,VVIP_TIGER_Global_Implementation_Specification_AR_v2.docx,G11-03 — صفحة التفاصيل والحفظ والمشاركة
REQ-01113,G12-01,عمل المبرمج خطوة بخطوة,1. conversation uniqueness، participants، RLS وAPI idempotent.,VVIP_TIGER_Global_Implementation_Specification_AR_v2.docx,G12-01 — إنشاء المحادثة الفردية
REQ-01114,G12-01,عمل المبرمج خطوة بخطوة,2. إعداد policy matrix: SELECT/INSERT/UPDATE/DELETE لكل دور.,VVIP_TIGER_Global_Implementation_Specification_AR_v2.docx,G12-01 — إنشاء المحادثة الفردية
REQ-01115,G12-01,عمل المبرمج خطوة بخطوة,3. إنشاء fixtures لمستخدمين A وB واختبار المنع المباشر عبر SQL/API.,VVIP_TIGER_Global_Implementation_Specification_AR_v2.docx,G12-01 — إنشاء المحادثة الفردية
REQ-01116,G12-01,عمل المبرمج خطوة بخطوة,4. فحص أن service role لا يصل للواجهة ولا يسجل في logs.,VVIP_TIGER_Global_Implementation_Specification_AR_v2.docx,G12-01 — إنشاء المحادثة الفردية
REQ-01117,G12-01,عمل المبرمج خطوة بخطوة,5. إنشاء conversation key يمنع التكرار.,VVIP_TIGER_Global_Implementation_Specification_AR_v2.docx,G12-01 — إنشاء المحادثة الفردية
REQ-01118,G12-01,عمل المبرمج خطوة بخطوة,6. cursor pagination ورسالة client_generated_id للـidempotency.,VVIP_TIGER_Global_Implementation_Specification_AR_v2.docx,G12-01 — إنشاء المحادثة الفردية
REQ-01119,G12-01,عمل المبرمج خطوة بخطوة,7. read cursor بدل تحديث كل رسالة عند الحاجة للأداء.,VVIP_TIGER_Global_Implementation_Specification_AR_v2.docx,G12-01 — إنشاء المحادثة الفردية
REQ-01120,G12-01,عمل المبرمج خطوة بخطوة,8. RLS للطرفين فقط وفرض الحظر على الخادم.,VVIP_TIGER_Global_Implementation_Specification_AR_v2.docx,G12-01 — إنشاء المحادثة الفردية
REQ-01121,G12-01,عمل المبرمج خطوة بخطوة,9. تحديد ترتيب موثوق للرسائل وidempotency للعميل.,VVIP_TIGER_Global_Implementation_Specification_AR_v2.docx,G12-01 — إنشاء المحادثة الفردية
REQ-01122,G12-01,عمل المبرمج خطوة بخطوة,10. حماية المرفقات والحد من السرعة والمحتوى المسيء.,VVIP_TIGER_Global_Implementation_Specification_AR_v2.docx,G12-01 — إنشاء المحادثة الفردية
REQ-01123,G12-01,ما يجب أن يبنيه أو يعدله,وحدة المجال `messaging`: entities/value objects/state rules من دون اعتماد مباشر على الواجهة أو المورد.,VVIP_TIGER_Global_Implementation_Specification_AR_v2.docx,G12-01 — إنشاء المحادثة الفردية
REQ-01124,G12-01,ما يجب أن يبنيه أو يعدله,طبقة application: use cases وخدمات تحقق ورسائل خطأ ثابتة ومترجمة.,VVIP_TIGER_Global_Implementation_Specification_AR_v2.docx,G12-01 — إنشاء المحادثة الفردية
REQ-01125,G12-01,ما يجب أن يبنيه أو يعدله,طبقة infrastructure: database/repository/provider adapter مع timeout/retry/idempotency عند الحاجة.,VVIP_TIGER_Global_Implementation_Specification_AR_v2.docx,G12-01 — إنشاء المحادثة الفردية
REQ-01126,G12-01,ما يجب أن يبنيه أو يعدله,طبقة الواجهة: حالات loading/empty/error/forbidden/offline/success والهاتف وRTL/LTR.,VVIP_TIGER_Global_Implementation_Specification_AR_v2.docx,G12-01 — إنشاء المحادثة الفردية
REQ-01127,G12-01,ما يجب أن يبنيه أو يعدله,Schema/migration/index/policy عند وجود بيانات، مع forward migration وخطة rollback أو forward-fix.,VVIP_TIGER_Global_Implementation_Specification_AR_v2.docx,G12-01 — إنشاء المحادثة الفردية
REQ-01128,G12-01,ما يجب أن يبنيه أو يعدله,اختبارات وتسميات واضحة وربط كل حالة بمعيار قبول أو خطر.,VVIP_TIGER_Global_Implementation_Specification_AR_v2.docx,G12-01 — إنشاء المحادثة الفردية
REQ-01129,G12-01,الأمان والخصوصية,التحقق من authentication وauthorization على الخادم؛ إخفاء الزر ليس حماية.,VVIP_TIGER_Global_Implementation_Specification_AR_v2.docx,G12-01 — إنشاء المحادثة الفردية
REQ-01130,G12-01,الأمان والخصوصية,عدم تسجيل token/secret/payment data/private message أو PII غير لازم.,VVIP_TIGER_Global_Implementation_Specification_AR_v2.docx,G12-01 — إنشاء المحادثة الفردية
REQ-01131,G12-01,الأمان والخصوصية,تطبيق least privilege وdeny by default وrate limit وaudit على العمليات الحساسة.,VVIP_TIGER_Global_Implementation_Specification_AR_v2.docx,G12-01 — إنشاء المحادثة الفردية
REQ-01132,G12-01,الأمان والخصوصية,تحديد retention والحذف والتصدير والوصول الإداري إن كانت المهمة تعالج بيانات شخصية.,VVIP_TIGER_Global_Implementation_Specification_AR_v2.docx,G12-01 — إنشاء المحادثة الفردية
REQ-01133,G12-01,اختبارات QA المطلوبة,Happy path كامل ببيانات واقعية في Staging.,VVIP_TIGER_Global_Implementation_Specification_AR_v2.docx,G12-01 — إنشاء المحادثة الفردية
REQ-01134,G12-01,اختبارات QA المطلوبة,مدخلات ناقصة وخاطئة وحدود الحجم والعدد والحالة.,VVIP_TIGER_Global_Implementation_Specification_AR_v2.docx,G12-01 — إنشاء المحادثة الفردية
REQ-01135,G12-01,اختبارات QA المطلوبة,انقطاع الشبكة، retry، duplicate request، refresh وعودة من جهاز آخر عند انطباقها.,VVIP_TIGER_Global_Implementation_Specification_AR_v2.docx,G12-01 — إنشاء المحادثة الفردية
REQ-01136,G12-01,اختبارات QA المطلوبة,مستخدم A مقابل مستخدم B، وزائر، ودور إداري محدود.,VVIP_TIGER_Global_Implementation_Specification_AR_v2.docx,G12-01 — إنشاء المحادثة الفردية
REQ-01137,G12-01,اختبارات QA المطلوبة,العربية/الإنجليزية، RTL/LTR، هاتف متوسط، Chrome/Safari/Firefox للواجهات المتأثرة.,VVIP_TIGER_Global_Implementation_Specification_AR_v2.docx,G12-01 — إنشاء المحادثة الفردية
REQ-01138,G12-01,اختبارات QA المطلوبة,Regression آلي يمنع عودة السبب بعد الدمج.,VVIP_TIGER_Global_Implementation_Specification_AR_v2.docx,G12-01 — إنشاء المحادثة الفردية
REQ-01139,G12-01,قبول: معيار القبول الرئيسي,لا تنشأ محادثات مكررة لنفس السياق.,VVIP_TIGER_Global_Implementation_Specification_AR_v2.docx,G12-01 — إنشاء المحادثة الفردية
REQ-01140,G12-01,قبول: معايير إضافية,CI أخضر؛ لا خطأ حرج؛ صلاحيات مختبرة؛ Staging يعمل؛ الأداء ضمن الميزانية؛ النصوص مترجمة.,VVIP_TIGER_Global_Implementation_Specification_AR_v2.docx,G12-01 — إنشاء المحادثة الفردية
REQ-01141,G12-01,قبول: المخرجات,كود + tests + migration/policy إن لزم + API/schema docs + screenshots/log evidence + release/rollback notes.,VVIP_TIGER_Global_Implementation_Specification_AR_v2.docx,G12-01 — إنشاء المحادثة الفردية
REQ-01142,G12-01,قبول: تعريف الاكتمال,Code review، QA sign-off، Security sign-off بحسب الخطر، Product acceptance، تحديث Decision/Change Log.,VVIP_TIGER_Global_Implementation_Specification_AR_v2.docx,G12-01 — إنشاء المحادثة الفردية
REQ-01143,G12-01,قبول: الخطر,تنفيذ الواجهة قبل عقد البيانات أو الصلاحيات يؤدي إلى إعادة بناء أو تسريب.,VVIP_TIGER_Global_Implementation_Specification_AR_v2.docx,G12-01 — إنشاء المحادثة الفردية
REQ-01144,G12-01,قبول: التراجع,Feature Flag وإيقاف endpoint/job، ثم rollback migration الآمن أو forward-fix مع حفظ البيانات.,VVIP_TIGER_Global_Implementation_Specification_AR_v2.docx,G12-01 — إنشاء المحادثة الفردية
REQ-01145,G12-02,عمل المبرمج خطوة بخطوة,1. message table، realtime subscriptions، cursor pagination، read receipts.,VVIP_TIGER_Global_Implementation_Specification_AR_v2.docx,G12-02 — الرسائل الفورية وحالة القراءة
REQ-01146,G12-02,عمل المبرمج خطوة بخطوة,2. RLS للطرفين فقط وفرض الحظر على الخادم.,VVIP_TIGER_Global_Implementation_Specification_AR_v2.docx,G12-02 — الرسائل الفورية وحالة القراءة
REQ-01147,G12-02,عمل المبرمج خطوة بخطوة,3. تحديد ترتيب موثوق للرسائل وidempotency للعميل.,VVIP_TIGER_Global_Implementation_Specification_AR_v2.docx,G12-02 — الرسائل الفورية وحالة القراءة
REQ-01148,G12-02,عمل المبرمج خطوة بخطوة,4. حماية المرفقات والحد من السرعة والمحتوى المسيء.,VVIP_TIGER_Global_Implementation_Specification_AR_v2.docx,G12-02 — الرسائل الفورية وحالة القراءة
REQ-01149,G12-02,عمل المبرمج خطوة بخطوة,5. تعريف API contract وحالات الخطأ والـrate limit قبل دمج الواجهة.,VVIP_TIGER_Global_Implementation_Specification_AR_v2.docx,G12-02 — الرسائل الفورية وحالة القراءة
REQ-01150,G12-02,عمل المبرمج خطوة بخطوة,6. إضافة unit/integration/E2E أو security tests بحسب حدود المهمة، وربطها بـCI.,VVIP_TIGER_Global_Implementation_Specification_AR_v2.docx,G12-02 — الرسائل الفورية وحالة القراءة
REQ-01151,G12-02,عمل المبرمج خطوة بخطوة,7. نشرها خلف Feature Flag على Staging، جمع الدليل، ثم إعداد rollback أو forward-fix.,VVIP_TIGER_Global_Implementation_Specification_AR_v2.docx,G12-02 — الرسائل الفورية وحالة القراءة
REQ-01152,G12-02,ما يجب أن يبنيه أو يعدله,وحدة المجال `messaging`: entities/value objects/state rules من دون اعتماد مباشر على الواجهة أو المورد.,VVIP_TIGER_Global_Implementation_Specification_AR_v2.docx,G12-02 — الرسائل الفورية وحالة القراءة
REQ-01153,G12-02,ما يجب أن يبنيه أو يعدله,طبقة application: use cases وخدمات تحقق ورسائل خطأ ثابتة ومترجمة.,VVIP_TIGER_Global_Implementation_Specification_AR_v2.docx,G12-02 — الرسائل الفورية وحالة القراءة
REQ-01154,G12-02,ما يجب أن يبنيه أو يعدله,طبقة infrastructure: database/repository/provider adapter مع timeout/retry/idempotency عند الحاجة.,VVIP_TIGER_Global_Implementation_Specification_AR_v2.docx,G12-02 — الرسائل الفورية وحالة القراءة
REQ-01155,G12-02,ما يجب أن يبنيه أو يعدله,طبقة الواجهة: حالات loading/empty/error/forbidden/offline/success والهاتف وRTL/LTR.,VVIP_TIGER_Global_Implementation_Specification_AR_v2.docx,G12-02 — الرسائل الفورية وحالة القراءة
REQ-01156,G12-02,ما يجب أن يبنيه أو يعدله,Schema/migration/index/policy عند وجود بيانات، مع forward migration وخطة rollback أو forward-fix.,VVIP_TIGER_Global_Implementation_Specification_AR_v2.docx,G12-02 — الرسائل الفورية وحالة القراءة
REQ-01157,G12-02,ما يجب أن يبنيه أو يعدله,اختبارات وتسميات واضحة وربط كل حالة بمعيار قبول أو خطر.,VVIP_TIGER_Global_Implementation_Specification_AR_v2.docx,G12-02 — الرسائل الفورية وحالة القراءة
REQ-01158,G12-02,الأمان والخصوصية,التحقق من authentication وauthorization على الخادم؛ إخفاء الزر ليس حماية.,VVIP_TIGER_Global_Implementation_Specification_AR_v2.docx,G12-02 — الرسائل الفورية وحالة القراءة
REQ-01159,G12-02,الأمان والخصوصية,عدم تسجيل token/secret/payment data/private message أو PII غير لازم.,VVIP_TIGER_Global_Implementation_Specification_AR_v2.docx,G12-02 — الرسائل الفورية وحالة القراءة
REQ-01160,G12-02,الأمان والخصوصية,تطبيق least privilege وdeny by default وrate limit وaudit على العمليات الحساسة.,VVIP_TIGER_Global_Implementation_Specification_AR_v2.docx,G12-02 — الرسائل الفورية وحالة القراءة
REQ-01161,G12-02,الأمان والخصوصية,تحديد retention والحذف والتصدير والوصول الإداري إن كانت المهمة تعالج بيانات شخصية.,VVIP_TIGER_Global_Implementation_Specification_AR_v2.docx,G12-02 — الرسائل الفورية وحالة القراءة
REQ-01162,G12-02,اختبارات QA المطلوبة,Happy path كامل ببيانات واقعية في Staging.,VVIP_TIGER_Global_Implementation_Specification_AR_v2.docx,G12-02 — الرسائل الفورية وحالة القراءة
REQ-01163,G12-02,اختبارات QA المطلوبة,مدخلات ناقصة وخاطئة وحدود الحجم والعدد والحالة.,VVIP_TIGER_Global_Implementation_Specification_AR_v2.docx,G12-02 — الرسائل الفورية وحالة القراءة
REQ-01164,G12-02,اختبارات QA المطلوبة,انقطاع الشبكة، retry، duplicate request، refresh وعودة من جهاز آخر عند انطباقها.,VVIP_TIGER_Global_Implementation_Specification_AR_v2.docx,G12-02 — الرسائل الفورية وحالة القراءة
REQ-01165,G12-02,اختبارات QA المطلوبة,مستخدم A مقابل مستخدم B، وزائر، ودور إداري محدود.,VVIP_TIGER_Global_Implementation_Specification_AR_v2.docx,G12-02 — الرسائل الفورية وحالة القراءة
REQ-01166,G12-02,اختبارات QA المطلوبة,العربية/الإنجليزية، RTL/LTR، هاتف متوسط، Chrome/Safari/Firefox للواجهات المتأثرة.,VVIP_TIGER_Global_Implementation_Specification_AR_v2.docx,G12-02 — الرسائل الفورية وحالة القراءة
REQ-01167,G12-02,اختبارات QA المطلوبة,Regression آلي يمنع عودة السبب بعد الدمج.,VVIP_TIGER_Global_Implementation_Specification_AR_v2.docx,G12-02 — الرسائل الفورية وحالة القراءة
REQ-01168,G12-02,قبول: معيار القبول الرئيسي,اختبارات اتصال وفصل وإعادة اتصال.,VVIP_TIGER_Global_Implementation_Specification_AR_v2.docx,G12-02 — الرسائل الفورية وحالة القراءة
REQ-01169,G12-02,قبول: معايير إضافية,CI أخضر؛ لا خطأ حرج؛ صلاحيات مختبرة؛ Staging يعمل؛ الأداء ضمن الميزانية؛ النصوص مترجمة.,VVIP_TIGER_Global_Implementation_Specification_AR_v2.docx,G12-02 — الرسائل الفورية وحالة القراءة
REQ-01170,G12-02,قبول: المخرجات,كود + tests + migration/policy إن لزم + API/schema docs + screenshots/log evidence + release/rollback notes.,VVIP_TIGER_Global_Implementation_Specification_AR_v2.docx,G12-02 — الرسائل الفورية وحالة القراءة
REQ-01171,G12-02,قبول: تعريف الاكتمال,Code review، QA sign-off، Security sign-off بحسب الخطر، Product acceptance، تحديث Decision/Change Log.,VVIP_TIGER_Global_Implementation_Specification_AR_v2.docx,G12-02 — الرسائل الفورية وحالة القراءة
REQ-01172,G12-02,قبول: الخطر,تنفيذ الواجهة قبل عقد البيانات أو الصلاحيات يؤدي إلى إعادة بناء أو تسريب.,VVIP_TIGER_Global_Implementation_Specification_AR_v2.docx,G12-02 — الرسائل الفورية وحالة القراءة
REQ-01173,G12-02,قبول: التراجع,Feature Flag وإيقاف endpoint/job، ثم rollback migration الآمن أو forward-fix مع حفظ البيانات.,VVIP_TIGER_Global_Implementation_Specification_AR_v2.docx,G12-02 — الرسائل الفورية وحالة القراءة
REQ-01174,G12-03,عمل المبرمج خطوة بخطوة,1. block relations، rate limits، abuse signals، report hooks.,VVIP_TIGER_Global_Implementation_Specification_AR_v2.docx,G12-03 — الحظر والإبلاغ ومكافحة Spam
REQ-01175,G12-03,عمل المبرمج خطوة بخطوة,2. RLS للطرفين فقط وفرض الحظر على الخادم.,VVIP_TIGER_Global_Implementation_Specification_AR_v2.docx,G12-03 — الحظر والإبلاغ ومكافحة Spam
REQ-01176,G12-03,عمل المبرمج خطوة بخطوة,3. تحديد ترتيب موثوق للرسائل وidempotency للعميل.,VVIP_TIGER_Global_Implementation_Specification_AR_v2.docx,G12-03 — الحظر والإبلاغ ومكافحة Spam
REQ-01177,G12-03,عمل المبرمج خطوة بخطوة,4. حماية المرفقات والحد من السرعة والمحتوى المسيء.,VVIP_TIGER_Global_Implementation_Specification_AR_v2.docx,G12-03 — الحظر والإبلاغ ومكافحة Spam
REQ-01178,G12-03,عمل المبرمج خطوة بخطوة,5. تعريف API contract وحالات الخطأ والـrate limit قبل دمج الواجهة.,VVIP_TIGER_Global_Implementation_Specification_AR_v2.docx,G12-03 — الحظر والإبلاغ ومكافحة Spam
REQ-01179,G12-03,عمل المبرمج خطوة بخطوة,6. إضافة unit/integration/E2E أو security tests بحسب حدود المهمة، وربطها بـCI.,VVIP_TIGER_Global_Implementation_Specification_AR_v2.docx,G12-03 — الحظر والإبلاغ ومكافحة Spam
REQ-01180,G12-03,عمل المبرمج خطوة بخطوة,7. نشرها خلف Feature Flag على Staging، جمع الدليل، ثم إعداد rollback أو forward-fix.,VVIP_TIGER_Global_Implementation_Specification_AR_v2.docx,G12-03 — الحظر والإبلاغ ومكافحة Spam
REQ-01181,G12-03,ما يجب أن يبنيه أو يعدله,وحدة المجال `messaging`: entities/value objects/state rules من دون اعتماد مباشر على الواجهة أو المورد.,VVIP_TIGER_Global_Implementation_Specification_AR_v2.docx,G12-03 — الحظر والإبلاغ ومكافحة Spam
REQ-01182,G12-03,ما يجب أن يبنيه أو يعدله,طبقة application: use cases وخدمات تحقق ورسائل خطأ ثابتة ومترجمة.,VVIP_TIGER_Global_Implementation_Specification_AR_v2.docx,G12-03 — الحظر والإبلاغ ومكافحة Spam
REQ-01183,G12-03,ما يجب أن يبنيه أو يعدله,طبقة infrastructure: database/repository/provider adapter مع timeout/retry/idempotency عند الحاجة.,VVIP_TIGER_Global_Implementation_Specification_AR_v2.docx,G12-03 — الحظر والإبلاغ ومكافحة Spam
REQ-01184,G12-03,ما يجب أن يبنيه أو يعدله,طبقة الواجهة: حالات loading/empty/error/forbidden/offline/success والهاتف وRTL/LTR.,VVIP_TIGER_Global_Implementation_Specification_AR_v2.docx,G12-03 — الحظر والإبلاغ ومكافحة Spam
REQ-01185,G12-03,ما يجب أن يبنيه أو يعدله,Schema/migration/index/policy عند وجود بيانات، مع forward migration وخطة rollback أو forward-fix.,VVIP_TIGER_Global_Implementation_Specification_AR_v2.docx,G12-03 — الحظر والإبلاغ ومكافحة Spam
REQ-01186,G12-03,ما يجب أن يبنيه أو يعدله,اختبارات وتسميات واضحة وربط كل حالة بمعيار قبول أو خطر.,VVIP_TIGER_Global_Implementation_Specification_AR_v2.docx,G12-03 — الحظر والإبلاغ ومكافحة Spam
REQ-01187,G12-03,الأمان والخصوصية,التحقق من authentication وauthorization على الخادم؛ إخفاء الزر ليس حماية.,VVIP_TIGER_Global_Implementation_Specification_AR_v2.docx,G12-03 — الحظر والإبلاغ ومكافحة Spam
REQ-01188,G12-03,الأمان والخصوصية,عدم تسجيل token/secret/payment data/private message أو PII غير لازم.,VVIP_TIGER_Global_Implementation_Specification_AR_v2.docx,G12-03 — الحظر والإبلاغ ومكافحة Spam
REQ-01189,G12-03,الأمان والخصوصية,تطبيق least privilege وdeny by default وrate limit وaudit على العمليات الحساسة.,VVIP_TIGER_Global_Implementation_Specification_AR_v2.docx,G12-03 — الحظر والإبلاغ ومكافحة Spam
REQ-01190,G12-03,الأمان والخصوصية,تحديد retention والحذف والتصدير والوصول الإداري إن كانت المهمة تعالج بيانات شخصية.,VVIP_TIGER_Global_Implementation_Specification_AR_v2.docx,G12-03 — الحظر والإبلاغ ومكافحة Spam
REQ-01191,G12-03,اختبارات QA المطلوبة,Happy path كامل ببيانات واقعية في Staging.,VVIP_TIGER_Global_Implementation_Specification_AR_v2.docx,G12-03 — الحظر والإبلاغ ومكافحة Spam
REQ-01192,G12-03,اختبارات QA المطلوبة,مدخلات ناقصة وخاطئة وحدود الحجم والعدد والحالة.,VVIP_TIGER_Global_Implementation_Specification_AR_v2.docx,G12-03 — الحظر والإبلاغ ومكافحة Spam
REQ-01193,G12-03,اختبارات QA المطلوبة,انقطاع الشبكة، retry، duplicate request، refresh وعودة من جهاز آخر عند انطباقها.,VVIP_TIGER_Global_Implementation_Specification_AR_v2.docx,G12-03 — الحظر والإبلاغ ومكافحة Spam
REQ-01194,G12-03,اختبارات QA المطلوبة,مستخدم A مقابل مستخدم B، وزائر، ودور إداري محدود.,VVIP_TIGER_Global_Implementation_Specification_AR_v2.docx,G12-03 — الحظر والإبلاغ ومكافحة Spam
REQ-01195,G12-03,اختبارات QA المطلوبة,العربية/الإنجليزية، RTL/LTR، هاتف متوسط، Chrome/Safari/Firefox للواجهات المتأثرة.,VVIP_TIGER_Global_Implementation_Specification_AR_v2.docx,G12-03 — الحظر والإبلاغ ومكافحة Spam
REQ-01196,G12-03,اختبارات QA المطلوبة,Regression آلي يمنع عودة السبب بعد الدمج.,VVIP_TIGER_Global_Implementation_Specification_AR_v2.docx,G12-03 — الحظر والإبلاغ ومكافحة Spam
REQ-01197,G12-03,قبول: معيار القبول الرئيسي,الحظر يمنع الرسائل على الخادم لا الواجهة فقط.,VVIP_TIGER_Global_Implementation_Specification_AR_v2.docx,G12-03 — الحظر والإبلاغ ومكافحة Spam
REQ-01198,G12-03,قبول: معايير إضافية,CI أخضر؛ لا خطأ حرج؛ صلاحيات مختبرة؛ Staging يعمل؛ الأداء ضمن الميزانية؛ النصوص مترجمة.,VVIP_TIGER_Global_Implementation_Specification_AR_v2.docx,G12-03 — الحظر والإبلاغ ومكافحة Spam
REQ-01199,G12-03,قبول: المخرجات,كود + tests + migration/policy إن لزم + API/schema docs + screenshots/log evidence + release/rollback notes.,VVIP_TIGER_Global_Implementation_Specification_AR_v2.docx,G12-03 — الحظر والإبلاغ ومكافحة Spam
REQ-01200,G12-03,قبول: تعريف الاكتمال,Code review، QA sign-off، Security sign-off بحسب الخطر، Product acceptance، تحديث Decision/Change Log.,VVIP_TIGER_Global_Implementation_Specification_AR_v2.docx,G12-03 — الحظر والإبلاغ ومكافحة Spam
REQ-01201,G12-03,قبول: الخطر,تنفيذ الواجهة قبل عقد البيانات أو الصلاحيات يؤدي إلى إعادة بناء أو تسريب.,VVIP_TIGER_Global_Implementation_Specification_AR_v2.docx,G12-03 — الحظر والإبلاغ ومكافحة Spam
REQ-01202,G12-03,قبول: التراجع,Feature Flag وإيقاف endpoint/job، ثم rollback migration الآمن أو forward-fix مع حفظ البيانات.,VVIP_TIGER_Global_Implementation_Specification_AR_v2.docx,G12-03 — الحظر والإبلاغ ومكافحة Spam
REQ-01203,G13-01,عمل المبرمج خطوة بخطوة,1. notification table، templates، unread counters وdeduplication.,VVIP_TIGER_Global_Implementation_Specification_AR_v2.docx,G13-01 — مركز الإشعارات
REQ-01204,G13-01,عمل المبرمج خطوة بخطوة,2. إنشاء event→template→channel matrix موحدة.,VVIP_TIGER_Global_Implementation_Specification_AR_v2.docx,G13-01 — مركز الإشعارات
REQ-01205,G13-01,عمل المبرمج خطوة بخطوة,3. dedupe key وretry/backoff وdead-letter.,VVIP_TIGER_Global_Implementation_Specification_AR_v2.docx,G13-01 — مركز الإشعارات
REQ-01206,G13-01,عمل المبرمج خطوة بخطوة,4. احترام opt-out والـquiet hours مع استثناءات أمنية محددة.,VVIP_TIGER_Global_Implementation_Specification_AR_v2.docx,G13-01 — مركز الإشعارات
REQ-01207,G13-01,عمل المبرمج خطوة بخطوة,5. تعريف API contract وحالات الخطأ والـrate limit قبل دمج الواجهة.,VVIP_TIGER_Global_Implementation_Specification_AR_v2.docx,G13-01 — مركز الإشعارات
REQ-01208,G13-01,عمل المبرمج خطوة بخطوة,6. إضافة unit/integration/E2E أو security tests بحسب حدود المهمة، وربطها بـCI.,VVIP_TIGER_Global_Implementation_Specification_AR_v2.docx,G13-01 — مركز الإشعارات
REQ-01209,G13-01,عمل المبرمج خطوة بخطوة,7. نشرها خلف Feature Flag على Staging، جمع الدليل، ثم إعداد rollback أو forward-fix.,VVIP_TIGER_Global_Implementation_Specification_AR_v2.docx,G13-01 — مركز الإشعارات
REQ-01210,G13-01,ما يجب أن يبنيه أو يعدله,وحدة المجال `notifications`: entities/value objects/state rules من دون اعتماد مباشر على الواجهة أو المورد.,VVIP_TIGER_Global_Implementation_Specification_AR_v2.docx,G13-01 — مركز الإشعارات
REQ-01211,G13-01,ما يجب أن يبنيه أو يعدله,طبقة application: use cases وخدمات تحقق ورسائل خطأ ثابتة ومترجمة.,VVIP_TIGER_Global_Implementation_Specification_AR_v2.docx,G13-01 — مركز الإشعارات
REQ-01212,G13-01,ما يجب أن يبنيه أو يعدله,طبقة infrastructure: database/repository/provider adapter مع timeout/retry/idempotency عند الحاجة.,VVIP_TIGER_Global_Implementation_Specification_AR_v2.docx,G13-01 — مركز الإشعارات
REQ-01213,G13-01,ما يجب أن يبنيه أو يعدله,طبقة الواجهة: حالات loading/empty/error/forbidden/offline/success والهاتف وRTL/LTR.,VVIP_TIGER_Global_Implementation_Specification_AR_v2.docx,G13-01 — مركز الإشعارات
REQ-01214,G13-01,ما يجب أن يبنيه أو يعدله,Schema/migration/index/policy عند وجود بيانات، مع forward migration وخطة rollback أو forward-fix.,VVIP_TIGER_Global_Implementation_Specification_AR_v2.docx,G13-01 — مركز الإشعارات
REQ-01215,G13-01,ما يجب أن يبنيه أو يعدله,اختبارات وتسميات واضحة وربط كل حالة بمعيار قبول أو خطر.,VVIP_TIGER_Global_Implementation_Specification_AR_v2.docx,G13-01 — مركز الإشعارات
REQ-01216,G13-01,الأمان والخصوصية,التحقق من authentication وauthorization على الخادم؛ إخفاء الزر ليس حماية.,VVIP_TIGER_Global_Implementation_Specification_AR_v2.docx,G13-01 — مركز الإشعارات
REQ-01217,G13-01,الأمان والخصوصية,عدم تسجيل token/secret/payment data/private message أو PII غير لازم.,VVIP_TIGER_Global_Implementation_Specification_AR_v2.docx,G13-01 — مركز الإشعارات
REQ-01218,G13-01,الأمان والخصوصية,تطبيق least privilege وdeny by default وrate limit وaudit على العمليات الحساسة.,VVIP_TIGER_Global_Implementation_Specification_AR_v2.docx,G13-01 — مركز الإشعارات
REQ-01219,G13-01,الأمان والخصوصية,تحديد retention والحذف والتصدير والوصول الإداري إن كانت المهمة تعالج بيانات شخصية.,VVIP_TIGER_Global_Implementation_Specification_AR_v2.docx,G13-01 — مركز الإشعارات
REQ-01220,G13-01,اختبارات QA المطلوبة,Happy path كامل ببيانات واقعية في Staging.,VVIP_TIGER_Global_Implementation_Specification_AR_v2.docx,G13-01 — مركز الإشعارات
REQ-01221,G13-01,اختبارات QA المطلوبة,مدخلات ناقصة وخاطئة وحدود الحجم والعدد والحالة.,VVIP_TIGER_Global_Implementation_Specification_AR_v2.docx,G13-01 — مركز الإشعارات
REQ-01222,G13-01,اختبارات QA المطلوبة,انقطاع الشبكة، retry، duplicate request، refresh وعودة من جهاز آخر عند انطباقها.,VVIP_TIGER_Global_Implementation_Specification_AR_v2.docx,G13-01 — مركز الإشعارات
REQ-01223,G13-01,اختبارات QA المطلوبة,مستخدم A مقابل مستخدم B، وزائر، ودور إداري محدود.,VVIP_TIGER_Global_Implementation_Specification_AR_v2.docx,G13-01 — مركز الإشعارات
REQ-01224,G13-01,اختبارات QA المطلوبة,العربية/الإنجليزية، RTL/LTR، هاتف متوسط، Chrome/Safari/Firefox للواجهات المتأثرة.,VVIP_TIGER_Global_Implementation_Specification_AR_v2.docx,G13-01 — مركز الإشعارات
REQ-01225,G13-01,اختبارات QA المطلوبة,Regression آلي يمنع عودة السبب بعد الدمج.,VVIP_TIGER_Global_Implementation_Specification_AR_v2.docx,G13-01 — مركز الإشعارات
REQ-01226,G13-01,قبول: معيار القبول الرئيسي,كل حدث ينتج إشعارًا واحدًا فقط.,VVIP_TIGER_Global_Implementation_Specification_AR_v2.docx,G13-01 — مركز الإشعارات
REQ-01227,G13-01,قبول: معايير إضافية,CI أخضر؛ لا خطأ حرج؛ صلاحيات مختبرة؛ Staging يعمل؛ الأداء ضمن الميزانية؛ النصوص مترجمة.,VVIP_TIGER_Global_Implementation_Specification_AR_v2.docx,G13-01 — مركز الإشعارات
REQ-01228,G13-01,قبول: المخرجات,كود + tests + migration/policy إن لزم + API/schema docs + screenshots/log evidence + release/rollback notes.,VVIP_TIGER_Global_Implementation_Specification_AR_v2.docx,G13-01 — مركز الإشعارات
REQ-01229,G13-01,قبول: تعريف الاكتمال,Code review، QA sign-off، Security sign-off بحسب الخطر، Product acceptance، تحديث Decision/Change Log.,VVIP_TIGER_Global_Implementation_Specification_AR_v2.docx,G13-01 — مركز الإشعارات
REQ-01230,G13-01,قبول: الخطر,تنفيذ الواجهة قبل عقد البيانات أو الصلاحيات يؤدي إلى إعادة بناء أو تسريب.,VVIP_TIGER_Global_Implementation_Specification_AR_v2.docx,G13-01 — مركز الإشعارات
REQ-01231,G13-01,قبول: التراجع,Feature Flag وإيقاف endpoint/job، ثم rollback migration الآمن أو forward-fix مع حفظ البيانات.,VVIP_TIGER_Global_Implementation_Specification_AR_v2.docx,G13-01 — مركز الإشعارات
REQ-01232,G13-02,عمل المبرمج خطوة بخطوة,1. provider integration، opt-in/out، quiet hours، retry وbounce handling.,VVIP_TIGER_Global_Implementation_Specification_AR_v2.docx,G13-02 — البريد وPush والتفضيلات
REQ-01233,G13-02,عمل المبرمج خطوة بخطوة,2. إنشاء event→template→channel matrix موحدة.,VVIP_TIGER_Global_Implementation_Specification_AR_v2.docx,G13-02 — البريد وPush والتفضيلات
REQ-01234,G13-02,عمل المبرمج خطوة بخطوة,3. dedupe key وretry/backoff وdead-letter.,VVIP_TIGER_Global_Implementation_Specification_AR_v2.docx,G13-02 — البريد وPush والتفضيلات
REQ-01235,G13-02,عمل المبرمج خطوة بخطوة,4. احترام opt-out والـquiet hours مع استثناءات أمنية محددة.,VVIP_TIGER_Global_Implementation_Specification_AR_v2.docx,G13-02 — البريد وPush والتفضيلات
REQ-01236,G13-02,عمل المبرمج خطوة بخطوة,5. تعريف API contract وحالات الخطأ والـrate limit قبل دمج الواجهة.,VVIP_TIGER_Global_Implementation_Specification_AR_v2.docx,G13-02 — البريد وPush والتفضيلات
REQ-01237,G13-02,عمل المبرمج خطوة بخطوة,6. إضافة unit/integration/E2E أو security tests بحسب حدود المهمة، وربطها بـCI.,VVIP_TIGER_Global_Implementation_Specification_AR_v2.docx,G13-02 — البريد وPush والتفضيلات
REQ-01238,G13-02,عمل المبرمج خطوة بخطوة,7. نشرها خلف Feature Flag على Staging، جمع الدليل، ثم إعداد rollback أو forward-fix.,VVIP_TIGER_Global_Implementation_Specification_AR_v2.docx,G13-02 — البريد وPush والتفضيلات
REQ-01239,G13-02,ما يجب أن يبنيه أو يعدله,وحدة المجال `notifications`: entities/value objects/state rules من دون اعتماد مباشر على الواجهة أو المورد.,VVIP_TIGER_Global_Implementation_Specification_AR_v2.docx,G13-02 — البريد وPush والتفضيلات
REQ-01240,G13-02,ما يجب أن يبنيه أو يعدله,طبقة application: use cases وخدمات تحقق ورسائل خطأ ثابتة ومترجمة.,VVIP_TIGER_Global_Implementation_Specification_AR_v2.docx,G13-02 — البريد وPush والتفضيلات
REQ-01241,G13-02,ما يجب أن يبنيه أو يعدله,طبقة infrastructure: database/repository/provider adapter مع timeout/retry/idempotency عند الحاجة.,VVIP_TIGER_Global_Implementation_Specification_AR_v2.docx,G13-02 — البريد وPush والتفضيلات
REQ-01242,G13-02,ما يجب أن يبنيه أو يعدله,طبقة الواجهة: حالات loading/empty/error/forbidden/offline/success والهاتف وRTL/LTR.,VVIP_TIGER_Global_Implementation_Specification_AR_v2.docx,G13-02 — البريد وPush والتفضيلات
REQ-01243,G13-02,ما يجب أن يبنيه أو يعدله,Schema/migration/index/policy عند وجود بيانات، مع forward migration وخطة rollback أو forward-fix.,VVIP_TIGER_Global_Implementation_Specification_AR_v2.docx,G13-02 — البريد وPush والتفضيلات
REQ-01244,G13-02,ما يجب أن يبنيه أو يعدله,اختبارات وتسميات واضحة وربط كل حالة بمعيار قبول أو خطر.,VVIP_TIGER_Global_Implementation_Specification_AR_v2.docx,G13-02 — البريد وPush والتفضيلات
REQ-01245,G13-02,الأمان والخصوصية,التحقق من authentication وauthorization على الخادم؛ إخفاء الزر ليس حماية.,VVIP_TIGER_Global_Implementation_Specification_AR_v2.docx,G13-02 — البريد وPush والتفضيلات
REQ-01246,G13-02,الأمان والخصوصية,عدم تسجيل token/secret/payment data/private message أو PII غير لازم.,VVIP_TIGER_Global_Implementation_Specification_AR_v2.docx,G13-02 — البريد وPush والتفضيلات
REQ-01247,G13-02,الأمان والخصوصية,تطبيق least privilege وdeny by default وrate limit وaudit على العمليات الحساسة.,VVIP_TIGER_Global_Implementation_Specification_AR_v2.docx,G13-02 — البريد وPush والتفضيلات
REQ-01248,G13-02,الأمان والخصوصية,تحديد retention والحذف والتصدير والوصول الإداري إن كانت المهمة تعالج بيانات شخصية.,VVIP_TIGER_Global_Implementation_Specification_AR_v2.docx,G13-02 — البريد وPush والتفضيلات
REQ-01249,G13-02,اختبارات QA المطلوبة,Happy path كامل ببيانات واقعية في Staging.,VVIP_TIGER_Global_Implementation_Specification_AR_v2.docx,G13-02 — البريد وPush والتفضيلات
REQ-01250,G13-02,اختبارات QA المطلوبة,مدخلات ناقصة وخاطئة وحدود الحجم والعدد والحالة.,VVIP_TIGER_Global_Implementation_Specification_AR_v2.docx,G13-02 — البريد وPush والتفضيلات
REQ-01251,G13-02,اختبارات QA المطلوبة,انقطاع الشبكة، retry، duplicate request، refresh وعودة من جهاز آخر عند انطباقها.,VVIP_TIGER_Global_Implementation_Specification_AR_v2.docx,G13-02 — البريد وPush والتفضيلات
REQ-01252,G13-02,اختبارات QA المطلوبة,مستخدم A مقابل مستخدم B، وزائر، ودور إداري محدود.,VVIP_TIGER_Global_Implementation_Specification_AR_v2.docx,G13-02 — البريد وPush والتفضيلات
REQ-01253,G13-02,اختبارات QA المطلوبة,العربية/الإنجليزية، RTL/LTR، هاتف متوسط، Chrome/Safari/Firefox للواجهات المتأثرة.,VVIP_TIGER_Global_Implementation_Specification_AR_v2.docx,G13-02 — البريد وPush والتفضيلات
REQ-01254,G13-02,اختبارات QA المطلوبة,Regression آلي يمنع عودة السبب بعد الدمج.,VVIP_TIGER_Global_Implementation_Specification_AR_v2.docx,G13-02 — البريد وPush والتفضيلات
REQ-01255,G13-02,قبول: معيار القبول الرئيسي,احترام التفضيلات وإثبات التسليم.,VVIP_TIGER_Global_Implementation_Specification_AR_v2.docx,G13-02 — البريد وPush والتفضيلات
REQ-01256,G13-02,قبول: معايير إضافية,CI أخضر؛ لا خطأ حرج؛ صلاحيات مختبرة؛ Staging يعمل؛ الأداء ضمن الميزانية؛ النصوص مترجمة.,VVIP_TIGER_Global_Implementation_Specification_AR_v2.docx,G13-02 — البريد وPush والتفضيلات
REQ-01257,G13-02,قبول: المخرجات,كود + tests + migration/policy إن لزم + API/schema docs + screenshots/log evidence + release/rollback notes.,VVIP_TIGER_Global_Implementation_Specification_AR_v2.docx,G13-02 — البريد وPush والتفضيلات
REQ-01258,G13-02,قبول: تعريف الاكتمال,Code review، QA sign-off، Security sign-off بحسب الخطر، Product acceptance، تحديث Decision/Change Log.,VVIP_TIGER_Global_Implementation_Specification_AR_v2.docx,G13-02 — البريد وPush والتفضيلات
REQ-01259,G13-02,قبول: الخطر,تنفيذ الواجهة قبل عقد البيانات أو الصلاحيات يؤدي إلى إعادة بناء أو تسريب.,VVIP_TIGER_Global_Implementation_Specification_AR_v2.docx,G13-02 — البريد وPush والتفضيلات
REQ-01260,G13-02,قبول: التراجع,Feature Flag وإيقاف endpoint/job، ثم rollback migration الآمن أو forward-fix مع حفظ البيانات.,VVIP_TIGER_Global_Implementation_Specification_AR_v2.docx,G13-02 — البريد وPush والتفضيلات
REQ-01261,G13-03,عمل المبرمج خطوة بخطوة,1. invite tokens hashed، limits، expiration، acceptance flow.,VVIP_TIGER_Global_Implementation_Specification_AR_v2.docx,G13-03 — الدعوات والمشاركة الخاصة
REQ-01262,G13-03,عمل المبرمج خطوة بخطوة,2. إنشاء event→template→channel matrix موحدة.,VVIP_TIGER_Global_Implementation_Specification_AR_v2.docx,G13-03 — الدعوات والمشاركة الخاصة
REQ-01263,G13-03,عمل المبرمج خطوة بخطوة,3. dedupe key وretry/backoff وdead-letter.,VVIP_TIGER_Global_Implementation_Specification_AR_v2.docx,G13-03 — الدعوات والمشاركة الخاصة
REQ-01264,G13-03,عمل المبرمج خطوة بخطوة,4. احترام opt-out والـquiet hours مع استثناءات أمنية محددة.,VVIP_TIGER_Global_Implementation_Specification_AR_v2.docx,G13-03 — الدعوات والمشاركة الخاصة
REQ-01265,G13-03,عمل المبرمج خطوة بخطوة,5. تعريف API contract وحالات الخطأ والـrate limit قبل دمج الواجهة.,VVIP_TIGER_Global_Implementation_Specification_AR_v2.docx,G13-03 — الدعوات والمشاركة الخاصة
REQ-01266,G13-03,عمل المبرمج خطوة بخطوة,6. إضافة unit/integration/E2E أو security tests بحسب حدود المهمة، وربطها بـCI.,VVIP_TIGER_Global_Implementation_Specification_AR_v2.docx,G13-03 — الدعوات والمشاركة الخاصة
REQ-01267,G13-03,عمل المبرمج خطوة بخطوة,7. نشرها خلف Feature Flag على Staging، جمع الدليل، ثم إعداد rollback أو forward-fix.,VVIP_TIGER_Global_Implementation_Specification_AR_v2.docx,G13-03 — الدعوات والمشاركة الخاصة
REQ-01268,G13-03,ما يجب أن يبنيه أو يعدله,وحدة المجال `notifications`: entities/value objects/state rules من دون اعتماد مباشر على الواجهة أو المورد.,VVIP_TIGER_Global_Implementation_Specification_AR_v2.docx,G13-03 — الدعوات والمشاركة الخاصة
REQ-01269,G13-03,ما يجب أن يبنيه أو يعدله,طبقة application: use cases وخدمات تحقق ورسائل خطأ ثابتة ومترجمة.,VVIP_TIGER_Global_Implementation_Specification_AR_v2.docx,G13-03 — الدعوات والمشاركة الخاصة
REQ-01270,G13-03,ما يجب أن يبنيه أو يعدله,طبقة infrastructure: database/repository/provider adapter مع timeout/retry/idempotency عند الحاجة.,VVIP_TIGER_Global_Implementation_Specification_AR_v2.docx,G13-03 — الدعوات والمشاركة الخاصة
REQ-01271,G13-03,ما يجب أن يبنيه أو يعدله,طبقة الواجهة: حالات loading/empty/error/forbidden/offline/success والهاتف وRTL/LTR.,VVIP_TIGER_Global_Implementation_Specification_AR_v2.docx,G13-03 — الدعوات والمشاركة الخاصة
REQ-01272,G13-03,ما يجب أن يبنيه أو يعدله,Schema/migration/index/policy عند وجود بيانات، مع forward migration وخطة rollback أو forward-fix.,VVIP_TIGER_Global_Implementation_Specification_AR_v2.docx,G13-03 — الدعوات والمشاركة الخاصة
REQ-01273,G13-03,ما يجب أن يبنيه أو يعدله,اختبارات وتسميات واضحة وربط كل حالة بمعيار قبول أو خطر.,VVIP_TIGER_Global_Implementation_Specification_AR_v2.docx,G13-03 — الدعوات والمشاركة الخاصة
REQ-01274,G13-03,الأمان والخصوصية,التحقق من authentication وauthorization على الخادم؛ إخفاء الزر ليس حماية.,VVIP_TIGER_Global_Implementation_Specification_AR_v2.docx,G13-03 — الدعوات والمشاركة الخاصة
REQ-01275,G13-03,الأمان والخصوصية,عدم تسجيل token/secret/payment data/private message أو PII غير لازم.,VVIP_TIGER_Global_Implementation_Specification_AR_v2.docx,G13-03 — الدعوات والمشاركة الخاصة
REQ-01276,G13-03,الأمان والخصوصية,تطبيق least privilege وdeny by default وrate limit وaudit على العمليات الحساسة.,VVIP_TIGER_Global_Implementation_Specification_AR_v2.docx,G13-03 — الدعوات والمشاركة الخاصة
REQ-01277,G13-03,الأمان والخصوصية,تحديد retention والحذف والتصدير والوصول الإداري إن كانت المهمة تعالج بيانات شخصية.,VVIP_TIGER_Global_Implementation_Specification_AR_v2.docx,G13-03 — الدعوات والمشاركة الخاصة
REQ-01278,G13-03,اختبارات QA المطلوبة,Happy path كامل ببيانات واقعية في Staging.,VVIP_TIGER_Global_Implementation_Specification_AR_v2.docx,G13-03 — الدعوات والمشاركة الخاصة
REQ-01279,G13-03,اختبارات QA المطلوبة,مدخلات ناقصة وخاطئة وحدود الحجم والعدد والحالة.,VVIP_TIGER_Global_Implementation_Specification_AR_v2.docx,G13-03 — الدعوات والمشاركة الخاصة
REQ-01280,G13-03,اختبارات QA المطلوبة,انقطاع الشبكة، retry، duplicate request، refresh وعودة من جهاز آخر عند انطباقها.,VVIP_TIGER_Global_Implementation_Specification_AR_v2.docx,G13-03 — الدعوات والمشاركة الخاصة
REQ-01281,G13-03,اختبارات QA المطلوبة,مستخدم A مقابل مستخدم B، وزائر، ودور إداري محدود.,VVIP_TIGER_Global_Implementation_Specification_AR_v2.docx,G13-03 — الدعوات والمشاركة الخاصة
REQ-01282,G13-03,اختبارات QA المطلوبة,العربية/الإنجليزية، RTL/LTR، هاتف متوسط، Chrome/Safari/Firefox للواجهات المتأثرة.,VVIP_TIGER_Global_Implementation_Specification_AR_v2.docx,G13-03 — الدعوات والمشاركة الخاصة
REQ-01283,G13-03,اختبارات QA المطلوبة,Regression آلي يمنع عودة السبب بعد الدمج.,VVIP_TIGER_Global_Implementation_Specification_AR_v2.docx,G13-03 — الدعوات والمشاركة الخاصة
REQ-01284,G13-03,قبول: معيار القبول الرئيسي,لا تقبل دعوة منتهية أو ملغاة.,VVIP_TIGER_Global_Implementation_Specification_AR_v2.docx,G13-03 — الدعوات والمشاركة الخاصة
REQ-01285,G13-03,قبول: معايير إضافية,CI أخضر؛ لا خطأ حرج؛ صلاحيات مختبرة؛ Staging يعمل؛ الأداء ضمن الميزانية؛ النصوص مترجمة.,VVIP_TIGER_Global_Implementation_Specification_AR_v2.docx,G13-03 — الدعوات والمشاركة الخاصة
REQ-01286,G13-03,قبول: المخرجات,كود + tests + migration/policy إن لزم + API/schema docs + screenshots/log evidence + release/rollback notes.,VVIP_TIGER_Global_Implementation_Specification_AR_v2.docx,G13-03 — الدعوات والمشاركة الخاصة
REQ-01287,G13-03,قبول: تعريف الاكتمال,Code review، QA sign-off، Security sign-off بحسب الخطر، Product acceptance، تحديث Decision/Change Log.,VVIP_TIGER_Global_Implementation_Specification_AR_v2.docx,G13-03 — الدعوات والمشاركة الخاصة
REQ-01288,G13-03,قبول: الخطر,تنفيذ الواجهة قبل عقد البيانات أو الصلاحيات يؤدي إلى إعادة بناء أو تسريب.,VVIP_TIGER_Global_Implementation_Specification_AR_v2.docx,G13-03 — الدعوات والمشاركة الخاصة
REQ-01289,G13-03,قبول: التراجع,Feature Flag وإيقاف endpoint/job، ثم rollback migration الآمن أو forward-fix مع حفظ البيانات.,VVIP_TIGER_Global_Implementation_Specification_AR_v2.docx,G13-03 — الدعوات والمشاركة الخاصة
REQ-01290,G14-01,عمل المبرمج خطوة بخطوة,1. report types، evidence، priority، ownership وSLA.,VVIP_TIGER_Global_Implementation_Specification_AR_v2.docx,G14-01 — نظام البلاغات الموحد
REQ-01291,G14-01,عمل المبرمج خطوة بخطوة,2. إنشاء evidence snapshot حتى لا يضيع الدليل بعد تعديل المحتوى.,VVIP_TIGER_Global_Implementation_Specification_AR_v2.docx,G14-01 — نظام البلاغات الموحد
REQ-01292,G14-01,عمل المبرمج خطوة بخطوة,3. إخفاء بيانات المبلّغ عن الطرف الآخر.,VVIP_TIGER_Global_Implementation_Specification_AR_v2.docx,G14-01 — نظام البلاغات الموحد
REQ-01293,G14-01,عمل المبرمج خطوة بخطوة,4. ربط القرار والعقوبة والاستئناف بسجل زمني واحد.,VVIP_TIGER_Global_Implementation_Specification_AR_v2.docx,G14-01 — نظام البلاغات الموحد
REQ-01294,G14-01,عمل المبرمج خطوة بخطوة,5. توحيد reason codes والأدلة والمهل.,VVIP_TIGER_Global_Implementation_Specification_AR_v2.docx,G14-01 — نظام البلاغات الموحد
REQ-01295,G14-01,عمل المبرمج خطوة بخطوة,6. فصل المراجع عن مستأنف القرار للحالات الحساسة.,VVIP_TIGER_Global_Implementation_Specification_AR_v2.docx,G14-01 — نظام البلاغات الموحد
REQ-01296,G14-01,عمل المبرمج خطوة بخطوة,7. قياس false positive/appeal overturn وتدريب الفريق.,VVIP_TIGER_Global_Implementation_Specification_AR_v2.docx,G14-01 — نظام البلاغات الموحد
REQ-01297,G14-01,عمل المبرمج خطوة بخطوة,8. تعريف API contract وحالات الخطأ والـrate limit قبل دمج الواجهة.,VVIP_TIGER_Global_Implementation_Specification_AR_v2.docx,G14-01 — نظام البلاغات الموحد
REQ-01298,G14-01,عمل المبرمج خطوة بخطوة,9. إضافة unit/integration/E2E أو security tests بحسب حدود المهمة، وربطها بـCI.,VVIP_TIGER_Global_Implementation_Specification_AR_v2.docx,G14-01 — نظام البلاغات الموحد
REQ-01299,G14-01,عمل المبرمج خطوة بخطوة,10. نشرها خلف Feature Flag على Staging، جمع الدليل، ثم إعداد rollback أو forward-fix.,VVIP_TIGER_Global_Implementation_Specification_AR_v2.docx,G14-01 — نظام البلاغات الموحد
REQ-01300,G14-01,ما يجب أن يبنيه أو يعدله,وحدة المجال `trust-safety`: entities/value objects/state rules من دون اعتماد مباشر على الواجهة أو المورد.,VVIP_TIGER_Global_Implementation_Specification_AR_v2.docx,G14-01 — نظام البلاغات الموحد
REQ-01301,G14-01,ما يجب أن يبنيه أو يعدله,طبقة application: use cases وخدمات تحقق ورسائل خطأ ثابتة ومترجمة.,VVIP_TIGER_Global_Implementation_Specification_AR_v2.docx,G14-01 — نظام البلاغات الموحد
REQ-01302,G14-01,ما يجب أن يبنيه أو يعدله,طبقة infrastructure: database/repository/provider adapter مع timeout/retry/idempotency عند الحاجة.,VVIP_TIGER_Global_Implementation_Specification_AR_v2.docx,G14-01 — نظام البلاغات الموحد
REQ-01303,G14-01,ما يجب أن يبنيه أو يعدله,طبقة الواجهة: حالات loading/empty/error/forbidden/offline/success والهاتف وRTL/LTR.,VVIP_TIGER_Global_Implementation_Specification_AR_v2.docx,G14-01 — نظام البلاغات الموحد
REQ-01304,G14-01,ما يجب أن يبنيه أو يعدله,Schema/migration/index/policy عند وجود بيانات، مع forward migration وخطة rollback أو forward-fix.,VVIP_TIGER_Global_Implementation_Specification_AR_v2.docx,G14-01 — نظام البلاغات الموحد
REQ-01305,G14-01,ما يجب أن يبنيه أو يعدله,اختبارات وتسميات واضحة وربط كل حالة بمعيار قبول أو خطر.,VVIP_TIGER_Global_Implementation_Specification_AR_v2.docx,G14-01 — نظام البلاغات الموحد
REQ-01306,G14-01,الأمان والخصوصية,التحقق من authentication وauthorization على الخادم؛ إخفاء الزر ليس حماية.,VVIP_TIGER_Global_Implementation_Specification_AR_v2.docx,G14-01 — نظام البلاغات الموحد
REQ-01307,G14-01,الأمان والخصوصية,عدم تسجيل token/secret/payment data/private message أو PII غير لازم.,VVIP_TIGER_Global_Implementation_Specification_AR_v2.docx,G14-01 — نظام البلاغات الموحد
REQ-01308,G14-01,الأمان والخصوصية,تطبيق least privilege وdeny by default وrate limit وaudit على العمليات الحساسة.,VVIP_TIGER_Global_Implementation_Specification_AR_v2.docx,G14-01 — نظام البلاغات الموحد
REQ-01309,G14-01,الأمان والخصوصية,تحديد retention والحذف والتصدير والوصول الإداري إن كانت المهمة تعالج بيانات شخصية.,VVIP_TIGER_Global_Implementation_Specification_AR_v2.docx,G14-01 — نظام البلاغات الموحد
REQ-01310,G14-01,اختبارات QA المطلوبة,Happy path كامل ببيانات واقعية في Staging.,VVIP_TIGER_Global_Implementation_Specification_AR_v2.docx,G14-01 — نظام البلاغات الموحد
REQ-01311,G14-01,اختبارات QA المطلوبة,مدخلات ناقصة وخاطئة وحدود الحجم والعدد والحالة.,VVIP_TIGER_Global_Implementation_Specification_AR_v2.docx,G14-01 — نظام البلاغات الموحد
REQ-01312,G14-01,اختبارات QA المطلوبة,انقطاع الشبكة، retry، duplicate request، refresh وعودة من جهاز آخر عند انطباقها.,VVIP_TIGER_Global_Implementation_Specification_AR_v2.docx,G14-01 — نظام البلاغات الموحد
REQ-01313,G14-01,اختبارات QA المطلوبة,مستخدم A مقابل مستخدم B، وزائر، ودور إداري محدود.,VVIP_TIGER_Global_Implementation_Specification_AR_v2.docx,G14-01 — نظام البلاغات الموحد
REQ-01314,G14-01,اختبارات QA المطلوبة,العربية/الإنجليزية، RTL/LTR، هاتف متوسط، Chrome/Safari/Firefox للواجهات المتأثرة.,VVIP_TIGER_Global_Implementation_Specification_AR_v2.docx,G14-01 — نظام البلاغات الموحد
REQ-01315,G14-01,اختبارات QA المطلوبة,Regression آلي يمنع عودة السبب بعد الدمج.,VVIP_TIGER_Global_Implementation_Specification_AR_v2.docx,G14-01 — نظام البلاغات الموحد
REQ-01316,G14-01,قبول: معيار القبول الرئيسي,كل بلاغ قابل للتتبع ولا يكرر بلا داع.,VVIP_TIGER_Global_Implementation_Specification_AR_v2.docx,G14-01 — نظام البلاغات الموحد
REQ-01317,G14-01,قبول: معايير إضافية,CI أخضر؛ لا خطأ حرج؛ صلاحيات مختبرة؛ Staging يعمل؛ الأداء ضمن الميزانية؛ النصوص مترجمة.,VVIP_TIGER_Global_Implementation_Specification_AR_v2.docx,G14-01 — نظام البلاغات الموحد
REQ-01318,G14-01,قبول: المخرجات,كود + tests + migration/policy إن لزم + API/schema docs + screenshots/log evidence + release/rollback notes.,VVIP_TIGER_Global_Implementation_Specification_AR_v2.docx,G14-01 — نظام البلاغات الموحد
REQ-01319,G14-01,قبول: تعريف الاكتمال,Code review، QA sign-off، Security sign-off بحسب الخطر، Product acceptance، تحديث Decision/Change Log.,VVIP_TIGER_Global_Implementation_Specification_AR_v2.docx,G14-01 — نظام البلاغات الموحد
REQ-01320,G14-01,قبول: الخطر,تنفيذ الواجهة قبل عقد البيانات أو الصلاحيات يؤدي إلى إعادة بناء أو تسريب.,VVIP_TIGER_Global_Implementation_Specification_AR_v2.docx,G14-01 — نظام البلاغات الموحد
REQ-01321,G14-01,قبول: التراجع,Feature Flag وإيقاف endpoint/job، ثم rollback migration الآمن أو forward-fix مع حفظ البيانات.,VVIP_TIGER_Global_Implementation_Specification_AR_v2.docx,G14-01 — نظام البلاغات الموحد
REQ-01322,G14-02,عمل المبرمج خطوة بخطوة,1. case workflow، permission separation، reason codes وaudit immutable.,VVIP_TIGER_Global_Implementation_Specification_AR_v2.docx,G14-02 — سير المراجعة والعقوبات
REQ-01323,G14-02,عمل المبرمج خطوة بخطوة,2. إنشاء actor/action/resource/before/after/correlation_id.,VVIP_TIGER_Global_Implementation_Specification_AR_v2.docx,G14-02 — سير المراجعة والعقوبات
REQ-01324,G14-02,عمل المبرمج خطوة بخطوة,3. منع update/delete للتدقيق من أدوار التطبيق.,VVIP_TIGER_Global_Implementation_Specification_AR_v2.docx,G14-02 — سير المراجعة والعقوبات
REQ-01325,G14-02,عمل المبرمج خطوة بخطوة,4. تحديد redaction وretention وصلاحية التصدير.,VVIP_TIGER_Global_Implementation_Specification_AR_v2.docx,G14-02 — سير المراجعة والعقوبات
REQ-01326,G14-02,عمل المبرمج خطوة بخطوة,5. توحيد reason codes والأدلة والمهل.,VVIP_TIGER_Global_Implementation_Specification_AR_v2.docx,G14-02 — سير المراجعة والعقوبات
REQ-01327,G14-02,عمل المبرمج خطوة بخطوة,6. فصل المراجع عن مستأنف القرار للحالات الحساسة.,VVIP_TIGER_Global_Implementation_Specification_AR_v2.docx,G14-02 — سير المراجعة والعقوبات
REQ-01328,G14-02,عمل المبرمج خطوة بخطوة,7. قياس false positive/appeal overturn وتدريب الفريق.,VVIP_TIGER_Global_Implementation_Specification_AR_v2.docx,G14-02 — سير المراجعة والعقوبات
REQ-01329,G14-02,عمل المبرمج خطوة بخطوة,8. تعريف API contract وحالات الخطأ والـrate limit قبل دمج الواجهة.,VVIP_TIGER_Global_Implementation_Specification_AR_v2.docx,G14-02 — سير المراجعة والعقوبات
REQ-01330,G14-02,عمل المبرمج خطوة بخطوة,9. إضافة unit/integration/E2E أو security tests بحسب حدود المهمة، وربطها بـCI.,VVIP_TIGER_Global_Implementation_Specification_AR_v2.docx,G14-02 — سير المراجعة والعقوبات
REQ-01331,G14-02,عمل المبرمج خطوة بخطوة,10. نشرها خلف Feature Flag على Staging، جمع الدليل، ثم إعداد rollback أو forward-fix.,VVIP_TIGER_Global_Implementation_Specification_AR_v2.docx,G14-02 — سير المراجعة والعقوبات
REQ-01332,G14-02,ما يجب أن يبنيه أو يعدله,وحدة المجال `trust-safety`: entities/value objects/state rules من دون اعتماد مباشر على الواجهة أو المورد.,VVIP_TIGER_Global_Implementation_Specification_AR_v2.docx,G14-02 — سير المراجعة والعقوبات
REQ-01333,G14-02,ما يجب أن يبنيه أو يعدله,طبقة application: use cases وخدمات تحقق ورسائل خطأ ثابتة ومترجمة.,VVIP_TIGER_Global_Implementation_Specification_AR_v2.docx,G14-02 — سير المراجعة والعقوبات
REQ-01334,G14-02,ما يجب أن يبنيه أو يعدله,طبقة infrastructure: database/repository/provider adapter مع timeout/retry/idempotency عند الحاجة.,VVIP_TIGER_Global_Implementation_Specification_AR_v2.docx,G14-02 — سير المراجعة والعقوبات
REQ-01335,G14-02,ما يجب أن يبنيه أو يعدله,طبقة الواجهة: حالات loading/empty/error/forbidden/offline/success والهاتف وRTL/LTR.,VVIP_TIGER_Global_Implementation_Specification_AR_v2.docx,G14-02 — سير المراجعة والعقوبات
REQ-01336,G14-02,ما يجب أن يبنيه أو يعدله,Schema/migration/index/policy عند وجود بيانات، مع forward migration وخطة rollback أو forward-fix.,VVIP_TIGER_Global_Implementation_Specification_AR_v2.docx,G14-02 — سير المراجعة والعقوبات
REQ-01337,G14-02,ما يجب أن يبنيه أو يعدله,اختبارات وتسميات واضحة وربط كل حالة بمعيار قبول أو خطر.,VVIP_TIGER_Global_Implementation_Specification_AR_v2.docx,G14-02 — سير المراجعة والعقوبات
REQ-01338,G14-02,الأمان والخصوصية,التحقق من authentication وauthorization على الخادم؛ إخفاء الزر ليس حماية.,VVIP_TIGER_Global_Implementation_Specification_AR_v2.docx,G14-02 — سير المراجعة والعقوبات
REQ-01339,G14-02,الأمان والخصوصية,عدم تسجيل token/secret/payment data/private message أو PII غير لازم.,VVIP_TIGER_Global_Implementation_Specification_AR_v2.docx,G14-02 — سير المراجعة والعقوبات
REQ-01340,G14-02,الأمان والخصوصية,تطبيق least privilege وdeny by default وrate limit وaudit على العمليات الحساسة.,VVIP_TIGER_Global_Implementation_Specification_AR_v2.docx,G14-02 — سير المراجعة والعقوبات
REQ-01341,G14-02,الأمان والخصوصية,تحديد retention والحذف والتصدير والوصول الإداري إن كانت المهمة تعالج بيانات شخصية.,VVIP_TIGER_Global_Implementation_Specification_AR_v2.docx,G14-02 — سير المراجعة والعقوبات
REQ-01342,G14-02,اختبارات QA المطلوبة,Happy path كامل ببيانات واقعية في Staging.,VVIP_TIGER_Global_Implementation_Specification_AR_v2.docx,G14-02 — سير المراجعة والعقوبات
REQ-01343,G14-02,اختبارات QA المطلوبة,مدخلات ناقصة وخاطئة وحدود الحجم والعدد والحالة.,VVIP_TIGER_Global_Implementation_Specification_AR_v2.docx,G14-02 — سير المراجعة والعقوبات
REQ-01344,G14-02,اختبارات QA المطلوبة,انقطاع الشبكة، retry، duplicate request، refresh وعودة من جهاز آخر عند انطباقها.,VVIP_TIGER_Global_Implementation_Specification_AR_v2.docx,G14-02 — سير المراجعة والعقوبات
REQ-01345,G14-02,اختبارات QA المطلوبة,مستخدم A مقابل مستخدم B، وزائر، ودور إداري محدود.,VVIP_TIGER_Global_Implementation_Specification_AR_v2.docx,G14-02 — سير المراجعة والعقوبات
REQ-01346,G14-02,اختبارات QA المطلوبة,العربية/الإنجليزية، RTL/LTR، هاتف متوسط، Chrome/Safari/Firefox للواجهات المتأثرة.,VVIP_TIGER_Global_Implementation_Specification_AR_v2.docx,G14-02 — سير المراجعة والعقوبات
REQ-01347,G14-02,اختبارات QA المطلوبة,Regression آلي يمنع عودة السبب بعد الدمج.,VVIP_TIGER_Global_Implementation_Specification_AR_v2.docx,G14-02 — سير المراجعة والعقوبات
REQ-01348,G14-02,قبول: معيار القبول الرئيسي,لا قرار حساس دون سجل وهوية منفذ.,VVIP_TIGER_Global_Implementation_Specification_AR_v2.docx,G14-02 — سير المراجعة والعقوبات
REQ-01349,G14-02,قبول: معايير إضافية,CI أخضر؛ لا خطأ حرج؛ صلاحيات مختبرة؛ Staging يعمل؛ الأداء ضمن الميزانية؛ النصوص مترجمة.,VVIP_TIGER_Global_Implementation_Specification_AR_v2.docx,G14-02 — سير المراجعة والعقوبات
REQ-01350,G14-02,قبول: المخرجات,كود + tests + migration/policy إن لزم + API/schema docs + screenshots/log evidence + release/rollback notes.,VVIP_TIGER_Global_Implementation_Specification_AR_v2.docx,G14-02 — سير المراجعة والعقوبات
REQ-01351,G14-02,قبول: تعريف الاكتمال,Code review، QA sign-off، Security sign-off بحسب الخطر، Product acceptance، تحديث Decision/Change Log.,VVIP_TIGER_Global_Implementation_Specification_AR_v2.docx,G14-02 — سير المراجعة والعقوبات
REQ-01352,G14-02,قبول: الخطر,تنفيذ الواجهة قبل عقد البيانات أو الصلاحيات يؤدي إلى إعادة بناء أو تسريب.,VVIP_TIGER_Global_Implementation_Specification_AR_v2.docx,G14-02 — سير المراجعة والعقوبات
REQ-01353,G14-02,قبول: التراجع,Feature Flag وإيقاف endpoint/job، ثم rollback migration الآمن أو forward-fix مع حفظ البيانات.,VVIP_TIGER_Global_Implementation_Specification_AR_v2.docx,G14-02 — سير المراجعة والعقوبات
REQ-01354,G14-03,عمل المبرمج خطوة بخطوة,1. appeal workflow، duplicate/velocity signals، manual review dashboard.,VVIP_TIGER_Global_Implementation_Specification_AR_v2.docx,G14-03 — الاستئناف ومكافحة الاحتيال
REQ-01355,G14-03,عمل المبرمج خطوة بخطوة,2. توحيد reason codes والأدلة والمهل.,VVIP_TIGER_Global_Implementation_Specification_AR_v2.docx,G14-03 — الاستئناف ومكافحة الاحتيال
REQ-01356,G14-03,عمل المبرمج خطوة بخطوة,3. فصل المراجع عن مستأنف القرار للحالات الحساسة.,VVIP_TIGER_Global_Implementation_Specification_AR_v2.docx,G14-03 — الاستئناف ومكافحة الاحتيال
REQ-01357,G14-03,عمل المبرمج خطوة بخطوة,4. قياس false positive/appeal overturn وتدريب الفريق.,VVIP_TIGER_Global_Implementation_Specification_AR_v2.docx,G14-03 — الاستئناف ومكافحة الاحتيال
REQ-01358,G14-03,عمل المبرمج خطوة بخطوة,5. تعريف API contract وحالات الخطأ والـrate limit قبل دمج الواجهة.,VVIP_TIGER_Global_Implementation_Specification_AR_v2.docx,G14-03 — الاستئناف ومكافحة الاحتيال
REQ-01359,G14-03,عمل المبرمج خطوة بخطوة,6. إضافة unit/integration/E2E أو security tests بحسب حدود المهمة، وربطها بـCI.,VVIP_TIGER_Global_Implementation_Specification_AR_v2.docx,G14-03 — الاستئناف ومكافحة الاحتيال
REQ-01360,G14-03,عمل المبرمج خطوة بخطوة,7. نشرها خلف Feature Flag على Staging، جمع الدليل، ثم إعداد rollback أو forward-fix.,VVIP_TIGER_Global_Implementation_Specification_AR_v2.docx,G14-03 — الاستئناف ومكافحة الاحتيال
REQ-01361,G14-03,ما يجب أن يبنيه أو يعدله,وحدة المجال `trust-safety`: entities/value objects/state rules من دون اعتماد مباشر على الواجهة أو المورد.,VVIP_TIGER_Global_Implementation_Specification_AR_v2.docx,G14-03 — الاستئناف ومكافحة الاحتيال
REQ-01362,G14-03,ما يجب أن يبنيه أو يعدله,طبقة application: use cases وخدمات تحقق ورسائل خطأ ثابتة ومترجمة.,VVIP_TIGER_Global_Implementation_Specification_AR_v2.docx,G14-03 — الاستئناف ومكافحة الاحتيال
REQ-01363,G14-03,ما يجب أن يبنيه أو يعدله,طبقة infrastructure: database/repository/provider adapter مع timeout/retry/idempotency عند الحاجة.,VVIP_TIGER_Global_Implementation_Specification_AR_v2.docx,G14-03 — الاستئناف ومكافحة الاحتيال
REQ-01364,G14-03,ما يجب أن يبنيه أو يعدله,طبقة الواجهة: حالات loading/empty/error/forbidden/offline/success والهاتف وRTL/LTR.,VVIP_TIGER_Global_Implementation_Specification_AR_v2.docx,G14-03 — الاستئناف ومكافحة الاحتيال
REQ-01365,G14-03,ما يجب أن يبنيه أو يعدله,Schema/migration/index/policy عند وجود بيانات، مع forward migration وخطة rollback أو forward-fix.,VVIP_TIGER_Global_Implementation_Specification_AR_v2.docx,G14-03 — الاستئناف ومكافحة الاحتيال
REQ-01366,G14-03,ما يجب أن يبنيه أو يعدله,اختبارات وتسميات واضحة وربط كل حالة بمعيار قبول أو خطر.,VVIP_TIGER_Global_Implementation_Specification_AR_v2.docx,G14-03 — الاستئناف ومكافحة الاحتيال
REQ-01367,G14-03,الأمان والخصوصية,التحقق من authentication وauthorization على الخادم؛ إخفاء الزر ليس حماية.,VVIP_TIGER_Global_Implementation_Specification_AR_v2.docx,G14-03 — الاستئناف ومكافحة الاحتيال
REQ-01368,G14-03,الأمان والخصوصية,عدم تسجيل token/secret/payment data/private message أو PII غير لازم.,VVIP_TIGER_Global_Implementation_Specification_AR_v2.docx,G14-03 — الاستئناف ومكافحة الاحتيال
REQ-01369,G14-03,الأمان والخصوصية,تطبيق least privilege وdeny by default وrate limit وaudit على العمليات الحساسة.,VVIP_TIGER_Global_Implementation_Specification_AR_v2.docx,G14-03 — الاستئناف ومكافحة الاحتيال
REQ-01370,G14-03,الأمان والخصوصية,تحديد retention والحذف والتصدير والوصول الإداري إن كانت المهمة تعالج بيانات شخصية.,VVIP_TIGER_Global_Implementation_Specification_AR_v2.docx,G14-03 — الاستئناف ومكافحة الاحتيال
REQ-01371,G14-03,اختبارات QA المطلوبة,Happy path كامل ببيانات واقعية في Staging.,VVIP_TIGER_Global_Implementation_Specification_AR_v2.docx,G14-03 — الاستئناف ومكافحة الاحتيال
REQ-01372,G14-03,اختبارات QA المطلوبة,مدخلات ناقصة وخاطئة وحدود الحجم والعدد والحالة.,VVIP_TIGER_Global_Implementation_Specification_AR_v2.docx,G14-03 — الاستئناف ومكافحة الاحتيال
REQ-01373,G14-03,اختبارات QA المطلوبة,انقطاع الشبكة، retry، duplicate request، refresh وعودة من جهاز آخر عند انطباقها.,VVIP_TIGER_Global_Implementation_Specification_AR_v2.docx,G14-03 — الاستئناف ومكافحة الاحتيال
REQ-01374,G14-03,اختبارات QA المطلوبة,مستخدم A مقابل مستخدم B، وزائر، ودور إداري محدود.,VVIP_TIGER_Global_Implementation_Specification_AR_v2.docx,G14-03 — الاستئناف ومكافحة الاحتيال
REQ-01375,G14-03,اختبارات QA المطلوبة,العربية/الإنجليزية، RTL/LTR، هاتف متوسط، Chrome/Safari/Firefox للواجهات المتأثرة.,VVIP_TIGER_Global_Implementation_Specification_AR_v2.docx,G14-03 — الاستئناف ومكافحة الاحتيال
REQ-01376,G14-03,اختبارات QA المطلوبة,Regression آلي يمنع عودة السبب بعد الدمج.,VVIP_TIGER_Global_Implementation_Specification_AR_v2.docx,G14-03 — الاستئناف ومكافحة الاحتيال
REQ-01377,G14-03,قبول: معيار القبول الرئيسي,إغلاق الاستئناف بقرار مستقل موثق.,VVIP_TIGER_Global_Implementation_Specification_AR_v2.docx,G14-03 — الاستئناف ومكافحة الاحتيال
REQ-01378,G14-03,قبول: معايير إضافية,CI أخضر؛ لا خطأ حرج؛ صلاحيات مختبرة؛ Staging يعمل؛ الأداء ضمن الميزانية؛ النصوص مترجمة.,VVIP_TIGER_Global_Implementation_Specification_AR_v2.docx,G14-03 — الاستئناف ومكافحة الاحتيال
REQ-01379,G14-03,قبول: المخرجات,كود + tests + migration/policy إن لزم + API/schema docs + screenshots/log evidence + release/rollback notes.,VVIP_TIGER_Global_Implementation_Specification_AR_v2.docx,G14-03 — الاستئناف ومكافحة الاحتيال
REQ-01380,G14-03,قبول: تعريف الاكتمال,Code review، QA sign-off، Security sign-off بحسب الخطر، Product acceptance، تحديث Decision/Change Log.,VVIP_TIGER_Global_Implementation_Specification_AR_v2.docx,G14-03 — الاستئناف ومكافحة الاحتيال
REQ-01381,G14-03,قبول: الخطر,تنفيذ الواجهة قبل عقد البيانات أو الصلاحيات يؤدي إلى إعادة بناء أو تسريب.,VVIP_TIGER_Global_Implementation_Specification_AR_v2.docx,G14-03 — الاستئناف ومكافحة الاحتيال
REQ-01382,G14-03,قبول: التراجع,Feature Flag وإيقاف endpoint/job، ثم rollback migration الآمن أو forward-fix مع حفظ البيانات.,VVIP_TIGER_Global_Implementation_Specification_AR_v2.docx,G14-03 — الاستئناف ومكافحة الاحتيال
REQ-01383,G15-01,عمل المبرمج خطوة بخطوة,1. ticket schema، statuses، categories، attachments وRLS.,VVIP_TIGER_Global_Implementation_Specification_AR_v2.docx,G15-01 — نظام تذاكر Tiger Care
REQ-01384,G15-01,عمل المبرمج خطوة بخطوة,2. إعداد policy matrix: SELECT/INSERT/UPDATE/DELETE لكل دور.,VVIP_TIGER_Global_Implementation_Specification_AR_v2.docx,G15-01 — نظام تذاكر Tiger Care
REQ-01385,G15-01,عمل المبرمج خطوة بخطوة,3. إنشاء fixtures لمستخدمين A وB واختبار المنع المباشر عبر SQL/API.,VVIP_TIGER_Global_Implementation_Specification_AR_v2.docx,G15-01 — نظام تذاكر Tiger Care
REQ-01386,G15-01,عمل المبرمج خطوة بخطوة,4. فحص أن service role لا يصل للواجهة ولا يسجل في logs.,VVIP_TIGER_Global_Implementation_Specification_AR_v2.docx,G15-01 — نظام تذاكر Tiger Care
REQ-01387,G15-01,عمل المبرمج خطوة بخطوة,5. تعريف ticket lifecycle وSLA حسب الفئة والمنطقة الزمنية.,VVIP_TIGER_Global_Implementation_Specification_AR_v2.docx,G15-01 — نظام تذاكر Tiger Care
REQ-01388,G15-01,عمل المبرمج خطوة بخطوة,6. حماية الملاحظات الداخلية والمرفقات.,VVIP_TIGER_Global_Implementation_Specification_AR_v2.docx,G15-01 — نظام تذاكر Tiger Care
REQ-01389,G15-01,عمل المبرمج خطوة بخطوة,7. قياس first response/resolution/reopen/CSAT.,VVIP_TIGER_Global_Implementation_Specification_AR_v2.docx,G15-01 — نظام تذاكر Tiger Care
REQ-01390,G15-01,عمل المبرمج خطوة بخطوة,8. تعريف API contract وحالات الخطأ والـrate limit قبل دمج الواجهة.,VVIP_TIGER_Global_Implementation_Specification_AR_v2.docx,G15-01 — نظام تذاكر Tiger Care
REQ-01391,G15-01,عمل المبرمج خطوة بخطوة,9. إضافة unit/integration/E2E أو security tests بحسب حدود المهمة، وربطها بـCI.,VVIP_TIGER_Global_Implementation_Specification_AR_v2.docx,G15-01 — نظام تذاكر Tiger Care
REQ-01392,G15-01,عمل المبرمج خطوة بخطوة,10. نشرها خلف Feature Flag على Staging، جمع الدليل، ثم إعداد rollback أو forward-fix.,VVIP_TIGER_Global_Implementation_Specification_AR_v2.docx,G15-01 — نظام تذاكر Tiger Care
REQ-01393,G15-01,ما يجب أن يبنيه أو يعدله,وحدة المجال `support`: entities/value objects/state rules من دون اعتماد مباشر على الواجهة أو المورد.,VVIP_TIGER_Global_Implementation_Specification_AR_v2.docx,G15-01 — نظام تذاكر Tiger Care
REQ-01394,G15-01,ما يجب أن يبنيه أو يعدله,طبقة application: use cases وخدمات تحقق ورسائل خطأ ثابتة ومترجمة.,VVIP_TIGER_Global_Implementation_Specification_AR_v2.docx,G15-01 — نظام تذاكر Tiger Care
REQ-01395,G15-01,ما يجب أن يبنيه أو يعدله,طبقة infrastructure: database/repository/provider adapter مع timeout/retry/idempotency عند الحاجة.,VVIP_TIGER_Global_Implementation_Specification_AR_v2.docx,G15-01 — نظام تذاكر Tiger Care
REQ-01396,G15-01,ما يجب أن يبنيه أو يعدله,طبقة الواجهة: حالات loading/empty/error/forbidden/offline/success والهاتف وRTL/LTR.,VVIP_TIGER_Global_Implementation_Specification_AR_v2.docx,G15-01 — نظام تذاكر Tiger Care
REQ-01397,G15-01,ما يجب أن يبنيه أو يعدله,Schema/migration/index/policy عند وجود بيانات، مع forward migration وخطة rollback أو forward-fix.,VVIP_TIGER_Global_Implementation_Specification_AR_v2.docx,G15-01 — نظام تذاكر Tiger Care
REQ-01398,G15-01,ما يجب أن يبنيه أو يعدله,اختبارات وتسميات واضحة وربط كل حالة بمعيار قبول أو خطر.,VVIP_TIGER_Global_Implementation_Specification_AR_v2.docx,G15-01 — نظام تذاكر Tiger Care
REQ-01399,G15-01,الأمان والخصوصية,التحقق من authentication وauthorization على الخادم؛ إخفاء الزر ليس حماية.,VVIP_TIGER_Global_Implementation_Specification_AR_v2.docx,G15-01 — نظام تذاكر Tiger Care
REQ-01400,G15-01,الأمان والخصوصية,عدم تسجيل token/secret/payment data/private message أو PII غير لازم.,VVIP_TIGER_Global_Implementation_Specification_AR_v2.docx,G15-01 — نظام تذاكر Tiger Care
REQ-01401,G15-01,الأمان والخصوصية,تطبيق least privilege وdeny by default وrate limit وaudit على العمليات الحساسة.,VVIP_TIGER_Global_Implementation_Specification_AR_v2.docx,G15-01 — نظام تذاكر Tiger Care
REQ-01402,G15-01,الأمان والخصوصية,تحديد retention والحذف والتصدير والوصول الإداري إن كانت المهمة تعالج بيانات شخصية.,VVIP_TIGER_Global_Implementation_Specification_AR_v2.docx,G15-01 — نظام تذاكر Tiger Care
REQ-01403,G15-01,اختبارات QA المطلوبة,Happy path كامل ببيانات واقعية في Staging.,VVIP_TIGER_Global_Implementation_Specification_AR_v2.docx,G15-01 — نظام تذاكر Tiger Care
REQ-01404,G15-01,اختبارات QA المطلوبة,مدخلات ناقصة وخاطئة وحدود الحجم والعدد والحالة.,VVIP_TIGER_Global_Implementation_Specification_AR_v2.docx,G15-01 — نظام تذاكر Tiger Care
REQ-01405,G15-01,اختبارات QA المطلوبة,انقطاع الشبكة، retry، duplicate request، refresh وعودة من جهاز آخر عند انطباقها.,VVIP_TIGER_Global_Implementation_Specification_AR_v2.docx,G15-01 — نظام تذاكر Tiger Care
REQ-01406,G15-01,اختبارات QA المطلوبة,مستخدم A مقابل مستخدم B، وزائر، ودور إداري محدود.,VVIP_TIGER_Global_Implementation_Specification_AR_v2.docx,G15-01 — نظام تذاكر Tiger Care
REQ-01407,G15-01,اختبارات QA المطلوبة,العربية/الإنجليزية، RTL/LTR، هاتف متوسط، Chrome/Safari/Firefox للواجهات المتأثرة.,VVIP_TIGER_Global_Implementation_Specification_AR_v2.docx,G15-01 — نظام تذاكر Tiger Care
REQ-01408,G15-01,اختبارات QA المطلوبة,Regression آلي يمنع عودة السبب بعد الدمج.,VVIP_TIGER_Global_Implementation_Specification_AR_v2.docx,G15-01 — نظام تذاكر Tiger Care
REQ-01409,G15-01,قبول: معيار القبول الرئيسي,المستخدم يرى تذاكره فقط.,VVIP_TIGER_Global_Implementation_Specification_AR_v2.docx,G15-01 — نظام تذاكر Tiger Care
REQ-01410,G15-01,قبول: معايير إضافية,CI أخضر؛ لا خطأ حرج؛ صلاحيات مختبرة؛ Staging يعمل؛ الأداء ضمن الميزانية؛ النصوص مترجمة.,VVIP_TIGER_Global_Implementation_Specification_AR_v2.docx,G15-01 — نظام تذاكر Tiger Care
REQ-01411,G15-01,قبول: المخرجات,كود + tests + migration/policy إن لزم + API/schema docs + screenshots/log evidence + release/rollback notes.,VVIP_TIGER_Global_Implementation_Specification_AR_v2.docx,G15-01 — نظام تذاكر Tiger Care
REQ-01412,G15-01,قبول: تعريف الاكتمال,Code review، QA sign-off، Security sign-off بحسب الخطر، Product acceptance، تحديث Decision/Change Log.,VVIP_TIGER_Global_Implementation_Specification_AR_v2.docx,G15-01 — نظام تذاكر Tiger Care
REQ-01413,G15-01,قبول: الخطر,تنفيذ الواجهة قبل عقد البيانات أو الصلاحيات يؤدي إلى إعادة بناء أو تسريب.,VVIP_TIGER_Global_Implementation_Specification_AR_v2.docx,G15-01 — نظام تذاكر Tiger Care
REQ-01414,G15-01,قبول: التراجع,Feature Flag وإيقاف endpoint/job، ثم rollback migration الآمن أو forward-fix مع حفظ البيانات.,VVIP_TIGER_Global_Implementation_Specification_AR_v2.docx,G15-01 — نظام تذاكر Tiger Care
REQ-01415,G15-02,عمل المبرمج خطوة بخطوة,1. assignment rules، timers، escalations، alerts وbusiness hours.,VVIP_TIGER_Global_Implementation_Specification_AR_v2.docx,G15-02 — SLA والتصعيد والتوجيه
REQ-01416,G15-02,عمل المبرمج خطوة بخطوة,2. تعريف ticket lifecycle وSLA حسب الفئة والمنطقة الزمنية.,VVIP_TIGER_Global_Implementation_Specification_AR_v2.docx,G15-02 — SLA والتصعيد والتوجيه
REQ-01417,G15-02,عمل المبرمج خطوة بخطوة,3. حماية الملاحظات الداخلية والمرفقات.,VVIP_TIGER_Global_Implementation_Specification_AR_v2.docx,G15-02 — SLA والتصعيد والتوجيه
REQ-01418,G15-02,عمل المبرمج خطوة بخطوة,4. قياس first response/resolution/reopen/CSAT.,VVIP_TIGER_Global_Implementation_Specification_AR_v2.docx,G15-02 — SLA والتصعيد والتوجيه
REQ-01419,G15-02,عمل المبرمج خطوة بخطوة,5. تعريف API contract وحالات الخطأ والـrate limit قبل دمج الواجهة.,VVIP_TIGER_Global_Implementation_Specification_AR_v2.docx,G15-02 — SLA والتصعيد والتوجيه
REQ-01420,G15-02,عمل المبرمج خطوة بخطوة,6. إضافة unit/integration/E2E أو security tests بحسب حدود المهمة، وربطها بـCI.,VVIP_TIGER_Global_Implementation_Specification_AR_v2.docx,G15-02 — SLA والتصعيد والتوجيه
REQ-01421,G15-02,عمل المبرمج خطوة بخطوة,7. نشرها خلف Feature Flag على Staging، جمع الدليل، ثم إعداد rollback أو forward-fix.,VVIP_TIGER_Global_Implementation_Specification_AR_v2.docx,G15-02 — SLA والتصعيد والتوجيه
REQ-01422,G15-02,ما يجب أن يبنيه أو يعدله,وحدة المجال `support`: entities/value objects/state rules من دون اعتماد مباشر على الواجهة أو المورد.,VVIP_TIGER_Global_Implementation_Specification_AR_v2.docx,G15-02 — SLA والتصعيد والتوجيه
REQ-01423,G15-02,ما يجب أن يبنيه أو يعدله,طبقة application: use cases وخدمات تحقق ورسائل خطأ ثابتة ومترجمة.,VVIP_TIGER_Global_Implementation_Specification_AR_v2.docx,G15-02 — SLA والتصعيد والتوجيه
REQ-01424,G15-02,ما يجب أن يبنيه أو يعدله,طبقة infrastructure: database/repository/provider adapter مع timeout/retry/idempotency عند الحاجة.,VVIP_TIGER_Global_Implementation_Specification_AR_v2.docx,G15-02 — SLA والتصعيد والتوجيه
REQ-01425,G15-02,ما يجب أن يبنيه أو يعدله,طبقة الواجهة: حالات loading/empty/error/forbidden/offline/success والهاتف وRTL/LTR.,VVIP_TIGER_Global_Implementation_Specification_AR_v2.docx,G15-02 — SLA والتصعيد والتوجيه
REQ-01426,G15-02,ما يجب أن يبنيه أو يعدله,Schema/migration/index/policy عند وجود بيانات، مع forward migration وخطة rollback أو forward-fix.,VVIP_TIGER_Global_Implementation_Specification_AR_v2.docx,G15-02 — SLA والتصعيد والتوجيه
REQ-01427,G15-02,ما يجب أن يبنيه أو يعدله,اختبارات وتسميات واضحة وربط كل حالة بمعيار قبول أو خطر.,VVIP_TIGER_Global_Implementation_Specification_AR_v2.docx,G15-02 — SLA والتصعيد والتوجيه
REQ-01428,G15-02,الأمان والخصوصية,التحقق من authentication وauthorization على الخادم؛ إخفاء الزر ليس حماية.,VVIP_TIGER_Global_Implementation_Specification_AR_v2.docx,G15-02 — SLA والتصعيد والتوجيه
REQ-01429,G15-02,الأمان والخصوصية,عدم تسجيل token/secret/payment data/private message أو PII غير لازم.,VVIP_TIGER_Global_Implementation_Specification_AR_v2.docx,G15-02 — SLA والتصعيد والتوجيه
REQ-01430,G15-02,الأمان والخصوصية,تطبيق least privilege وdeny by default وrate limit وaudit على العمليات الحساسة.,VVIP_TIGER_Global_Implementation_Specification_AR_v2.docx,G15-02 — SLA والتصعيد والتوجيه
REQ-01431,G15-02,الأمان والخصوصية,تحديد retention والحذف والتصدير والوصول الإداري إن كانت المهمة تعالج بيانات شخصية.,VVIP_TIGER_Global_Implementation_Specification_AR_v2.docx,G15-02 — SLA والتصعيد والتوجيه
REQ-01432,G15-02,اختبارات QA المطلوبة,Happy path كامل ببيانات واقعية في Staging.,VVIP_TIGER_Global_Implementation_Specification_AR_v2.docx,G15-02 — SLA والتصعيد والتوجيه
REQ-01433,G15-02,اختبارات QA المطلوبة,مدخلات ناقصة وخاطئة وحدود الحجم والعدد والحالة.,VVIP_TIGER_Global_Implementation_Specification_AR_v2.docx,G15-02 — SLA والتصعيد والتوجيه
REQ-01434,G15-02,اختبارات QA المطلوبة,انقطاع الشبكة، retry، duplicate request، refresh وعودة من جهاز آخر عند انطباقها.,VVIP_TIGER_Global_Implementation_Specification_AR_v2.docx,G15-02 — SLA والتصعيد والتوجيه
REQ-01435,G15-02,اختبارات QA المطلوبة,مستخدم A مقابل مستخدم B، وزائر، ودور إداري محدود.,VVIP_TIGER_Global_Implementation_Specification_AR_v2.docx,G15-02 — SLA والتصعيد والتوجيه
REQ-01436,G15-02,اختبارات QA المطلوبة,العربية/الإنجليزية، RTL/LTR، هاتف متوسط، Chrome/Safari/Firefox للواجهات المتأثرة.,VVIP_TIGER_Global_Implementation_Specification_AR_v2.docx,G15-02 — SLA والتصعيد والتوجيه
REQ-01437,G15-02,اختبارات QA المطلوبة,Regression آلي يمنع عودة السبب بعد الدمج.,VVIP_TIGER_Global_Implementation_Specification_AR_v2.docx,G15-02 — SLA والتصعيد والتوجيه
REQ-01438,G15-02,قبول: معيار القبول الرئيسي,اختبار تجاوز SLA وتصعيد تلقائي.,VVIP_TIGER_Global_Implementation_Specification_AR_v2.docx,G15-02 — SLA والتصعيد والتوجيه
REQ-01439,G15-02,قبول: معايير إضافية,CI أخضر؛ لا خطأ حرج؛ صلاحيات مختبرة؛ Staging يعمل؛ الأداء ضمن الميزانية؛ النصوص مترجمة.,VVIP_TIGER_Global_Implementation_Specification_AR_v2.docx,G15-02 — SLA والتصعيد والتوجيه
REQ-01440,G15-02,قبول: المخرجات,كود + tests + migration/policy إن لزم + API/schema docs + screenshots/log evidence + release/rollback notes.,VVIP_TIGER_Global_Implementation_Specification_AR_v2.docx,G15-02 — SLA والتصعيد والتوجيه
REQ-01441,G15-02,قبول: تعريف الاكتمال,Code review، QA sign-off، Security sign-off بحسب الخطر، Product acceptance، تحديث Decision/Change Log.,VVIP_TIGER_Global_Implementation_Specification_AR_v2.docx,G15-02 — SLA والتصعيد والتوجيه
REQ-01442,G15-02,قبول: الخطر,تنفيذ الواجهة قبل عقد البيانات أو الصلاحيات يؤدي إلى إعادة بناء أو تسريب.,VVIP_TIGER_Global_Implementation_Specification_AR_v2.docx,G15-02 — SLA والتصعيد والتوجيه
REQ-01443,G15-02,قبول: التراجع,Feature Flag وإيقاف endpoint/job، ثم rollback migration الآمن أو forward-fix مع حفظ البيانات.,VVIP_TIGER_Global_Implementation_Specification_AR_v2.docx,G15-02 — SLA والتصعيد والتوجيه
REQ-01444,G15-03,عمل المبرمج خطوة بخطوة,1. localized templates، CSAT survey، reporting.,VVIP_TIGER_Global_Implementation_Specification_AR_v2.docx,G15-03 — الدعم متعدد اللغات وقياس الرضا
REQ-01445,G15-03,عمل المبرمج خطوة بخطوة,2. تعريف ticket lifecycle وSLA حسب الفئة والمنطقة الزمنية.,VVIP_TIGER_Global_Implementation_Specification_AR_v2.docx,G15-03 — الدعم متعدد اللغات وقياس الرضا
REQ-01446,G15-03,عمل المبرمج خطوة بخطوة,3. حماية الملاحظات الداخلية والمرفقات.,VVIP_TIGER_Global_Implementation_Specification_AR_v2.docx,G15-03 — الدعم متعدد اللغات وقياس الرضا
REQ-01447,G15-03,عمل المبرمج خطوة بخطوة,4. قياس first response/resolution/reopen/CSAT.,VVIP_TIGER_Global_Implementation_Specification_AR_v2.docx,G15-03 — الدعم متعدد اللغات وقياس الرضا
REQ-01448,G15-03,عمل المبرمج خطوة بخطوة,5. تعريف API contract وحالات الخطأ والـrate limit قبل دمج الواجهة.,VVIP_TIGER_Global_Implementation_Specification_AR_v2.docx,G15-03 — الدعم متعدد اللغات وقياس الرضا
REQ-01449,G15-03,عمل المبرمج خطوة بخطوة,6. إضافة unit/integration/E2E أو security tests بحسب حدود المهمة، وربطها بـCI.,VVIP_TIGER_Global_Implementation_Specification_AR_v2.docx,G15-03 — الدعم متعدد اللغات وقياس الرضا
REQ-01450,G15-03,عمل المبرمج خطوة بخطوة,7. نشرها خلف Feature Flag على Staging، جمع الدليل، ثم إعداد rollback أو forward-fix.,VVIP_TIGER_Global_Implementation_Specification_AR_v2.docx,G15-03 — الدعم متعدد اللغات وقياس الرضا
REQ-01451,G15-03,ما يجب أن يبنيه أو يعدله,وحدة المجال `support`: entities/value objects/state rules من دون اعتماد مباشر على الواجهة أو المورد.,VVIP_TIGER_Global_Implementation_Specification_AR_v2.docx,G15-03 — الدعم متعدد اللغات وقياس الرضا
REQ-01452,G15-03,ما يجب أن يبنيه أو يعدله,طبقة application: use cases وخدمات تحقق ورسائل خطأ ثابتة ومترجمة.,VVIP_TIGER_Global_Implementation_Specification_AR_v2.docx,G15-03 — الدعم متعدد اللغات وقياس الرضا
REQ-01453,G15-03,ما يجب أن يبنيه أو يعدله,طبقة infrastructure: database/repository/provider adapter مع timeout/retry/idempotency عند الحاجة.,VVIP_TIGER_Global_Implementation_Specification_AR_v2.docx,G15-03 — الدعم متعدد اللغات وقياس الرضا
REQ-01454,G15-03,ما يجب أن يبنيه أو يعدله,طبقة الواجهة: حالات loading/empty/error/forbidden/offline/success والهاتف وRTL/LTR.,VVIP_TIGER_Global_Implementation_Specification_AR_v2.docx,G15-03 — الدعم متعدد اللغات وقياس الرضا
REQ-01455,G15-03,ما يجب أن يبنيه أو يعدله,Schema/migration/index/policy عند وجود بيانات، مع forward migration وخطة rollback أو forward-fix.,VVIP_TIGER_Global_Implementation_Specification_AR_v2.docx,G15-03 — الدعم متعدد اللغات وقياس الرضا
REQ-01456,G15-03,ما يجب أن يبنيه أو يعدله,اختبارات وتسميات واضحة وربط كل حالة بمعيار قبول أو خطر.,VVIP_TIGER_Global_Implementation_Specification_AR_v2.docx,G15-03 — الدعم متعدد اللغات وقياس الرضا
REQ-01457,G15-03,الأمان والخصوصية,التحقق من authentication وauthorization على الخادم؛ إخفاء الزر ليس حماية.,VVIP_TIGER_Global_Implementation_Specification_AR_v2.docx,G15-03 — الدعم متعدد اللغات وقياس الرضا
REQ-01458,G15-03,الأمان والخصوصية,عدم تسجيل token/secret/payment data/private message أو PII غير لازم.,VVIP_TIGER_Global_Implementation_Specification_AR_v2.docx,G15-03 — الدعم متعدد اللغات وقياس الرضا
REQ-01459,G15-03,الأمان والخصوصية,تطبيق least privilege وdeny by default وrate limit وaudit على العمليات الحساسة.,VVIP_TIGER_Global_Implementation_Specification_AR_v2.docx,G15-03 — الدعم متعدد اللغات وقياس الرضا
REQ-01460,G15-03,الأمان والخصوصية,تحديد retention والحذف والتصدير والوصول الإداري إن كانت المهمة تعالج بيانات شخصية.,VVIP_TIGER_Global_Implementation_Specification_AR_v2.docx,G15-03 — الدعم متعدد اللغات وقياس الرضا
REQ-01461,G15-03,اختبارات QA المطلوبة,Happy path كامل ببيانات واقعية في Staging.,VVIP_TIGER_Global_Implementation_Specification_AR_v2.docx,G15-03 — الدعم متعدد اللغات وقياس الرضا
REQ-01462,G15-03,اختبارات QA المطلوبة,مدخلات ناقصة وخاطئة وحدود الحجم والعدد والحالة.,VVIP_TIGER_Global_Implementation_Specification_AR_v2.docx,G15-03 — الدعم متعدد اللغات وقياس الرضا
REQ-01463,G15-03,اختبارات QA المطلوبة,انقطاع الشبكة، retry، duplicate request، refresh وعودة من جهاز آخر عند انطباقها.,VVIP_TIGER_Global_Implementation_Specification_AR_v2.docx,G15-03 — الدعم متعدد اللغات وقياس الرضا
REQ-01464,G15-03,اختبارات QA المطلوبة,مستخدم A مقابل مستخدم B، وزائر، ودور إداري محدود.,VVIP_TIGER_Global_Implementation_Specification_AR_v2.docx,G15-03 — الدعم متعدد اللغات وقياس الرضا
REQ-01465,G15-03,اختبارات QA المطلوبة,العربية/الإنجليزية، RTL/LTR، هاتف متوسط، Chrome/Safari/Firefox للواجهات المتأثرة.,VVIP_TIGER_Global_Implementation_Specification_AR_v2.docx,G15-03 — الدعم متعدد اللغات وقياس الرضا
REQ-01466,G15-03,اختبارات QA المطلوبة,Regression آلي يمنع عودة السبب بعد الدمج.,VVIP_TIGER_Global_Implementation_Specification_AR_v2.docx,G15-03 — الدعم متعدد اللغات وقياس الرضا
REQ-01467,G15-03,قبول: معيار القبول الرئيسي,تقرير شهري للزمن والرضا.,VVIP_TIGER_Global_Implementation_Specification_AR_v2.docx,G15-03 — الدعم متعدد اللغات وقياس الرضا
REQ-01468,G15-03,قبول: معايير إضافية,CI أخضر؛ لا خطأ حرج؛ صلاحيات مختبرة؛ Staging يعمل؛ الأداء ضمن الميزانية؛ النصوص مترجمة.,VVIP_TIGER_Global_Implementation_Specification_AR_v2.docx,G15-03 — الدعم متعدد اللغات وقياس الرضا
REQ-01469,G15-03,قبول: المخرجات,كود + tests + migration/policy إن لزم + API/schema docs + screenshots/log evidence + release/rollback notes.,VVIP_TIGER_Global_Implementation_Specification_AR_v2.docx,G15-03 — الدعم متعدد اللغات وقياس الرضا
REQ-01470,G15-03,قبول: تعريف الاكتمال,Code review، QA sign-off، Security sign-off بحسب الخطر، Product acceptance، تحديث Decision/Change Log.,VVIP_TIGER_Global_Implementation_Specification_AR_v2.docx,G15-03 — الدعم متعدد اللغات وقياس الرضا
REQ-01471,G15-03,قبول: الخطر,تنفيذ الواجهة قبل عقد البيانات أو الصلاحيات يؤدي إلى إعادة بناء أو تسريب.,VVIP_TIGER_Global_Implementation_Specification_AR_v2.docx,G15-03 — الدعم متعدد اللغات وقياس الرضا
REQ-01472,G15-03,قبول: التراجع,Feature Flag وإيقاف endpoint/job، ثم rollback migration الآمن أو forward-fix مع حفظ البيانات.,VVIP_TIGER_Global_Implementation_Specification_AR_v2.docx,G15-03 — الدعم متعدد اللغات وقياس الرضا
REQ-01473,G16-01,عمل المبرمج خطوة بخطوة,1. RBAC/ABAC server-side، scope by geography/sector وtests.,VVIP_TIGER_Global_Implementation_Specification_AR_v2.docx,G16-01 — مصفوفة الأدوار والصلاحيات
REQ-01474,G16-01,عمل المبرمج خطوة بخطوة,2. صلاحيات server-side ومجال جغرافي/قطاعي.,VVIP_TIGER_Global_Implementation_Specification_AR_v2.docx,G16-01 — مصفوفة الأدوار والصلاحيات
REQ-01475,G16-01,عمل المبرمج خطوة بخطوة,3. four-eyes للعمليات المالية أو الحظر واسع الأثر.,VVIP_TIGER_Global_Implementation_Specification_AR_v2.docx,G16-01 — مصفوفة الأدوار والصلاحيات
REQ-01476,G16-01,عمل المبرمج خطوة بخطوة,4. Audit append-only مع البحث والتصدير والوصول المحدود.,VVIP_TIGER_Global_Implementation_Specification_AR_v2.docx,G16-01 — مصفوفة الأدوار والصلاحيات
REQ-01477,G16-01,عمل المبرمج خطوة بخطوة,5. تعريف API contract وحالات الخطأ والـrate limit قبل دمج الواجهة.,VVIP_TIGER_Global_Implementation_Specification_AR_v2.docx,G16-01 — مصفوفة الأدوار والصلاحيات
REQ-01478,G16-01,عمل المبرمج خطوة بخطوة,6. إضافة unit/integration/E2E أو security tests بحسب حدود المهمة، وربطها بـCI.,VVIP_TIGER_Global_Implementation_Specification_AR_v2.docx,G16-01 — مصفوفة الأدوار والصلاحيات
REQ-01479,G16-01,عمل المبرمج خطوة بخطوة,7. نشرها خلف Feature Flag على Staging، جمع الدليل، ثم إعداد rollback أو forward-fix.,VVIP_TIGER_Global_Implementation_Specification_AR_v2.docx,G16-01 — مصفوفة الأدوار والصلاحيات
REQ-01480,G16-01,ما يجب أن يبنيه أو يعدله,وحدة المجال `admin`: entities/value objects/state rules من دون اعتماد مباشر على الواجهة أو المورد.,VVIP_TIGER_Global_Implementation_Specification_AR_v2.docx,G16-01 — مصفوفة الأدوار والصلاحيات
REQ-01481,G16-01,ما يجب أن يبنيه أو يعدله,طبقة application: use cases وخدمات تحقق ورسائل خطأ ثابتة ومترجمة.,VVIP_TIGER_Global_Implementation_Specification_AR_v2.docx,G16-01 — مصفوفة الأدوار والصلاحيات
REQ-01482,G16-01,ما يجب أن يبنيه أو يعدله,طبقة infrastructure: database/repository/provider adapter مع timeout/retry/idempotency عند الحاجة.,VVIP_TIGER_Global_Implementation_Specification_AR_v2.docx,G16-01 — مصفوفة الأدوار والصلاحيات
REQ-01483,G16-01,ما يجب أن يبنيه أو يعدله,طبقة الواجهة: حالات loading/empty/error/forbidden/offline/success والهاتف وRTL/LTR.,VVIP_TIGER_Global_Implementation_Specification_AR_v2.docx,G16-01 — مصفوفة الأدوار والصلاحيات
REQ-01484,G16-01,ما يجب أن يبنيه أو يعدله,Schema/migration/index/policy عند وجود بيانات، مع forward migration وخطة rollback أو forward-fix.,VVIP_TIGER_Global_Implementation_Specification_AR_v2.docx,G16-01 — مصفوفة الأدوار والصلاحيات
REQ-01485,G16-01,ما يجب أن يبنيه أو يعدله,اختبارات وتسميات واضحة وربط كل حالة بمعيار قبول أو خطر.,VVIP_TIGER_Global_Implementation_Specification_AR_v2.docx,G16-01 — مصفوفة الأدوار والصلاحيات
REQ-01486,G16-01,الأمان والخصوصية,التحقق من authentication وauthorization على الخادم؛ إخفاء الزر ليس حماية.,VVIP_TIGER_Global_Implementation_Specification_AR_v2.docx,G16-01 — مصفوفة الأدوار والصلاحيات
REQ-01487,G16-01,الأمان والخصوصية,عدم تسجيل token/secret/payment data/private message أو PII غير لازم.,VVIP_TIGER_Global_Implementation_Specification_AR_v2.docx,G16-01 — مصفوفة الأدوار والصلاحيات
REQ-01488,G16-01,الأمان والخصوصية,تطبيق least privilege وdeny by default وrate limit وaudit على العمليات الحساسة.,VVIP_TIGER_Global_Implementation_Specification_AR_v2.docx,G16-01 — مصفوفة الأدوار والصلاحيات
REQ-01489,G16-01,الأمان والخصوصية,تحديد retention والحذف والتصدير والوصول الإداري إن كانت المهمة تعالج بيانات شخصية.,VVIP_TIGER_Global_Implementation_Specification_AR_v2.docx,G16-01 — مصفوفة الأدوار والصلاحيات
REQ-01490,G16-01,اختبارات QA المطلوبة,Happy path كامل ببيانات واقعية في Staging.,VVIP_TIGER_Global_Implementation_Specification_AR_v2.docx,G16-01 — مصفوفة الأدوار والصلاحيات
REQ-01491,G16-01,اختبارات QA المطلوبة,مدخلات ناقصة وخاطئة وحدود الحجم والعدد والحالة.,VVIP_TIGER_Global_Implementation_Specification_AR_v2.docx,G16-01 — مصفوفة الأدوار والصلاحيات
REQ-01492,G16-01,اختبارات QA المطلوبة,انقطاع الشبكة، retry، duplicate request، refresh وعودة من جهاز آخر عند انطباقها.,VVIP_TIGER_Global_Implementation_Specification_AR_v2.docx,G16-01 — مصفوفة الأدوار والصلاحيات
REQ-01493,G16-01,اختبارات QA المطلوبة,مستخدم A مقابل مستخدم B، وزائر، ودور إداري محدود.,VVIP_TIGER_Global_Implementation_Specification_AR_v2.docx,G16-01 — مصفوفة الأدوار والصلاحيات
REQ-01494,G16-01,اختبارات QA المطلوبة,العربية/الإنجليزية، RTL/LTR، هاتف متوسط، Chrome/Safari/Firefox للواجهات المتأثرة.,VVIP_TIGER_Global_Implementation_Specification_AR_v2.docx,G16-01 — مصفوفة الأدوار والصلاحيات
REQ-01495,G16-01,اختبارات QA المطلوبة,Regression آلي يمنع عودة السبب بعد الدمج.,VVIP_TIGER_Global_Implementation_Specification_AR_v2.docx,G16-01 — مصفوفة الأدوار والصلاحيات
REQ-01496,G16-01,قبول: معيار القبول الرئيسي,نجاح مصفوفة السماح والمنع لكل دور.,VVIP_TIGER_Global_Implementation_Specification_AR_v2.docx,G16-01 — مصفوفة الأدوار والصلاحيات
REQ-01497,G16-01,قبول: معايير إضافية,CI أخضر؛ لا خطأ حرج؛ صلاحيات مختبرة؛ Staging يعمل؛ الأداء ضمن الميزانية؛ النصوص مترجمة.,VVIP_TIGER_Global_Implementation_Specification_AR_v2.docx,G16-01 — مصفوفة الأدوار والصلاحيات
REQ-01498,G16-01,قبول: المخرجات,كود + tests + migration/policy إن لزم + API/schema docs + screenshots/log evidence + release/rollback notes.,VVIP_TIGER_Global_Implementation_Specification_AR_v2.docx,G16-01 — مصفوفة الأدوار والصلاحيات
REQ-01499,G16-01,قبول: تعريف الاكتمال,Code review، QA sign-off، Security sign-off بحسب الخطر، Product acceptance، تحديث Decision/Change Log.,VVIP_TIGER_Global_Implementation_Specification_AR_v2.docx,G16-01 — مصفوفة الأدوار والصلاحيات
REQ-01500,G16-01,قبول: الخطر,تنفيذ الواجهة قبل عقد البيانات أو الصلاحيات يؤدي إلى إعادة بناء أو تسريب.,VVIP_TIGER_Global_Implementation_Specification_AR_v2.docx,G16-01 — مصفوفة الأدوار والصلاحيات
REQ-01501,G16-01,قبول: التراجع,Feature Flag وإيقاف endpoint/job، ثم rollback migration الآمن أو forward-fix مع حفظ البيانات.,VVIP_TIGER_Global_Implementation_Specification_AR_v2.docx,G16-01 — مصفوفة الأدوار والصلاحيات
REQ-01502,G16-02,عمل المبرمج خطوة بخطوة,1. admin APIs، dashboards، pagination، filters، bulk actions safeguarded.,VVIP_TIGER_Global_Implementation_Specification_AR_v2.docx,G16-02 — لوحة الإدارة العالمية
REQ-01503,G16-02,عمل المبرمج خطوة بخطوة,2. صلاحيات server-side ومجال جغرافي/قطاعي.,VVIP_TIGER_Global_Implementation_Specification_AR_v2.docx,G16-02 — لوحة الإدارة العالمية
REQ-01504,G16-02,عمل المبرمج خطوة بخطوة,3. four-eyes للعمليات المالية أو الحظر واسع الأثر.,VVIP_TIGER_Global_Implementation_Specification_AR_v2.docx,G16-02 — لوحة الإدارة العالمية
REQ-01505,G16-02,عمل المبرمج خطوة بخطوة,4. Audit append-only مع البحث والتصدير والوصول المحدود.,VVIP_TIGER_Global_Implementation_Specification_AR_v2.docx,G16-02 — لوحة الإدارة العالمية
REQ-01506,G16-02,عمل المبرمج خطوة بخطوة,5. تعريف API contract وحالات الخطأ والـrate limit قبل دمج الواجهة.,VVIP_TIGER_Global_Implementation_Specification_AR_v2.docx,G16-02 — لوحة الإدارة العالمية
REQ-01507,G16-02,عمل المبرمج خطوة بخطوة,6. إضافة unit/integration/E2E أو security tests بحسب حدود المهمة، وربطها بـCI.,VVIP_TIGER_Global_Implementation_Specification_AR_v2.docx,G16-02 — لوحة الإدارة العالمية
REQ-01508,G16-02,عمل المبرمج خطوة بخطوة,7. نشرها خلف Feature Flag على Staging، جمع الدليل، ثم إعداد rollback أو forward-fix.,VVIP_TIGER_Global_Implementation_Specification_AR_v2.docx,G16-02 — لوحة الإدارة العالمية
REQ-01509,G16-02,ما يجب أن يبنيه أو يعدله,وحدة المجال `admin`: entities/value objects/state rules من دون اعتماد مباشر على الواجهة أو المورد.,VVIP_TIGER_Global_Implementation_Specification_AR_v2.docx,G16-02 — لوحة الإدارة العالمية
REQ-01510,G16-02,ما يجب أن يبنيه أو يعدله,طبقة application: use cases وخدمات تحقق ورسائل خطأ ثابتة ومترجمة.,VVIP_TIGER_Global_Implementation_Specification_AR_v2.docx,G16-02 — لوحة الإدارة العالمية
REQ-01511,G16-02,ما يجب أن يبنيه أو يعدله,طبقة infrastructure: database/repository/provider adapter مع timeout/retry/idempotency عند الحاجة.,VVIP_TIGER_Global_Implementation_Specification_AR_v2.docx,G16-02 — لوحة الإدارة العالمية
REQ-01512,G16-02,ما يجب أن يبنيه أو يعدله,طبقة الواجهة: حالات loading/empty/error/forbidden/offline/success والهاتف وRTL/LTR.,VVIP_TIGER_Global_Implementation_Specification_AR_v2.docx,G16-02 — لوحة الإدارة العالمية
REQ-01513,G16-02,ما يجب أن يبنيه أو يعدله,Schema/migration/index/policy عند وجود بيانات، مع forward migration وخطة rollback أو forward-fix.,VVIP_TIGER_Global_Implementation_Specification_AR_v2.docx,G16-02 — لوحة الإدارة العالمية
REQ-01514,G16-02,ما يجب أن يبنيه أو يعدله,اختبارات وتسميات واضحة وربط كل حالة بمعيار قبول أو خطر.,VVIP_TIGER_Global_Implementation_Specification_AR_v2.docx,G16-02 — لوحة الإدارة العالمية
REQ-01515,G16-02,الأمان والخصوصية,التحقق من authentication وauthorization على الخادم؛ إخفاء الزر ليس حماية.,VVIP_TIGER_Global_Implementation_Specification_AR_v2.docx,G16-02 — لوحة الإدارة العالمية
REQ-01516,G16-02,الأمان والخصوصية,عدم تسجيل token/secret/payment data/private message أو PII غير لازم.,VVIP_TIGER_Global_Implementation_Specification_AR_v2.docx,G16-02 — لوحة الإدارة العالمية
REQ-01517,G16-02,الأمان والخصوصية,تطبيق least privilege وdeny by default وrate limit وaudit على العمليات الحساسة.,VVIP_TIGER_Global_Implementation_Specification_AR_v2.docx,G16-02 — لوحة الإدارة العالمية
REQ-01518,G16-02,الأمان والخصوصية,تحديد retention والحذف والتصدير والوصول الإداري إن كانت المهمة تعالج بيانات شخصية.,VVIP_TIGER_Global_Implementation_Specification_AR_v2.docx,G16-02 — لوحة الإدارة العالمية
REQ-01519,G16-02,اختبارات QA المطلوبة,Happy path كامل ببيانات واقعية في Staging.,VVIP_TIGER_Global_Implementation_Specification_AR_v2.docx,G16-02 — لوحة الإدارة العالمية
REQ-01520,G16-02,اختبارات QA المطلوبة,مدخلات ناقصة وخاطئة وحدود الحجم والعدد والحالة.,VVIP_TIGER_Global_Implementation_Specification_AR_v2.docx,G16-02 — لوحة الإدارة العالمية
REQ-01521,G16-02,اختبارات QA المطلوبة,انقطاع الشبكة، retry، duplicate request، refresh وعودة من جهاز آخر عند انطباقها.,VVIP_TIGER_Global_Implementation_Specification_AR_v2.docx,G16-02 — لوحة الإدارة العالمية
REQ-01522,G16-02,اختبارات QA المطلوبة,مستخدم A مقابل مستخدم B، وزائر، ودور إداري محدود.,VVIP_TIGER_Global_Implementation_Specification_AR_v2.docx,G16-02 — لوحة الإدارة العالمية
REQ-01523,G16-02,اختبارات QA المطلوبة,العربية/الإنجليزية، RTL/LTR، هاتف متوسط، Chrome/Safari/Firefox للواجهات المتأثرة.,VVIP_TIGER_Global_Implementation_Specification_AR_v2.docx,G16-02 — لوحة الإدارة العالمية
REQ-01524,G16-02,اختبارات QA المطلوبة,Regression آلي يمنع عودة السبب بعد الدمج.,VVIP_TIGER_Global_Implementation_Specification_AR_v2.docx,G16-02 — لوحة الإدارة العالمية
REQ-01525,G16-02,قبول: معيار القبول الرئيسي,كل إجراء إداري موثق وقابل للتراجع حيث يلزم.,VVIP_TIGER_Global_Implementation_Specification_AR_v2.docx,G16-02 — لوحة الإدارة العالمية
REQ-01526,G16-02,قبول: معايير إضافية,CI أخضر؛ لا خطأ حرج؛ صلاحيات مختبرة؛ Staging يعمل؛ الأداء ضمن الميزانية؛ النصوص مترجمة.,VVIP_TIGER_Global_Implementation_Specification_AR_v2.docx,G16-02 — لوحة الإدارة العالمية
REQ-01527,G16-02,قبول: المخرجات,كود + tests + migration/policy إن لزم + API/schema docs + screenshots/log evidence + release/rollback notes.,VVIP_TIGER_Global_Implementation_Specification_AR_v2.docx,G16-02 — لوحة الإدارة العالمية
REQ-01528,G16-02,قبول: تعريف الاكتمال,Code review، QA sign-off، Security sign-off بحسب الخطر، Product acceptance، تحديث Decision/Change Log.,VVIP_TIGER_Global_Implementation_Specification_AR_v2.docx,G16-02 — لوحة الإدارة العالمية
REQ-01529,G16-02,قبول: الخطر,تنفيذ الواجهة قبل عقد البيانات أو الصلاحيات يؤدي إلى إعادة بناء أو تسريب.,VVIP_TIGER_Global_Implementation_Specification_AR_v2.docx,G16-02 — لوحة الإدارة العالمية
REQ-01530,G16-02,قبول: التراجع,Feature Flag وإيقاف endpoint/job، ثم rollback migration الآمن أو forward-fix مع حفظ البيانات.,VVIP_TIGER_Global_Implementation_Specification_AR_v2.docx,G16-02 — لوحة الإدارة العالمية
REQ-01531,G16-03,عمل المبرمج خطوة بخطوة,1. append-only audit، export، retention، access restrictions.,VVIP_TIGER_Global_Implementation_Specification_AR_v2.docx,G16-03 — Audit Logs وتقارير المالك
REQ-01532,G16-03,عمل المبرمج خطوة بخطوة,2. إنشاء actor/action/resource/before/after/correlation_id.,VVIP_TIGER_Global_Implementation_Specification_AR_v2.docx,G16-03 — Audit Logs وتقارير المالك
REQ-01533,G16-03,عمل المبرمج خطوة بخطوة,3. منع update/delete للتدقيق من أدوار التطبيق.,VVIP_TIGER_Global_Implementation_Specification_AR_v2.docx,G16-03 — Audit Logs وتقارير المالك
REQ-01534,G16-03,عمل المبرمج خطوة بخطوة,4. تحديد redaction وretention وصلاحية التصدير.,VVIP_TIGER_Global_Implementation_Specification_AR_v2.docx,G16-03 — Audit Logs وتقارير المالك
REQ-01535,G16-03,عمل المبرمج خطوة بخطوة,5. صلاحيات server-side ومجال جغرافي/قطاعي.,VVIP_TIGER_Global_Implementation_Specification_AR_v2.docx,G16-03 — Audit Logs وتقارير المالك
REQ-01536,G16-03,عمل المبرمج خطوة بخطوة,6. four-eyes للعمليات المالية أو الحظر واسع الأثر.,VVIP_TIGER_Global_Implementation_Specification_AR_v2.docx,G16-03 — Audit Logs وتقارير المالك
REQ-01537,G16-03,عمل المبرمج خطوة بخطوة,7. Audit append-only مع البحث والتصدير والوصول المحدود.,VVIP_TIGER_Global_Implementation_Specification_AR_v2.docx,G16-03 — Audit Logs وتقارير المالك
REQ-01538,G16-03,عمل المبرمج خطوة بخطوة,8. تعريف API contract وحالات الخطأ والـrate limit قبل دمج الواجهة.,VVIP_TIGER_Global_Implementation_Specification_AR_v2.docx,G16-03 — Audit Logs وتقارير المالك
REQ-01539,G16-03,عمل المبرمج خطوة بخطوة,9. إضافة unit/integration/E2E أو security tests بحسب حدود المهمة، وربطها بـCI.,VVIP_TIGER_Global_Implementation_Specification_AR_v2.docx,G16-03 — Audit Logs وتقارير المالك
REQ-01540,G16-03,عمل المبرمج خطوة بخطوة,10. نشرها خلف Feature Flag على Staging، جمع الدليل، ثم إعداد rollback أو forward-fix.,VVIP_TIGER_Global_Implementation_Specification_AR_v2.docx,G16-03 — Audit Logs وتقارير المالك
REQ-01541,G16-03,ما يجب أن يبنيه أو يعدله,وحدة المجال `admin`: entities/value objects/state rules من دون اعتماد مباشر على الواجهة أو المورد.,VVIP_TIGER_Global_Implementation_Specification_AR_v2.docx,G16-03 — Audit Logs وتقارير المالك
REQ-01542,G16-03,ما يجب أن يبنيه أو يعدله,طبقة application: use cases وخدمات تحقق ورسائل خطأ ثابتة ومترجمة.,VVIP_TIGER_Global_Implementation_Specification_AR_v2.docx,G16-03 — Audit Logs وتقارير المالك
REQ-01543,G16-03,ما يجب أن يبنيه أو يعدله,طبقة infrastructure: database/repository/provider adapter مع timeout/retry/idempotency عند الحاجة.,VVIP_TIGER_Global_Implementation_Specification_AR_v2.docx,G16-03 — Audit Logs وتقارير المالك
REQ-01544,G16-03,ما يجب أن يبنيه أو يعدله,طبقة الواجهة: حالات loading/empty/error/forbidden/offline/success والهاتف وRTL/LTR.,VVIP_TIGER_Global_Implementation_Specification_AR_v2.docx,G16-03 — Audit Logs وتقارير المالك
REQ-01545,G16-03,ما يجب أن يبنيه أو يعدله,Schema/migration/index/policy عند وجود بيانات، مع forward migration وخطة rollback أو forward-fix.,VVIP_TIGER_Global_Implementation_Specification_AR_v2.docx,G16-03 — Audit Logs وتقارير المالك
REQ-01546,G16-03,ما يجب أن يبنيه أو يعدله,اختبارات وتسميات واضحة وربط كل حالة بمعيار قبول أو خطر.,VVIP_TIGER_Global_Implementation_Specification_AR_v2.docx,G16-03 — Audit Logs وتقارير المالك
REQ-01547,G16-03,الأمان والخصوصية,التحقق من authentication وauthorization على الخادم؛ إخفاء الزر ليس حماية.,VVIP_TIGER_Global_Implementation_Specification_AR_v2.docx,G16-03 — Audit Logs وتقارير المالك
REQ-01548,G16-03,الأمان والخصوصية,عدم تسجيل token/secret/payment data/private message أو PII غير لازم.,VVIP_TIGER_Global_Implementation_Specification_AR_v2.docx,G16-03 — Audit Logs وتقارير المالك
REQ-01549,G16-03,الأمان والخصوصية,تطبيق least privilege وdeny by default وrate limit وaudit على العمليات الحساسة.,VVIP_TIGER_Global_Implementation_Specification_AR_v2.docx,G16-03 — Audit Logs وتقارير المالك
REQ-01550,G16-03,الأمان والخصوصية,تحديد retention والحذف والتصدير والوصول الإداري إن كانت المهمة تعالج بيانات شخصية.,VVIP_TIGER_Global_Implementation_Specification_AR_v2.docx,G16-03 — Audit Logs وتقارير المالك
REQ-01551,G16-03,اختبارات QA المطلوبة,Happy path كامل ببيانات واقعية في Staging.,VVIP_TIGER_Global_Implementation_Specification_AR_v2.docx,G16-03 — Audit Logs وتقارير المالك
REQ-01552,G16-03,اختبارات QA المطلوبة,مدخلات ناقصة وخاطئة وحدود الحجم والعدد والحالة.,VVIP_TIGER_Global_Implementation_Specification_AR_v2.docx,G16-03 — Audit Logs وتقارير المالك
REQ-01553,G16-03,اختبارات QA المطلوبة,انقطاع الشبكة، retry، duplicate request، refresh وعودة من جهاز آخر عند انطباقها.,VVIP_TIGER_Global_Implementation_Specification_AR_v2.docx,G16-03 — Audit Logs وتقارير المالك
REQ-01554,G16-03,اختبارات QA المطلوبة,مستخدم A مقابل مستخدم B، وزائر، ودور إداري محدود.,VVIP_TIGER_Global_Implementation_Specification_AR_v2.docx,G16-03 — Audit Logs وتقارير المالك
REQ-01555,G16-03,اختبارات QA المطلوبة,العربية/الإنجليزية، RTL/LTR، هاتف متوسط، Chrome/Safari/Firefox للواجهات المتأثرة.,VVIP_TIGER_Global_Implementation_Specification_AR_v2.docx,G16-03 — Audit Logs وتقارير المالك
REQ-01556,G16-03,اختبارات QA المطلوبة,Regression آلي يمنع عودة السبب بعد الدمج.,VVIP_TIGER_Global_Implementation_Specification_AR_v2.docx,G16-03 — Audit Logs وتقارير المالك
REQ-01557,G16-03,قبول: معيار القبول الرئيسي,لا يستطيع الموظف تعديل سجله.,VVIP_TIGER_Global_Implementation_Specification_AR_v2.docx,G16-03 — Audit Logs وتقارير المالك
REQ-01558,G16-03,قبول: معايير إضافية,CI أخضر؛ لا خطأ حرج؛ صلاحيات مختبرة؛ Staging يعمل؛ الأداء ضمن الميزانية؛ النصوص مترجمة.,VVIP_TIGER_Global_Implementation_Specification_AR_v2.docx,G16-03 — Audit Logs وتقارير المالك
REQ-01559,G16-03,قبول: المخرجات,كود + tests + migration/policy إن لزم + API/schema docs + screenshots/log evidence + release/rollback notes.,VVIP_TIGER_Global_Implementation_Specification_AR_v2.docx,G16-03 — Audit Logs وتقارير المالك
REQ-01560,G16-03,قبول: تعريف الاكتمال,Code review، QA sign-off، Security sign-off بحسب الخطر، Product acceptance، تحديث Decision/Change Log.,VVIP_TIGER_Global_Implementation_Specification_AR_v2.docx,G16-03 — Audit Logs وتقارير المالك
REQ-01561,G16-03,قبول: الخطر,تنفيذ الواجهة قبل عقد البيانات أو الصلاحيات يؤدي إلى إعادة بناء أو تسريب.,VVIP_TIGER_Global_Implementation_Specification_AR_v2.docx,G16-03 — Audit Logs وتقارير المالك
REQ-01562,G16-03,قبول: التراجع,Feature Flag وإيقاف endpoint/job، ثم rollback migration الآمن أو forward-fix مع حفظ البيانات.,VVIP_TIGER_Global_Implementation_Specification_AR_v2.docx,G16-03 — Audit Logs وتقارير المالك
REQ-01563,G17-01,عمل المبرمج خطوة بخطوة,1. plans، entitlements، usage counters، grace periods وserver checks.,VVIP_TIGER_Global_Implementation_Specification_AR_v2.docx,G17-01 — الباقات والاستحقاقات
REQ-01564,G17-01,عمل المبرمج خطوة بخطوة,2. اعتبار webhook مصدر الحقيقة للدفع لا redirect.,VVIP_TIGER_Global_Implementation_Specification_AR_v2.docx,G17-01 — الباقات والاستحقاقات
REQ-01565,G17-01,عمل المبرمج خطوة بخطوة,3. idempotency وledger double-entry أو سجل غير قابل للتعديل.,VVIP_TIGER_Global_Implementation_Specification_AR_v2.docx,G17-01 — الباقات والاستحقاقات
REQ-01566,G17-01,عمل المبرمج خطوة بخطوة,4. reconciliation يومي وإدارة refunds/chargebacks/dunning.,VVIP_TIGER_Global_Implementation_Specification_AR_v2.docx,G17-01 — الباقات والاستحقاقات
REQ-01567,G17-01,عمل المبرمج خطوة بخطوة,5. تعريف API contract وحالات الخطأ والـrate limit قبل دمج الواجهة.,VVIP_TIGER_Global_Implementation_Specification_AR_v2.docx,G17-01 — الباقات والاستحقاقات
REQ-01568,G17-01,عمل المبرمج خطوة بخطوة,6. إضافة unit/integration/E2E أو security tests بحسب حدود المهمة، وربطها بـCI.,VVIP_TIGER_Global_Implementation_Specification_AR_v2.docx,G17-01 — الباقات والاستحقاقات
REQ-01569,G17-01,عمل المبرمج خطوة بخطوة,7. نشرها خلف Feature Flag على Staging، جمع الدليل، ثم إعداد rollback أو forward-fix.,VVIP_TIGER_Global_Implementation_Specification_AR_v2.docx,G17-01 — الباقات والاستحقاقات
REQ-01570,G17-01,ما يجب أن يبنيه أو يعدله,وحدة المجال `billing`: entities/value objects/state rules من دون اعتماد مباشر على الواجهة أو المورد.,VVIP_TIGER_Global_Implementation_Specification_AR_v2.docx,G17-01 — الباقات والاستحقاقات
REQ-01571,G17-01,ما يجب أن يبنيه أو يعدله,طبقة application: use cases وخدمات تحقق ورسائل خطأ ثابتة ومترجمة.,VVIP_TIGER_Global_Implementation_Specification_AR_v2.docx,G17-01 — الباقات والاستحقاقات
REQ-01572,G17-01,ما يجب أن يبنيه أو يعدله,طبقة infrastructure: database/repository/provider adapter مع timeout/retry/idempotency عند الحاجة.,VVIP_TIGER_Global_Implementation_Specification_AR_v2.docx,G17-01 — الباقات والاستحقاقات
REQ-01573,G17-01,ما يجب أن يبنيه أو يعدله,طبقة الواجهة: حالات loading/empty/error/forbidden/offline/success والهاتف وRTL/LTR.,VVIP_TIGER_Global_Implementation_Specification_AR_v2.docx,G17-01 — الباقات والاستحقاقات
REQ-01574,G17-01,ما يجب أن يبنيه أو يعدله,Schema/migration/index/policy عند وجود بيانات، مع forward migration وخطة rollback أو forward-fix.,VVIP_TIGER_Global_Implementation_Specification_AR_v2.docx,G17-01 — الباقات والاستحقاقات
REQ-01575,G17-01,ما يجب أن يبنيه أو يعدله,اختبارات وتسميات واضحة وربط كل حالة بمعيار قبول أو خطر.,VVIP_TIGER_Global_Implementation_Specification_AR_v2.docx,G17-01 — الباقات والاستحقاقات
REQ-01576,G17-01,الأمان والخصوصية,التحقق من authentication وauthorization على الخادم؛ إخفاء الزر ليس حماية.,VVIP_TIGER_Global_Implementation_Specification_AR_v2.docx,G17-01 — الباقات والاستحقاقات
REQ-01577,G17-01,الأمان والخصوصية,عدم تسجيل token/secret/payment data/private message أو PII غير لازم.,VVIP_TIGER_Global_Implementation_Specification_AR_v2.docx,G17-01 — الباقات والاستحقاقات
REQ-01578,G17-01,الأمان والخصوصية,تطبيق least privilege وdeny by default وrate limit وaudit على العمليات الحساسة.,VVIP_TIGER_Global_Implementation_Specification_AR_v2.docx,G17-01 — الباقات والاستحقاقات
REQ-01579,G17-01,الأمان والخصوصية,تحديد retention والحذف والتصدير والوصول الإداري إن كانت المهمة تعالج بيانات شخصية.,VVIP_TIGER_Global_Implementation_Specification_AR_v2.docx,G17-01 — الباقات والاستحقاقات
REQ-01580,G17-01,اختبارات QA المطلوبة,Happy path كامل ببيانات واقعية في Staging.,VVIP_TIGER_Global_Implementation_Specification_AR_v2.docx,G17-01 — الباقات والاستحقاقات
REQ-01581,G17-01,اختبارات QA المطلوبة,مدخلات ناقصة وخاطئة وحدود الحجم والعدد والحالة.,VVIP_TIGER_Global_Implementation_Specification_AR_v2.docx,G17-01 — الباقات والاستحقاقات
REQ-01582,G17-01,اختبارات QA المطلوبة,انقطاع الشبكة، retry، duplicate request، refresh وعودة من جهاز آخر عند انطباقها.,VVIP_TIGER_Global_Implementation_Specification_AR_v2.docx,G17-01 — الباقات والاستحقاقات
REQ-01583,G17-01,اختبارات QA المطلوبة,مستخدم A مقابل مستخدم B، وزائر، ودور إداري محدود.,VVIP_TIGER_Global_Implementation_Specification_AR_v2.docx,G17-01 — الباقات والاستحقاقات
REQ-01584,G17-01,اختبارات QA المطلوبة,العربية/الإنجليزية، RTL/LTR، هاتف متوسط، Chrome/Safari/Firefox للواجهات المتأثرة.,VVIP_TIGER_Global_Implementation_Specification_AR_v2.docx,G17-01 — الباقات والاستحقاقات
REQ-01585,G17-01,اختبارات QA المطلوبة,Regression آلي يمنع عودة السبب بعد الدمج.,VVIP_TIGER_Global_Implementation_Specification_AR_v2.docx,G17-01 — الباقات والاستحقاقات
REQ-01586,G17-01,قبول: معيار القبول الرئيسي,لا تتفعل ميزة بلا استحقاق صالح.,VVIP_TIGER_Global_Implementation_Specification_AR_v2.docx,G17-01 — الباقات والاستحقاقات
REQ-01587,G17-01,قبول: معايير إضافية,CI أخضر؛ لا خطأ حرج؛ صلاحيات مختبرة؛ Staging يعمل؛ الأداء ضمن الميزانية؛ النصوص مترجمة.,VVIP_TIGER_Global_Implementation_Specification_AR_v2.docx,G17-01 — الباقات والاستحقاقات
REQ-01588,G17-01,قبول: المخرجات,كود + tests + migration/policy إن لزم + API/schema docs + screenshots/log evidence + release/rollback notes.,VVIP_TIGER_Global_Implementation_Specification_AR_v2.docx,G17-01 — الباقات والاستحقاقات
REQ-01589,G17-01,قبول: تعريف الاكتمال,Code review، QA sign-off، Security sign-off بحسب الخطر، Product acceptance، تحديث Decision/Change Log.,VVIP_TIGER_Global_Implementation_Specification_AR_v2.docx,G17-01 — الباقات والاستحقاقات
REQ-01590,G17-01,قبول: الخطر,تنفيذ الواجهة قبل عقد البيانات أو الصلاحيات يؤدي إلى إعادة بناء أو تسريب.,VVIP_TIGER_Global_Implementation_Specification_AR_v2.docx,G17-01 — الباقات والاستحقاقات
REQ-01591,G17-01,قبول: التراجع,Feature Flag وإيقاف endpoint/job، ثم rollback migration الآمن أو forward-fix مع حفظ البيانات.,VVIP_TIGER_Global_Implementation_Specification_AR_v2.docx,G17-01 — الباقات والاستحقاقات
REQ-01592,G17-02,عمل المبرمج خطوة بخطوة,1. checkout sessions، signed webhooks، idempotency، ledger.,VVIP_TIGER_Global_Implementation_Specification_AR_v2.docx,G17-02 — Hosted Checkout وWebhooks
REQ-01593,G17-02,عمل المبرمج خطوة بخطوة,2. التحقق من التوقيع والطابع الزمني قبل parsing.,VVIP_TIGER_Global_Implementation_Specification_AR_v2.docx,G17-02 — Hosted Checkout وWebhooks
REQ-01594,G17-02,عمل المبرمج خطوة بخطوة,3. تخزين event_id ونتيجة المعالجة لمنع replay.,VVIP_TIGER_Global_Implementation_Specification_AR_v2.docx,G17-02 — Hosted Checkout وWebhooks
REQ-01595,G17-02,عمل المبرمج خطوة بخطوة,4. إرجاع response سريع وتحويل العمل الثقيل إلى queue.,VVIP_TIGER_Global_Implementation_Specification_AR_v2.docx,G17-02 — Hosted Checkout وWebhooks
REQ-01596,G17-02,عمل المبرمج خطوة بخطوة,5. اعتبار webhook مصدر الحقيقة للدفع لا redirect.,VVIP_TIGER_Global_Implementation_Specification_AR_v2.docx,G17-02 — Hosted Checkout وWebhooks
REQ-01597,G17-02,عمل المبرمج خطوة بخطوة,6. idempotency وledger double-entry أو سجل غير قابل للتعديل.,VVIP_TIGER_Global_Implementation_Specification_AR_v2.docx,G17-02 — Hosted Checkout وWebhooks
REQ-01598,G17-02,عمل المبرمج خطوة بخطوة,7. reconciliation يومي وإدارة refunds/chargebacks/dunning.,VVIP_TIGER_Global_Implementation_Specification_AR_v2.docx,G17-02 — Hosted Checkout وWebhooks
REQ-01599,G17-02,عمل المبرمج خطوة بخطوة,8. تعريف API contract وحالات الخطأ والـrate limit قبل دمج الواجهة.,VVIP_TIGER_Global_Implementation_Specification_AR_v2.docx,G17-02 — Hosted Checkout وWebhooks
REQ-01600,G17-02,عمل المبرمج خطوة بخطوة,9. إضافة unit/integration/E2E أو security tests بحسب حدود المهمة، وربطها بـCI.,VVIP_TIGER_Global_Implementation_Specification_AR_v2.docx,G17-02 — Hosted Checkout وWebhooks
REQ-01601,G17-02,عمل المبرمج خطوة بخطوة,10. نشرها خلف Feature Flag على Staging، جمع الدليل، ثم إعداد rollback أو forward-fix.,VVIP_TIGER_Global_Implementation_Specification_AR_v2.docx,G17-02 — Hosted Checkout وWebhooks
REQ-01602,G17-02,ما يجب أن يبنيه أو يعدله,وحدة المجال `billing`: entities/value objects/state rules من دون اعتماد مباشر على الواجهة أو المورد.,VVIP_TIGER_Global_Implementation_Specification_AR_v2.docx,G17-02 — Hosted Checkout وWebhooks
REQ-01603,G17-02,ما يجب أن يبنيه أو يعدله,طبقة application: use cases وخدمات تحقق ورسائل خطأ ثابتة ومترجمة.,VVIP_TIGER_Global_Implementation_Specification_AR_v2.docx,G17-02 — Hosted Checkout وWebhooks
REQ-01604,G17-02,ما يجب أن يبنيه أو يعدله,طبقة infrastructure: database/repository/provider adapter مع timeout/retry/idempotency عند الحاجة.,VVIP_TIGER_Global_Implementation_Specification_AR_v2.docx,G17-02 — Hosted Checkout وWebhooks
REQ-01605,G17-02,ما يجب أن يبنيه أو يعدله,طبقة الواجهة: حالات loading/empty/error/forbidden/offline/success والهاتف وRTL/LTR.,VVIP_TIGER_Global_Implementation_Specification_AR_v2.docx,G17-02 — Hosted Checkout وWebhooks
REQ-01606,G17-02,ما يجب أن يبنيه أو يعدله,Schema/migration/index/policy عند وجود بيانات، مع forward migration وخطة rollback أو forward-fix.,VVIP_TIGER_Global_Implementation_Specification_AR_v2.docx,G17-02 — Hosted Checkout وWebhooks
REQ-01607,G17-02,ما يجب أن يبنيه أو يعدله,اختبارات وتسميات واضحة وربط كل حالة بمعيار قبول أو خطر.,VVIP_TIGER_Global_Implementation_Specification_AR_v2.docx,G17-02 — Hosted Checkout وWebhooks
REQ-01608,G17-02,الأمان والخصوصية,التحقق من authentication وauthorization على الخادم؛ إخفاء الزر ليس حماية.,VVIP_TIGER_Global_Implementation_Specification_AR_v2.docx,G17-02 — Hosted Checkout وWebhooks
REQ-01609,G17-02,الأمان والخصوصية,عدم تسجيل token/secret/payment data/private message أو PII غير لازم.,VVIP_TIGER_Global_Implementation_Specification_AR_v2.docx,G17-02 — Hosted Checkout وWebhooks
REQ-01610,G17-02,الأمان والخصوصية,تطبيق least privilege وdeny by default وrate limit وaudit على العمليات الحساسة.,VVIP_TIGER_Global_Implementation_Specification_AR_v2.docx,G17-02 — Hosted Checkout وWebhooks
REQ-01611,G17-02,الأمان والخصوصية,تحديد retention والحذف والتصدير والوصول الإداري إن كانت المهمة تعالج بيانات شخصية.,VVIP_TIGER_Global_Implementation_Specification_AR_v2.docx,G17-02 — Hosted Checkout وWebhooks
REQ-01612,G17-02,اختبارات QA المطلوبة,Happy path كامل ببيانات واقعية في Staging.,VVIP_TIGER_Global_Implementation_Specification_AR_v2.docx,G17-02 — Hosted Checkout وWebhooks
REQ-01613,G17-02,اختبارات QA المطلوبة,مدخلات ناقصة وخاطئة وحدود الحجم والعدد والحالة.,VVIP_TIGER_Global_Implementation_Specification_AR_v2.docx,G17-02 — Hosted Checkout وWebhooks
REQ-01614,G17-02,اختبارات QA المطلوبة,انقطاع الشبكة، retry، duplicate request، refresh وعودة من جهاز آخر عند انطباقها.,VVIP_TIGER_Global_Implementation_Specification_AR_v2.docx,G17-02 — Hosted Checkout وWebhooks
REQ-01615,G17-02,اختبارات QA المطلوبة,مستخدم A مقابل مستخدم B، وزائر، ودور إداري محدود.,VVIP_TIGER_Global_Implementation_Specification_AR_v2.docx,G17-02 — Hosted Checkout وWebhooks
REQ-01616,G17-02,اختبارات QA المطلوبة,العربية/الإنجليزية، RTL/LTR، هاتف متوسط، Chrome/Safari/Firefox للواجهات المتأثرة.,VVIP_TIGER_Global_Implementation_Specification_AR_v2.docx,G17-02 — Hosted Checkout وWebhooks
REQ-01617,G17-02,اختبارات QA المطلوبة,Regression آلي يمنع عودة السبب بعد الدمج.,VVIP_TIGER_Global_Implementation_Specification_AR_v2.docx,G17-02 — Hosted Checkout وWebhooks
REQ-01618,G17-02,قبول: معيار القبول الرئيسي,اختبار نجاح وفشل وتكرار webhook.,VVIP_TIGER_Global_Implementation_Specification_AR_v2.docx,G17-02 — Hosted Checkout وWebhooks
REQ-01619,G17-02,قبول: معايير إضافية,CI أخضر؛ لا خطأ حرج؛ صلاحيات مختبرة؛ Staging يعمل؛ الأداء ضمن الميزانية؛ النصوص مترجمة.,VVIP_TIGER_Global_Implementation_Specification_AR_v2.docx,G17-02 — Hosted Checkout وWebhooks
REQ-01620,G17-02,قبول: المخرجات,كود + tests + migration/policy إن لزم + API/schema docs + screenshots/log evidence + release/rollback notes.,VVIP_TIGER_Global_Implementation_Specification_AR_v2.docx,G17-02 — Hosted Checkout وWebhooks
REQ-01621,G17-02,قبول: تعريف الاكتمال,Code review، QA sign-off، Security sign-off بحسب الخطر، Product acceptance، تحديث Decision/Change Log.,VVIP_TIGER_Global_Implementation_Specification_AR_v2.docx,G17-02 — Hosted Checkout وWebhooks
REQ-01622,G17-02,قبول: الخطر,تنفيذ الواجهة قبل عقد البيانات أو الصلاحيات يؤدي إلى إعادة بناء أو تسريب.,VVIP_TIGER_Global_Implementation_Specification_AR_v2.docx,G17-02 — Hosted Checkout وWebhooks
REQ-01623,G17-02,قبول: التراجع,Feature Flag وإيقاف endpoint/job، ثم rollback migration الآمن أو forward-fix مع حفظ البيانات.,VVIP_TIGER_Global_Implementation_Specification_AR_v2.docx,G17-02 — Hosted Checkout وWebhooks
REQ-01624,G17-03,عمل المبرمج خطوة بخطوة,1. invoice records، renewal jobs، cancellation policy، refunds، tax metadata.,VVIP_TIGER_Global_Implementation_Specification_AR_v2.docx,G17-03 — الفواتير والتجديد والإلغاء والاسترداد
REQ-01625,G17-03,عمل المبرمج خطوة بخطوة,2. اعتبار webhook مصدر الحقيقة للدفع لا redirect.,VVIP_TIGER_Global_Implementation_Specification_AR_v2.docx,G17-03 — الفواتير والتجديد والإلغاء والاسترداد
REQ-01626,G17-03,عمل المبرمج خطوة بخطوة,3. idempotency وledger double-entry أو سجل غير قابل للتعديل.,VVIP_TIGER_Global_Implementation_Specification_AR_v2.docx,G17-03 — الفواتير والتجديد والإلغاء والاسترداد
REQ-01627,G17-03,عمل المبرمج خطوة بخطوة,4. reconciliation يومي وإدارة refunds/chargebacks/dunning.,VVIP_TIGER_Global_Implementation_Specification_AR_v2.docx,G17-03 — الفواتير والتجديد والإلغاء والاسترداد
REQ-01628,G17-03,عمل المبرمج خطوة بخطوة,5. تعريف API contract وحالات الخطأ والـrate limit قبل دمج الواجهة.,VVIP_TIGER_Global_Implementation_Specification_AR_v2.docx,G17-03 — الفواتير والتجديد والإلغاء والاسترداد
REQ-01629,G17-03,عمل المبرمج خطوة بخطوة,6. إضافة unit/integration/E2E أو security tests بحسب حدود المهمة، وربطها بـCI.,VVIP_TIGER_Global_Implementation_Specification_AR_v2.docx,G17-03 — الفواتير والتجديد والإلغاء والاسترداد
REQ-01630,G17-03,عمل المبرمج خطوة بخطوة,7. نشرها خلف Feature Flag على Staging، جمع الدليل، ثم إعداد rollback أو forward-fix.,VVIP_TIGER_Global_Implementation_Specification_AR_v2.docx,G17-03 — الفواتير والتجديد والإلغاء والاسترداد
REQ-01631,G17-03,ما يجب أن يبنيه أو يعدله,وحدة المجال `billing`: entities/value objects/state rules من دون اعتماد مباشر على الواجهة أو المورد.,VVIP_TIGER_Global_Implementation_Specification_AR_v2.docx,G17-03 — الفواتير والتجديد والإلغاء والاسترداد
REQ-01632,G17-03,ما يجب أن يبنيه أو يعدله,طبقة application: use cases وخدمات تحقق ورسائل خطأ ثابتة ومترجمة.,VVIP_TIGER_Global_Implementation_Specification_AR_v2.docx,G17-03 — الفواتير والتجديد والإلغاء والاسترداد
REQ-01633,G17-03,ما يجب أن يبنيه أو يعدله,طبقة infrastructure: database/repository/provider adapter مع timeout/retry/idempotency عند الحاجة.,VVIP_TIGER_Global_Implementation_Specification_AR_v2.docx,G17-03 — الفواتير والتجديد والإلغاء والاسترداد
REQ-01634,G17-03,ما يجب أن يبنيه أو يعدله,طبقة الواجهة: حالات loading/empty/error/forbidden/offline/success والهاتف وRTL/LTR.,VVIP_TIGER_Global_Implementation_Specification_AR_v2.docx,G17-03 — الفواتير والتجديد والإلغاء والاسترداد
REQ-01635,G17-03,ما يجب أن يبنيه أو يعدله,Schema/migration/index/policy عند وجود بيانات، مع forward migration وخطة rollback أو forward-fix.,VVIP_TIGER_Global_Implementation_Specification_AR_v2.docx,G17-03 — الفواتير والتجديد والإلغاء والاسترداد
REQ-01636,G17-03,ما يجب أن يبنيه أو يعدله,اختبارات وتسميات واضحة وربط كل حالة بمعيار قبول أو خطر.,VVIP_TIGER_Global_Implementation_Specification_AR_v2.docx,G17-03 — الفواتير والتجديد والإلغاء والاسترداد
REQ-01637,G17-03,الأمان والخصوصية,التحقق من authentication وauthorization على الخادم؛ إخفاء الزر ليس حماية.,VVIP_TIGER_Global_Implementation_Specification_AR_v2.docx,G17-03 — الفواتير والتجديد والإلغاء والاسترداد
REQ-01638,G17-03,الأمان والخصوصية,عدم تسجيل token/secret/payment data/private message أو PII غير لازم.,VVIP_TIGER_Global_Implementation_Specification_AR_v2.docx,G17-03 — الفواتير والتجديد والإلغاء والاسترداد
REQ-01639,G17-03,الأمان والخصوصية,تطبيق least privilege وdeny by default وrate limit وaudit على العمليات الحساسة.,VVIP_TIGER_Global_Implementation_Specification_AR_v2.docx,G17-03 — الفواتير والتجديد والإلغاء والاسترداد
REQ-01640,G17-03,الأمان والخصوصية,تحديد retention والحذف والتصدير والوصول الإداري إن كانت المهمة تعالج بيانات شخصية.,VVIP_TIGER_Global_Implementation_Specification_AR_v2.docx,G17-03 — الفواتير والتجديد والإلغاء والاسترداد
REQ-01641,G17-03,اختبارات QA المطلوبة,Happy path كامل ببيانات واقعية في Staging.,VVIP_TIGER_Global_Implementation_Specification_AR_v2.docx,G17-03 — الفواتير والتجديد والإلغاء والاسترداد
REQ-01642,G17-03,اختبارات QA المطلوبة,مدخلات ناقصة وخاطئة وحدود الحجم والعدد والحالة.,VVIP_TIGER_Global_Implementation_Specification_AR_v2.docx,G17-03 — الفواتير والتجديد والإلغاء والاسترداد
REQ-01643,G17-03,اختبارات QA المطلوبة,انقطاع الشبكة، retry، duplicate request، refresh وعودة من جهاز آخر عند انطباقها.,VVIP_TIGER_Global_Implementation_Specification_AR_v2.docx,G17-03 — الفواتير والتجديد والإلغاء والاسترداد
REQ-01644,G17-03,اختبارات QA المطلوبة,مستخدم A مقابل مستخدم B، وزائر، ودور إداري محدود.,VVIP_TIGER_Global_Implementation_Specification_AR_v2.docx,G17-03 — الفواتير والتجديد والإلغاء والاسترداد
REQ-01645,G17-03,اختبارات QA المطلوبة,العربية/الإنجليزية، RTL/LTR، هاتف متوسط، Chrome/Safari/Firefox للواجهات المتأثرة.,VVIP_TIGER_Global_Implementation_Specification_AR_v2.docx,G17-03 — الفواتير والتجديد والإلغاء والاسترداد
REQ-01646,G17-03,اختبارات QA المطلوبة,Regression آلي يمنع عودة السبب بعد الدمج.,VVIP_TIGER_Global_Implementation_Specification_AR_v2.docx,G17-03 — الفواتير والتجديد والإلغاء والاسترداد
REQ-01647,G17-03,قبول: معيار القبول الرئيسي,مطابقة السجل الداخلي مع المزود.,VVIP_TIGER_Global_Implementation_Specification_AR_v2.docx,G17-03 — الفواتير والتجديد والإلغاء والاسترداد
REQ-01648,G17-03,قبول: معايير إضافية,CI أخضر؛ لا خطأ حرج؛ صلاحيات مختبرة؛ Staging يعمل؛ الأداء ضمن الميزانية؛ النصوص مترجمة.,VVIP_TIGER_Global_Implementation_Specification_AR_v2.docx,G17-03 — الفواتير والتجديد والإلغاء والاسترداد
REQ-01649,G17-03,قبول: المخرجات,كود + tests + migration/policy إن لزم + API/schema docs + screenshots/log evidence + release/rollback notes.,VVIP_TIGER_Global_Implementation_Specification_AR_v2.docx,G17-03 — الفواتير والتجديد والإلغاء والاسترداد
REQ-01650,G17-03,قبول: تعريف الاكتمال,Code review، QA sign-off، Security sign-off بحسب الخطر، Product acceptance، تحديث Decision/Change Log.,VVIP_TIGER_Global_Implementation_Specification_AR_v2.docx,G17-03 — الفواتير والتجديد والإلغاء والاسترداد
REQ-01651,G17-03,قبول: الخطر,تنفيذ الواجهة قبل عقد البيانات أو الصلاحيات يؤدي إلى إعادة بناء أو تسريب.,VVIP_TIGER_Global_Implementation_Specification_AR_v2.docx,G17-03 — الفواتير والتجديد والإلغاء والاسترداد
REQ-01652,G17-03,قبول: التراجع,Feature Flag وإيقاف endpoint/job، ثم rollback migration الآمن أو forward-fix مع حفظ البيانات.,VVIP_TIGER_Global_Implementation_Specification_AR_v2.docx,G17-03 — الفواتير والتجديد والإلغاء والاسترداد
REQ-01653,G18-01,عمل المبرمج خطوة بخطوة,1. i18n keys، locale files، pluralization، translation workflow.,VVIP_TIGER_Global_Implementation_Specification_AR_v2.docx,G18-01 — نظام الترجمة العالمي
REQ-01654,G18-01,عمل المبرمج خطوة بخطوة,2. استخراج كل النصوص إلى catalog وعدم استخدام النص كمفتاح.,VVIP_TIGER_Global_Implementation_Specification_AR_v2.docx,G18-01 — نظام الترجمة العالمي
REQ-01655,G18-01,عمل المبرمج خطوة بخطوة,3. اختبار plural/gender/date/number/currency وRTL/LTR.,VVIP_TIGER_Global_Implementation_Specification_AR_v2.docx,G18-01 — نظام الترجمة العالمي
REQ-01656,G18-01,عمل المبرمج خطوة بخطوة,4. مراجعة بشرية للنصوص القانونية والحساسة.,VVIP_TIGER_Global_Implementation_Specification_AR_v2.docx,G18-01 — نظام الترجمة العالمي
REQ-01657,G18-01,عمل المبرمج خطوة بخطوة,5. مفاتيح ترجمة ثابتة وfallback واختبار طول النص.,VVIP_TIGER_Global_Implementation_Specification_AR_v2.docx,G18-01 — نظام الترجمة العالمي
REQ-01658,G18-01,عمل المبرمج خطوة بخطوة,6. اتباع WCAG 2.2 في التركيز والتباين والوصول بلوحة المفاتيح.,VVIP_TIGER_Global_Implementation_Specification_AR_v2.docx,G18-01 — نظام الترجمة العالمي
REQ-01659,G18-01,عمل المبرمج خطوة بخطوة,7. استراتيجية service worker آمنة وتحديث لا يحبس المستخدم على نسخة قديمة.,VVIP_TIGER_Global_Implementation_Specification_AR_v2.docx,G18-01 — نظام الترجمة العالمي
REQ-01660,G18-01,عمل المبرمج خطوة بخطوة,8. تعريف API contract وحالات الخطأ والـrate limit قبل دمج الواجهة.,VVIP_TIGER_Global_Implementation_Specification_AR_v2.docx,G18-01 — نظام الترجمة العالمي
REQ-01661,G18-01,عمل المبرمج خطوة بخطوة,9. إضافة unit/integration/E2E أو security tests بحسب حدود المهمة، وربطها بـCI.,VVIP_TIGER_Global_Implementation_Specification_AR_v2.docx,G18-01 — نظام الترجمة العالمي
REQ-01662,G18-01,عمل المبرمج خطوة بخطوة,10. نشرها خلف Feature Flag على Staging، جمع الدليل، ثم إعداد rollback أو forward-fix.,VVIP_TIGER_Global_Implementation_Specification_AR_v2.docx,G18-01 — نظام الترجمة العالمي
REQ-01663,G18-01,ما يجب أن يبنيه أو يعدله,وحدة المجال `experience-pwa`: entities/value objects/state rules من دون اعتماد مباشر على الواجهة أو المورد.,VVIP_TIGER_Global_Implementation_Specification_AR_v2.docx,G18-01 — نظام الترجمة العالمي
REQ-01664,G18-01,ما يجب أن يبنيه أو يعدله,طبقة application: use cases وخدمات تحقق ورسائل خطأ ثابتة ومترجمة.,VVIP_TIGER_Global_Implementation_Specification_AR_v2.docx,G18-01 — نظام الترجمة العالمي
REQ-01665,G18-01,ما يجب أن يبنيه أو يعدله,طبقة infrastructure: database/repository/provider adapter مع timeout/retry/idempotency عند الحاجة.,VVIP_TIGER_Global_Implementation_Specification_AR_v2.docx,G18-01 — نظام الترجمة العالمي
REQ-01666,G18-01,ما يجب أن يبنيه أو يعدله,طبقة الواجهة: حالات loading/empty/error/forbidden/offline/success والهاتف وRTL/LTR.,VVIP_TIGER_Global_Implementation_Specification_AR_v2.docx,G18-01 — نظام الترجمة العالمي
REQ-01667,G18-01,ما يجب أن يبنيه أو يعدله,Schema/migration/index/policy عند وجود بيانات، مع forward migration وخطة rollback أو forward-fix.,VVIP_TIGER_Global_Implementation_Specification_AR_v2.docx,G18-01 — نظام الترجمة العالمي
REQ-01668,G18-01,ما يجب أن يبنيه أو يعدله,اختبارات وتسميات واضحة وربط كل حالة بمعيار قبول أو خطر.,VVIP_TIGER_Global_Implementation_Specification_AR_v2.docx,G18-01 — نظام الترجمة العالمي
REQ-01669,G18-01,الأمان والخصوصية,التحقق من authentication وauthorization على الخادم؛ إخفاء الزر ليس حماية.,VVIP_TIGER_Global_Implementation_Specification_AR_v2.docx,G18-01 — نظام الترجمة العالمي
REQ-01670,G18-01,الأمان والخصوصية,عدم تسجيل token/secret/payment data/private message أو PII غير لازم.,VVIP_TIGER_Global_Implementation_Specification_AR_v2.docx,G18-01 — نظام الترجمة العالمي
REQ-01671,G18-01,الأمان والخصوصية,تطبيق least privilege وdeny by default وrate limit وaudit على العمليات الحساسة.,VVIP_TIGER_Global_Implementation_Specification_AR_v2.docx,G18-01 — نظام الترجمة العالمي
REQ-01672,G18-01,الأمان والخصوصية,تحديد retention والحذف والتصدير والوصول الإداري إن كانت المهمة تعالج بيانات شخصية.,VVIP_TIGER_Global_Implementation_Specification_AR_v2.docx,G18-01 — نظام الترجمة العالمي
REQ-01673,G18-01,اختبارات QA المطلوبة,Happy path كامل ببيانات واقعية في Staging.,VVIP_TIGER_Global_Implementation_Specification_AR_v2.docx,G18-01 — نظام الترجمة العالمي
REQ-01674,G18-01,اختبارات QA المطلوبة,مدخلات ناقصة وخاطئة وحدود الحجم والعدد والحالة.,VVIP_TIGER_Global_Implementation_Specification_AR_v2.docx,G18-01 — نظام الترجمة العالمي
REQ-01675,G18-01,اختبارات QA المطلوبة,انقطاع الشبكة، retry، duplicate request، refresh وعودة من جهاز آخر عند انطباقها.,VVIP_TIGER_Global_Implementation_Specification_AR_v2.docx,G18-01 — نظام الترجمة العالمي
REQ-01676,G18-01,اختبارات QA المطلوبة,مستخدم A مقابل مستخدم B، وزائر، ودور إداري محدود.,VVIP_TIGER_Global_Implementation_Specification_AR_v2.docx,G18-01 — نظام الترجمة العالمي
REQ-01677,G18-01,اختبارات QA المطلوبة,العربية/الإنجليزية، RTL/LTR، هاتف متوسط، Chrome/Safari/Firefox للواجهات المتأثرة.,VVIP_TIGER_Global_Implementation_Specification_AR_v2.docx,G18-01 — نظام الترجمة العالمي
REQ-01678,G18-01,اختبارات QA المطلوبة,Regression آلي يمنع عودة السبب بعد الدمج.,VVIP_TIGER_Global_Implementation_Specification_AR_v2.docx,G18-01 — نظام الترجمة العالمي
REQ-01679,G18-01,قبول: معيار القبول الرئيسي,لا نصوص ثابتة غير مترجمة في الرحلات الأساسية.,VVIP_TIGER_Global_Implementation_Specification_AR_v2.docx,G18-01 — نظام الترجمة العالمي
REQ-01680,G18-01,قبول: معايير إضافية,CI أخضر؛ لا خطأ حرج؛ صلاحيات مختبرة؛ Staging يعمل؛ الأداء ضمن الميزانية؛ النصوص مترجمة.,VVIP_TIGER_Global_Implementation_Specification_AR_v2.docx,G18-01 — نظام الترجمة العالمي
REQ-01681,G18-01,قبول: المخرجات,كود + tests + migration/policy إن لزم + API/schema docs + screenshots/log evidence + release/rollback notes.,VVIP_TIGER_Global_Implementation_Specification_AR_v2.docx,G18-01 — نظام الترجمة العالمي
REQ-01682,G18-01,قبول: تعريف الاكتمال,Code review، QA sign-off، Security sign-off بحسب الخطر، Product acceptance، تحديث Decision/Change Log.,VVIP_TIGER_Global_Implementation_Specification_AR_v2.docx,G18-01 — نظام الترجمة العالمي
REQ-01683,G18-01,قبول: الخطر,تنفيذ الواجهة قبل عقد البيانات أو الصلاحيات يؤدي إلى إعادة بناء أو تسريب.,VVIP_TIGER_Global_Implementation_Specification_AR_v2.docx,G18-01 — نظام الترجمة العالمي
REQ-01684,G18-01,قبول: التراجع,Feature Flag وإيقاف endpoint/job، ثم rollback migration الآمن أو forward-fix مع حفظ البيانات.,VVIP_TIGER_Global_Implementation_Specification_AR_v2.docx,G18-01 — نظام الترجمة العالمي
REQ-01685,G18-02,عمل المبرمج خطوة بخطوة,1. semantic HTML، ARIA، focus management، automated and manual a11y tests.,VVIP_TIGER_Global_Implementation_Specification_AR_v2.docx,G18-02 — الوصول WCAG وRTL/LTR
REQ-01686,G18-02,عمل المبرمج خطوة بخطوة,2. مفاتيح ترجمة ثابتة وfallback واختبار طول النص.,VVIP_TIGER_Global_Implementation_Specification_AR_v2.docx,G18-02 — الوصول WCAG وRTL/LTR
REQ-01687,G18-02,عمل المبرمج خطوة بخطوة,3. اتباع WCAG 2.2 في التركيز والتباين والوصول بلوحة المفاتيح.,VVIP_TIGER_Global_Implementation_Specification_AR_v2.docx,G18-02 — الوصول WCAG وRTL/LTR
REQ-01688,G18-02,عمل المبرمج خطوة بخطوة,4. استراتيجية service worker آمنة وتحديث لا يحبس المستخدم على نسخة قديمة.,VVIP_TIGER_Global_Implementation_Specification_AR_v2.docx,G18-02 — الوصول WCAG وRTL/LTR
REQ-01689,G18-02,عمل المبرمج خطوة بخطوة,5. تعريف API contract وحالات الخطأ والـrate limit قبل دمج الواجهة.,VVIP_TIGER_Global_Implementation_Specification_AR_v2.docx,G18-02 — الوصول WCAG وRTL/LTR
REQ-01690,G18-02,عمل المبرمج خطوة بخطوة,6. إضافة unit/integration/E2E أو security tests بحسب حدود المهمة، وربطها بـCI.,VVIP_TIGER_Global_Implementation_Specification_AR_v2.docx,G18-02 — الوصول WCAG وRTL/LTR
REQ-01691,G18-02,عمل المبرمج خطوة بخطوة,7. نشرها خلف Feature Flag على Staging، جمع الدليل، ثم إعداد rollback أو forward-fix.,VVIP_TIGER_Global_Implementation_Specification_AR_v2.docx,G18-02 — الوصول WCAG وRTL/LTR
REQ-01692,G18-02,ما يجب أن يبنيه أو يعدله,وحدة المجال `experience-pwa`: entities/value objects/state rules من دون اعتماد مباشر على الواجهة أو المورد.,VVIP_TIGER_Global_Implementation_Specification_AR_v2.docx,G18-02 — الوصول WCAG وRTL/LTR
REQ-01693,G18-02,ما يجب أن يبنيه أو يعدله,طبقة application: use cases وخدمات تحقق ورسائل خطأ ثابتة ومترجمة.,VVIP_TIGER_Global_Implementation_Specification_AR_v2.docx,G18-02 — الوصول WCAG وRTL/LTR
REQ-01694,G18-02,ما يجب أن يبنيه أو يعدله,طبقة infrastructure: database/repository/provider adapter مع timeout/retry/idempotency عند الحاجة.,VVIP_TIGER_Global_Implementation_Specification_AR_v2.docx,G18-02 — الوصول WCAG وRTL/LTR
REQ-01695,G18-02,ما يجب أن يبنيه أو يعدله,طبقة الواجهة: حالات loading/empty/error/forbidden/offline/success والهاتف وRTL/LTR.,VVIP_TIGER_Global_Implementation_Specification_AR_v2.docx,G18-02 — الوصول WCAG وRTL/LTR
REQ-01696,G18-02,ما يجب أن يبنيه أو يعدله,Schema/migration/index/policy عند وجود بيانات، مع forward migration وخطة rollback أو forward-fix.,VVIP_TIGER_Global_Implementation_Specification_AR_v2.docx,G18-02 — الوصول WCAG وRTL/LTR
REQ-01697,G18-02,ما يجب أن يبنيه أو يعدله,اختبارات وتسميات واضحة وربط كل حالة بمعيار قبول أو خطر.,VVIP_TIGER_Global_Implementation_Specification_AR_v2.docx,G18-02 — الوصول WCAG وRTL/LTR
REQ-01698,G18-02,الأمان والخصوصية,التحقق من authentication وauthorization على الخادم؛ إخفاء الزر ليس حماية.,VVIP_TIGER_Global_Implementation_Specification_AR_v2.docx,G18-02 — الوصول WCAG وRTL/LTR
REQ-01699,G18-02,الأمان والخصوصية,عدم تسجيل token/secret/payment data/private message أو PII غير لازم.,VVIP_TIGER_Global_Implementation_Specification_AR_v2.docx,G18-02 — الوصول WCAG وRTL/LTR
REQ-01700,G18-02,الأمان والخصوصية,تطبيق least privilege وdeny by default وrate limit وaudit على العمليات الحساسة.,VVIP_TIGER_Global_Implementation_Specification_AR_v2.docx,G18-02 — الوصول WCAG وRTL/LTR
REQ-01701,G18-02,الأمان والخصوصية,تحديد retention والحذف والتصدير والوصول الإداري إن كانت المهمة تعالج بيانات شخصية.,VVIP_TIGER_Global_Implementation_Specification_AR_v2.docx,G18-02 — الوصول WCAG وRTL/LTR
REQ-01702,G18-02,اختبارات QA المطلوبة,Happy path كامل ببيانات واقعية في Staging.,VVIP_TIGER_Global_Implementation_Specification_AR_v2.docx,G18-02 — الوصول WCAG وRTL/LTR
REQ-01703,G18-02,اختبارات QA المطلوبة,مدخلات ناقصة وخاطئة وحدود الحجم والعدد والحالة.,VVIP_TIGER_Global_Implementation_Specification_AR_v2.docx,G18-02 — الوصول WCAG وRTL/LTR
REQ-01704,G18-02,اختبارات QA المطلوبة,انقطاع الشبكة، retry، duplicate request، refresh وعودة من جهاز آخر عند انطباقها.,VVIP_TIGER_Global_Implementation_Specification_AR_v2.docx,G18-02 — الوصول WCAG وRTL/LTR
REQ-01705,G18-02,اختبارات QA المطلوبة,مستخدم A مقابل مستخدم B، وزائر، ودور إداري محدود.,VVIP_TIGER_Global_Implementation_Specification_AR_v2.docx,G18-02 — الوصول WCAG وRTL/LTR
REQ-01706,G18-02,اختبارات QA المطلوبة,العربية/الإنجليزية، RTL/LTR، هاتف متوسط، Chrome/Safari/Firefox للواجهات المتأثرة.,VVIP_TIGER_Global_Implementation_Specification_AR_v2.docx,G18-02 — الوصول WCAG وRTL/LTR
REQ-01707,G18-02,اختبارات QA المطلوبة,Regression آلي يمنع عودة السبب بعد الدمج.,VVIP_TIGER_Global_Implementation_Specification_AR_v2.docx,G18-02 — الوصول WCAG وRTL/LTR
REQ-01708,G18-02,قبول: معيار القبول الرئيسي,نجاح تدقيق الوصول للرحلات الأساسية.,VVIP_TIGER_Global_Implementation_Specification_AR_v2.docx,G18-02 — الوصول WCAG وRTL/LTR
REQ-01709,G18-02,قبول: معايير إضافية,CI أخضر؛ لا خطأ حرج؛ صلاحيات مختبرة؛ Staging يعمل؛ الأداء ضمن الميزانية؛ النصوص مترجمة.,VVIP_TIGER_Global_Implementation_Specification_AR_v2.docx,G18-02 — الوصول WCAG وRTL/LTR
REQ-01710,G18-02,قبول: المخرجات,كود + tests + migration/policy إن لزم + API/schema docs + screenshots/log evidence + release/rollback notes.,VVIP_TIGER_Global_Implementation_Specification_AR_v2.docx,G18-02 — الوصول WCAG وRTL/LTR
REQ-01711,G18-02,قبول: تعريف الاكتمال,Code review، QA sign-off، Security sign-off بحسب الخطر، Product acceptance، تحديث Decision/Change Log.,VVIP_TIGER_Global_Implementation_Specification_AR_v2.docx,G18-02 — الوصول WCAG وRTL/LTR
REQ-01712,G18-02,قبول: الخطر,تنفيذ الواجهة قبل عقد البيانات أو الصلاحيات يؤدي إلى إعادة بناء أو تسريب.,VVIP_TIGER_Global_Implementation_Specification_AR_v2.docx,G18-02 — الوصول WCAG وRTL/LTR
REQ-01713,G18-02,قبول: التراجع,Feature Flag وإيقاف endpoint/job، ثم rollback migration الآمن أو forward-fix مع حفظ البيانات.,VVIP_TIGER_Global_Implementation_Specification_AR_v2.docx,G18-02 — الوصول WCAG وRTL/LTR
REQ-01714,G18-03,عمل المبرمج خطوة بخطوة,1. manifest، service worker، cache strategy، update prompt، device testing.,VVIP_TIGER_Global_Implementation_Specification_AR_v2.docx,G18-03 — PWA وتجارب الهاتف
REQ-01715,G18-03,عمل المبرمج خطوة بخطوة,2. تحديد precache صغير وruntime cache آمن.,VVIP_TIGER_Global_Implementation_Specification_AR_v2.docx,G18-03 — PWA وتجارب الهاتف
REQ-01716,G18-03,عمل المبرمج خطوة بخطوة,3. عدم cache صفحات أو responses خاصة دون ضوابط.,VVIP_TIGER_Global_Implementation_Specification_AR_v2.docx,G18-03 — PWA وتجارب الهاتف
REQ-01717,G18-03,عمل المبرمج خطوة بخطوة,4. اختبار update prompt/offline/reconnect على iOS وAndroid.,VVIP_TIGER_Global_Implementation_Specification_AR_v2.docx,G18-03 — PWA وتجارب الهاتف
REQ-01718,G18-03,عمل المبرمج خطوة بخطوة,5. مفاتيح ترجمة ثابتة وfallback واختبار طول النص.,VVIP_TIGER_Global_Implementation_Specification_AR_v2.docx,G18-03 — PWA وتجارب الهاتف
REQ-01719,G18-03,عمل المبرمج خطوة بخطوة,6. اتباع WCAG 2.2 في التركيز والتباين والوصول بلوحة المفاتيح.,VVIP_TIGER_Global_Implementation_Specification_AR_v2.docx,G18-03 — PWA وتجارب الهاتف
REQ-01720,G18-03,عمل المبرمج خطوة بخطوة,7. استراتيجية service worker آمنة وتحديث لا يحبس المستخدم على نسخة قديمة.,VVIP_TIGER_Global_Implementation_Specification_AR_v2.docx,G18-03 — PWA وتجارب الهاتف
REQ-01721,G18-03,عمل المبرمج خطوة بخطوة,8. تعريف API contract وحالات الخطأ والـrate limit قبل دمج الواجهة.,VVIP_TIGER_Global_Implementation_Specification_AR_v2.docx,G18-03 — PWA وتجارب الهاتف
REQ-01722,G18-03,عمل المبرمج خطوة بخطوة,9. إضافة unit/integration/E2E أو security tests بحسب حدود المهمة، وربطها بـCI.,VVIP_TIGER_Global_Implementation_Specification_AR_v2.docx,G18-03 — PWA وتجارب الهاتف
REQ-01723,G18-03,عمل المبرمج خطوة بخطوة,10. نشرها خلف Feature Flag على Staging، جمع الدليل، ثم إعداد rollback أو forward-fix.,VVIP_TIGER_Global_Implementation_Specification_AR_v2.docx,G18-03 — PWA وتجارب الهاتف
REQ-01724,G18-03,ما يجب أن يبنيه أو يعدله,وحدة المجال `experience-pwa`: entities/value objects/state rules من دون اعتماد مباشر على الواجهة أو المورد.,VVIP_TIGER_Global_Implementation_Specification_AR_v2.docx,G18-03 — PWA وتجارب الهاتف
REQ-01725,G18-03,ما يجب أن يبنيه أو يعدله,طبقة application: use cases وخدمات تحقق ورسائل خطأ ثابتة ومترجمة.,VVIP_TIGER_Global_Implementation_Specification_AR_v2.docx,G18-03 — PWA وتجارب الهاتف
REQ-01726,G18-03,ما يجب أن يبنيه أو يعدله,طبقة infrastructure: database/repository/provider adapter مع timeout/retry/idempotency عند الحاجة.,VVIP_TIGER_Global_Implementation_Specification_AR_v2.docx,G18-03 — PWA وتجارب الهاتف
REQ-01727,G18-03,ما يجب أن يبنيه أو يعدله,طبقة الواجهة: حالات loading/empty/error/forbidden/offline/success والهاتف وRTL/LTR.,VVIP_TIGER_Global_Implementation_Specification_AR_v2.docx,G18-03 — PWA وتجارب الهاتف
REQ-01728,G18-03,ما يجب أن يبنيه أو يعدله,Schema/migration/index/policy عند وجود بيانات، مع forward migration وخطة rollback أو forward-fix.,VVIP_TIGER_Global_Implementation_Specification_AR_v2.docx,G18-03 — PWA وتجارب الهاتف
REQ-01729,G18-03,ما يجب أن يبنيه أو يعدله,اختبارات وتسميات واضحة وربط كل حالة بمعيار قبول أو خطر.,VVIP_TIGER_Global_Implementation_Specification_AR_v2.docx,G18-03 — PWA وتجارب الهاتف
REQ-01730,G18-03,الأمان والخصوصية,التحقق من authentication وauthorization على الخادم؛ إخفاء الزر ليس حماية.,VVIP_TIGER_Global_Implementation_Specification_AR_v2.docx,G18-03 — PWA وتجارب الهاتف
REQ-01731,G18-03,الأمان والخصوصية,عدم تسجيل token/secret/payment data/private message أو PII غير لازم.,VVIP_TIGER_Global_Implementation_Specification_AR_v2.docx,G18-03 — PWA وتجارب الهاتف
REQ-01732,G18-03,الأمان والخصوصية,تطبيق least privilege وdeny by default وrate limit وaudit على العمليات الحساسة.,VVIP_TIGER_Global_Implementation_Specification_AR_v2.docx,G18-03 — PWA وتجارب الهاتف
REQ-01733,G18-03,الأمان والخصوصية,تحديد retention والحذف والتصدير والوصول الإداري إن كانت المهمة تعالج بيانات شخصية.,VVIP_TIGER_Global_Implementation_Specification_AR_v2.docx,G18-03 — PWA وتجارب الهاتف
REQ-01734,G18-03,اختبارات QA المطلوبة,Happy path كامل ببيانات واقعية في Staging.,VVIP_TIGER_Global_Implementation_Specification_AR_v2.docx,G18-03 — PWA وتجارب الهاتف
REQ-01735,G18-03,اختبارات QA المطلوبة,مدخلات ناقصة وخاطئة وحدود الحجم والعدد والحالة.,VVIP_TIGER_Global_Implementation_Specification_AR_v2.docx,G18-03 — PWA وتجارب الهاتف
REQ-01736,G18-03,اختبارات QA المطلوبة,انقطاع الشبكة، retry، duplicate request، refresh وعودة من جهاز آخر عند انطباقها.,VVIP_TIGER_Global_Implementation_Specification_AR_v2.docx,G18-03 — PWA وتجارب الهاتف
REQ-01737,G18-03,اختبارات QA المطلوبة,مستخدم A مقابل مستخدم B، وزائر، ودور إداري محدود.,VVIP_TIGER_Global_Implementation_Specification_AR_v2.docx,G18-03 — PWA وتجارب الهاتف
REQ-01738,G18-03,اختبارات QA المطلوبة,العربية/الإنجليزية، RTL/LTR، هاتف متوسط، Chrome/Safari/Firefox للواجهات المتأثرة.,VVIP_TIGER_Global_Implementation_Specification_AR_v2.docx,G18-03 — PWA وتجارب الهاتف
REQ-01739,G18-03,اختبارات QA المطلوبة,Regression آلي يمنع عودة السبب بعد الدمج.,VVIP_TIGER_Global_Implementation_Specification_AR_v2.docx,G18-03 — PWA وتجارب الهاتف
REQ-01740,G18-03,قبول: معيار القبول الرئيسي,اكتمال الرحلة الأساسية على Android وiOS.,VVIP_TIGER_Global_Implementation_Specification_AR_v2.docx,G18-03 — PWA وتجارب الهاتف
REQ-01741,G18-03,قبول: معايير إضافية,CI أخضر؛ لا خطأ حرج؛ صلاحيات مختبرة؛ Staging يعمل؛ الأداء ضمن الميزانية؛ النصوص مترجمة.,VVIP_TIGER_Global_Implementation_Specification_AR_v2.docx,G18-03 — PWA وتجارب الهاتف
REQ-01742,G18-03,قبول: المخرجات,كود + tests + migration/policy إن لزم + API/schema docs + screenshots/log evidence + release/rollback notes.,VVIP_TIGER_Global_Implementation_Specification_AR_v2.docx,G18-03 — PWA وتجارب الهاتف
REQ-01743,G18-03,قبول: تعريف الاكتمال,Code review، QA sign-off، Security sign-off بحسب الخطر، Product acceptance، تحديث Decision/Change Log.,VVIP_TIGER_Global_Implementation_Specification_AR_v2.docx,G18-03 — PWA وتجارب الهاتف
REQ-01744,G18-03,قبول: الخطر,تنفيذ الواجهة قبل عقد البيانات أو الصلاحيات يؤدي إلى إعادة بناء أو تسريب.,VVIP_TIGER_Global_Implementation_Specification_AR_v2.docx,G18-03 — PWA وتجارب الهاتف
REQ-01745,G18-03,قبول: التراجع,Feature Flag وإيقاف endpoint/job، ثم rollback migration الآمن أو forward-fix مع حفظ البيانات.,VVIP_TIGER_Global_Implementation_Specification_AR_v2.docx,G18-03 — PWA وتجارب الهاتف
REQ-01746,G19-01,عمل المبرمج خطوة بخطوة,1. event taxonomy، consent-aware tracking، warehouse/reporting.,VVIP_TIGER_Global_Implementation_Specification_AR_v2.docx,G19-01 — نظام الأحداث والتحليلات
REQ-01747,G19-01,عمل المبرمج خطوة بخطوة,2. قاموس أحداث versioned مع منع PII غير الضروري.,VVIP_TIGER_Global_Implementation_Specification_AR_v2.docx,G19-01 — نظام الأحداث والتحليلات
REQ-01748,G19-01,عمل المبرمج خطوة بخطوة,3. consent-aware collection وrole-based dashboard access.,VVIP_TIGER_Global_Implementation_Specification_AR_v2.docx,G19-01 — نظام الأحداث والتحليلات
REQ-01749,G19-01,عمل المبرمج خطوة بخطوة,4. AI مع human-in-the-loop وredaction وحدود تكلفة ومعدل.,VVIP_TIGER_Global_Implementation_Specification_AR_v2.docx,G19-01 — نظام الأحداث والتحليلات
REQ-01750,G19-01,عمل المبرمج خطوة بخطوة,5. تعريف API contract وحالات الخطأ والـrate limit قبل دمج الواجهة.,VVIP_TIGER_Global_Implementation_Specification_AR_v2.docx,G19-01 — نظام الأحداث والتحليلات
REQ-01751,G19-01,عمل المبرمج خطوة بخطوة,6. إضافة unit/integration/E2E أو security tests بحسب حدود المهمة، وربطها بـCI.,VVIP_TIGER_Global_Implementation_Specification_AR_v2.docx,G19-01 — نظام الأحداث والتحليلات
REQ-01752,G19-01,عمل المبرمج خطوة بخطوة,7. نشرها خلف Feature Flag على Staging، جمع الدليل، ثم إعداد rollback أو forward-fix.,VVIP_TIGER_Global_Implementation_Specification_AR_v2.docx,G19-01 — نظام الأحداث والتحليلات
REQ-01753,G19-01,ما يجب أن يبنيه أو يعدله,وحدة المجال `analytics-ai`: entities/value objects/state rules من دون اعتماد مباشر على الواجهة أو المورد.,VVIP_TIGER_Global_Implementation_Specification_AR_v2.docx,G19-01 — نظام الأحداث والتحليلات
REQ-01754,G19-01,ما يجب أن يبنيه أو يعدله,طبقة application: use cases وخدمات تحقق ورسائل خطأ ثابتة ومترجمة.,VVIP_TIGER_Global_Implementation_Specification_AR_v2.docx,G19-01 — نظام الأحداث والتحليلات
REQ-01755,G19-01,ما يجب أن يبنيه أو يعدله,طبقة infrastructure: database/repository/provider adapter مع timeout/retry/idempotency عند الحاجة.,VVIP_TIGER_Global_Implementation_Specification_AR_v2.docx,G19-01 — نظام الأحداث والتحليلات
REQ-01756,G19-01,ما يجب أن يبنيه أو يعدله,طبقة الواجهة: حالات loading/empty/error/forbidden/offline/success والهاتف وRTL/LTR.,VVIP_TIGER_Global_Implementation_Specification_AR_v2.docx,G19-01 — نظام الأحداث والتحليلات
REQ-01757,G19-01,ما يجب أن يبنيه أو يعدله,Schema/migration/index/policy عند وجود بيانات، مع forward migration وخطة rollback أو forward-fix.,VVIP_TIGER_Global_Implementation_Specification_AR_v2.docx,G19-01 — نظام الأحداث والتحليلات
REQ-01758,G19-01,ما يجب أن يبنيه أو يعدله,اختبارات وتسميات واضحة وربط كل حالة بمعيار قبول أو خطر.,VVIP_TIGER_Global_Implementation_Specification_AR_v2.docx,G19-01 — نظام الأحداث والتحليلات
REQ-01759,G19-01,الأمان والخصوصية,التحقق من authentication وauthorization على الخادم؛ إخفاء الزر ليس حماية.,VVIP_TIGER_Global_Implementation_Specification_AR_v2.docx,G19-01 — نظام الأحداث والتحليلات
REQ-01760,G19-01,الأمان والخصوصية,عدم تسجيل token/secret/payment data/private message أو PII غير لازم.,VVIP_TIGER_Global_Implementation_Specification_AR_v2.docx,G19-01 — نظام الأحداث والتحليلات
REQ-01761,G19-01,الأمان والخصوصية,تطبيق least privilege وdeny by default وrate limit وaudit على العمليات الحساسة.,VVIP_TIGER_Global_Implementation_Specification_AR_v2.docx,G19-01 — نظام الأحداث والتحليلات
REQ-01762,G19-01,الأمان والخصوصية,تحديد retention والحذف والتصدير والوصول الإداري إن كانت المهمة تعالج بيانات شخصية.,VVIP_TIGER_Global_Implementation_Specification_AR_v2.docx,G19-01 — نظام الأحداث والتحليلات
REQ-01763,G19-01,اختبارات QA المطلوبة,Happy path كامل ببيانات واقعية في Staging.,VVIP_TIGER_Global_Implementation_Specification_AR_v2.docx,G19-01 — نظام الأحداث والتحليلات
REQ-01764,G19-01,اختبارات QA المطلوبة,مدخلات ناقصة وخاطئة وحدود الحجم والعدد والحالة.,VVIP_TIGER_Global_Implementation_Specification_AR_v2.docx,G19-01 — نظام الأحداث والتحليلات
REQ-01765,G19-01,اختبارات QA المطلوبة,انقطاع الشبكة، retry، duplicate request، refresh وعودة من جهاز آخر عند انطباقها.,VVIP_TIGER_Global_Implementation_Specification_AR_v2.docx,G19-01 — نظام الأحداث والتحليلات
REQ-01766,G19-01,اختبارات QA المطلوبة,مستخدم A مقابل مستخدم B، وزائر، ودور إداري محدود.,VVIP_TIGER_Global_Implementation_Specification_AR_v2.docx,G19-01 — نظام الأحداث والتحليلات
REQ-01767,G19-01,اختبارات QA المطلوبة,العربية/الإنجليزية، RTL/LTR، هاتف متوسط، Chrome/Safari/Firefox للواجهات المتأثرة.,VVIP_TIGER_Global_Implementation_Specification_AR_v2.docx,G19-01 — نظام الأحداث والتحليلات
REQ-01768,G19-01,اختبارات QA المطلوبة,Regression آلي يمنع عودة السبب بعد الدمج.,VVIP_TIGER_Global_Implementation_Specification_AR_v2.docx,G19-01 — نظام الأحداث والتحليلات
REQ-01769,G19-01,قبول: معيار القبول الرئيسي,تطابق الأحداث مع تعريف موثق دون بيانات حساسة.,VVIP_TIGER_Global_Implementation_Specification_AR_v2.docx,G19-01 — نظام الأحداث والتحليلات
REQ-01770,G19-01,قبول: معايير إضافية,CI أخضر؛ لا خطأ حرج؛ صلاحيات مختبرة؛ Staging يعمل؛ الأداء ضمن الميزانية؛ النصوص مترجمة.,VVIP_TIGER_Global_Implementation_Specification_AR_v2.docx,G19-01 — نظام الأحداث والتحليلات
REQ-01771,G19-01,قبول: المخرجات,كود + tests + migration/policy إن لزم + API/schema docs + screenshots/log evidence + release/rollback notes.,VVIP_TIGER_Global_Implementation_Specification_AR_v2.docx,G19-01 — نظام الأحداث والتحليلات
REQ-01772,G19-01,قبول: تعريف الاكتمال,Code review، QA sign-off، Security sign-off بحسب الخطر، Product acceptance، تحديث Decision/Change Log.,VVIP_TIGER_Global_Implementation_Specification_AR_v2.docx,G19-01 — نظام الأحداث والتحليلات
REQ-01773,G19-01,قبول: الخطر,تنفيذ الواجهة قبل عقد البيانات أو الصلاحيات يؤدي إلى إعادة بناء أو تسريب.,VVIP_TIGER_Global_Implementation_Specification_AR_v2.docx,G19-01 — نظام الأحداث والتحليلات
REQ-01774,G19-01,قبول: التراجع,Feature Flag وإيقاف endpoint/job، ثم rollback migration الآمن أو forward-fix مع حفظ البيانات.,VVIP_TIGER_Global_Implementation_Specification_AR_v2.docx,G19-01 — نظام الأحداث والتحليلات
REQ-01775,G19-02,عمل المبرمج خطوة بخطوة,1. dashboards مع أدوار ووصول محدود.,VVIP_TIGER_Global_Implementation_Specification_AR_v2.docx,G19-02 — لوحات مؤشرات التشغيل
REQ-01776,G19-02,عمل المبرمج خطوة بخطوة,2. قاموس أحداث versioned مع منع PII غير الضروري.,VVIP_TIGER_Global_Implementation_Specification_AR_v2.docx,G19-02 — لوحات مؤشرات التشغيل
REQ-01777,G19-02,عمل المبرمج خطوة بخطوة,3. consent-aware collection وrole-based dashboard access.,VVIP_TIGER_Global_Implementation_Specification_AR_v2.docx,G19-02 — لوحات مؤشرات التشغيل
REQ-01778,G19-02,عمل المبرمج خطوة بخطوة,4. AI مع human-in-the-loop وredaction وحدود تكلفة ومعدل.,VVIP_TIGER_Global_Implementation_Specification_AR_v2.docx,G19-02 — لوحات مؤشرات التشغيل
REQ-01779,G19-02,عمل المبرمج خطوة بخطوة,5. تعريف API contract وحالات الخطأ والـrate limit قبل دمج الواجهة.,VVIP_TIGER_Global_Implementation_Specification_AR_v2.docx,G19-02 — لوحات مؤشرات التشغيل
REQ-01780,G19-02,عمل المبرمج خطوة بخطوة,6. إضافة unit/integration/E2E أو security tests بحسب حدود المهمة، وربطها بـCI.,VVIP_TIGER_Global_Implementation_Specification_AR_v2.docx,G19-02 — لوحات مؤشرات التشغيل
REQ-01781,G19-02,عمل المبرمج خطوة بخطوة,7. نشرها خلف Feature Flag على Staging، جمع الدليل، ثم إعداد rollback أو forward-fix.,VVIP_TIGER_Global_Implementation_Specification_AR_v2.docx,G19-02 — لوحات مؤشرات التشغيل
REQ-01782,G19-02,ما يجب أن يبنيه أو يعدله,وحدة المجال `analytics-ai`: entities/value objects/state rules من دون اعتماد مباشر على الواجهة أو المورد.,VVIP_TIGER_Global_Implementation_Specification_AR_v2.docx,G19-02 — لوحات مؤشرات التشغيل
REQ-01783,G19-02,ما يجب أن يبنيه أو يعدله,طبقة application: use cases وخدمات تحقق ورسائل خطأ ثابتة ومترجمة.,VVIP_TIGER_Global_Implementation_Specification_AR_v2.docx,G19-02 — لوحات مؤشرات التشغيل
REQ-01784,G19-02,ما يجب أن يبنيه أو يعدله,طبقة infrastructure: database/repository/provider adapter مع timeout/retry/idempotency عند الحاجة.,VVIP_TIGER_Global_Implementation_Specification_AR_v2.docx,G19-02 — لوحات مؤشرات التشغيل
REQ-01785,G19-02,ما يجب أن يبنيه أو يعدله,طبقة الواجهة: حالات loading/empty/error/forbidden/offline/success والهاتف وRTL/LTR.,VVIP_TIGER_Global_Implementation_Specification_AR_v2.docx,G19-02 — لوحات مؤشرات التشغيل
REQ-01786,G19-02,ما يجب أن يبنيه أو يعدله,Schema/migration/index/policy عند وجود بيانات، مع forward migration وخطة rollback أو forward-fix.,VVIP_TIGER_Global_Implementation_Specification_AR_v2.docx,G19-02 — لوحات مؤشرات التشغيل
REQ-01787,G19-02,ما يجب أن يبنيه أو يعدله,اختبارات وتسميات واضحة وربط كل حالة بمعيار قبول أو خطر.,VVIP_TIGER_Global_Implementation_Specification_AR_v2.docx,G19-02 — لوحات مؤشرات التشغيل
REQ-01788,G19-02,الأمان والخصوصية,التحقق من authentication وauthorization على الخادم؛ إخفاء الزر ليس حماية.,VVIP_TIGER_Global_Implementation_Specification_AR_v2.docx,G19-02 — لوحات مؤشرات التشغيل
REQ-01789,G19-02,الأمان والخصوصية,عدم تسجيل token/secret/payment data/private message أو PII غير لازم.,VVIP_TIGER_Global_Implementation_Specification_AR_v2.docx,G19-02 — لوحات مؤشرات التشغيل
REQ-01790,G19-02,الأمان والخصوصية,تطبيق least privilege وdeny by default وrate limit وaudit على العمليات الحساسة.,VVIP_TIGER_Global_Implementation_Specification_AR_v2.docx,G19-02 — لوحات مؤشرات التشغيل
REQ-01791,G19-02,الأمان والخصوصية,تحديد retention والحذف والتصدير والوصول الإداري إن كانت المهمة تعالج بيانات شخصية.,VVIP_TIGER_Global_Implementation_Specification_AR_v2.docx,G19-02 — لوحات مؤشرات التشغيل
REQ-01792,G19-02,اختبارات QA المطلوبة,Happy path كامل ببيانات واقعية في Staging.,VVIP_TIGER_Global_Implementation_Specification_AR_v2.docx,G19-02 — لوحات مؤشرات التشغيل
REQ-01793,G19-02,اختبارات QA المطلوبة,مدخلات ناقصة وخاطئة وحدود الحجم والعدد والحالة.,VVIP_TIGER_Global_Implementation_Specification_AR_v2.docx,G19-02 — لوحات مؤشرات التشغيل
REQ-01794,G19-02,اختبارات QA المطلوبة,انقطاع الشبكة، retry، duplicate request، refresh وعودة من جهاز آخر عند انطباقها.,VVIP_TIGER_Global_Implementation_Specification_AR_v2.docx,G19-02 — لوحات مؤشرات التشغيل
REQ-01795,G19-02,اختبارات QA المطلوبة,مستخدم A مقابل مستخدم B، وزائر، ودور إداري محدود.,VVIP_TIGER_Global_Implementation_Specification_AR_v2.docx,G19-02 — لوحات مؤشرات التشغيل
REQ-01796,G19-02,اختبارات QA المطلوبة,العربية/الإنجليزية، RTL/LTR، هاتف متوسط، Chrome/Safari/Firefox للواجهات المتأثرة.,VVIP_TIGER_Global_Implementation_Specification_AR_v2.docx,G19-02 — لوحات مؤشرات التشغيل
REQ-01797,G19-02,اختبارات QA المطلوبة,Regression آلي يمنع عودة السبب بعد الدمج.,VVIP_TIGER_Global_Implementation_Specification_AR_v2.docx,G19-02 — لوحات مؤشرات التشغيل
REQ-01798,G19-02,قبول: معيار القبول الرئيسي,المؤشرات قابلة للمطابقة مع المصدر.,VVIP_TIGER_Global_Implementation_Specification_AR_v2.docx,G19-02 — لوحات مؤشرات التشغيل
REQ-01799,G19-02,قبول: معايير إضافية,CI أخضر؛ لا خطأ حرج؛ صلاحيات مختبرة؛ Staging يعمل؛ الأداء ضمن الميزانية؛ النصوص مترجمة.,VVIP_TIGER_Global_Implementation_Specification_AR_v2.docx,G19-02 — لوحات مؤشرات التشغيل
REQ-01800,G19-02,قبول: المخرجات,كود + tests + migration/policy إن لزم + API/schema docs + screenshots/log evidence + release/rollback notes.,VVIP_TIGER_Global_Implementation_Specification_AR_v2.docx,G19-02 — لوحات مؤشرات التشغيل
REQ-01801,G19-02,قبول: تعريف الاكتمال,Code review، QA sign-off، Security sign-off بحسب الخطر، Product acceptance، تحديث Decision/Change Log.,VVIP_TIGER_Global_Implementation_Specification_AR_v2.docx,G19-02 — لوحات مؤشرات التشغيل
REQ-01802,G19-02,قبول: الخطر,تنفيذ الواجهة قبل عقد البيانات أو الصلاحيات يؤدي إلى إعادة بناء أو تسريب.,VVIP_TIGER_Global_Implementation_Specification_AR_v2.docx,G19-02 — لوحات مؤشرات التشغيل
REQ-01803,G19-02,قبول: التراجع,Feature Flag وإيقاف endpoint/job، ثم rollback migration الآمن أو forward-fix مع حفظ البيانات.,VVIP_TIGER_Global_Implementation_Specification_AR_v2.docx,G19-02 — لوحات مؤشرات التشغيل
REQ-01804,G19-03,عمل المبرمج خطوة بخطوة,1. provider abstraction، prompt guards، logging redacted، human-in-loop.,VVIP_TIGER_Global_Implementation_Specification_AR_v2.docx,G19-03 — AI محدود وآمن
REQ-01805,G19-03,عمل المبرمج خطوة بخطوة,2. قاموس أحداث versioned مع منع PII غير الضروري.,VVIP_TIGER_Global_Implementation_Specification_AR_v2.docx,G19-03 — AI محدود وآمن
REQ-01806,G19-03,عمل المبرمج خطوة بخطوة,3. consent-aware collection وrole-based dashboard access.,VVIP_TIGER_Global_Implementation_Specification_AR_v2.docx,G19-03 — AI محدود وآمن
REQ-01807,G19-03,عمل المبرمج خطوة بخطوة,4. AI مع human-in-the-loop وredaction وحدود تكلفة ومعدل.,VVIP_TIGER_Global_Implementation_Specification_AR_v2.docx,G19-03 — AI محدود وآمن
REQ-01808,G19-03,عمل المبرمج خطوة بخطوة,5. تعريف API contract وحالات الخطأ والـrate limit قبل دمج الواجهة.,VVIP_TIGER_Global_Implementation_Specification_AR_v2.docx,G19-03 — AI محدود وآمن
REQ-01809,G19-03,عمل المبرمج خطوة بخطوة,6. إضافة unit/integration/E2E أو security tests بحسب حدود المهمة، وربطها بـCI.,VVIP_TIGER_Global_Implementation_Specification_AR_v2.docx,G19-03 — AI محدود وآمن
REQ-01810,G19-03,عمل المبرمج خطوة بخطوة,7. نشرها خلف Feature Flag على Staging، جمع الدليل، ثم إعداد rollback أو forward-fix.,VVIP_TIGER_Global_Implementation_Specification_AR_v2.docx,G19-03 — AI محدود وآمن
REQ-01811,G19-03,ما يجب أن يبنيه أو يعدله,وحدة المجال `analytics-ai`: entities/value objects/state rules من دون اعتماد مباشر على الواجهة أو المورد.,VVIP_TIGER_Global_Implementation_Specification_AR_v2.docx,G19-03 — AI محدود وآمن
REQ-01812,G19-03,ما يجب أن يبنيه أو يعدله,طبقة application: use cases وخدمات تحقق ورسائل خطأ ثابتة ومترجمة.,VVIP_TIGER_Global_Implementation_Specification_AR_v2.docx,G19-03 — AI محدود وآمن
REQ-01813,G19-03,ما يجب أن يبنيه أو يعدله,طبقة infrastructure: database/repository/provider adapter مع timeout/retry/idempotency عند الحاجة.,VVIP_TIGER_Global_Implementation_Specification_AR_v2.docx,G19-03 — AI محدود وآمن
REQ-01814,G19-03,ما يجب أن يبنيه أو يعدله,طبقة الواجهة: حالات loading/empty/error/forbidden/offline/success والهاتف وRTL/LTR.,VVIP_TIGER_Global_Implementation_Specification_AR_v2.docx,G19-03 — AI محدود وآمن
REQ-01815,G19-03,ما يجب أن يبنيه أو يعدله,Schema/migration/index/policy عند وجود بيانات، مع forward migration وخطة rollback أو forward-fix.,VVIP_TIGER_Global_Implementation_Specification_AR_v2.docx,G19-03 — AI محدود وآمن
REQ-01816,G19-03,ما يجب أن يبنيه أو يعدله,اختبارات وتسميات واضحة وربط كل حالة بمعيار قبول أو خطر.,VVIP_TIGER_Global_Implementation_Specification_AR_v2.docx,G19-03 — AI محدود وآمن
REQ-01817,G19-03,الأمان والخصوصية,التحقق من authentication وauthorization على الخادم؛ إخفاء الزر ليس حماية.,VVIP_TIGER_Global_Implementation_Specification_AR_v2.docx,G19-03 — AI محدود وآمن
REQ-01818,G19-03,الأمان والخصوصية,عدم تسجيل token/secret/payment data/private message أو PII غير لازم.,VVIP_TIGER_Global_Implementation_Specification_AR_v2.docx,G19-03 — AI محدود وآمن
REQ-01819,G19-03,الأمان والخصوصية,تطبيق least privilege وdeny by default وrate limit وaudit على العمليات الحساسة.,VVIP_TIGER_Global_Implementation_Specification_AR_v2.docx,G19-03 — AI محدود وآمن
REQ-01820,G19-03,الأمان والخصوصية,تحديد retention والحذف والتصدير والوصول الإداري إن كانت المهمة تعالج بيانات شخصية.,VVIP_TIGER_Global_Implementation_Specification_AR_v2.docx,G19-03 — AI محدود وآمن
REQ-01821,G19-03,اختبارات QA المطلوبة,Happy path كامل ببيانات واقعية في Staging.,VVIP_TIGER_Global_Implementation_Specification_AR_v2.docx,G19-03 — AI محدود وآمن
REQ-01822,G19-03,اختبارات QA المطلوبة,مدخلات ناقصة وخاطئة وحدود الحجم والعدد والحالة.,VVIP_TIGER_Global_Implementation_Specification_AR_v2.docx,G19-03 — AI محدود وآمن
REQ-01823,G19-03,اختبارات QA المطلوبة,انقطاع الشبكة، retry، duplicate request، refresh وعودة من جهاز آخر عند انطباقها.,VVIP_TIGER_Global_Implementation_Specification_AR_v2.docx,G19-03 — AI محدود وآمن
REQ-01824,G19-03,اختبارات QA المطلوبة,مستخدم A مقابل مستخدم B، وزائر، ودور إداري محدود.,VVIP_TIGER_Global_Implementation_Specification_AR_v2.docx,G19-03 — AI محدود وآمن
REQ-01825,G19-03,اختبارات QA المطلوبة,العربية/الإنجليزية، RTL/LTR، هاتف متوسط، Chrome/Safari/Firefox للواجهات المتأثرة.,VVIP_TIGER_Global_Implementation_Specification_AR_v2.docx,G19-03 — AI محدود وآمن
REQ-01826,G19-03,اختبارات QA المطلوبة,Regression آلي يمنع عودة السبب بعد الدمج.,VVIP_TIGER_Global_Implementation_Specification_AR_v2.docx,G19-03 — AI محدود وآمن
REQ-01827,G19-03,قبول: معيار القبول الرئيسي,لا حظر أو قرار مالي يصدر آليًا وحده.,VVIP_TIGER_Global_Implementation_Specification_AR_v2.docx,G19-03 — AI محدود وآمن
REQ-01828,G19-03,قبول: معايير إضافية,CI أخضر؛ لا خطأ حرج؛ صلاحيات مختبرة؛ Staging يعمل؛ الأداء ضمن الميزانية؛ النصوص مترجمة.,VVIP_TIGER_Global_Implementation_Specification_AR_v2.docx,G19-03 — AI محدود وآمن
REQ-01829,G19-03,قبول: المخرجات,كود + tests + migration/policy إن لزم + API/schema docs + screenshots/log evidence + release/rollback notes.,VVIP_TIGER_Global_Implementation_Specification_AR_v2.docx,G19-03 — AI محدود وآمن
REQ-01830,G19-03,قبول: تعريف الاكتمال,Code review، QA sign-off، Security sign-off بحسب الخطر، Product acceptance، تحديث Decision/Change Log.,VVIP_TIGER_Global_Implementation_Specification_AR_v2.docx,G19-03 — AI محدود وآمن
REQ-01831,G19-03,قبول: الخطر,تنفيذ الواجهة قبل عقد البيانات أو الصلاحيات يؤدي إلى إعادة بناء أو تسريب.,VVIP_TIGER_Global_Implementation_Specification_AR_v2.docx,G19-03 — AI محدود وآمن
REQ-01832,G19-03,قبول: التراجع,Feature Flag وإيقاف endpoint/job، ثم rollback migration الآمن أو forward-fix مع حفظ البيانات.,VVIP_TIGER_Global_Implementation_Specification_AR_v2.docx,G19-03 — AI محدود وآمن
REQ-01833,G20-01,عمل المبرمج خطوة بخطوة,1. load scenarios، thresholds، bottleneck profiling وcapacity report.,VVIP_TIGER_Global_Implementation_Specification_AR_v2.docx,G20-01 — اختبارات الأداء والضغط
REQ-01834,G20-01,عمل المبرمج خطوة بخطوة,2. تعريف SLO/SLI قبل load test.,VVIP_TIGER_Global_Implementation_Specification_AR_v2.docx,G20-01 — اختبارات الأداء والضغط
REQ-01835,G20-01,عمل المبرمج خطوة بخطوة,3. قياس p50/p95/p99 والسعة والتكلفة.,VVIP_TIGER_Global_Implementation_Specification_AR_v2.docx,G20-01 — اختبارات الأداء والضغط
REQ-01836,G20-01,عمل المبرمج خطوة بخطوة,4. تمرين استعادة كامل وقرارات failover/read-only/kill switch.,VVIP_TIGER_Global_Implementation_Specification_AR_v2.docx,G20-01 — اختبارات الأداء والضغط
REQ-01837,G20-01,عمل المبرمج خطوة بخطوة,5. تعريف API contract وحالات الخطأ والـrate limit قبل دمج الواجهة.,VVIP_TIGER_Global_Implementation_Specification_AR_v2.docx,G20-01 — اختبارات الأداء والضغط
REQ-01838,G20-01,عمل المبرمج خطوة بخطوة,6. إضافة unit/integration/E2E أو security tests بحسب حدود المهمة، وربطها بـCI.,VVIP_TIGER_Global_Implementation_Specification_AR_v2.docx,G20-01 — اختبارات الأداء والضغط
REQ-01839,G20-01,عمل المبرمج خطوة بخطوة,7. نشرها خلف Feature Flag على Staging، جمع الدليل، ثم إعداد rollback أو forward-fix.,VVIP_TIGER_Global_Implementation_Specification_AR_v2.docx,G20-01 — اختبارات الأداء والضغط
REQ-01840,G20-01,ما يجب أن يبنيه أو يعدله,وحدة المجال `reliability`: entities/value objects/state rules من دون اعتماد مباشر على الواجهة أو المورد.,VVIP_TIGER_Global_Implementation_Specification_AR_v2.docx,G20-01 — اختبارات الأداء والضغط
REQ-01841,G20-01,ما يجب أن يبنيه أو يعدله,طبقة application: use cases وخدمات تحقق ورسائل خطأ ثابتة ومترجمة.,VVIP_TIGER_Global_Implementation_Specification_AR_v2.docx,G20-01 — اختبارات الأداء والضغط
REQ-01842,G20-01,ما يجب أن يبنيه أو يعدله,طبقة infrastructure: database/repository/provider adapter مع timeout/retry/idempotency عند الحاجة.,VVIP_TIGER_Global_Implementation_Specification_AR_v2.docx,G20-01 — اختبارات الأداء والضغط
REQ-01843,G20-01,ما يجب أن يبنيه أو يعدله,طبقة الواجهة: حالات loading/empty/error/forbidden/offline/success والهاتف وRTL/LTR.,VVIP_TIGER_Global_Implementation_Specification_AR_v2.docx,G20-01 — اختبارات الأداء والضغط
REQ-01844,G20-01,ما يجب أن يبنيه أو يعدله,Schema/migration/index/policy عند وجود بيانات، مع forward migration وخطة rollback أو forward-fix.,VVIP_TIGER_Global_Implementation_Specification_AR_v2.docx,G20-01 — اختبارات الأداء والضغط
REQ-01845,G20-01,ما يجب أن يبنيه أو يعدله,اختبارات وتسميات واضحة وربط كل حالة بمعيار قبول أو خطر.,VVIP_TIGER_Global_Implementation_Specification_AR_v2.docx,G20-01 — اختبارات الأداء والضغط
REQ-01846,G20-01,الأمان والخصوصية,التحقق من authentication وauthorization على الخادم؛ إخفاء الزر ليس حماية.,VVIP_TIGER_Global_Implementation_Specification_AR_v2.docx,G20-01 — اختبارات الأداء والضغط
REQ-01847,G20-01,الأمان والخصوصية,عدم تسجيل token/secret/payment data/private message أو PII غير لازم.,VVIP_TIGER_Global_Implementation_Specification_AR_v2.docx,G20-01 — اختبارات الأداء والضغط
REQ-01848,G20-01,الأمان والخصوصية,تطبيق least privilege وdeny by default وrate limit وaudit على العمليات الحساسة.,VVIP_TIGER_Global_Implementation_Specification_AR_v2.docx,G20-01 — اختبارات الأداء والضغط
REQ-01849,G20-01,الأمان والخصوصية,تحديد retention والحذف والتصدير والوصول الإداري إن كانت المهمة تعالج بيانات شخصية.,VVIP_TIGER_Global_Implementation_Specification_AR_v2.docx,G20-01 — اختبارات الأداء والضغط
REQ-01850,G20-01,اختبارات QA المطلوبة,Happy path كامل ببيانات واقعية في Staging.,VVIP_TIGER_Global_Implementation_Specification_AR_v2.docx,G20-01 — اختبارات الأداء والضغط
REQ-01851,G20-01,اختبارات QA المطلوبة,مدخلات ناقصة وخاطئة وحدود الحجم والعدد والحالة.,VVIP_TIGER_Global_Implementation_Specification_AR_v2.docx,G20-01 — اختبارات الأداء والضغط
REQ-01852,G20-01,اختبارات QA المطلوبة,انقطاع الشبكة، retry، duplicate request، refresh وعودة من جهاز آخر عند انطباقها.,VVIP_TIGER_Global_Implementation_Specification_AR_v2.docx,G20-01 — اختبارات الأداء والضغط
REQ-01853,G20-01,اختبارات QA المطلوبة,مستخدم A مقابل مستخدم B، وزائر، ودور إداري محدود.,VVIP_TIGER_Global_Implementation_Specification_AR_v2.docx,G20-01 — اختبارات الأداء والضغط
REQ-01854,G20-01,اختبارات QA المطلوبة,العربية/الإنجليزية، RTL/LTR، هاتف متوسط، Chrome/Safari/Firefox للواجهات المتأثرة.,VVIP_TIGER_Global_Implementation_Specification_AR_v2.docx,G20-01 — اختبارات الأداء والضغط
REQ-01855,G20-01,اختبارات QA المطلوبة,Regression آلي يمنع عودة السبب بعد الدمج.,VVIP_TIGER_Global_Implementation_Specification_AR_v2.docx,G20-01 — اختبارات الأداء والضغط
REQ-01856,G20-01,قبول: معيار القبول الرئيسي,تحقيق SLOs المعتمدة.,VVIP_TIGER_Global_Implementation_Specification_AR_v2.docx,G20-01 — اختبارات الأداء والضغط
REQ-01857,G20-01,قبول: معايير إضافية,CI أخضر؛ لا خطأ حرج؛ صلاحيات مختبرة؛ Staging يعمل؛ الأداء ضمن الميزانية؛ النصوص مترجمة.,VVIP_TIGER_Global_Implementation_Specification_AR_v2.docx,G20-01 — اختبارات الأداء والضغط
REQ-01858,G20-01,قبول: المخرجات,كود + tests + migration/policy إن لزم + API/schema docs + screenshots/log evidence + release/rollback notes.,VVIP_TIGER_Global_Implementation_Specification_AR_v2.docx,G20-01 — اختبارات الأداء والضغط
REQ-01859,G20-01,قبول: تعريف الاكتمال,Code review، QA sign-off، Security sign-off بحسب الخطر، Product acceptance، تحديث Decision/Change Log.,VVIP_TIGER_Global_Implementation_Specification_AR_v2.docx,G20-01 — اختبارات الأداء والضغط
REQ-01860,G20-01,قبول: الخطر,تنفيذ الواجهة قبل عقد البيانات أو الصلاحيات يؤدي إلى إعادة بناء أو تسريب.,VVIP_TIGER_Global_Implementation_Specification_AR_v2.docx,G20-01 — اختبارات الأداء والضغط
REQ-01861,G20-01,قبول: التراجع,Feature Flag وإيقاف endpoint/job، ثم rollback migration الآمن أو forward-fix مع حفظ البيانات.,VVIP_TIGER_Global_Implementation_Specification_AR_v2.docx,G20-01 — اختبارات الأداء والضغط
REQ-01862,G20-02,عمل المبرمج خطوة بخطوة,1. query tuning، CDN policies، worker scaling، cost budgets.,VVIP_TIGER_Global_Implementation_Specification_AR_v2.docx,G20-02 — التحسين والتوسع
REQ-01863,G20-02,عمل المبرمج خطوة بخطوة,2. تعريف SLO/SLI قبل load test.,VVIP_TIGER_Global_Implementation_Specification_AR_v2.docx,G20-02 — التحسين والتوسع
REQ-01864,G20-02,عمل المبرمج خطوة بخطوة,3. قياس p50/p95/p99 والسعة والتكلفة.,VVIP_TIGER_Global_Implementation_Specification_AR_v2.docx,G20-02 — التحسين والتوسع
REQ-01865,G20-02,عمل المبرمج خطوة بخطوة,4. تمرين استعادة كامل وقرارات failover/read-only/kill switch.,VVIP_TIGER_Global_Implementation_Specification_AR_v2.docx,G20-02 — التحسين والتوسع
REQ-01866,G20-02,عمل المبرمج خطوة بخطوة,5. تعريف API contract وحالات الخطأ والـrate limit قبل دمج الواجهة.,VVIP_TIGER_Global_Implementation_Specification_AR_v2.docx,G20-02 — التحسين والتوسع
REQ-01867,G20-02,عمل المبرمج خطوة بخطوة,6. إضافة unit/integration/E2E أو security tests بحسب حدود المهمة، وربطها بـCI.,VVIP_TIGER_Global_Implementation_Specification_AR_v2.docx,G20-02 — التحسين والتوسع
REQ-01868,G20-02,عمل المبرمج خطوة بخطوة,7. نشرها خلف Feature Flag على Staging، جمع الدليل، ثم إعداد rollback أو forward-fix.,VVIP_TIGER_Global_Implementation_Specification_AR_v2.docx,G20-02 — التحسين والتوسع
REQ-01869,G20-02,ما يجب أن يبنيه أو يعدله,وحدة المجال `reliability`: entities/value objects/state rules من دون اعتماد مباشر على الواجهة أو المورد.,VVIP_TIGER_Global_Implementation_Specification_AR_v2.docx,G20-02 — التحسين والتوسع
REQ-01870,G20-02,ما يجب أن يبنيه أو يعدله,طبقة application: use cases وخدمات تحقق ورسائل خطأ ثابتة ومترجمة.,VVIP_TIGER_Global_Implementation_Specification_AR_v2.docx,G20-02 — التحسين والتوسع
REQ-01871,G20-02,ما يجب أن يبنيه أو يعدله,طبقة infrastructure: database/repository/provider adapter مع timeout/retry/idempotency عند الحاجة.,VVIP_TIGER_Global_Implementation_Specification_AR_v2.docx,G20-02 — التحسين والتوسع
REQ-01872,G20-02,ما يجب أن يبنيه أو يعدله,طبقة الواجهة: حالات loading/empty/error/forbidden/offline/success والهاتف وRTL/LTR.,VVIP_TIGER_Global_Implementation_Specification_AR_v2.docx,G20-02 — التحسين والتوسع
REQ-01873,G20-02,ما يجب أن يبنيه أو يعدله,Schema/migration/index/policy عند وجود بيانات، مع forward migration وخطة rollback أو forward-fix.,VVIP_TIGER_Global_Implementation_Specification_AR_v2.docx,G20-02 — التحسين والتوسع
REQ-01874,G20-02,ما يجب أن يبنيه أو يعدله,اختبارات وتسميات واضحة وربط كل حالة بمعيار قبول أو خطر.,VVIP_TIGER_Global_Implementation_Specification_AR_v2.docx,G20-02 — التحسين والتوسع
REQ-01875,G20-02,الأمان والخصوصية,التحقق من authentication وauthorization على الخادم؛ إخفاء الزر ليس حماية.,VVIP_TIGER_Global_Implementation_Specification_AR_v2.docx,G20-02 — التحسين والتوسع
REQ-01876,G20-02,الأمان والخصوصية,عدم تسجيل token/secret/payment data/private message أو PII غير لازم.,VVIP_TIGER_Global_Implementation_Specification_AR_v2.docx,G20-02 — التحسين والتوسع
REQ-01877,G20-02,الأمان والخصوصية,تطبيق least privilege وdeny by default وrate limit وaudit على العمليات الحساسة.,VVIP_TIGER_Global_Implementation_Specification_AR_v2.docx,G20-02 — التحسين والتوسع
REQ-01878,G20-02,الأمان والخصوصية,تحديد retention والحذف والتصدير والوصول الإداري إن كانت المهمة تعالج بيانات شخصية.,VVIP_TIGER_Global_Implementation_Specification_AR_v2.docx,G20-02 — التحسين والتوسع
REQ-01879,G20-02,اختبارات QA المطلوبة,Happy path كامل ببيانات واقعية في Staging.,VVIP_TIGER_Global_Implementation_Specification_AR_v2.docx,G20-02 — التحسين والتوسع
REQ-01880,G20-02,اختبارات QA المطلوبة,مدخلات ناقصة وخاطئة وحدود الحجم والعدد والحالة.,VVIP_TIGER_Global_Implementation_Specification_AR_v2.docx,G20-02 — التحسين والتوسع
REQ-01881,G20-02,اختبارات QA المطلوبة,انقطاع الشبكة، retry، duplicate request، refresh وعودة من جهاز آخر عند انطباقها.,VVIP_TIGER_Global_Implementation_Specification_AR_v2.docx,G20-02 — التحسين والتوسع
REQ-01882,G20-02,اختبارات QA المطلوبة,مستخدم A مقابل مستخدم B، وزائر، ودور إداري محدود.,VVIP_TIGER_Global_Implementation_Specification_AR_v2.docx,G20-02 — التحسين والتوسع
REQ-01883,G20-02,اختبارات QA المطلوبة,العربية/الإنجليزية، RTL/LTR، هاتف متوسط، Chrome/Safari/Firefox للواجهات المتأثرة.,VVIP_TIGER_Global_Implementation_Specification_AR_v2.docx,G20-02 — التحسين والتوسع
REQ-01884,G20-02,اختبارات QA المطلوبة,Regression آلي يمنع عودة السبب بعد الدمج.,VVIP_TIGER_Global_Implementation_Specification_AR_v2.docx,G20-02 — التحسين والتوسع
REQ-01885,G20-02,قبول: معيار القبول الرئيسي,تحسن مقاس قبل/بعد موثق.,VVIP_TIGER_Global_Implementation_Specification_AR_v2.docx,G20-02 — التحسين والتوسع
REQ-01886,G20-02,قبول: معايير إضافية,CI أخضر؛ لا خطأ حرج؛ صلاحيات مختبرة؛ Staging يعمل؛ الأداء ضمن الميزانية؛ النصوص مترجمة.,VVIP_TIGER_Global_Implementation_Specification_AR_v2.docx,G20-02 — التحسين والتوسع
REQ-01887,G20-02,قبول: المخرجات,كود + tests + migration/policy إن لزم + API/schema docs + screenshots/log evidence + release/rollback notes.,VVIP_TIGER_Global_Implementation_Specification_AR_v2.docx,G20-02 — التحسين والتوسع
REQ-01888,G20-02,قبول: تعريف الاكتمال,Code review، QA sign-off، Security sign-off بحسب الخطر، Product acceptance، تحديث Decision/Change Log.,VVIP_TIGER_Global_Implementation_Specification_AR_v2.docx,G20-02 — التحسين والتوسع
REQ-01889,G20-02,قبول: الخطر,تنفيذ الواجهة قبل عقد البيانات أو الصلاحيات يؤدي إلى إعادة بناء أو تسريب.,VVIP_TIGER_Global_Implementation_Specification_AR_v2.docx,G20-02 — التحسين والتوسع
REQ-01890,G20-02,قبول: التراجع,Feature Flag وإيقاف endpoint/job، ثم rollback migration الآمن أو forward-fix مع حفظ البيانات.,VVIP_TIGER_Global_Implementation_Specification_AR_v2.docx,G20-02 — التحسين والتوسع
REQ-01891,G20-03,عمل المبرمج خطوة بخطوة,1. backup validation، restore drill، runbooks، read-only mode، kill switches.,VVIP_TIGER_Global_Implementation_Specification_AR_v2.docx,G20-03 — التعافي من الكوارث
REQ-01892,G20-03,عمل المبرمج خطوة بخطوة,2. تعريف SLO/SLI قبل load test.,VVIP_TIGER_Global_Implementation_Specification_AR_v2.docx,G20-03 — التعافي من الكوارث
REQ-01893,G20-03,عمل المبرمج خطوة بخطوة,3. قياس p50/p95/p99 والسعة والتكلفة.,VVIP_TIGER_Global_Implementation_Specification_AR_v2.docx,G20-03 — التعافي من الكوارث
REQ-01894,G20-03,عمل المبرمج خطوة بخطوة,4. تمرين استعادة كامل وقرارات failover/read-only/kill switch.,VVIP_TIGER_Global_Implementation_Specification_AR_v2.docx,G20-03 — التعافي من الكوارث
REQ-01895,G20-03,عمل المبرمج خطوة بخطوة,5. تعريف API contract وحالات الخطأ والـrate limit قبل دمج الواجهة.,VVIP_TIGER_Global_Implementation_Specification_AR_v2.docx,G20-03 — التعافي من الكوارث
REQ-01896,G20-03,عمل المبرمج خطوة بخطوة,6. إضافة unit/integration/E2E أو security tests بحسب حدود المهمة، وربطها بـCI.,VVIP_TIGER_Global_Implementation_Specification_AR_v2.docx,G20-03 — التعافي من الكوارث
REQ-01897,G20-03,عمل المبرمج خطوة بخطوة,7. نشرها خلف Feature Flag على Staging، جمع الدليل، ثم إعداد rollback أو forward-fix.,VVIP_TIGER_Global_Implementation_Specification_AR_v2.docx,G20-03 — التعافي من الكوارث
REQ-01898,G20-03,ما يجب أن يبنيه أو يعدله,وحدة المجال `reliability`: entities/value objects/state rules من دون اعتماد مباشر على الواجهة أو المورد.,VVIP_TIGER_Global_Implementation_Specification_AR_v2.docx,G20-03 — التعافي من الكوارث
REQ-01899,G20-03,ما يجب أن يبنيه أو يعدله,طبقة application: use cases وخدمات تحقق ورسائل خطأ ثابتة ومترجمة.,VVIP_TIGER_Global_Implementation_Specification_AR_v2.docx,G20-03 — التعافي من الكوارث
REQ-01900,G20-03,ما يجب أن يبنيه أو يعدله,طبقة infrastructure: database/repository/provider adapter مع timeout/retry/idempotency عند الحاجة.,VVIP_TIGER_Global_Implementation_Specification_AR_v2.docx,G20-03 — التعافي من الكوارث
REQ-01901,G20-03,ما يجب أن يبنيه أو يعدله,طبقة الواجهة: حالات loading/empty/error/forbidden/offline/success والهاتف وRTL/LTR.,VVIP_TIGER_Global_Implementation_Specification_AR_v2.docx,G20-03 — التعافي من الكوارث
REQ-01902,G20-03,ما يجب أن يبنيه أو يعدله,Schema/migration/index/policy عند وجود بيانات، مع forward migration وخطة rollback أو forward-fix.,VVIP_TIGER_Global_Implementation_Specification_AR_v2.docx,G20-03 — التعافي من الكوارث
REQ-01903,G20-03,ما يجب أن يبنيه أو يعدله,اختبارات وتسميات واضحة وربط كل حالة بمعيار قبول أو خطر.,VVIP_TIGER_Global_Implementation_Specification_AR_v2.docx,G20-03 — التعافي من الكوارث
REQ-01904,G20-03,الأمان والخصوصية,التحقق من authentication وauthorization على الخادم؛ إخفاء الزر ليس حماية.,VVIP_TIGER_Global_Implementation_Specification_AR_v2.docx,G20-03 — التعافي من الكوارث
REQ-01905,G20-03,الأمان والخصوصية,عدم تسجيل token/secret/payment data/private message أو PII غير لازم.,VVIP_TIGER_Global_Implementation_Specification_AR_v2.docx,G20-03 — التعافي من الكوارث
REQ-01906,G20-03,الأمان والخصوصية,تطبيق least privilege وdeny by default وrate limit وaudit على العمليات الحساسة.,VVIP_TIGER_Global_Implementation_Specification_AR_v2.docx,G20-03 — التعافي من الكوارث
REQ-01907,G20-03,الأمان والخصوصية,تحديد retention والحذف والتصدير والوصول الإداري إن كانت المهمة تعالج بيانات شخصية.,VVIP_TIGER_Global_Implementation_Specification_AR_v2.docx,G20-03 — التعافي من الكوارث
REQ-01908,G20-03,اختبارات QA المطلوبة,Happy path كامل ببيانات واقعية في Staging.,VVIP_TIGER_Global_Implementation_Specification_AR_v2.docx,G20-03 — التعافي من الكوارث
REQ-01909,G20-03,اختبارات QA المطلوبة,مدخلات ناقصة وخاطئة وحدود الحجم والعدد والحالة.,VVIP_TIGER_Global_Implementation_Specification_AR_v2.docx,G20-03 — التعافي من الكوارث
REQ-01910,G20-03,اختبارات QA المطلوبة,انقطاع الشبكة، retry، duplicate request، refresh وعودة من جهاز آخر عند انطباقها.,VVIP_TIGER_Global_Implementation_Specification_AR_v2.docx,G20-03 — التعافي من الكوارث
REQ-01911,G20-03,اختبارات QA المطلوبة,مستخدم A مقابل مستخدم B، وزائر، ودور إداري محدود.,VVIP_TIGER_Global_Implementation_Specification_AR_v2.docx,G20-03 — التعافي من الكوارث
REQ-01912,G20-03,اختبارات QA المطلوبة,العربية/الإنجليزية، RTL/LTR، هاتف متوسط، Chrome/Safari/Firefox للواجهات المتأثرة.,VVIP_TIGER_Global_Implementation_Specification_AR_v2.docx,G20-03 — التعافي من الكوارث
REQ-01913,G20-03,اختبارات QA المطلوبة,Regression آلي يمنع عودة السبب بعد الدمج.,VVIP_TIGER_Global_Implementation_Specification_AR_v2.docx,G20-03 — التعافي من الكوارث
REQ-01914,G20-03,قبول: معيار القبول الرئيسي,تمرين استعادة ناجح وموقع عليه.,VVIP_TIGER_Global_Implementation_Specification_AR_v2.docx,G20-03 — التعافي من الكوارث
REQ-01915,G20-03,قبول: معايير إضافية,CI أخضر؛ لا خطأ حرج؛ صلاحيات مختبرة؛ Staging يعمل؛ الأداء ضمن الميزانية؛ النصوص مترجمة.,VVIP_TIGER_Global_Implementation_Specification_AR_v2.docx,G20-03 — التعافي من الكوارث
REQ-01916,G20-03,قبول: المخرجات,كود + tests + migration/policy إن لزم + API/schema docs + screenshots/log evidence + release/rollback notes.,VVIP_TIGER_Global_Implementation_Specification_AR_v2.docx,G20-03 — التعافي من الكوارث
REQ-01917,G20-03,قبول: تعريف الاكتمال,Code review، QA sign-off، Security sign-off بحسب الخطر، Product acceptance، تحديث Decision/Change Log.,VVIP_TIGER_Global_Implementation_Specification_AR_v2.docx,G20-03 — التعافي من الكوارث
REQ-01918,G20-03,قبول: الخطر,تنفيذ الواجهة قبل عقد البيانات أو الصلاحيات يؤدي إلى إعادة بناء أو تسريب.,VVIP_TIGER_Global_Implementation_Specification_AR_v2.docx,G20-03 — التعافي من الكوارث
REQ-01919,G20-03,قبول: التراجع,Feature Flag وإيقاف endpoint/job، ثم rollback migration الآمن أو forward-fix مع حفظ البيانات.,VVIP_TIGER_Global_Implementation_Specification_AR_v2.docx,G20-03 — التعافي من الكوارث
REQ-01920,G21-01,عمل المبرمج خطوة بخطوة,1. ربط policy versions بالموافقات وتخزين consent records.,VVIP_TIGER_Global_Implementation_Specification_AR_v2.docx,G21-01 — الشروط والخصوصية وسياسات المحتوى
REQ-01921,G21-01,عمل المبرمج خطوة بخطوة,2. ربط نسخة السياسة بالموافقة والدولة واللغة.,VVIP_TIGER_Global_Implementation_Specification_AR_v2.docx,G21-01 — الشروط والخصوصية وسياسات المحتوى
REQ-01922,G21-01,عمل المبرمج خطوة بخطوة,3. تنفيذ DSAR/export/delete فعلي واختبار legal hold.,VVIP_TIGER_Global_Implementation_Specification_AR_v2.docx,G21-01 — الشروط والخصوصية وسياسات المحتوى
REQ-01923,G21-01,عمل المبرمج خطوة بخطوة,4. عدم فتح دولة دون checklist ومراجعة محام محلي عند اللزوم.,VVIP_TIGER_Global_Implementation_Specification_AR_v2.docx,G21-01 — الشروط والخصوصية وسياسات المحتوى
REQ-01924,G21-01,عمل المبرمج خطوة بخطوة,5. تعريف API contract وحالات الخطأ والـrate limit قبل دمج الواجهة.,VVIP_TIGER_Global_Implementation_Specification_AR_v2.docx,G21-01 — الشروط والخصوصية وسياسات المحتوى
REQ-01925,G21-01,عمل المبرمج خطوة بخطوة,6. إضافة unit/integration/E2E أو security tests بحسب حدود المهمة، وربطها بـCI.,VVIP_TIGER_Global_Implementation_Specification_AR_v2.docx,G21-01 — الشروط والخصوصية وسياسات المحتوى
REQ-01926,G21-01,عمل المبرمج خطوة بخطوة,7. نشرها خلف Feature Flag على Staging، جمع الدليل، ثم إعداد rollback أو forward-fix.,VVIP_TIGER_Global_Implementation_Specification_AR_v2.docx,G21-01 — الشروط والخصوصية وسياسات المحتوى
REQ-01927,G21-01,ما يجب أن يبنيه أو يعدله,وحدة المجال `compliance`: entities/value objects/state rules من دون اعتماد مباشر على الواجهة أو المورد.,VVIP_TIGER_Global_Implementation_Specification_AR_v2.docx,G21-01 — الشروط والخصوصية وسياسات المحتوى
REQ-01928,G21-01,ما يجب أن يبنيه أو يعدله,طبقة application: use cases وخدمات تحقق ورسائل خطأ ثابتة ومترجمة.,VVIP_TIGER_Global_Implementation_Specification_AR_v2.docx,G21-01 — الشروط والخصوصية وسياسات المحتوى
REQ-01929,G21-01,ما يجب أن يبنيه أو يعدله,طبقة infrastructure: database/repository/provider adapter مع timeout/retry/idempotency عند الحاجة.,VVIP_TIGER_Global_Implementation_Specification_AR_v2.docx,G21-01 — الشروط والخصوصية وسياسات المحتوى
REQ-01930,G21-01,ما يجب أن يبنيه أو يعدله,طبقة الواجهة: حالات loading/empty/error/forbidden/offline/success والهاتف وRTL/LTR.,VVIP_TIGER_Global_Implementation_Specification_AR_v2.docx,G21-01 — الشروط والخصوصية وسياسات المحتوى
REQ-01931,G21-01,ما يجب أن يبنيه أو يعدله,Schema/migration/index/policy عند وجود بيانات، مع forward migration وخطة rollback أو forward-fix.,VVIP_TIGER_Global_Implementation_Specification_AR_v2.docx,G21-01 — الشروط والخصوصية وسياسات المحتوى
REQ-01932,G21-01,ما يجب أن يبنيه أو يعدله,اختبارات وتسميات واضحة وربط كل حالة بمعيار قبول أو خطر.,VVIP_TIGER_Global_Implementation_Specification_AR_v2.docx,G21-01 — الشروط والخصوصية وسياسات المحتوى
REQ-01933,G21-01,الأمان والخصوصية,التحقق من authentication وauthorization على الخادم؛ إخفاء الزر ليس حماية.,VVIP_TIGER_Global_Implementation_Specification_AR_v2.docx,G21-01 — الشروط والخصوصية وسياسات المحتوى
REQ-01934,G21-01,الأمان والخصوصية,عدم تسجيل token/secret/payment data/private message أو PII غير لازم.,VVIP_TIGER_Global_Implementation_Specification_AR_v2.docx,G21-01 — الشروط والخصوصية وسياسات المحتوى
REQ-01935,G21-01,الأمان والخصوصية,تطبيق least privilege وdeny by default وrate limit وaudit على العمليات الحساسة.,VVIP_TIGER_Global_Implementation_Specification_AR_v2.docx,G21-01 — الشروط والخصوصية وسياسات المحتوى
REQ-01936,G21-01,الأمان والخصوصية,تحديد retention والحذف والتصدير والوصول الإداري إن كانت المهمة تعالج بيانات شخصية.,VVIP_TIGER_Global_Implementation_Specification_AR_v2.docx,G21-01 — الشروط والخصوصية وسياسات المحتوى
REQ-01937,G21-01,اختبارات QA المطلوبة,Happy path كامل ببيانات واقعية في Staging.,VVIP_TIGER_Global_Implementation_Specification_AR_v2.docx,G21-01 — الشروط والخصوصية وسياسات المحتوى
REQ-01938,G21-01,اختبارات QA المطلوبة,مدخلات ناقصة وخاطئة وحدود الحجم والعدد والحالة.,VVIP_TIGER_Global_Implementation_Specification_AR_v2.docx,G21-01 — الشروط والخصوصية وسياسات المحتوى
REQ-01939,G21-01,اختبارات QA المطلوبة,انقطاع الشبكة، retry، duplicate request، refresh وعودة من جهاز آخر عند انطباقها.,VVIP_TIGER_Global_Implementation_Specification_AR_v2.docx,G21-01 — الشروط والخصوصية وسياسات المحتوى
REQ-01940,G21-01,اختبارات QA المطلوبة,مستخدم A مقابل مستخدم B، وزائر، ودور إداري محدود.,VVIP_TIGER_Global_Implementation_Specification_AR_v2.docx,G21-01 — الشروط والخصوصية وسياسات المحتوى
REQ-01941,G21-01,اختبارات QA المطلوبة,العربية/الإنجليزية، RTL/LTR، هاتف متوسط، Chrome/Safari/Firefox للواجهات المتأثرة.,VVIP_TIGER_Global_Implementation_Specification_AR_v2.docx,G21-01 — الشروط والخصوصية وسياسات المحتوى
REQ-01942,G21-01,اختبارات QA المطلوبة,Regression آلي يمنع عودة السبب بعد الدمج.,VVIP_TIGER_Global_Implementation_Specification_AR_v2.docx,G21-01 — الشروط والخصوصية وسياسات المحتوى
REQ-01943,G21-01,قبول: معيار القبول الرئيسي,إظهار النسخة الصحيحة وتسجيل الموافقة.,VVIP_TIGER_Global_Implementation_Specification_AR_v2.docx,G21-01 — الشروط والخصوصية وسياسات المحتوى
REQ-01944,G21-01,قبول: معايير إضافية,CI أخضر؛ لا خطأ حرج؛ صلاحيات مختبرة؛ Staging يعمل؛ الأداء ضمن الميزانية؛ النصوص مترجمة.,VVIP_TIGER_Global_Implementation_Specification_AR_v2.docx,G21-01 — الشروط والخصوصية وسياسات المحتوى
REQ-01945,G21-01,قبول: المخرجات,كود + tests + migration/policy إن لزم + API/schema docs + screenshots/log evidence + release/rollback notes.,VVIP_TIGER_Global_Implementation_Specification_AR_v2.docx,G21-01 — الشروط والخصوصية وسياسات المحتوى
REQ-01946,G21-01,قبول: تعريف الاكتمال,Code review، QA sign-off، Security sign-off بحسب الخطر، Product acceptance، تحديث Decision/Change Log.,VVIP_TIGER_Global_Implementation_Specification_AR_v2.docx,G21-01 — الشروط والخصوصية وسياسات المحتوى
REQ-01947,G21-01,قبول: الخطر,تنفيذ الواجهة قبل عقد البيانات أو الصلاحيات يؤدي إلى إعادة بناء أو تسريب.,VVIP_TIGER_Global_Implementation_Specification_AR_v2.docx,G21-01 — الشروط والخصوصية وسياسات المحتوى
REQ-01948,G21-01,قبول: التراجع,Feature Flag وإيقاف endpoint/job، ثم rollback migration الآمن أو forward-fix مع حفظ البيانات.,VVIP_TIGER_Global_Implementation_Specification_AR_v2.docx,G21-01 — الشروط والخصوصية وسياسات المحتوى
REQ-01949,G21-02,عمل المبرمج خطوة بخطوة,1. retention jobs، legal holds، DSAR workflow، deletion verification.,VVIP_TIGER_Global_Implementation_Specification_AR_v2.docx,G21-02 — الاحتفاظ والحذف وطلبات البيانات
REQ-01950,G21-02,عمل المبرمج خطوة بخطوة,2. ربط نسخة السياسة بالموافقة والدولة واللغة.,VVIP_TIGER_Global_Implementation_Specification_AR_v2.docx,G21-02 — الاحتفاظ والحذف وطلبات البيانات
REQ-01951,G21-02,عمل المبرمج خطوة بخطوة,3. تنفيذ DSAR/export/delete فعلي واختبار legal hold.,VVIP_TIGER_Global_Implementation_Specification_AR_v2.docx,G21-02 — الاحتفاظ والحذف وطلبات البيانات
REQ-01952,G21-02,عمل المبرمج خطوة بخطوة,4. عدم فتح دولة دون checklist ومراجعة محام محلي عند اللزوم.,VVIP_TIGER_Global_Implementation_Specification_AR_v2.docx,G21-02 — الاحتفاظ والحذف وطلبات البيانات
REQ-01953,G21-02,عمل المبرمج خطوة بخطوة,5. تعريف API contract وحالات الخطأ والـrate limit قبل دمج الواجهة.,VVIP_TIGER_Global_Implementation_Specification_AR_v2.docx,G21-02 — الاحتفاظ والحذف وطلبات البيانات
REQ-01954,G21-02,عمل المبرمج خطوة بخطوة,6. إضافة unit/integration/E2E أو security tests بحسب حدود المهمة، وربطها بـCI.,VVIP_TIGER_Global_Implementation_Specification_AR_v2.docx,G21-02 — الاحتفاظ والحذف وطلبات البيانات
REQ-01955,G21-02,عمل المبرمج خطوة بخطوة,7. نشرها خلف Feature Flag على Staging، جمع الدليل، ثم إعداد rollback أو forward-fix.,VVIP_TIGER_Global_Implementation_Specification_AR_v2.docx,G21-02 — الاحتفاظ والحذف وطلبات البيانات
REQ-01956,G21-02,ما يجب أن يبنيه أو يعدله,وحدة المجال `compliance`: entities/value objects/state rules من دون اعتماد مباشر على الواجهة أو المورد.,VVIP_TIGER_Global_Implementation_Specification_AR_v2.docx,G21-02 — الاحتفاظ والحذف وطلبات البيانات
REQ-01957,G21-02,ما يجب أن يبنيه أو يعدله,طبقة application: use cases وخدمات تحقق ورسائل خطأ ثابتة ومترجمة.,VVIP_TIGER_Global_Implementation_Specification_AR_v2.docx,G21-02 — الاحتفاظ والحذف وطلبات البيانات
REQ-01958,G21-02,ما يجب أن يبنيه أو يعدله,طبقة infrastructure: database/repository/provider adapter مع timeout/retry/idempotency عند الحاجة.,VVIP_TIGER_Global_Implementation_Specification_AR_v2.docx,G21-02 — الاحتفاظ والحذف وطلبات البيانات
REQ-01959,G21-02,ما يجب أن يبنيه أو يعدله,طبقة الواجهة: حالات loading/empty/error/forbidden/offline/success والهاتف وRTL/LTR.,VVIP_TIGER_Global_Implementation_Specification_AR_v2.docx,G21-02 — الاحتفاظ والحذف وطلبات البيانات
REQ-01960,G21-02,ما يجب أن يبنيه أو يعدله,Schema/migration/index/policy عند وجود بيانات، مع forward migration وخطة rollback أو forward-fix.,VVIP_TIGER_Global_Implementation_Specification_AR_v2.docx,G21-02 — الاحتفاظ والحذف وطلبات البيانات
REQ-01961,G21-02,ما يجب أن يبنيه أو يعدله,اختبارات وتسميات واضحة وربط كل حالة بمعيار قبول أو خطر.,VVIP_TIGER_Global_Implementation_Specification_AR_v2.docx,G21-02 — الاحتفاظ والحذف وطلبات البيانات
REQ-01962,G21-02,الأمان والخصوصية,التحقق من authentication وauthorization على الخادم؛ إخفاء الزر ليس حماية.,VVIP_TIGER_Global_Implementation_Specification_AR_v2.docx,G21-02 — الاحتفاظ والحذف وطلبات البيانات
REQ-01963,G21-02,الأمان والخصوصية,عدم تسجيل token/secret/payment data/private message أو PII غير لازم.,VVIP_TIGER_Global_Implementation_Specification_AR_v2.docx,G21-02 — الاحتفاظ والحذف وطلبات البيانات
REQ-01964,G21-02,الأمان والخصوصية,تطبيق least privilege وdeny by default وrate limit وaudit على العمليات الحساسة.,VVIP_TIGER_Global_Implementation_Specification_AR_v2.docx,G21-02 — الاحتفاظ والحذف وطلبات البيانات
REQ-01965,G21-02,الأمان والخصوصية,تحديد retention والحذف والتصدير والوصول الإداري إن كانت المهمة تعالج بيانات شخصية.,VVIP_TIGER_Global_Implementation_Specification_AR_v2.docx,G21-02 — الاحتفاظ والحذف وطلبات البيانات
REQ-01966,G21-02,اختبارات QA المطلوبة,Happy path كامل ببيانات واقعية في Staging.,VVIP_TIGER_Global_Implementation_Specification_AR_v2.docx,G21-02 — الاحتفاظ والحذف وطلبات البيانات
REQ-01967,G21-02,اختبارات QA المطلوبة,مدخلات ناقصة وخاطئة وحدود الحجم والعدد والحالة.,VVIP_TIGER_Global_Implementation_Specification_AR_v2.docx,G21-02 — الاحتفاظ والحذف وطلبات البيانات
REQ-01968,G21-02,اختبارات QA المطلوبة,انقطاع الشبكة، retry، duplicate request، refresh وعودة من جهاز آخر عند انطباقها.,VVIP_TIGER_Global_Implementation_Specification_AR_v2.docx,G21-02 — الاحتفاظ والحذف وطلبات البيانات
REQ-01969,G21-02,اختبارات QA المطلوبة,مستخدم A مقابل مستخدم B، وزائر، ودور إداري محدود.,VVIP_TIGER_Global_Implementation_Specification_AR_v2.docx,G21-02 — الاحتفاظ والحذف وطلبات البيانات
REQ-01970,G21-02,اختبارات QA المطلوبة,العربية/الإنجليزية، RTL/LTR، هاتف متوسط، Chrome/Safari/Firefox للواجهات المتأثرة.,VVIP_TIGER_Global_Implementation_Specification_AR_v2.docx,G21-02 — الاحتفاظ والحذف وطلبات البيانات
REQ-01971,G21-02,اختبارات QA المطلوبة,Regression آلي يمنع عودة السبب بعد الدمج.,VVIP_TIGER_Global_Implementation_Specification_AR_v2.docx,G21-02 — الاحتفاظ والحذف وطلبات البيانات
REQ-01972,G21-02,قبول: معيار القبول الرئيسي,طلب تجريبي يُنفذ ويُوثق.,VVIP_TIGER_Global_Implementation_Specification_AR_v2.docx,G21-02 — الاحتفاظ والحذف وطلبات البيانات
REQ-01973,G21-02,قبول: معايير إضافية,CI أخضر؛ لا خطأ حرج؛ صلاحيات مختبرة؛ Staging يعمل؛ الأداء ضمن الميزانية؛ النصوص مترجمة.,VVIP_TIGER_Global_Implementation_Specification_AR_v2.docx,G21-02 — الاحتفاظ والحذف وطلبات البيانات
REQ-01974,G21-02,قبول: المخرجات,كود + tests + migration/policy إن لزم + API/schema docs + screenshots/log evidence + release/rollback notes.,VVIP_TIGER_Global_Implementation_Specification_AR_v2.docx,G21-02 — الاحتفاظ والحذف وطلبات البيانات
REQ-01975,G21-02,قبول: تعريف الاكتمال,Code review، QA sign-off، Security sign-off بحسب الخطر، Product acceptance، تحديث Decision/Change Log.,VVIP_TIGER_Global_Implementation_Specification_AR_v2.docx,G21-02 — الاحتفاظ والحذف وطلبات البيانات
REQ-01976,G21-02,قبول: الخطر,تنفيذ الواجهة قبل عقد البيانات أو الصلاحيات يؤدي إلى إعادة بناء أو تسريب.,VVIP_TIGER_Global_Implementation_Specification_AR_v2.docx,G21-02 — الاحتفاظ والحذف وطلبات البيانات
REQ-01977,G21-02,قبول: التراجع,Feature Flag وإيقاف endpoint/job، ثم rollback migration الآمن أو forward-fix مع حفظ البيانات.,VVIP_TIGER_Global_Implementation_Specification_AR_v2.docx,G21-02 — الاحتفاظ والحذف وطلبات البيانات
REQ-01978,G21-03,عمل المبرمج خطوة بخطوة,1. age gate، vendor inventory، DPAs، country compliance checklist.,VVIP_TIGER_Global_Implementation_Specification_AR_v2.docx,G21-03 — القاصرين والموردين والامتثال المحلي
REQ-01979,G21-03,عمل المبرمج خطوة بخطوة,2. ربط نسخة السياسة بالموافقة والدولة واللغة.,VVIP_TIGER_Global_Implementation_Specification_AR_v2.docx,G21-03 — القاصرين والموردين والامتثال المحلي
REQ-01980,G21-03,عمل المبرمج خطوة بخطوة,3. تنفيذ DSAR/export/delete فعلي واختبار legal hold.,VVIP_TIGER_Global_Implementation_Specification_AR_v2.docx,G21-03 — القاصرين والموردين والامتثال المحلي
REQ-01981,G21-03,عمل المبرمج خطوة بخطوة,4. عدم فتح دولة دون checklist ومراجعة محام محلي عند اللزوم.,VVIP_TIGER_Global_Implementation_Specification_AR_v2.docx,G21-03 — القاصرين والموردين والامتثال المحلي
REQ-01982,G21-03,عمل المبرمج خطوة بخطوة,5. تعريف API contract وحالات الخطأ والـrate limit قبل دمج الواجهة.,VVIP_TIGER_Global_Implementation_Specification_AR_v2.docx,G21-03 — القاصرين والموردين والامتثال المحلي
REQ-01983,G21-03,عمل المبرمج خطوة بخطوة,6. إضافة unit/integration/E2E أو security tests بحسب حدود المهمة، وربطها بـCI.,VVIP_TIGER_Global_Implementation_Specification_AR_v2.docx,G21-03 — القاصرين والموردين والامتثال المحلي
REQ-01984,G21-03,عمل المبرمج خطوة بخطوة,7. نشرها خلف Feature Flag على Staging، جمع الدليل، ثم إعداد rollback أو forward-fix.,VVIP_TIGER_Global_Implementation_Specification_AR_v2.docx,G21-03 — القاصرين والموردين والامتثال المحلي
REQ-01985,G21-03,ما يجب أن يبنيه أو يعدله,وحدة المجال `compliance`: entities/value objects/state rules من دون اعتماد مباشر على الواجهة أو المورد.,VVIP_TIGER_Global_Implementation_Specification_AR_v2.docx,G21-03 — القاصرين والموردين والامتثال المحلي
REQ-01986,G21-03,ما يجب أن يبنيه أو يعدله,طبقة application: use cases وخدمات تحقق ورسائل خطأ ثابتة ومترجمة.,VVIP_TIGER_Global_Implementation_Specification_AR_v2.docx,G21-03 — القاصرين والموردين والامتثال المحلي
REQ-01987,G21-03,ما يجب أن يبنيه أو يعدله,طبقة infrastructure: database/repository/provider adapter مع timeout/retry/idempotency عند الحاجة.,VVIP_TIGER_Global_Implementation_Specification_AR_v2.docx,G21-03 — القاصرين والموردين والامتثال المحلي
REQ-01988,G21-03,ما يجب أن يبنيه أو يعدله,طبقة الواجهة: حالات loading/empty/error/forbidden/offline/success والهاتف وRTL/LTR.,VVIP_TIGER_Global_Implementation_Specification_AR_v2.docx,G21-03 — القاصرين والموردين والامتثال المحلي
REQ-01989,G21-03,ما يجب أن يبنيه أو يعدله,Schema/migration/index/policy عند وجود بيانات، مع forward migration وخطة rollback أو forward-fix.,VVIP_TIGER_Global_Implementation_Specification_AR_v2.docx,G21-03 — القاصرين والموردين والامتثال المحلي
REQ-01990,G21-03,ما يجب أن يبنيه أو يعدله,اختبارات وتسميات واضحة وربط كل حالة بمعيار قبول أو خطر.,VVIP_TIGER_Global_Implementation_Specification_AR_v2.docx,G21-03 — القاصرين والموردين والامتثال المحلي
REQ-01991,G21-03,الأمان والخصوصية,التحقق من authentication وauthorization على الخادم؛ إخفاء الزر ليس حماية.,VVIP_TIGER_Global_Implementation_Specification_AR_v2.docx,G21-03 — القاصرين والموردين والامتثال المحلي
REQ-01992,G21-03,الأمان والخصوصية,عدم تسجيل token/secret/payment data/private message أو PII غير لازم.,VVIP_TIGER_Global_Implementation_Specification_AR_v2.docx,G21-03 — القاصرين والموردين والامتثال المحلي
REQ-01993,G21-03,الأمان والخصوصية,تطبيق least privilege وdeny by default وrate limit وaudit على العمليات الحساسة.,VVIP_TIGER_Global_Implementation_Specification_AR_v2.docx,G21-03 — القاصرين والموردين والامتثال المحلي
REQ-01994,G21-03,الأمان والخصوصية,تحديد retention والحذف والتصدير والوصول الإداري إن كانت المهمة تعالج بيانات شخصية.,VVIP_TIGER_Global_Implementation_Specification_AR_v2.docx,G21-03 — القاصرين والموردين والامتثال المحلي
REQ-01995,G21-03,اختبارات QA المطلوبة,Happy path كامل ببيانات واقعية في Staging.,VVIP_TIGER_Global_Implementation_Specification_AR_v2.docx,G21-03 — القاصرين والموردين والامتثال المحلي
REQ-01996,G21-03,اختبارات QA المطلوبة,مدخلات ناقصة وخاطئة وحدود الحجم والعدد والحالة.,VVIP_TIGER_Global_Implementation_Specification_AR_v2.docx,G21-03 — القاصرين والموردين والامتثال المحلي
REQ-01997,G21-03,اختبارات QA المطلوبة,انقطاع الشبكة، retry، duplicate request، refresh وعودة من جهاز آخر عند انطباقها.,VVIP_TIGER_Global_Implementation_Specification_AR_v2.docx,G21-03 — القاصرين والموردين والامتثال المحلي
REQ-01998,G21-03,اختبارات QA المطلوبة,مستخدم A مقابل مستخدم B، وزائر، ودور إداري محدود.,VVIP_TIGER_Global_Implementation_Specification_AR_v2.docx,G21-03 — القاصرين والموردين والامتثال المحلي
REQ-01999,G21-03,اختبارات QA المطلوبة,العربية/الإنجليزية، RTL/LTR، هاتف متوسط، Chrome/Safari/Firefox للواجهات المتأثرة.,VVIP_TIGER_Global_Implementation_Specification_AR_v2.docx,G21-03 — القاصرين والموردين والامتثال المحلي
REQ-02000,G21-03,اختبارات QA المطلوبة,Regression آلي يمنع عودة السبب بعد الدمج.,VVIP_TIGER_Global_Implementation_Specification_AR_v2.docx,G21-03 — القاصرين والموردين والامتثال المحلي
REQ-02001,G21-03,قبول: معيار القبول الرئيسي,لا تفتح دولة دون اكتمال بوابة الامتثال.,VVIP_TIGER_Global_Implementation_Specification_AR_v2.docx,G21-03 — القاصرين والموردين والامتثال المحلي
REQ-02002,G21-03,قبول: معايير إضافية,CI أخضر؛ لا خطأ حرج؛ صلاحيات مختبرة؛ Staging يعمل؛ الأداء ضمن الميزانية؛ النصوص مترجمة.,VVIP_TIGER_Global_Implementation_Specification_AR_v2.docx,G21-03 — القاصرين والموردين والامتثال المحلي
REQ-02003,G21-03,قبول: المخرجات,كود + tests + migration/policy إن لزم + API/schema docs + screenshots/log evidence + release/rollback notes.,VVIP_TIGER_Global_Implementation_Specification_AR_v2.docx,G21-03 — القاصرين والموردين والامتثال المحلي
REQ-02004,G21-03,قبول: تعريف الاكتمال,Code review، QA sign-off، Security sign-off بحسب الخطر، Product acceptance، تحديث Decision/Change Log.,VVIP_TIGER_Global_Implementation_Specification_AR_v2.docx,G21-03 — القاصرين والموردين والامتثال المحلي
REQ-02005,G21-03,قبول: الخطر,تنفيذ الواجهة قبل عقد البيانات أو الصلاحيات يؤدي إلى إعادة بناء أو تسريب.,VVIP_TIGER_Global_Implementation_Specification_AR_v2.docx,G21-03 — القاصرين والموردين والامتثال المحلي
REQ-02006,G21-03,قبول: التراجع,Feature Flag وإيقاف endpoint/job، ثم rollback migration الآمن أو forward-fix مع حفظ البيانات.,VVIP_TIGER_Global_Implementation_Specification_AR_v2.docx,G21-03 — القاصرين والموردين والامتثال المحلي
REQ-02007,G22-01,عمل المبرمج خطوة بخطوة,1. تنسيق خطط الاختبار وإصلاح النتائج وإعادة التحقق.,VVIP_TIGER_Global_Implementation_Specification_AR_v2.docx,G22-01 — الاختبارات النهائية الخارجية
REQ-02008,G22-01,عمل المبرمج خطوة بخطوة,2. ربط كل مانع إطلاق بحالة اختبار ودليل.,VVIP_TIGER_Global_Implementation_Specification_AR_v2.docx,G22-01 — الاختبارات النهائية الخارجية
REQ-02009,G22-01,عمل المبرمج خطوة بخطوة,3. استخدام cohorts وfeature flags وموجات دول.,VVIP_TIGER_Global_Implementation_Specification_AR_v2.docx,G22-01 — الاختبارات النهائية الخارجية
REQ-02010,G22-01,عمل المبرمج خطوة بخطوة,4. إدارة on-call وincident comms وpost-launch review.,VVIP_TIGER_Global_Implementation_Specification_AR_v2.docx,G22-01 — الاختبارات النهائية الخارجية
REQ-02011,G22-01,عمل المبرمج خطوة بخطوة,5. تعريف API contract وحالات الخطأ والـrate limit قبل دمج الواجهة.,VVIP_TIGER_Global_Implementation_Specification_AR_v2.docx,G22-01 — الاختبارات النهائية الخارجية
REQ-02012,G22-01,عمل المبرمج خطوة بخطوة,6. إضافة unit/integration/E2E أو security tests بحسب حدود المهمة، وربطها بـCI.,VVIP_TIGER_Global_Implementation_Specification_AR_v2.docx,G22-01 — الاختبارات النهائية الخارجية
REQ-02013,G22-01,عمل المبرمج خطوة بخطوة,7. نشرها خلف Feature Flag على Staging، جمع الدليل، ثم إعداد rollback أو forward-fix.,VVIP_TIGER_Global_Implementation_Specification_AR_v2.docx,G22-01 — الاختبارات النهائية الخارجية
REQ-02014,G22-01,ما يجب أن يبنيه أو يعدله,وحدة المجال `launch`: entities/value objects/state rules من دون اعتماد مباشر على الواجهة أو المورد.,VVIP_TIGER_Global_Implementation_Specification_AR_v2.docx,G22-01 — الاختبارات النهائية الخارجية
REQ-02015,G22-01,ما يجب أن يبنيه أو يعدله,طبقة application: use cases وخدمات تحقق ورسائل خطأ ثابتة ومترجمة.,VVIP_TIGER_Global_Implementation_Specification_AR_v2.docx,G22-01 — الاختبارات النهائية الخارجية
REQ-02016,G22-01,ما يجب أن يبنيه أو يعدله,طبقة infrastructure: database/repository/provider adapter مع timeout/retry/idempotency عند الحاجة.,VVIP_TIGER_Global_Implementation_Specification_AR_v2.docx,G22-01 — الاختبارات النهائية الخارجية
REQ-02017,G22-01,ما يجب أن يبنيه أو يعدله,طبقة الواجهة: حالات loading/empty/error/forbidden/offline/success والهاتف وRTL/LTR.,VVIP_TIGER_Global_Implementation_Specification_AR_v2.docx,G22-01 — الاختبارات النهائية الخارجية
REQ-02018,G22-01,ما يجب أن يبنيه أو يعدله,Schema/migration/index/policy عند وجود بيانات، مع forward migration وخطة rollback أو forward-fix.,VVIP_TIGER_Global_Implementation_Specification_AR_v2.docx,G22-01 — الاختبارات النهائية الخارجية
REQ-02019,G22-01,ما يجب أن يبنيه أو يعدله,اختبارات وتسميات واضحة وربط كل حالة بمعيار قبول أو خطر.,VVIP_TIGER_Global_Implementation_Specification_AR_v2.docx,G22-01 — الاختبارات النهائية الخارجية
REQ-02020,G22-01,الأمان والخصوصية,التحقق من authentication وauthorization على الخادم؛ إخفاء الزر ليس حماية.,VVIP_TIGER_Global_Implementation_Specification_AR_v2.docx,G22-01 — الاختبارات النهائية الخارجية
REQ-02021,G22-01,الأمان والخصوصية,عدم تسجيل token/secret/payment data/private message أو PII غير لازم.,VVIP_TIGER_Global_Implementation_Specification_AR_v2.docx,G22-01 — الاختبارات النهائية الخارجية
REQ-02022,G22-01,الأمان والخصوصية,تطبيق least privilege وdeny by default وrate limit وaudit على العمليات الحساسة.,VVIP_TIGER_Global_Implementation_Specification_AR_v2.docx,G22-01 — الاختبارات النهائية الخارجية
REQ-02023,G22-01,الأمان والخصوصية,تحديد retention والحذف والتصدير والوصول الإداري إن كانت المهمة تعالج بيانات شخصية.,VVIP_TIGER_Global_Implementation_Specification_AR_v2.docx,G22-01 — الاختبارات النهائية الخارجية
REQ-02024,G22-01,اختبارات QA المطلوبة,Happy path كامل ببيانات واقعية في Staging.,VVIP_TIGER_Global_Implementation_Specification_AR_v2.docx,G22-01 — الاختبارات النهائية الخارجية
REQ-02025,G22-01,اختبارات QA المطلوبة,مدخلات ناقصة وخاطئة وحدود الحجم والعدد والحالة.,VVIP_TIGER_Global_Implementation_Specification_AR_v2.docx,G22-01 — الاختبارات النهائية الخارجية
REQ-02026,G22-01,اختبارات QA المطلوبة,انقطاع الشبكة، retry، duplicate request، refresh وعودة من جهاز آخر عند انطباقها.,VVIP_TIGER_Global_Implementation_Specification_AR_v2.docx,G22-01 — الاختبارات النهائية الخارجية
REQ-02027,G22-01,اختبارات QA المطلوبة,مستخدم A مقابل مستخدم B، وزائر، ودور إداري محدود.,VVIP_TIGER_Global_Implementation_Specification_AR_v2.docx,G22-01 — الاختبارات النهائية الخارجية
REQ-02028,G22-01,اختبارات QA المطلوبة,العربية/الإنجليزية، RTL/LTR، هاتف متوسط، Chrome/Safari/Firefox للواجهات المتأثرة.,VVIP_TIGER_Global_Implementation_Specification_AR_v2.docx,G22-01 — الاختبارات النهائية الخارجية
REQ-02029,G22-01,اختبارات QA المطلوبة,Regression آلي يمنع عودة السبب بعد الدمج.,VVIP_TIGER_Global_Implementation_Specification_AR_v2.docx,G22-01 — الاختبارات النهائية الخارجية
REQ-02030,G22-01,قبول: معيار القبول الرئيسي,صفر ثغرات حرجة وصفر عيوب إطلاق مانعة.,VVIP_TIGER_Global_Implementation_Specification_AR_v2.docx,G22-01 — الاختبارات النهائية الخارجية
REQ-02031,G22-01,قبول: معايير إضافية,CI أخضر؛ لا خطأ حرج؛ صلاحيات مختبرة؛ Staging يعمل؛ الأداء ضمن الميزانية؛ النصوص مترجمة.,VVIP_TIGER_Global_Implementation_Specification_AR_v2.docx,G22-01 — الاختبارات النهائية الخارجية
REQ-02032,G22-01,قبول: المخرجات,كود + tests + migration/policy إن لزم + API/schema docs + screenshots/log evidence + release/rollback notes.,VVIP_TIGER_Global_Implementation_Specification_AR_v2.docx,G22-01 — الاختبارات النهائية الخارجية
REQ-02033,G22-01,قبول: تعريف الاكتمال,Code review، QA sign-off، Security sign-off بحسب الخطر، Product acceptance، تحديث Decision/Change Log.,VVIP_TIGER_Global_Implementation_Specification_AR_v2.docx,G22-01 — الاختبارات النهائية الخارجية
REQ-02034,G22-01,قبول: الخطر,تنفيذ الواجهة قبل عقد البيانات أو الصلاحيات يؤدي إلى إعادة بناء أو تسريب.,VVIP_TIGER_Global_Implementation_Specification_AR_v2.docx,G22-01 — الاختبارات النهائية الخارجية
REQ-02035,G22-01,قبول: التراجع,Feature Flag وإيقاف endpoint/job، ثم rollback migration الآمن أو forward-fix مع حفظ البيانات.,VVIP_TIGER_Global_Implementation_Specification_AR_v2.docx,G22-01 — الاختبارات النهائية الخارجية
REQ-02036,G22-02,عمل المبرمج خطوة بخطوة,1. feature flags، invite cohorts، dashboards، feedback loops.,VVIP_TIGER_Global_Implementation_Specification_AR_v2.docx,G22-02 — Global Closed Beta
REQ-02037,G22-02,عمل المبرمج خطوة بخطوة,2. ربط كل مانع إطلاق بحالة اختبار ودليل.,VVIP_TIGER_Global_Implementation_Specification_AR_v2.docx,G22-02 — Global Closed Beta
REQ-02038,G22-02,عمل المبرمج خطوة بخطوة,3. استخدام cohorts وfeature flags وموجات دول.,VVIP_TIGER_Global_Implementation_Specification_AR_v2.docx,G22-02 — Global Closed Beta
REQ-02039,G22-02,عمل المبرمج خطوة بخطوة,4. إدارة on-call وincident comms وpost-launch review.,VVIP_TIGER_Global_Implementation_Specification_AR_v2.docx,G22-02 — Global Closed Beta
REQ-02040,G22-02,عمل المبرمج خطوة بخطوة,5. تعريف API contract وحالات الخطأ والـrate limit قبل دمج الواجهة.,VVIP_TIGER_Global_Implementation_Specification_AR_v2.docx,G22-02 — Global Closed Beta
REQ-02041,G22-02,عمل المبرمج خطوة بخطوة,6. إضافة unit/integration/E2E أو security tests بحسب حدود المهمة، وربطها بـCI.,VVIP_TIGER_Global_Implementation_Specification_AR_v2.docx,G22-02 — Global Closed Beta
REQ-02042,G22-02,عمل المبرمج خطوة بخطوة,7. نشرها خلف Feature Flag على Staging، جمع الدليل، ثم إعداد rollback أو forward-fix.,VVIP_TIGER_Global_Implementation_Specification_AR_v2.docx,G22-02 — Global Closed Beta
REQ-02043,G22-02,ما يجب أن يبنيه أو يعدله,وحدة المجال `launch`: entities/value objects/state rules من دون اعتماد مباشر على الواجهة أو المورد.,VVIP_TIGER_Global_Implementation_Specification_AR_v2.docx,G22-02 — Global Closed Beta
REQ-02044,G22-02,ما يجب أن يبنيه أو يعدله,طبقة application: use cases وخدمات تحقق ورسائل خطأ ثابتة ومترجمة.,VVIP_TIGER_Global_Implementation_Specification_AR_v2.docx,G22-02 — Global Closed Beta
REQ-02045,G22-02,ما يجب أن يبنيه أو يعدله,طبقة infrastructure: database/repository/provider adapter مع timeout/retry/idempotency عند الحاجة.,VVIP_TIGER_Global_Implementation_Specification_AR_v2.docx,G22-02 — Global Closed Beta
REQ-02046,G22-02,ما يجب أن يبنيه أو يعدله,طبقة الواجهة: حالات loading/empty/error/forbidden/offline/success والهاتف وRTL/LTR.,VVIP_TIGER_Global_Implementation_Specification_AR_v2.docx,G22-02 — Global Closed Beta
REQ-02047,G22-02,ما يجب أن يبنيه أو يعدله,Schema/migration/index/policy عند وجود بيانات، مع forward migration وخطة rollback أو forward-fix.,VVIP_TIGER_Global_Implementation_Specification_AR_v2.docx,G22-02 — Global Closed Beta
REQ-02048,G22-02,ما يجب أن يبنيه أو يعدله,اختبارات وتسميات واضحة وربط كل حالة بمعيار قبول أو خطر.,VVIP_TIGER_Global_Implementation_Specification_AR_v2.docx,G22-02 — Global Closed Beta
REQ-02049,G22-02,الأمان والخصوصية,التحقق من authentication وauthorization على الخادم؛ إخفاء الزر ليس حماية.,VVIP_TIGER_Global_Implementation_Specification_AR_v2.docx,G22-02 — Global Closed Beta
REQ-02050,G22-02,الأمان والخصوصية,عدم تسجيل token/secret/payment data/private message أو PII غير لازم.,VVIP_TIGER_Global_Implementation_Specification_AR_v2.docx,G22-02 — Global Closed Beta
REQ-02051,G22-02,الأمان والخصوصية,تطبيق least privilege وdeny by default وrate limit وaudit على العمليات الحساسة.,VVIP_TIGER_Global_Implementation_Specification_AR_v2.docx,G22-02 — Global Closed Beta
REQ-02052,G22-02,الأمان والخصوصية,تحديد retention والحذف والتصدير والوصول الإداري إن كانت المهمة تعالج بيانات شخصية.,VVIP_TIGER_Global_Implementation_Specification_AR_v2.docx,G22-02 — Global Closed Beta
REQ-02053,G22-02,اختبارات QA المطلوبة,Happy path كامل ببيانات واقعية في Staging.,VVIP_TIGER_Global_Implementation_Specification_AR_v2.docx,G22-02 — Global Closed Beta
REQ-02054,G22-02,اختبارات QA المطلوبة,مدخلات ناقصة وخاطئة وحدود الحجم والعدد والحالة.,VVIP_TIGER_Global_Implementation_Specification_AR_v2.docx,G22-02 — Global Closed Beta
REQ-02055,G22-02,اختبارات QA المطلوبة,انقطاع الشبكة، retry، duplicate request، refresh وعودة من جهاز آخر عند انطباقها.,VVIP_TIGER_Global_Implementation_Specification_AR_v2.docx,G22-02 — Global Closed Beta
REQ-02056,G22-02,اختبارات QA المطلوبة,مستخدم A مقابل مستخدم B، وزائر، ودور إداري محدود.,VVIP_TIGER_Global_Implementation_Specification_AR_v2.docx,G22-02 — Global Closed Beta
REQ-02057,G22-02,اختبارات QA المطلوبة,العربية/الإنجليزية، RTL/LTR، هاتف متوسط، Chrome/Safari/Firefox للواجهات المتأثرة.,VVIP_TIGER_Global_Implementation_Specification_AR_v2.docx,G22-02 — Global Closed Beta
REQ-02058,G22-02,اختبارات QA المطلوبة,Regression آلي يمنع عودة السبب بعد الدمج.,VVIP_TIGER_Global_Implementation_Specification_AR_v2.docx,G22-02 — Global Closed Beta
REQ-02059,G22-02,قبول: معيار القبول الرئيسي,تحقيق مؤشرات الاستقرار والدعم المحددة.,VVIP_TIGER_Global_Implementation_Specification_AR_v2.docx,G22-02 — Global Closed Beta
REQ-02060,G22-02,قبول: معايير إضافية,CI أخضر؛ لا خطأ حرج؛ صلاحيات مختبرة؛ Staging يعمل؛ الأداء ضمن الميزانية؛ النصوص مترجمة.,VVIP_TIGER_Global_Implementation_Specification_AR_v2.docx,G22-02 — Global Closed Beta
REQ-02061,G22-02,قبول: المخرجات,كود + tests + migration/policy إن لزم + API/schema docs + screenshots/log evidence + release/rollback notes.,VVIP_TIGER_Global_Implementation_Specification_AR_v2.docx,G22-02 — Global Closed Beta
REQ-02062,G22-02,قبول: تعريف الاكتمال,Code review، QA sign-off، Security sign-off بحسب الخطر، Product acceptance، تحديث Decision/Change Log.,VVIP_TIGER_Global_Implementation_Specification_AR_v2.docx,G22-02 — Global Closed Beta
REQ-02063,G22-02,قبول: الخطر,تنفيذ الواجهة قبل عقد البيانات أو الصلاحيات يؤدي إلى إعادة بناء أو تسريب.,VVIP_TIGER_Global_Implementation_Specification_AR_v2.docx,G22-02 — Global Closed Beta
REQ-02064,G22-02,قبول: التراجع,Feature Flag وإيقاف endpoint/job، ثم rollback migration الآمن أو forward-fix مع حفظ البيانات.,VVIP_TIGER_Global_Implementation_Specification_AR_v2.docx,G22-02 — Global Closed Beta
REQ-02065,G22-03,عمل المبرمج خطوة بخطوة,1. country waves، on-call، launch checklist، rollback drills، post-launch review.,VVIP_TIGER_Global_Implementation_Specification_AR_v2.docx,G22-03 — Public Beta ثم Global GA
REQ-02066,G22-03,عمل المبرمج خطوة بخطوة,2. ربط كل مانع إطلاق بحالة اختبار ودليل.,VVIP_TIGER_Global_Implementation_Specification_AR_v2.docx,G22-03 — Public Beta ثم Global GA
REQ-02067,G22-03,عمل المبرمج خطوة بخطوة,3. استخدام cohorts وfeature flags وموجات دول.,VVIP_TIGER_Global_Implementation_Specification_AR_v2.docx,G22-03 — Public Beta ثم Global GA
REQ-02068,G22-03,عمل المبرمج خطوة بخطوة,4. إدارة on-call وincident comms وpost-launch review.,VVIP_TIGER_Global_Implementation_Specification_AR_v2.docx,G22-03 — Public Beta ثم Global GA
REQ-02069,G22-03,عمل المبرمج خطوة بخطوة,5. تعريف API contract وحالات الخطأ والـrate limit قبل دمج الواجهة.,VVIP_TIGER_Global_Implementation_Specification_AR_v2.docx,G22-03 — Public Beta ثم Global GA
REQ-02070,G22-03,عمل المبرمج خطوة بخطوة,6. إضافة unit/integration/E2E أو security tests بحسب حدود المهمة، وربطها بـCI.,VVIP_TIGER_Global_Implementation_Specification_AR_v2.docx,G22-03 — Public Beta ثم Global GA
REQ-02071,G22-03,عمل المبرمج خطوة بخطوة,7. نشرها خلف Feature Flag على Staging، جمع الدليل، ثم إعداد rollback أو forward-fix.,VVIP_TIGER_Global_Implementation_Specification_AR_v2.docx,G22-03 — Public Beta ثم Global GA
REQ-02072,G22-03,ما يجب أن يبنيه أو يعدله,وحدة المجال `launch`: entities/value objects/state rules من دون اعتماد مباشر على الواجهة أو المورد.,VVIP_TIGER_Global_Implementation_Specification_AR_v2.docx,G22-03 — Public Beta ثم Global GA
REQ-02073,G22-03,ما يجب أن يبنيه أو يعدله,طبقة application: use cases وخدمات تحقق ورسائل خطأ ثابتة ومترجمة.,VVIP_TIGER_Global_Implementation_Specification_AR_v2.docx,G22-03 — Public Beta ثم Global GA
REQ-02074,G22-03,ما يجب أن يبنيه أو يعدله,طبقة infrastructure: database/repository/provider adapter مع timeout/retry/idempotency عند الحاجة.,VVIP_TIGER_Global_Implementation_Specification_AR_v2.docx,G22-03 — Public Beta ثم Global GA
REQ-02075,G22-03,ما يجب أن يبنيه أو يعدله,طبقة الواجهة: حالات loading/empty/error/forbidden/offline/success والهاتف وRTL/LTR.,VVIP_TIGER_Global_Implementation_Specification_AR_v2.docx,G22-03 — Public Beta ثم Global GA
REQ-02076,G22-03,ما يجب أن يبنيه أو يعدله,Schema/migration/index/policy عند وجود بيانات، مع forward migration وخطة rollback أو forward-fix.,VVIP_TIGER_Global_Implementation_Specification_AR_v2.docx,G22-03 — Public Beta ثم Global GA
REQ-02077,G22-03,ما يجب أن يبنيه أو يعدله,اختبارات وتسميات واضحة وربط كل حالة بمعيار قبول أو خطر.,VVIP_TIGER_Global_Implementation_Specification_AR_v2.docx,G22-03 — Public Beta ثم Global GA
REQ-02078,G22-03,الأمان والخصوصية,التحقق من authentication وauthorization على الخادم؛ إخفاء الزر ليس حماية.,VVIP_TIGER_Global_Implementation_Specification_AR_v2.docx,G22-03 — Public Beta ثم Global GA
REQ-02079,G22-03,الأمان والخصوصية,عدم تسجيل token/secret/payment data/private message أو PII غير لازم.,VVIP_TIGER_Global_Implementation_Specification_AR_v2.docx,G22-03 — Public Beta ثم Global GA
REQ-02080,G22-03,الأمان والخصوصية,تطبيق least privilege وdeny by default وrate limit وaudit على العمليات الحساسة.,VVIP_TIGER_Global_Implementation_Specification_AR_v2.docx,G22-03 — Public Beta ثم Global GA
REQ-02081,G22-03,الأمان والخصوصية,تحديد retention والحذف والتصدير والوصول الإداري إن كانت المهمة تعالج بيانات شخصية.,VVIP_TIGER_Global_Implementation_Specification_AR_v2.docx,G22-03 — Public Beta ثم Global GA
REQ-02082,G22-03,اختبارات QA المطلوبة,Happy path كامل ببيانات واقعية في Staging.,VVIP_TIGER_Global_Implementation_Specification_AR_v2.docx,G22-03 — Public Beta ثم Global GA
REQ-02083,G22-03,اختبارات QA المطلوبة,مدخلات ناقصة وخاطئة وحدود الحجم والعدد والحالة.,VVIP_TIGER_Global_Implementation_Specification_AR_v2.docx,G22-03 — Public Beta ثم Global GA
REQ-02084,G22-03,اختبارات QA المطلوبة,انقطاع الشبكة، retry، duplicate request، refresh وعودة من جهاز آخر عند انطباقها.,VVIP_TIGER_Global_Implementation_Specification_AR_v2.docx,G22-03 — Public Beta ثم Global GA
REQ-02085,G22-03,اختبارات QA المطلوبة,مستخدم A مقابل مستخدم B، وزائر، ودور إداري محدود.,VVIP_TIGER_Global_Implementation_Specification_AR_v2.docx,G22-03 — Public Beta ثم Global GA
REQ-02086,G22-03,اختبارات QA المطلوبة,العربية/الإنجليزية، RTL/LTR، هاتف متوسط، Chrome/Safari/Firefox للواجهات المتأثرة.,VVIP_TIGER_Global_Implementation_Specification_AR_v2.docx,G22-03 — Public Beta ثم Global GA
REQ-02087,G22-03,اختبارات QA المطلوبة,Regression آلي يمنع عودة السبب بعد الدمج.,VVIP_TIGER_Global_Implementation_Specification_AR_v2.docx,G22-03 — Public Beta ثم Global GA
REQ-02088,G22-03,قبول: معيار القبول الرئيسي,موافقة الإطلاق وتحقق SLOs وأمن ودفع ودعم.,VVIP_TIGER_Global_Implementation_Specification_AR_v2.docx,G22-03 — Public Beta ثم Global GA
REQ-02089,G22-03,قبول: معايير إضافية,CI أخضر؛ لا خطأ حرج؛ صلاحيات مختبرة؛ Staging يعمل؛ الأداء ضمن الميزانية؛ النصوص مترجمة.,VVIP_TIGER_Global_Implementation_Specification_AR_v2.docx,G22-03 — Public Beta ثم Global GA
REQ-02090,G22-03,قبول: المخرجات,كود + tests + migration/policy إن لزم + API/schema docs + screenshots/log evidence + release/rollback notes.,VVIP_TIGER_Global_Implementation_Specification_AR_v2.docx,G22-03 — Public Beta ثم Global GA
REQ-02091,G22-03,قبول: تعريف الاكتمال,Code review، QA sign-off، Security sign-off بحسب الخطر، Product acceptance، تحديث Decision/Change Log.,VVIP_TIGER_Global_Implementation_Specification_AR_v2.docx,G22-03 — Public Beta ثم Global GA
REQ-02092,G22-03,قبول: الخطر,تنفيذ الواجهة قبل عقد البيانات أو الصلاحيات يؤدي إلى إعادة بناء أو تسريب.,VVIP_TIGER_Global_Implementation_Specification_AR_v2.docx,G22-03 — Public Beta ثم Global GA
REQ-02093,G22-03,قبول: التراجع,Feature Flag وإيقاف endpoint/job، ثم rollback migration الآمن أو forward-fix مع حفظ البيانات.,VVIP_TIGER_Global_Implementation_Specification_AR_v2.docx,G22-03 — Public Beta ثم Global GA
