track	indicator	file	line	preliminary_risk	reason	recommended_next_action
Secrets Review	POSSIBLE_SECRET_WORDING	20260708_vvip_tiger_profiles_remove_legacy_auth_uid_policies.sql	2	High	Sensitive wording near auth/database/profile/config boundary	Manual secret review; if real secret exists, stop and rotate before any merge
Secrets Review	POSSIBLE_SECRET_WORDING	20260708_vvip_tiger_public_profiles_clerk_runtime_fix.sql	47	High	Sensitive wording near auth/database/profile/config boundary	Manual secret review; if real secret exists, stop and rotate before any merge
Secrets Review	POSSIBLE_SECRET_WORDING	20260708_vvip_tiger_public_profiles_clerk_runtime_fix.sql	65	High	Sensitive wording near auth/database/profile/config boundary	Manual secret review; if real secret exists, stop and rotate before any merge
Secrets Review	POSSIBLE_SECRET_WORDING	20260708_vvip_tiger_public_profiles_clerk_runtime_fix.sql	83	High	Sensitive wording near auth/database/profile/config boundary	Manual secret review; if real secret exists, stop and rotate before any merge
Secrets Review	POSSIBLE_SECRET_WORDING	20260708_vvip_tiger_public_profiles_clerk_runtime_fix.sql	84	High	Sensitive wording near auth/database/profile/config boundary	Manual secret review; if real secret exists, stop and rotate before any merge
Secrets Review	POSSIBLE_SECRET_WORDING	ACCOUNT-CHOOSER-SPEC.md	45	High	Potential secret/token/key wording in runtime-adjacent file	Manual review without printing value; redact and rotate if real
Secrets Review	POSSIBLE_SECRET_WORDING	ACCOUNT-CHOOSER-SPEC.md	46	High	Potential secret/token/key wording in runtime-adjacent file	Manual review without printing value; redact and rotate if real
Secrets Review	POSSIBLE_SECRET_WORDING	ACCOUNT-CHOOSER-SPEC.md	48	High	Potential secret/token/key wording in runtime-adjacent file	Manual review without printing value; redact and rotate if real
Secrets Review	POSSIBLE_SECRET_WORDING	ADMIN-SETUP-GUIDE.md	33	High	Potential secret/token/key wording in runtime-adjacent file	Manual review without printing value; redact and rotate if real
Secrets Review	POSSIBLE_SECRET_WORDING	ADMIN-SETUP.sql	7	High	Sensitive wording near auth/database/profile/config boundary	Manual secret review; if real secret exists, stop and rotate before any merge
Secrets Review	POSSIBLE_SECRET_WORDING	AGENTS.md	25	High	Potential secret/token/key wording in runtime-adjacent file	Manual review without printing value; redact and rotate if real
Secrets Review	POSSIBLE_SECRET_WORDING	DOCUMENTATION-INDEX.md	19	High	Potential secret/token/key wording in runtime-adjacent file	Manual review without printing value; redact and rotate if real
Secrets Review	POSSIBLE_SECRET_WORDING	EMAIL-TEMPLATE-VARIABLES.md	19	High	Potential secret/token/key wording in runtime-adjacent file	Manual review without printing value; redact and rotate if real
Secrets Review	POSSIBLE_SECRET_WORDING	EMAIL-TEMPLATE-VARIABLES.md	57	High	Potential secret/token/key wording in runtime-adjacent file	Manual review without printing value; redact and rotate if real
Secrets Review	POSSIBLE_SECRET_WORDING	EMAIL-TEMPLATE-VARIABLES.md	98	High	Potential secret/token/key wording in runtime-adjacent file	Manual review without printing value; redact and rotate if real
Secrets Review	POSSIBLE_SECRET_WORDING	EMAIL-VERIFICATION-SETUP.md	253	High	Potential secret/token/key wording in runtime-adjacent file	Manual review without printing value; redact and rotate if real
Secrets Review	POSSIBLE_SECRET_WORDING	GOOGLE-ONE-TAP-SETUP.md	40	High	Potential secret/token/key wording in runtime-adjacent file	Manual review without printing value; redact and rotate if real
Secrets Review	POSSIBLE_SECRET_WORDING	PRODUCT-REQUIREMENTS-ADDENDUM.md	56	High	Potential secret/token/key wording in runtime-adjacent file	Manual review without printing value; redact and rotate if real
Secrets Review	POSSIBLE_SECRET_WORDING	PRODUCT-REQUIREMENTS-ADDENDUM.md	71	High	Potential secret/token/key wording in runtime-adjacent file	Manual review without printing value; redact and rotate if real
Secrets Review	POSSIBLE_SECRET_WORDING	PRODUCT-REQUIREMENTS-ADDENDUM.md	72	High	Potential secret/token/key wording in runtime-adjacent file	Manual review without printing value; redact and rotate if real
Secrets Review	POSSIBLE_SECRET_WORDING	QA-FINAL-REPORT.md	101	High	Potential secret/token/key wording in runtime-adjacent file	Manual review without printing value; redact and rotate if real
Secrets Review	POSSIBLE_SECRET_WORDING	README.md	15	High	Potential secret/token/key wording in runtime-adjacent file	Manual review without printing value; redact and rotate if real
Secrets Review	POSSIBLE_SECRET_WORDING	README.md	46	High	Potential secret/token/key wording in runtime-adjacent file	Manual review without printing value; redact and rotate if real
Secrets Review	POSSIBLE_SECRET_WORDING	README.md	76	High	Potential secret/token/key wording in runtime-adjacent file	Manual review without printing value; redact and rotate if real
Secrets Review	POSSIBLE_SECRET_WORDING	RLS-EMAIL-VERIFICATION-POLICIES.sql	41	High	Sensitive wording near auth/database/profile/config boundary	Manual secret review; if real secret exists, stop and rotate before any merge
Secrets Review	POSSIBLE_SECRET_WORDING	RLS-EMAIL-VERIFICATION-POLICIES.sql	43	High	Sensitive wording near auth/database/profile/config boundary	Manual secret review; if real secret exists, stop and rotate before any merge
Secrets Review	POSSIBLE_SECRET_WORDING	RLS-EMAIL-VERIFICATION-POLICIES.sql	53	High	Sensitive wording near auth/database/profile/config boundary	Manual secret review; if real secret exists, stop and rotate before any merge
Secrets Review	POSSIBLE_SECRET_WORDING	RLS-EMAIL-VERIFICATION-POLICIES.sql	55	High	Sensitive wording near auth/database/profile/config boundary	Manual secret review; if real secret exists, stop and rotate before any merge
Secrets Review	POSSIBLE_SECRET_WORDING	RLS-EMAIL-VERIFICATION-POLICIES.sql	65	High	Sensitive wording near auth/database/profile/config boundary	Manual secret review; if real secret exists, stop and rotate before any merge
Secrets Review	POSSIBLE_SECRET_WORDING	RLS-EMAIL-VERIFICATION-POLICIES.sql	67	High	Sensitive wording near auth/database/profile/config boundary	Manual secret review; if real secret exists, stop and rotate before any merge
Secrets Review	POSSIBLE_SECRET_WORDING	RLS-EMAIL-VERIFICATION-POLICIES.sql	122	High	Sensitive wording near auth/database/profile/config boundary	Manual secret review; if real secret exists, stop and rotate before any merge
Secrets Review	POSSIBLE_SECRET_WORDING	RLS-EMAIL-VERIFICATION-POLICIES.sql	123	High	Sensitive wording near auth/database/profile/config boundary	Manual secret review; if real secret exists, stop and rotate before any merge
Secrets Review	POSSIBLE_SECRET_WORDING	RLS-QUICK-REFERENCE.md	80	High	Potential secret/token/key wording in runtime-adjacent file	Manual review without printing value; redact and rotate if real
Secrets Review	POSSIBLE_SECRET_WORDING	RLS-QUICK-REFERENCE.md	90	High	Potential secret/token/key wording in runtime-adjacent file	Manual review without printing value; redact and rotate if real
Secrets Review	POSSIBLE_SECRET_WORDING	RLS-QUICK-REFERENCE.md	100	High	Potential secret/token/key wording in runtime-adjacent file	Manual review without printing value; redact and rotate if real
Secrets Review	POSSIBLE_SECRET_WORDING	RLS-QUICK-REFERENCE.md	132	High	Potential secret/token/key wording in runtime-adjacent file	Manual review without printing value; redact and rotate if real
Secrets Review	POSSIBLE_SECRET_WORDING	RLS-QUICK-REFERENCE.md	134	High	Potential secret/token/key wording in runtime-adjacent file	Manual review without printing value; redact and rotate if real
Secrets Review	POSSIBLE_SECRET_WORDING	SETUP-GUIDE.md	23	High	Potential secret/token/key wording in runtime-adjacent file	Manual review without printing value; redact and rotate if real
Secrets Review	POSSIBLE_SECRET_WORDING	SETUP-GUIDE.md	24	High	Potential secret/token/key wording in runtime-adjacent file	Manual review without printing value; redact and rotate if real
Secrets Review	POSSIBLE_SECRET_WORDING	SETUP-GUIDE.md	31	High	Potential secret/token/key wording in runtime-adjacent file	Manual review without printing value; redact and rotate if real
Secrets Review	POSSIBLE_SECRET_WORDING	SETUP-GUIDE.md	102	High	Potential secret/token/key wording in runtime-adjacent file	Manual review without printing value; redact and rotate if real
Secrets Review	POSSIBLE_SECRET_WORDING	SETUP-GUIDE.md	104	High	Potential secret/token/key wording in runtime-adjacent file	Manual review without printing value; redact and rotate if real
Secrets Review	POSSIBLE_SECRET_WORDING	SUPABASE-EDGE-OTP-GUIDE.md	43	High	Potential secret/token/key wording in runtime-adjacent file	Manual review without printing value; redact and rotate if real
Secrets Review	POSSIBLE_SECRET_WORDING	TIGER-AutoParts-Prompts.md	26	High	Potential secret/token/key wording in runtime-adjacent file	Manual review without printing value; redact and rotate if real
Secrets Review	POSSIBLE_SECRET_WORDING	UNIFIED-PLATFORM-STATUS.md	19	High	Potential secret/token/key wording in runtime-adjacent file	Manual review without printing value; redact and rotate if real
Secrets Review	POSSIBLE_SECRET_WORDING	VVIP-AUTH-SYSTEM-SPEC.md	52	High	Potential secret/token/key wording in runtime-adjacent file	Manual review without printing value; redact and rotate if real
Secrets Review	POSSIBLE_SECRET_WORDING	VVIP-AUTH-SYSTEM-SPEC.md	53	High	Potential secret/token/key wording in runtime-adjacent file	Manual review without printing value; redact and rotate if real
Secrets Review	POSSIBLE_SECRET_WORDING	VVIP-AUTH-SYSTEM-SPEC.md	62	High	Potential secret/token/key wording in runtime-adjacent file	Manual review without printing value; redact and rotate if real
Secrets Review	POSSIBLE_SECRET_WORDING	approved/index-before-supabase-auth-20260704-191914.html	59	High	Sensitive wording near auth/database/profile/config boundary	Manual secret review; if real secret exists, stop and rotate before any merge
Secrets Review	POSSIBLE_SECRET_WORDING	approved/index-before-supabase-auth-20260704-191914.html	61	High	Sensitive wording near auth/database/profile/config boundary	Manual secret review; if real secret exists, stop and rotate before any merge
Secrets Review	POSSIBLE_SECRET_WORDING	approved/index-before-supabase-auth-20260704-191914.html	66	High	Sensitive wording near auth/database/profile/config boundary	Manual secret review; if real secret exists, stop and rotate before any merge
Secrets Review	POSSIBLE_SECRET_WORDING	approved/index-before-supabase-auth-20260704-191914.html	67	High	Sensitive wording near auth/database/profile/config boundary	Manual secret review; if real secret exists, stop and rotate before any merge
Secrets Review	POSSIBLE_SECRET_WORDING	approved/index-before-supabase-auth-20260704-191914.html	111	High	Sensitive wording near auth/database/profile/config boundary	Manual secret review; if real secret exists, stop and rotate before any merge
Secrets Review	POSSIBLE_SECRET_WORDING	approved/index-before-supabase-auth-20260704-192024.html	59	High	Sensitive wording near auth/database/profile/config boundary	Manual secret review; if real secret exists, stop and rotate before any merge
Secrets Review	POSSIBLE_SECRET_WORDING	approved/index-before-supabase-auth-20260704-192024.html	61	High	Sensitive wording near auth/database/profile/config boundary	Manual secret review; if real secret exists, stop and rotate before any merge
Secrets Review	POSSIBLE_SECRET_WORDING	approved/index-before-supabase-auth-20260704-192024.html	66	High	Sensitive wording near auth/database/profile/config boundary	Manual secret review; if real secret exists, stop and rotate before any merge
Secrets Review	POSSIBLE_SECRET_WORDING	approved/index-before-supabase-auth-20260704-192024.html	67	High	Sensitive wording near auth/database/profile/config boundary	Manual secret review; if real secret exists, stop and rotate before any merge
Secrets Review	POSSIBLE_SECRET_WORDING	approved/index-before-supabase-auth-20260704-192024.html	111	High	Sensitive wording near auth/database/profile/config boundary	Manual secret review; if real secret exists, stop and rotate before any merge
Secrets Review	POSSIBLE_SECRET_WORDING	approved/index-before-vvip-gate-login-20260707.html	59	High	Potential secret/token/key wording in runtime-adjacent file	Manual review without printing value; redact and rotate if real
Secrets Review	POSSIBLE_SECRET_WORDING	approved/index-before-vvip-gate-login-20260707.html	61	High	Potential secret/token/key wording in runtime-adjacent file	Manual review without printing value; redact and rotate if real
Secrets Review	POSSIBLE_SECRET_WORDING	approved/index-before-vvip-gate-login-20260707.html	66	High	Potential secret/token/key wording in runtime-adjacent file	Manual review without printing value; redact and rotate if real
Secrets Review	POSSIBLE_SECRET_WORDING	approved/index-before-vvip-gate-login-20260707.html	67	High	Potential secret/token/key wording in runtime-adjacent file	Manual review without printing value; redact and rotate if real
Secrets Review	POSSIBLE_SECRET_WORDING	approved/index-before-vvip-gate-login-20260707.html	111	High	Potential secret/token/key wording in runtime-adjacent file	Manual review without printing value; redact and rotate if real
Secrets Review	POSSIBLE_SECRET_WORDING	approved/index-supabase-auth-approved.html	59	High	Sensitive wording near auth/database/profile/config boundary	Manual secret review; if real secret exists, stop and rotate before any merge
Secrets Review	POSSIBLE_SECRET_WORDING	approved/index-supabase-auth-approved.html	61	High	Sensitive wording near auth/database/profile/config boundary	Manual secret review; if real secret exists, stop and rotate before any merge
Secrets Review	POSSIBLE_SECRET_WORDING	approved/index-supabase-auth-approved.html	66	High	Sensitive wording near auth/database/profile/config boundary	Manual secret review; if real secret exists, stop and rotate before any merge
Secrets Review	POSSIBLE_SECRET_WORDING	approved/index-supabase-auth-approved.html	67	High	Sensitive wording near auth/database/profile/config boundary	Manual secret review; if real secret exists, stop and rotate before any merge
Secrets Review	POSSIBLE_SECRET_WORDING	approved/index-supabase-auth-approved.html	111	High	Sensitive wording near auth/database/profile/config boundary	Manual secret review; if real secret exists, stop and rotate before any merge
Secrets Review	POSSIBLE_SECRET_WORDING	approved/index-supabase-auth-final.html	59	High	Sensitive wording near auth/database/profile/config boundary	Manual secret review; if real secret exists, stop and rotate before any merge
Secrets Review	POSSIBLE_SECRET_WORDING	approved/index-supabase-auth-final.html	61	High	Sensitive wording near auth/database/profile/config boundary	Manual secret review; if real secret exists, stop and rotate before any merge
Secrets Review	POSSIBLE_SECRET_WORDING	approved/index-supabase-auth-final.html	66	High	Sensitive wording near auth/database/profile/config boundary	Manual secret review; if real secret exists, stop and rotate before any merge
Secrets Review	POSSIBLE_SECRET_WORDING	approved/index-supabase-auth-final.html	67	High	Sensitive wording near auth/database/profile/config boundary	Manual secret review; if real secret exists, stop and rotate before any merge
Secrets Review	POSSIBLE_SECRET_WORDING	approved/index-supabase-auth-final.html	111	High	Sensitive wording near auth/database/profile/config boundary	Manual secret review; if real secret exists, stop and rotate before any merge
Secrets Review	POSSIBLE_SECRET_WORDING	approved/legacy-auth-redirect-7-1/sw-before-legacy-auth-audit-20260708.js	8	High	Sensitive wording near auth/database/profile/config boundary	Manual secret review; if real secret exists, stop and rotate before any merge
Secrets Review	POSSIBLE_SECRET_WORDING	approved/legacy-auth-redirect-7-1/sw-before-legacy-auth-audit-20260708.js	12	High	Sensitive wording near auth/database/profile/config boundary	Manual secret review; if real secret exists, stop and rotate before any merge
Secrets Review	POSSIBLE_SECRET_WORDING	approved/nav-cleanup-7-1/vvip-identity-before-clarity-patch-20260708.css	31	High	Potential secret/token/key wording in runtime-adjacent file	Manual review without printing value; redact and rotate if real
Secrets Review	POSSIBLE_SECRET_WORDING	approved/service-worker-clerk-cache-7-1/sw-before-clerk-cache-cleanup-20260708.js	8	High	Sensitive wording near auth/database/profile/config boundary	Manual secret review; if real secret exists, stop and rotate before any merge
Secrets Review	POSSIBLE_SECRET_WORDING	approved/service-worker-clerk-cache-7-1/sw-before-clerk-cache-cleanup-20260708.js	12	High	Sensitive wording near auth/database/profile/config boundary	Manual secret review; if real secret exists, stop and rotate before any merge
Secrets Review	POSSIBLE_SECRET_WORDING	approved/social-ui-before-force-post-options-menu-20260708.js	890	High	Potential secret/token/key wording in runtime-adjacent file	Manual review without printing value; redact and rotate if real
Secrets Review	POSSIBLE_SECRET_WORDING	approved/social-ui-before-force-post-options-menu-20260708.js	891	High	Potential secret/token/key wording in runtime-adjacent file	Manual review without printing value; redact and rotate if real
Secrets Review	POSSIBLE_SECRET_WORDING	approved/social-ui-before-force-post-options-menu-20260708.js	892	High	Potential secret/token/key wording in runtime-adjacent file	Manual review without printing value; redact and rotate if real
Secrets Review	POSSIBLE_SECRET_WORDING	approved/social-ui-before-post-options-menu-tiger-care-20260707.js	671	High	Potential secret/token/key wording in runtime-adjacent file	Manual review without printing value; redact and rotate if real
Secrets Review	POSSIBLE_SECRET_WORDING	approved/social-ui-before-post-options-menu-tiger-care-20260707.js	672	High	Potential secret/token/key wording in runtime-adjacent file	Manual review without printing value; redact and rotate if real
Secrets Review	POSSIBLE_SECRET_WORDING	approved/social-ui-before-post-options-menu-tiger-care-20260707.js	673	High	Potential secret/token/key wording in runtime-adjacent file	Manual review without printing value; redact and rotate if real
Secrets Review	POSSIBLE_SECRET_WORDING	approved/social-ui-before-tiger-care-feedback-fix-20260708.js	920	High	Potential secret/token/key wording in runtime-adjacent file	Manual review without printing value; redact and rotate if real
Secrets Review	POSSIBLE_SECRET_WORDING	approved/social-ui-before-tiger-care-feedback-fix-20260708.js	921	High	Potential secret/token/key wording in runtime-adjacent file	Manual review without printing value; redact and rotate if real
Secrets Review	POSSIBLE_SECRET_WORDING	approved/social-ui-before-tiger-care-feedback-fix-20260708.js	922	High	Potential secret/token/key wording in runtime-adjacent file	Manual review without printing value; redact and rotate if real
Secrets Review	POSSIBLE_SECRET_WORDING	approved/styles-before-post-options-menu-tiger-care-20260707.css	203	High	Potential secret/token/key wording in runtime-adjacent file	Manual review without printing value; redact and rotate if real
Secrets Review	POSSIBLE_SECRET_WORDING	approved/styles-before-tiger-care-feedback-fix-20260708.css	203	High	Potential secret/token/key wording in runtime-adjacent file	Manual review without printing value; redact and rotate if real
Secrets Review	POSSIBLE_SECRET_WORDING	approved/styles-before-vvip-gate-login-20260707.css	203	High	Potential secret/token/key wording in runtime-adjacent file	Manual review without printing value; redact and rotate if real
Secrets Review	POSSIBLE_SECRET_WORDING	approved/supabase-auth-bridge-approved.js	33	High	Sensitive wording near auth/database/profile/config boundary	Manual secret review; if real secret exists, stop and rotate before any merge
Secrets Review	POSSIBLE_SECRET_WORDING	approved/supabase-auth-bridge-approved.js	71	High	Sensitive wording near auth/database/profile/config boundary	Manual secret review; if real secret exists, stop and rotate before any merge
Secrets Review	POSSIBLE_SECRET_WORDING	approved/supabase-auth-bridge-approved.js	79	High	Sensitive wording near auth/database/profile/config boundary	Manual secret review; if real secret exists, stop and rotate before any merge
Secrets Review	POSSIBLE_SECRET_WORDING	approved/supabase-auth-bridge-approved.js	85	High	Sensitive wording near auth/database/profile/config boundary	Manual secret review; if real secret exists, stop and rotate before any merge
Secrets Review	POSSIBLE_SECRET_WORDING	approved/supabase-auth-bridge-approved.js	87	High	Sensitive wording near auth/database/profile/config boundary	Manual secret review; if real secret exists, stop and rotate before any merge
Secrets Review	POSSIBLE_SECRET_WORDING	approved/supabase-auth-bridge-approved.js	109	High	Sensitive wording near auth/database/profile/config boundary	Manual secret review; if real secret exists, stop and rotate before any merge
Secrets Review	POSSIBLE_SECRET_WORDING	approved/supabase-auth-bridge-approved.js	153	High	Sensitive wording near auth/database/profile/config boundary	Manual secret review; if real secret exists, stop and rotate before any merge
Secrets Review	POSSIBLE_SECRET_WORDING	approved/supabase-auth-bridge-final.js	33	High	Sensitive wording near auth/database/profile/config boundary	Manual secret review; if real secret exists, stop and rotate before any merge
Secrets Review	POSSIBLE_SECRET_WORDING	approved/supabase-auth-bridge-final.js	71	High	Sensitive wording near auth/database/profile/config boundary	Manual secret review; if real secret exists, stop and rotate before any merge
Secrets Review	POSSIBLE_SECRET_WORDING	approved/supabase-auth-bridge-final.js	79	High	Sensitive wording near auth/database/profile/config boundary	Manual secret review; if real secret exists, stop and rotate before any merge
Secrets Review	POSSIBLE_SECRET_WORDING	approved/supabase-auth-bridge-final.js	85	High	Sensitive wording near auth/database/profile/config boundary	Manual secret review; if real secret exists, stop and rotate before any merge
Secrets Review	POSSIBLE_SECRET_WORDING	approved/supabase-auth-bridge-final.js	87	High	Sensitive wording near auth/database/profile/config boundary	Manual secret review; if real secret exists, stop and rotate before any merge
Secrets Review	POSSIBLE_SECRET_WORDING	approved/supabase-auth-bridge-final.js	109	High	Sensitive wording near auth/database/profile/config boundary	Manual secret review; if real secret exists, stop and rotate before any merge
Secrets Review	POSSIBLE_SECRET_WORDING	approved/supabase-auth-bridge-final.js	153	High	Sensitive wording near auth/database/profile/config boundary	Manual secret review; if real secret exists, stop and rotate before any merge
Secrets Review	POSSIBLE_SECRET_WORDING	approved/supabase-config-approved.js	3	High	Sensitive wording near auth/database/profile/config boundary	Manual secret review; if real secret exists, stop and rotate before any merge
Secrets Review	POSSIBLE_SECRET_WORDING	approved/supabase-config-final.js	3	High	Sensitive wording near auth/database/profile/config boundary	Manual secret review; if real secret exists, stop and rotate before any merge
Secrets Review	POSSIBLE_SECRET_WORDING	approved/sw-before-post-options-cache-fix-20260708.js	8	High	Potential secret/token/key wording in runtime-adjacent file	Manual review without printing value; redact and rotate if real
Secrets Review	POSSIBLE_SECRET_WORDING	approved/sw-before-post-options-cache-fix-20260708.js	12	High	Potential secret/token/key wording in runtime-adjacent file	Manual review without printing value; redact and rotate if real
Secrets Review	POSSIBLE_SECRET_WORDING	approved/visual-identity-pass-7-1/index-before-visual-identity-20260708.html	82	High	Potential secret/token/key wording in runtime-adjacent file	Manual review without printing value; redact and rotate if real
Secrets Review	POSSIBLE_SECRET_WORDING	approved/visual-identity-pass-7-1/index-before-visual-identity-20260708.html	84	High	Potential secret/token/key wording in runtime-adjacent file	Manual review without printing value; redact and rotate if real
Secrets Review	POSSIBLE_SECRET_WORDING	approved/visual-identity-pass-7-1/index-before-visual-identity-20260708.html	89	High	Potential secret/token/key wording in runtime-adjacent file	Manual review without printing value; redact and rotate if real
Secrets Review	POSSIBLE_SECRET_WORDING	approved/visual-identity-pass-7-1/index-before-visual-identity-20260708.html	90	High	Potential secret/token/key wording in runtime-adjacent file	Manual review without printing value; redact and rotate if real
Secrets Review	POSSIBLE_SECRET_WORDING	approved/visual-identity-pass-7-1/index-before-visual-identity-20260708.html	134	High	Potential secret/token/key wording in runtime-adjacent file	Manual review without printing value; redact and rotate if real
Secrets Review	POSSIBLE_SECRET_WORDING	approved/visual-identity-pass-7-1/styles-before-visual-identity-20260708.css	203	High	Potential secret/token/key wording in runtime-adjacent file	Manual review without printing value; redact and rotate if real
Secrets Review	POSSIBLE_SECRET_WORDING	auth-supabase.js	53	High	Sensitive wording near auth/database/profile/config boundary	Manual secret review; if real secret exists, stop and rotate before any merge
Secrets Review	POSSIBLE_SECRET_WORDING	auth-supabase.js	61	High	Sensitive wording near auth/database/profile/config boundary	Manual secret review; if real secret exists, stop and rotate before any merge
Secrets Review	POSSIBLE_SECRET_WORDING	auth-supabase.js	102	High	Sensitive wording near auth/database/profile/config boundary	Manual secret review; if real secret exists, stop and rotate before any merge
Secrets Review	POSSIBLE_SECRET_WORDING	auth-supabase.js	110	High	Sensitive wording near auth/database/profile/config boundary	Manual secret review; if real secret exists, stop and rotate before any merge
Secrets Review	POSSIBLE_SECRET_WORDING	auth-supabase.js	127	High	Sensitive wording near auth/database/profile/config boundary	Manual secret review; if real secret exists, stop and rotate before any merge
Secrets Review	POSSIBLE_SECRET_WORDING	auth-supabase.js	171	High	Sensitive wording near auth/database/profile/config boundary	Manual secret review; if real secret exists, stop and rotate before any merge
Secrets Review	POSSIBLE_SECRET_WORDING	auth-supabase.js	174	High	Sensitive wording near auth/database/profile/config boundary	Manual secret review; if real secret exists, stop and rotate before any merge
Secrets Review	POSSIBLE_SECRET_WORDING	auth-supabase.js	187	High	Sensitive wording near auth/database/profile/config boundary	Manual secret review; if real secret exists, stop and rotate before any merge
Secrets Review	POSSIBLE_SECRET_WORDING	auth-supabase.js	192	High	Sensitive wording near auth/database/profile/config boundary	Manual secret review; if real secret exists, stop and rotate before any merge
Secrets Review	POSSIBLE_SECRET_WORDING	auth.js	70	High	Sensitive wording near auth/database/profile/config boundary	Manual secret review; if real secret exists, stop and rotate before any merge
Secrets Review	POSSIBLE_SECRET_WORDING	auth.js	84	High	Sensitive wording near auth/database/profile/config boundary	Manual secret review; if real secret exists, stop and rotate before any merge
Secrets Review	POSSIBLE_SECRET_WORDING	auth.js	88	High	Sensitive wording near auth/database/profile/config boundary	Manual secret review; if real secret exists, stop and rotate before any merge
Secrets Review	POSSIBLE_SECRET_WORDING	auth.js	91	High	Sensitive wording near auth/database/profile/config boundary	Manual secret review; if real secret exists, stop and rotate before any merge
Secrets Review	POSSIBLE_SECRET_WORDING	auth.js	183	High	Sensitive wording near auth/database/profile/config boundary	Manual secret review; if real secret exists, stop and rotate before any merge
Secrets Review	POSSIBLE_SECRET_WORDING	auth.js	421	High	Sensitive wording near auth/database/profile/config boundary	Manual secret review; if real secret exists, stop and rotate before any merge
Secrets Review	POSSIBLE_SECRET_WORDING	auth.js	422	High	Sensitive wording near auth/database/profile/config boundary	Manual secret review; if real secret exists, stop and rotate before any merge
Secrets Review	POSSIBLE_SECRET_WORDING	auth.js	423	High	Sensitive wording near auth/database/profile/config boundary	Manual secret review; if real secret exists, stop and rotate before any merge
Secrets Review	POSSIBLE_SECRET_WORDING	auth.js	428	High	Sensitive wording near auth/database/profile/config boundary	Manual secret review; if real secret exists, stop and rotate before any merge
Secrets Review	POSSIBLE_SECRET_WORDING	auth.js	451	High	Sensitive wording near auth/database/profile/config boundary	Manual secret review; if real secret exists, stop and rotate before any merge
Secrets Review	POSSIBLE_SECRET_WORDING	auth.js	452	High	Sensitive wording near auth/database/profile/config boundary	Manual secret review; if real secret exists, stop and rotate before any merge
Secrets Review	POSSIBLE_SECRET_WORDING	auth.js	457	High	Sensitive wording near auth/database/profile/config boundary	Manual secret review; if real secret exists, stop and rotate before any merge
Secrets Review	POSSIBLE_SECRET_WORDING	backups/clerk-private-profile.before-atomic-profile-resolver.html	707	High	Sensitive wording near auth/database/profile/config boundary	Manual secret review; if real secret exists, stop and rotate before any merge
Secrets Review	POSSIBLE_SECRET_WORDING	backups/clerk-private-profile.before-atomic-profile-resolver.html	712	High	Sensitive wording near auth/database/profile/config boundary	Manual secret review; if real secret exists, stop and rotate before any merge
Secrets Review	POSSIBLE_SECRET_WORDING	backups/clerk-private-profile.before-atomic-profile-resolver.html	713	High	Sensitive wording near auth/database/profile/config boundary	Manual secret review; if real secret exists, stop and rotate before any merge
Secrets Review	POSSIBLE_SECRET_WORDING	backups/clerk-private-profile.before-atomic-profile-resolver.html	714	High	Sensitive wording near auth/database/profile/config boundary	Manual secret review; if real secret exists, stop and rotate before any merge
Secrets Review	POSSIBLE_SECRET_WORDING	backups/clerk-private-profile.before-atomic-profile-resolver.html	716	High	Sensitive wording near auth/database/profile/config boundary	Manual secret review; if real secret exists, stop and rotate before any merge
Secrets Review	POSSIBLE_SECRET_WORDING	backups/clerk-private-profile.before-atomic-profile-resolver.html	752	High	Sensitive wording near auth/database/profile/config boundary	Manual secret review; if real secret exists, stop and rotate before any merge
Secrets Review	POSSIBLE_SECRET_WORDING	backups/clerk-private-profile.before-atomic-profile-resolver.html	757	High	Sensitive wording near auth/database/profile/config boundary	Manual secret review; if real secret exists, stop and rotate before any merge
Secrets Review	POSSIBLE_SECRET_WORDING	backups/clerk-private-profile.before-atomic-profile-resolver.html	759	High	Sensitive wording near auth/database/profile/config boundary	Manual secret review; if real secret exists, stop and rotate before any merge
Secrets Review	POSSIBLE_SECRET_WORDING	backups/clerk-private-profile.before-atomic-profile-resolver.html	765	High	Sensitive wording near auth/database/profile/config boundary	Manual secret review; if real secret exists, stop and rotate before any merge
Secrets Review	POSSIBLE_SECRET_WORDING	backups/clerk-private-profile.before-atomic-profile-resolver.html	775	High	Sensitive wording near auth/database/profile/config boundary	Manual secret review; if real secret exists, stop and rotate before any merge
Secrets Review	POSSIBLE_SECRET_WORDING	backups/clerk-private-profile.before-atomic-profile-resolver.html	776	High	Sensitive wording near auth/database/profile/config boundary	Manual secret review; if real secret exists, stop and rotate before any merge
Secrets Review	POSSIBLE_SECRET_WORDING	backups/clerk-private-profile.before-atomic-profile-resolver.html	852	High	Sensitive wording near auth/database/profile/config boundary	Manual secret review; if real secret exists, stop and rotate before any merge
Secrets Review	POSSIBLE_SECRET_WORDING	backups/clerk-private-profile.before-profile-resilience-shell.html	663	High	Sensitive wording near auth/database/profile/config boundary	Manual secret review; if real secret exists, stop and rotate before any merge
Secrets Review	POSSIBLE_SECRET_WORDING	backups/clerk-private-profile.before-profile-resilience-shell.html	708	High	Sensitive wording near auth/database/profile/config boundary	Manual secret review; if real secret exists, stop and rotate before any merge
Secrets Review	POSSIBLE_SECRET_WORDING	backups/clerk-private-profile.before-profile-resilience-shell.html	713	High	Sensitive wording near auth/database/profile/config boundary	Manual secret review; if real secret exists, stop and rotate before any merge
Secrets Review	POSSIBLE_SECRET_WORDING	backups/clerk-private-profile.before-profile-resilience-shell.html	714	High	Sensitive wording near auth/database/profile/config boundary	Manual secret review; if real secret exists, stop and rotate before any merge
Secrets Review	POSSIBLE_SECRET_WORDING	backups/clerk-private-profile.before-profile-resilience-shell.html	715	High	Sensitive wording near auth/database/profile/config boundary	Manual secret review; if real secret exists, stop and rotate before any merge
Secrets Review	POSSIBLE_SECRET_WORDING	backups/clerk-private-profile.before-profile-resilience-shell.html	717	High	Sensitive wording near auth/database/profile/config boundary	Manual secret review; if real secret exists, stop and rotate before any merge
Secrets Review	POSSIBLE_SECRET_WORDING	backups/clerk-private-profile.before-profile-resilience-shell.html	753	High	Sensitive wording near auth/database/profile/config boundary	Manual secret review; if real secret exists, stop and rotate before any merge
Secrets Review	POSSIBLE_SECRET_WORDING	backups/clerk-private-profile.before-profile-resilience-shell.html	758	High	Sensitive wording near auth/database/profile/config boundary	Manual secret review; if real secret exists, stop and rotate before any merge
Secrets Review	POSSIBLE_SECRET_WORDING	backups/clerk-private-profile.before-profile-resilience-shell.html	760	High	Sensitive wording near auth/database/profile/config boundary	Manual secret review; if real secret exists, stop and rotate before any merge
Secrets Review	POSSIBLE_SECRET_WORDING	backups/clerk-private-profile.before-profile-resilience-shell.html	766	High	Sensitive wording near auth/database/profile/config boundary	Manual secret review; if real secret exists, stop and rotate before any merge
Secrets Review	POSSIBLE_SECRET_WORDING	backups/clerk-private-profile.before-profile-resilience-shell.html	776	High	Sensitive wording near auth/database/profile/config boundary	Manual secret review; if real secret exists, stop and rotate before any merge
Secrets Review	POSSIBLE_SECRET_WORDING	backups/clerk-private-profile.before-profile-resilience-shell.html	777	High	Sensitive wording near auth/database/profile/config boundary	Manual secret review; if real secret exists, stop and rotate before any merge
Secrets Review	POSSIBLE_SECRET_WORDING	backups/clerk-private-profile.before-profile-resilience-shell.html	857	High	Sensitive wording near auth/database/profile/config boundary	Manual secret review; if real secret exists, stop and rotate before any merge
Secrets Review	POSSIBLE_SECRET_WORDING	backups/visual-trust-layer/phase-2-2/vvip-visual-trust-layer.before-readable-lock.20260709-184736.css	7	High	Potential secret/token/key wording in runtime-adjacent file	Manual review without printing value; redact and rotate if real
Secrets Review	POSSIBLE_SECRET_WORDING	clerk-private-profile.html	664	High	Sensitive wording near auth/database/profile/config boundary	Manual secret review; if real secret exists, stop and rotate before any merge
Secrets Review	POSSIBLE_SECRET_WORDING	clerk-private-profile.html	709	High	Sensitive wording near auth/database/profile/config boundary	Manual secret review; if real secret exists, stop and rotate before any merge
Secrets Review	POSSIBLE_SECRET_WORDING	clerk-private-profile.html	714	High	Sensitive wording near auth/database/profile/config boundary	Manual secret review; if real secret exists, stop and rotate before any merge
Secrets Review	POSSIBLE_SECRET_WORDING	clerk-private-profile.html	715	High	Sensitive wording near auth/database/profile/config boundary	Manual secret review; if real secret exists, stop and rotate before any merge
Secrets Review	POSSIBLE_SECRET_WORDING	clerk-private-profile.html	716	High	Sensitive wording near auth/database/profile/config boundary	Manual secret review; if real secret exists, stop and rotate before any merge
Secrets Review	POSSIBLE_SECRET_WORDING	clerk-private-profile.html	718	High	Sensitive wording near auth/database/profile/config boundary	Manual secret review; if real secret exists, stop and rotate before any merge
Secrets Review	POSSIBLE_SECRET_WORDING	clerk-private-profile.html	754	High	Sensitive wording near auth/database/profile/config boundary	Manual secret review; if real secret exists, stop and rotate before any merge
Secrets Review	POSSIBLE_SECRET_WORDING	clerk-private-profile.html	759	High	Sensitive wording near auth/database/profile/config boundary	Manual secret review; if real secret exists, stop and rotate before any merge
Secrets Review	POSSIBLE_SECRET_WORDING	clerk-private-profile.html	761	High	Sensitive wording near auth/database/profile/config boundary	Manual secret review; if real secret exists, stop and rotate before any merge
Secrets Review	POSSIBLE_SECRET_WORDING	clerk-private-profile.html	767	High	Sensitive wording near auth/database/profile/config boundary	Manual secret review; if real secret exists, stop and rotate before any merge
Secrets Review	POSSIBLE_SECRET_WORDING	clerk-private-profile.html	777	High	Sensitive wording near auth/database/profile/config boundary	Manual secret review; if real secret exists, stop and rotate before any merge
Secrets Review	POSSIBLE_SECRET_WORDING	clerk-private-profile.html	778	High	Sensitive wording near auth/database/profile/config boundary	Manual secret review; if real secret exists, stop and rotate before any merge
Secrets Review	POSSIBLE_SECRET_WORDING	clerk-private-profile.html	1015	High	Sensitive wording near auth/database/profile/config boundary	Manual secret review; if real secret exists, stop and rotate before any merge
Secrets Review	POSSIBLE_SECRET_WORDING	docs/PROFILE_RESILIENCE_SHELL_CLOSURE.md	51	Normal	Documentation-only reference likely safe after review	Keep documented unless line content proves otherwise
Secrets Review	POSSIBLE_SECRET_WORDING	docs/PROFILE_RESILIENCE_SHELL_CLOSURE.md	76	Normal	Documentation-only reference likely safe after review	Keep documented unless line content proves otherwise
Secrets Review	POSSIBLE_SECRET_WORDING	docs/VVIP_TIGER_CLERK_PROFILE_TABLE_LOG.md	46	Normal	Documentation-only reference likely safe after review	Keep documented unless line content proves otherwise
Secrets Review	POSSIBLE_SECRET_WORDING	docs/VVIP_TIGER_CLERK_RLS_APPLY_LOG.md	39	Normal	Documentation-only reference likely safe after review	Keep documented unless line content proves otherwise
Secrets Review	POSSIBLE_SECRET_WORDING	docs/VVIP_TIGER_FINAL_FRONTEND_SAFETY_SWEEP.md	7	Normal	Documentation-only reference likely safe after review	Keep documented unless line content proves otherwise
Secrets Review	POSSIBLE_SECRET_WORDING	docs/VVIP_TIGER_FINAL_FRONTEND_SAFETY_SWEEP.md	9	Normal	Documentation-only reference likely safe after review	Keep documented unless line content proves otherwise
Secrets Review	POSSIBLE_SECRET_WORDING	docs/VVIP_TIGER_FINAL_FRONTEND_SAFETY_SWEEP.md	22	Normal	Documentation-only reference likely safe after review	Keep documented unless line content proves otherwise
Secrets Review	POSSIBLE_SECRET_WORDING	docs/VVIP_TIGER_FINAL_FRONTEND_SAFETY_SWEEP.md	90	Normal	Documentation-only reference likely safe after review	Keep documented unless line content proves otherwise
Secrets Review	POSSIBLE_SECRET_WORDING	docs/VVIP_TIGER_FINAL_FRONTEND_SAFETY_SWEEP.md	129	Normal	Documentation-only reference likely safe after review	Keep documented unless line content proves otherwise
Secrets Review	POSSIBLE_SECRET_WORDING	docs/VVIP_TIGER_FINAL_FRONTEND_SAFETY_SWEEP.md	130	Normal	Documentation-only reference likely safe after review	Keep documented unless line content proves otherwise
Secrets Review	POSSIBLE_SECRET_WORDING	docs/VVIP_TIGER_FINAL_FRONTEND_SAFETY_SWEEP.md	131	Normal	Documentation-only reference likely safe after review	Keep documented unless line content proves otherwise
Secrets Review	POSSIBLE_SECRET_WORDING	docs/VVIP_TIGER_FINAL_FRONTEND_SAFETY_SWEEP.md	132	Normal	Documentation-only reference likely safe after review	Keep documented unless line content proves otherwise
Secrets Review	POSSIBLE_SECRET_WORDING	docs/VVIP_TIGER_FINAL_FRONTEND_SAFETY_SWEEP.md	175	Normal	Documentation-only reference likely safe after review	Keep documented unless line content proves otherwise
Secrets Review	POSSIBLE_SECRET_WORDING	docs/VVIP_TIGER_FINAL_FRONTEND_SAFETY_SWEEP.md	176	Normal	Documentation-only reference likely safe after review	Keep documented unless line content proves otherwise
Secrets Review	POSSIBLE_SECRET_WORDING	docs/VVIP_TIGER_FINAL_FRONTEND_SAFETY_SWEEP.md	177	Normal	Documentation-only reference likely safe after review	Keep documented unless line content proves otherwise
Secrets Review	POSSIBLE_SECRET_WORDING	docs/VVIP_TIGER_FINAL_FRONTEND_SAFETY_SWEEP.md	178	Normal	Documentation-only reference likely safe after review	Keep documented unless line content proves otherwise
Secrets Review	POSSIBLE_SECRET_WORDING	docs/VVIP_TIGER_FINAL_FRONTEND_SAFETY_SWEEP.md	179	Normal	Documentation-only reference likely safe after review	Keep documented unless line content proves otherwise
Secrets Review	POSSIBLE_SECRET_WORDING	docs/VVIP_TIGER_FINAL_FRONTEND_SAFETY_SWEEP.md	180	Normal	Documentation-only reference likely safe after review	Keep documented unless line content proves otherwise
Secrets Review	POSSIBLE_SECRET_WORDING	docs/VVIP_TIGER_FINAL_FRONTEND_SAFETY_SWEEP.md	181	Normal	Documentation-only reference likely safe after review	Keep documented unless line content proves otherwise
Secrets Review	POSSIBLE_SECRET_WORDING	docs/VVIP_TIGER_FINAL_FRONTEND_SAFETY_SWEEP.md	182	Normal	Documentation-only reference likely safe after review	Keep documented unless line content proves otherwise
Secrets Review	POSSIBLE_SECRET_WORDING	docs/VVIP_TIGER_FINAL_FRONTEND_SAFETY_SWEEP.md	183	Normal	Documentation-only reference likely safe after review	Keep documented unless line content proves otherwise
Secrets Review	POSSIBLE_SECRET_WORDING	docs/VVIP_TIGER_FINAL_FRONTEND_SAFETY_SWEEP.md	189	Normal	Documentation-only reference likely safe after review	Keep documented unless line content proves otherwise
Secrets Review	POSSIBLE_SECRET_WORDING	docs/VVIP_TIGER_FINAL_FRONTEND_SAFETY_SWEEP_REVIEW.md	21	Normal	Documentation-only reference likely safe after review	Keep documented unless line content proves otherwise
Secrets Review	POSSIBLE_SECRET_WORDING	docs/VVIP_TIGER_FINAL_FRONTEND_SAFETY_SWEEP_REVIEW.md	23	Normal	Documentation-only reference likely safe after review	Keep documented unless line content proves otherwise
Secrets Review	POSSIBLE_SECRET_WORDING	docs/VVIP_TIGER_FINAL_FRONTEND_SAFETY_SWEEP_REVIEW.md	26	Normal	Documentation-only reference likely safe after review	Keep documented unless line content proves otherwise
Secrets Review	POSSIBLE_SECRET_WORDING	docs/VVIP_TIGER_FINAL_FRONTEND_SAFETY_SWEEP_REVIEW.md	29	Normal	Documentation-only reference likely safe after review	Keep documented unless line content proves otherwise
Secrets Review	POSSIBLE_SECRET_WORDING	docs/VVIP_TIGER_FINAL_FRONTEND_SAFETY_SWEEP_REVIEW.md	37	Normal	Documentation-only reference likely safe after review	Keep documented unless line content proves otherwise
Secrets Review	POSSIBLE_SECRET_WORDING	docs/VVIP_TIGER_FRONTEND_SAFE_BASELINE.md	66	Normal	Documentation-only reference likely safe after review	Keep documented unless line content proves otherwise
Secrets Review	POSSIBLE_SECRET_WORDING	docs/VVIP_TIGER_MEMORY_MAP.md	67	Normal	Documentation-only reference likely safe after review	Keep documented unless line content proves otherwise
Secrets Review	POSSIBLE_SECRET_WORDING	docs/VVIP_TIGER_MEMORY_MAP.md	75	Normal	Documentation-only reference likely safe after review	Keep documented unless line content proves otherwise
Secrets Review	POSSIBLE_SECRET_WORDING	docs/VVIP_TIGER_MEMORY_MAP.md	121	Normal	Documentation-only reference likely safe after review	Keep documented unless line content proves otherwise
Secrets Review	POSSIBLE_SECRET_WORDING	docs/VVIP_TIGER_MEMORY_MAP.md	149	Normal	Documentation-only reference likely safe after review	Keep documented unless line content proves otherwise
Secrets Review	POSSIBLE_SECRET_WORDING	docs/VVIP_TIGER_MEMORY_MAP.md	167	Normal	Documentation-only reference likely safe after review	Keep documented unless line content proves otherwise
Secrets Review	POSSIBLE_SECRET_WORDING	docs/VVIP_TIGER_MEMORY_MAP.md	377	Normal	Documentation-only reference likely safe after review	Keep documented unless line content proves otherwise
Secrets Review	POSSIBLE_SECRET_WORDING	docs/VVIP_TIGER_MEMORY_MAP.md	380	Normal	Documentation-only reference likely safe after review	Keep documented unless line content proves otherwise
Secrets Review	POSSIBLE_SECRET_WORDING	docs/VVIP_TIGER_MEMORY_MAP.md	434	Normal	Documentation-only reference likely safe after review	Keep documented unless line content proves otherwise
Secrets Review	POSSIBLE_SECRET_WORDING	docs/VVIP_TIGER_NAVIGATION_BUTTON_AUDIT.md	27	Normal	Documentation-only reference likely safe after review	Keep documented unless line content proves otherwise
Secrets Review	POSSIBLE_SECRET_WORDING	docs/VVIP_TIGER_NAVIGATION_BUTTON_AUDIT.md	54	Normal	Documentation-only reference likely safe after review	Keep documented unless line content proves otherwise
Secrets Review	POSSIBLE_SECRET_WORDING	docs/VVIP_TIGER_NAVIGATION_BUTTON_AUDIT.md	62	Normal	Documentation-only reference likely safe after review	Keep documented unless line content proves otherwise
Secrets Review	POSSIBLE_SECRET_WORDING	docs/VVIP_TIGER_NAVIGATION_BUTTON_AUDIT.md	73	Normal	Documentation-only reference likely safe after review	Keep documented unless line content proves otherwise
Secrets Review	POSSIBLE_SECRET_WORDING	docs/VVIP_TIGER_NAVIGATION_BUTTON_AUDIT.md	74	Normal	Documentation-only reference likely safe after review	Keep documented unless line content proves otherwise
Secrets Review	POSSIBLE_SECRET_WORDING	docs/VVIP_TIGER_NAVIGATION_BUTTON_AUDIT.md	75	Normal	Documentation-only reference likely safe after review	Keep documented unless line content proves otherwise
Secrets Review	POSSIBLE_SECRET_WORDING	docs/VVIP_TIGER_NAVIGATION_BUTTON_AUDIT.md	80	Normal	Documentation-only reference likely safe after review	Keep documented unless line content proves otherwise
Secrets Review	POSSIBLE_SECRET_WORDING	docs/VVIP_TIGER_NAVIGATION_BUTTON_AUDIT.md	81	Normal	Documentation-only reference likely safe after review	Keep documented unless line content proves otherwise
Secrets Review	POSSIBLE_SECRET_WORDING	docs/VVIP_TIGER_OFFICIAL_PRODUCT_BLUEPRINT.md	39	Normal	Documentation-only reference likely safe after review	Keep documented unless line content proves otherwise
Secrets Review	POSSIBLE_SECRET_WORDING	docs/VVIP_TIGER_PAGE_FLOW_USER_JOURNEY_AUDIT.md	24	Normal	Documentation-only reference likely safe after review	Keep documented unless line content proves otherwise
Secrets Review	POSSIBLE_SECRET_WORDING	docs/VVIP_TIGER_PAGE_FLOW_USER_JOURNEY_AUDIT.md	100	Normal	Documentation-only reference likely safe after review	Keep documented unless line content proves otherwise
Secrets Review	POSSIBLE_SECRET_WORDING	docs/VVIP_TIGER_PAGE_FLOW_USER_JOURNEY_AUDIT.md	147	Normal	Documentation-only reference likely safe after review	Keep documented unless line content proves otherwise
Secrets Review	POSSIBLE_SECRET_WORDING	docs/VVIP_TIGER_PAGE_FLOW_USER_JOURNEY_AUDIT.md	148	Normal	Documentation-only reference likely safe after review	Keep documented unless line content proves otherwise
Secrets Review	POSSIBLE_SECRET_WORDING	docs/VVIP_TIGER_PAGE_FLOW_USER_JOURNEY_AUDIT.md	149	Normal	Documentation-only reference likely safe after review	Keep documented unless line content proves otherwise
Secrets Review	POSSIBLE_SECRET_WORDING	docs/VVIP_TIGER_PAGE_FLOW_USER_JOURNEY_AUDIT.md	164	Normal	Documentation-only reference likely safe after review	Keep documented unless line content proves otherwise
Secrets Review	POSSIBLE_SECRET_WORDING	docs/VVIP_TIGER_PAGE_FLOW_USER_JOURNEY_AUDIT.md	168	Normal	Documentation-only reference likely safe after review	Keep documented unless line content proves otherwise
Secrets Review	POSSIBLE_SECRET_WORDING	docs/VVIP_TIGER_PAGE_FLOW_USER_JOURNEY_AUDIT.md	179	Normal	Documentation-only reference likely safe after review	Keep documented unless line content proves otherwise
Secrets Review	POSSIBLE_SECRET_WORDING	docs/VVIP_TIGER_PAGE_FLOW_USER_JOURNEY_AUDIT.md	271	Normal	Documentation-only reference likely safe after review	Keep documented unless line content proves otherwise
Secrets Review	POSSIBLE_SECRET_WORDING	docs/VVIP_TIGER_PAGE_FLOW_USER_JOURNEY_AUDIT.md	278	Normal	Documentation-only reference likely safe after review	Keep documented unless line content proves otherwise
Secrets Review	POSSIBLE_SECRET_WORDING	docs/VVIP_TIGER_PAGE_FLOW_USER_JOURNEY_AUDIT.md	321	Normal	Documentation-only reference likely safe after review	Keep documented unless line content proves otherwise
Secrets Review	POSSIBLE_SECRET_WORDING	docs/VVIP_TIGER_PAGE_FLOW_USER_JOURNEY_AUDIT.md	322	Normal	Documentation-only reference likely safe after review	Keep documented unless line content proves otherwise
Secrets Review	POSSIBLE_SECRET_WORDING	docs/VVIP_TIGER_PAGE_FLOW_USER_JOURNEY_AUDIT.md	323	Normal	Documentation-only reference likely safe after review	Keep documented unless line content proves otherwise
Secrets Review	POSSIBLE_SECRET_WORDING	docs/VVIP_TIGER_PAGE_FLOW_USER_JOURNEY_AUDIT.md	324	Normal	Documentation-only reference likely safe after review	Keep documented unless line content proves otherwise
Secrets Review	POSSIBLE_SECRET_WORDING	docs/VVIP_TIGER_PAGE_FLOW_USER_JOURNEY_AUDIT.md	325	Normal	Documentation-only reference likely safe after review	Keep documented unless line content proves otherwise
Secrets Review	POSSIBLE_SECRET_WORDING	docs/VVIP_TIGER_PAGE_FLOW_USER_JOURNEY_AUDIT.md	326	Normal	Documentation-only reference likely safe after review	Keep documented unless line content proves otherwise
Secrets Review	POSSIBLE_SECRET_WORDING	docs/VVIP_TIGER_PAGE_FLOW_USER_JOURNEY_AUDIT.md	327	Normal	Documentation-only reference likely safe after review	Keep documented unless line content proves otherwise
Secrets Review	POSSIBLE_SECRET_WORDING	docs/VVIP_TIGER_PAGE_FLOW_USER_JOURNEY_AUDIT.md	328	Normal	Documentation-only reference likely safe after review	Keep documented unless line content proves otherwise
Secrets Review	POSSIBLE_SECRET_WORDING	docs/VVIP_TIGER_PAGE_FLOW_USER_JOURNEY_AUDIT.md	329	Normal	Documentation-only reference likely safe after review	Keep documented unless line content proves otherwise
Secrets Review	POSSIBLE_SECRET_WORDING	docs/VVIP_TIGER_PUBLIC_PAGES_CONSISTENCY_AUDIT.md	14	Normal	Documentation-only reference likely safe after review	Keep documented unless line content proves otherwise
Secrets Review	POSSIBLE_SECRET_WORDING	docs/VVIP_TIGER_PUBLIC_PAGES_CONSISTENCY_AUDIT.md	51	Normal	Documentation-only reference likely safe after review	Keep documented unless line content proves otherwise
Secrets Review	POSSIBLE_SECRET_WORDING	docs/VVIP_TIGER_PUBLIC_PAGES_CONSISTENCY_AUDIT.md	74	Normal	Documentation-only reference likely safe after review	Keep documented unless line content proves otherwise
Secrets Review	POSSIBLE_SECRET_WORDING	docs/VVIP_TIGER_REPOSITORY_HOUSEKEEPING_AUDIT.md	7	Normal	Documentation-only reference likely safe after review	Keep documented unless line content proves otherwise
Secrets Review	POSSIBLE_SECRET_WORDING	docs/VVIP_TIGER_REPOSITORY_HOUSEKEEPING_AUDIT.md	41	Normal	Documentation-only reference likely safe after review	Keep documented unless line content proves otherwise
Secrets Review	POSSIBLE_SECRET_WORDING	docs/VVIP_TIGER_REPOSITORY_HOUSEKEEPING_AUDIT.md	89	Normal	Documentation-only reference likely safe after review	Keep documented unless line content proves otherwise
Secrets Review	POSSIBLE_SECRET_WORDING	docs/VVIP_TIGER_VISUAL_TRUST_LAYER.md	21	Normal	Documentation-only reference likely safe after review	Keep documented unless line content proves otherwise
Secrets Review	POSSIBLE_SECRET_WORDING	docs/VVIP_TIGER_ZERO_VISIBLE_ERROR_EXPERIENCE.md	94	Normal	Documentation-only reference likely safe after review	Keep documented unless line content proves otherwise
Secrets Review	POSSIBLE_SECRET_WORDING	docs/VVIP_TIGER_ZERO_VISIBLE_ERROR_EXPERIENCE.md	95	Normal	Documentation-only reference likely safe after review	Keep documented unless line content proves otherwise
Secrets Review	POSSIBLE_SECRET_WORDING	docs/VVIP_TIGER_ZERO_VISIBLE_ERROR_EXPERIENCE.md	102	Normal	Documentation-only reference likely safe after review	Keep documented unless line content proves otherwise
Secrets Review	POSSIBLE_SECRET_WORDING	docs/VVIP_TIGER_ZERO_VISIBLE_ERROR_EXPERIENCE.md	103	Normal	Documentation-only reference likely safe after review	Keep documented unless line content proves otherwise
Secrets Review	POSSIBLE_SECRET_WORDING	docs/VVIP_TIGER_ZERO_VISIBLE_ERROR_EXPERIENCE.md	105	Normal	Documentation-only reference likely safe after review	Keep documented unless line content proves otherwise
Secrets Review	POSSIBLE_SECRET_WORDING	docs/governance/VVIP_TIGER_SURGICAL_EXECUTION_RULE.md	39	Normal	Documentation-only reference likely safe after review	Keep documented unless line content proves otherwise
Secrets Review	POSSIBLE_SECRET_WORDING	docs/governance/VVIP_TIGER_SURGICAL_EXECUTION_RULE.md	112	Normal	Documentation-only reference likely safe after review	Keep documented unless line content proves otherwise
Secrets Review	POSSIBLE_SECRET_WORDING	docs/governance/VVIP_TIGER_SURGICAL_EXECUTION_RULE.md	173	Normal	Documentation-only reference likely safe after review	Keep documented unless line content proves otherwise
Secrets Review	POSSIBLE_SECRET_WORDING	docs/governance/VVIP_TIGER_SURGICAL_EXECUTION_RULE.md	210	Normal	Documentation-only reference likely safe after review	Keep documented unless line content proves otherwise
Secrets Review	POSSIBLE_SECRET_WORDING	docs/governance/VVIP_TIGER_SURGICAL_EXECUTION_RULE.md	213	Normal	Documentation-only reference likely safe after review	Keep documented unless line content proves otherwise
Secrets Review	POSSIBLE_SECRET_WORDING	docs/governance/VVIP_TIGER_SURGICAL_EXECUTION_RULE.md	262	Normal	Documentation-only reference likely safe after review	Keep documented unless line content proves otherwise
Secrets Review	POSSIBLE_SECRET_WORDING	docs/security/RPC_HARDENED_SECURITY_SCENARIOS_20260709.md	27	Normal	Documentation-only reference likely safe after review	Keep documented unless line content proves otherwise
Secrets Review	POSSIBLE_SECRET_WORDING	docs/security/RPC_HARDENED_SECURITY_SCENARIOS_20260709.md	48	Normal	Documentation-only reference likely safe after review	Keep documented unless line content proves otherwise
Secrets Review	POSSIBLE_SECRET_WORDING	docs/security/RPC_HARDENED_SECURITY_SCENARIOS_20260709.md	49	Normal	Documentation-only reference likely safe after review	Keep documented unless line content proves otherwise
Secrets Review	POSSIBLE_SECRET_WORDING	docs/security/RPC_HARDENED_SECURITY_SCENARIOS_20260709.md	56	Normal	Documentation-only reference likely safe after review	Keep documented unless line content proves otherwise
Secrets Review	POSSIBLE_SECRET_WORDING	docs/security/RPC_HARDENED_SECURITY_SCENARIOS_20260709.md	61	Normal	Documentation-only reference likely safe after review	Keep documented unless line content proves otherwise
Secrets Review	POSSIBLE_SECRET_WORDING	docs/security/RPC_HARDENED_SECURITY_SCENARIOS_20260709.md	76	Normal	Documentation-only reference likely safe after review	Keep documented unless line content proves otherwise
Secrets Review	POSSIBLE_SECRET_WORDING	docs/security/RPC_HARDENED_SECURITY_SCENARIOS_20260709.md	84	Normal	Documentation-only reference likely safe after review	Keep documented unless line content proves otherwise
Secrets Review	POSSIBLE_SECRET_WORDING	docs/security/RPC_HARDENED_SECURITY_SCENARIOS_20260709.md	90	Normal	Documentation-only reference likely safe after review	Keep documented unless line content proves otherwise
Secrets Review	POSSIBLE_SECRET_WORDING	docs/security/RPC_HARDENED_SECURITY_SCENARIOS_20260709.md	205	Normal	Documentation-only reference likely safe after review	Keep documented unless line content proves otherwise
Secrets Review	POSSIBLE_SECRET_WORDING	docs/security/RPC_HARDENED_SECURITY_SCENARIOS_20260709.md	218	Normal	Documentation-only reference likely safe after review	Keep documented unless line content proves otherwise
Secrets Review	POSSIBLE_SECRET_WORDING	docs/security/RPC_REVIEW_FINDINGS_20260709.md	17	Normal	Documentation-only reference likely safe after review	Keep documented unless line content proves otherwise
Secrets Review	POSSIBLE_SECRET_WORDING	docs/security/RPC_REVIEW_FINDINGS_20260709.md	23	Normal	Documentation-only reference likely safe after review	Keep documented unless line content proves otherwise
Secrets Review	POSSIBLE_SECRET_WORDING	docs/security/RPC_REVIEW_FINDINGS_20260709.md	48	Normal	Documentation-only reference likely safe after review	Keep documented unless line content proves otherwise
Secrets Review	POSSIBLE_SECRET_WORDING	docs/security/SUPABASE_CLERK_SECURITY_AUDIT_LOCK_20260709.md	24	Normal	Documentation-only reference likely safe after review	Keep documented unless line content proves otherwise
Secrets Review	POSSIBLE_SECRET_WORDING	docs/security/SUPABASE_CLERK_SECURITY_AUDIT_LOCK_20260709.md	48	Normal	Documentation-only reference likely safe after review	Keep documented unless line content proves otherwise
Secrets Review	POSSIBLE_SECRET_WORDING	docs/security/production-apply/SUPABASE_MANUAL_BACKUP_PRODUCTION_APPLY_PLAN_DRAFT.md	38	Normal	Documentation-only reference likely safe after review	Keep documented unless line content proves otherwise
Secrets Review	POSSIBLE_SECRET_WORDING	docs/security/production-apply/SUPABASE_MANUAL_BACKUP_PRODUCTION_APPLY_PLAN_DRAFT.md	136	Normal	Documentation-only reference likely safe after review	Keep documented unless line content proves otherwise
Secrets Review	POSSIBLE_SECRET_WORDING	docs/security/production-apply/SUPABASE_MANUAL_BACKUP_PRODUCTION_APPLY_PLAN_DRAFT.md	158	Normal	Documentation-only reference likely safe after review	Keep documented unless line content proves otherwise
Secrets Review	POSSIBLE_SECRET_WORDING	docs/security/production-apply/SUPABASE_MANUAL_BACKUP_PRODUCTION_APPLY_PLAN_DRAFT.md	161	Normal	Documentation-only reference likely safe after review	Keep documented unless line content proves otherwise
Secrets Review	POSSIBLE_SECRET_WORDING	docs/security/sql-review/20260709_vvip_tiger_atomic_profile_resolver_rpc_hardened_review.sql	12	Normal	Documentation-only reference likely safe after review	Keep documented unless line content proves otherwise
Secrets Review	POSSIBLE_SECRET_WORDING	docs/security/sql-review/20260709_vvip_tiger_atomic_profile_resolver_rpc_hardened_review.sql	76	Normal	Documentation-only reference likely safe after review	Keep documented unless line content proves otherwise
Secrets Review	POSSIBLE_SECRET_WORDING	docs/security/sql-review/20260709_vvip_tiger_atomic_profile_resolver_rpc_hardened_review.sql	90	Normal	Documentation-only reference likely safe after review	Keep documented unless line content proves otherwise
Secrets Review	POSSIBLE_SECRET_WORDING	docs/security/sql-review/20260709_vvip_tiger_atomic_profile_resolver_rpc_hardened_review.sql	92	Normal	Documentation-only reference likely safe after review	Keep documented unless line content proves otherwise
Secrets Review	POSSIBLE_SECRET_WORDING	docs/security/sql-review/20260709_vvip_tiger_atomic_profile_resolver_rpc_hardened_review.sql	94	Normal	Documentation-only reference likely safe after review	Keep documented unless line content proves otherwise
Secrets Review	POSSIBLE_SECRET_WORDING	docs/security/sql-review/20260709_vvip_tiger_atomic_profile_resolver_rpc_hardened_review.sql	95	Normal	Documentation-only reference likely safe after review	Keep documented unless line content proves otherwise
Secrets Review	POSSIBLE_SECRET_WORDING	docs/security/sql-review/20260709_vvip_tiger_atomic_profile_resolver_rpc_hardened_review.sql	96	Normal	Documentation-only reference likely safe after review	Keep documented unless line content proves otherwise
Secrets Review	POSSIBLE_SECRET_WORDING	docs/security/sql-review/20260709_vvip_tiger_atomic_profile_resolver_rpc_hardened_review.sql	97	Normal	Documentation-only reference likely safe after review	Keep documented unless line content proves otherwise
Secrets Review	POSSIBLE_SECRET_WORDING	docs/security/sql-review/20260709_vvip_tiger_atomic_profile_resolver_rpc_hardened_review.sql	98	Normal	Documentation-only reference likely safe after review	Keep documented unless line content proves otherwise
Secrets Review	POSSIBLE_SECRET_WORDING	docs/security/sql-review/20260709_vvip_tiger_atomic_profile_resolver_rpc_hardened_review.sql	154	Normal	Documentation-only reference likely safe after review	Keep documented unless line content proves otherwise
Secrets Review	POSSIBLE_SECRET_WORDING	docs/security/sql-review/20260709_vvip_tiger_atomic_profile_resolver_rpc_hardened_review.sql	156	Normal	Documentation-only reference likely safe after review	Keep documented unless line content proves otherwise
Secrets Review	POSSIBLE_SECRET_WORDING	docs/security/sql-review/20260709_vvip_tiger_atomic_profile_resolver_rpc_hardened_review.sql	161	Normal	Documentation-only reference likely safe after review	Keep documented unless line content proves otherwise
Secrets Review	POSSIBLE_SECRET_WORDING	docs/security/sql-review/20260709_vvip_tiger_atomic_profile_resolver_rpc_hardened_review.sql	193	Normal	Documentation-only reference likely safe after review	Keep documented unless line content proves otherwise
Secrets Review	POSSIBLE_SECRET_WORDING	docs/security/sql-review/20260709_vvip_tiger_atomic_profile_resolver_rpc_hardened_review.sql	194	Normal	Documentation-only reference likely safe after review	Keep documented unless line content proves otherwise
Secrets Review	POSSIBLE_SECRET_WORDING	docs/security/sql-review/20260709_vvip_tiger_atomic_profile_resolver_rpc_hardened_review.sql	203	Normal	Documentation-only reference likely safe after review	Keep documented unless line content proves otherwise
Secrets Review	POSSIBLE_SECRET_WORDING	docs/security/sql-review/20260709_vvip_tiger_atomic_profile_resolver_rpc_hardened_review.sql	215	Normal	Documentation-only reference likely safe after review	Keep documented unless line content proves otherwise
Secrets Review	POSSIBLE_SECRET_WORDING	index.html	84	High	Potential secret/token/key wording in runtime-adjacent file	Manual review without printing value; redact and rotate if real
Secrets Review	POSSIBLE_SECRET_WORDING	index.html	86	High	Potential secret/token/key wording in runtime-adjacent file	Manual review without printing value; redact and rotate if real
Secrets Review	POSSIBLE_SECRET_WORDING	index.html	91	High	Potential secret/token/key wording in runtime-adjacent file	Manual review without printing value; redact and rotate if real
Secrets Review	POSSIBLE_SECRET_WORDING	index.html	92	High	Potential secret/token/key wording in runtime-adjacent file	Manual review without printing value; redact and rotate if real
Secrets Review	POSSIBLE_SECRET_WORDING	index.html	136	High	Potential secret/token/key wording in runtime-adjacent file	Manual review without printing value; redact and rotate if real
Secrets Review	POSSIBLE_SECRET_WORDING	reset-password.html	44	High	Potential secret/token/key wording in runtime-adjacent file	Manual review without printing value; redact and rotate if real
Secrets Review	POSSIBLE_SECRET_WORDING	scripts/supabase-auth-bridge.js	33	High	Sensitive wording near auth/database/profile/config boundary	Manual secret review; if real secret exists, stop and rotate before any merge
Secrets Review	POSSIBLE_SECRET_WORDING	scripts/supabase-auth-bridge.js	71	High	Sensitive wording near auth/database/profile/config boundary	Manual secret review; if real secret exists, stop and rotate before any merge
Secrets Review	POSSIBLE_SECRET_WORDING	scripts/supabase-auth-bridge.js	79	High	Sensitive wording near auth/database/profile/config boundary	Manual secret review; if real secret exists, stop and rotate before any merge
Secrets Review	POSSIBLE_SECRET_WORDING	scripts/supabase-auth-bridge.js	85	High	Sensitive wording near auth/database/profile/config boundary	Manual secret review; if real secret exists, stop and rotate before any merge
Secrets Review	POSSIBLE_SECRET_WORDING	scripts/supabase-auth-bridge.js	87	High	Sensitive wording near auth/database/profile/config boundary	Manual secret review; if real secret exists, stop and rotate before any merge
Secrets Review	POSSIBLE_SECRET_WORDING	scripts/supabase-auth-bridge.js	109	High	Sensitive wording near auth/database/profile/config boundary	Manual secret review; if real secret exists, stop and rotate before any merge
Secrets Review	POSSIBLE_SECRET_WORDING	scripts/supabase-auth-bridge.js	153	High	Sensitive wording near auth/database/profile/config boundary	Manual secret review; if real secret exists, stop and rotate before any merge
Secrets Review	POSSIBLE_SECRET_WORDING	scripts/supabase-config.js	3	High	Sensitive wording near auth/database/profile/config boundary	Manual secret review; if real secret exists, stop and rotate before any merge
Secrets Review	POSSIBLE_SECRET_WORDING	scripts/vvip-safe-ux-guard.js	15	High	Potential secret/token/key wording in runtime-adjacent file	Manual review without printing value; redact and rotate if real
Secrets Review	POSSIBLE_SECRET_WORDING	social-ui.js	943	High	Potential secret/token/key wording in runtime-adjacent file	Manual review without printing value; redact and rotate if real
Secrets Review	POSSIBLE_SECRET_WORDING	social-ui.js	944	High	Potential secret/token/key wording in runtime-adjacent file	Manual review without printing value; redact and rotate if real
Secrets Review	POSSIBLE_SECRET_WORDING	social-ui.js	945	High	Potential secret/token/key wording in runtime-adjacent file	Manual review without printing value; redact and rotate if real
Secrets Review	POSSIBLE_SECRET_WORDING	styles.css	203	High	Potential secret/token/key wording in runtime-adjacent file	Manual review without printing value; redact and rotate if real
Secrets Review	POSSIBLE_SECRET_WORDING	styles/vvip-visual-trust-layer.css	7	High	Potential secret/token/key wording in runtime-adjacent file	Manual review without printing value; redact and rotate if real
Secrets Review	POSSIBLE_SECRET_WORDING	supabase/functions/phone-verification/index.ts	5	High	Sensitive wording near auth/database/profile/config boundary	Manual secret review; if real secret exists, stop and rotate before any merge
Secrets Review	POSSIBLE_SECRET_WORDING	supabase/functions/send-verification-email/index.ts	6	High	Sensitive wording near auth/database/profile/config boundary	Manual secret review; if real secret exists, stop and rotate before any merge
Secrets Review	POSSIBLE_SECRET_WORDING	supabase/functions/send-verification-email/index.ts	17	High	Sensitive wording near auth/database/profile/config boundary	Manual secret review; if real secret exists, stop and rotate before any merge
Secrets Review	POSSIBLE_SECRET_WORDING	supabase/functions/send-verification-email/index.ts	82	High	Sensitive wording near auth/database/profile/config boundary	Manual secret review; if real secret exists, stop and rotate before any merge
Secrets Review	POSSIBLE_SECRET_WORDING	supabase/functions/send-verification-email/index.ts	85	High	Sensitive wording near auth/database/profile/config boundary	Manual secret review; if real secret exists, stop and rotate before any merge
Secrets Review	POSSIBLE_SECRET_WORDING	supabase/functions/send-verification-email/index.ts	135	High	Sensitive wording near auth/database/profile/config boundary	Manual secret review; if real secret exists, stop and rotate before any merge
Secrets Review	POSSIBLE_SECRET_WORDING	supabase/functions/send-verification-email/index.ts	196	High	Sensitive wording near auth/database/profile/config boundary	Manual secret review; if real secret exists, stop and rotate before any merge
Secrets Review	POSSIBLE_SECRET_WORDING	supabase/functions/send-verification-email/index.ts	202	High	Sensitive wording near auth/database/profile/config boundary	Manual secret review; if real secret exists, stop and rotate before any merge
Secrets Review	POSSIBLE_SECRET_WORDING	supabase/functions/send-verification-email/index.ts	314	High	Sensitive wording near auth/database/profile/config boundary	Manual secret review; if real secret exists, stop and rotate before any merge
Secrets Review	POSSIBLE_SECRET_WORDING	supabase/functions/send-verification-email/index.ts	321	High	Sensitive wording near auth/database/profile/config boundary	Manual secret review; if real secret exists, stop and rotate before any merge
Secrets Review	POSSIBLE_SECRET_WORDING	supabase/functions/send-verification-email/index.ts	352	High	Sensitive wording near auth/database/profile/config boundary	Manual secret review; if real secret exists, stop and rotate before any merge
Secrets Review	POSSIBLE_SECRET_WORDING	supabase/functions/send-verification-email/index.ts	360	High	Sensitive wording near auth/database/profile/config boundary	Manual secret review; if real secret exists, stop and rotate before any merge
Secrets Review	POSSIBLE_SECRET_WORDING	supabase/functions/send-verification-email/index.ts	365	High	Sensitive wording near auth/database/profile/config boundary	Manual secret review; if real secret exists, stop and rotate before any merge
Secrets Review	POSSIBLE_SECRET_WORDING	supabase/functions/send-verification-email/index.ts	390	High	Sensitive wording near auth/database/profile/config boundary	Manual secret review; if real secret exists, stop and rotate before any merge
Secrets Review	POSSIBLE_SECRET_WORDING	supabase/functions/send-verification-email/index.ts	407	High	Sensitive wording near auth/database/profile/config boundary	Manual secret review; if real secret exists, stop and rotate before any merge
Secrets Review	POSSIBLE_SECRET_WORDING	supabase/functions/send-verification-email/index.ts	417	High	Sensitive wording near auth/database/profile/config boundary	Manual secret review; if real secret exists, stop and rotate before any merge
Secrets Review	POSSIBLE_SECRET_WORDING	supabase/functions/send-verification-email/index.ts	450	High	Sensitive wording near auth/database/profile/config boundary	Manual secret review; if real secret exists, stop and rotate before any merge
Secrets Review	POSSIBLE_SECRET_WORDING	supabase/migrations/20260707_vvip_tiger_clerk_profiles_table.sql	35	High	Sensitive wording near auth/database/profile/config boundary	Manual secret review; if real secret exists, stop and rotate before any merge
Secrets Review	POSSIBLE_SECRET_WORDING	supabase/migrations/20260707_vvip_tiger_clerk_profiles_table.sql	43	High	Sensitive wording near auth/database/profile/config boundary	Manual secret review; if real secret exists, stop and rotate before any merge
Secrets Review	POSSIBLE_SECRET_WORDING	supabase/migrations/20260707_vvip_tiger_clerk_profiles_table.sql	51	High	Sensitive wording near auth/database/profile/config boundary	Manual secret review; if real secret exists, stop and rotate before any merge
Secrets Review	POSSIBLE_SECRET_WORDING	supabase/migrations/20260707_vvip_tiger_clerk_profiles_table.sql	52	High	Sensitive wording near auth/database/profile/config boundary	Manual secret review; if real secret exists, stop and rotate before any merge
Secrets Review	POSSIBLE_SECRET_WORDING	supabase/migrations/20260709_vvip_tiger_atomic_profile_resolver_rpc.sql	3	High	Sensitive wording near auth/database/profile/config boundary	Manual secret review; if real secret exists, stop and rotate before any merge
Secrets Review	POSSIBLE_SECRET_WORDING	supabase/migrations/20260709_vvip_tiger_atomic_profile_resolver_rpc.sql	6	High	Sensitive wording near auth/database/profile/config boundary	Manual secret review; if real secret exists, stop and rotate before any merge
Secrets Review	POSSIBLE_SECRET_WORDING	supabase/migrations/20260709_vvip_tiger_atomic_profile_resolver_rpc.sql	11	High	Sensitive wording near auth/database/profile/config boundary	Manual secret review; if real secret exists, stop and rotate before any merge
Secrets Review	POSSIBLE_SECRET_WORDING	supabase/migrations/20260709_vvip_tiger_atomic_profile_resolver_rpc.sql	13	High	Sensitive wording near auth/database/profile/config boundary	Manual secret review; if real secret exists, stop and rotate before any merge
Secrets Review	POSSIBLE_SECRET_WORDING	supabase/migrations/20260709_vvip_tiger_atomic_profile_resolver_rpc.sql	35	High	Sensitive wording near auth/database/profile/config boundary	Manual secret review; if real secret exists, stop and rotate before any merge
Secrets Review	POSSIBLE_SECRET_WORDING	supabase/migrations/20260709_vvip_tiger_atomic_profile_resolver_rpc.sql	43	High	Sensitive wording near auth/database/profile/config boundary	Manual secret review; if real secret exists, stop and rotate before any merge
Secrets Review	POSSIBLE_SECRET_WORDING	supabase/migrations/20260709_vvip_tiger_atomic_profile_resolver_rpc.sql	51	High	Sensitive wording near auth/database/profile/config boundary	Manual secret review; if real secret exists, stop and rotate before any merge
Secrets Review	POSSIBLE_SECRET_WORDING	supabase/migrations/20260709_vvip_tiger_atomic_profile_resolver_rpc.sql	54	High	Sensitive wording near auth/database/profile/config boundary	Manual secret review; if real secret exists, stop and rotate before any merge
Secrets Review	POSSIBLE_SECRET_WORDING	supabase/migrations/20260709_vvip_tiger_atomic_profile_resolver_rpc.sql	64	High	Sensitive wording near auth/database/profile/config boundary	Manual secret review; if real secret exists, stop and rotate before any merge
Secrets Review	POSSIBLE_SECRET_WORDING	supabase/migrations/20260709_vvip_tiger_atomic_profile_resolver_rpc.sql	65	High	Sensitive wording near auth/database/profile/config boundary	Manual secret review; if real secret exists, stop and rotate before any merge
Secrets Review	POSSIBLE_SECRET_WORDING	supabase/migrations/20260709_vvip_tiger_atomic_profile_resolver_rpc.sql	67	High	Sensitive wording near auth/database/profile/config boundary	Manual secret review; if real secret exists, stop and rotate before any merge
Secrets Review	POSSIBLE_SECRET_WORDING	supabase/migrations/20260709_vvip_tiger_atomic_profile_resolver_rpc.sql	68	High	Sensitive wording near auth/database/profile/config boundary	Manual secret review; if real secret exists, stop and rotate before any merge
Secrets Review	POSSIBLE_SECRET_WORDING	supabase/migrations/20260709_vvip_tiger_atomic_profile_resolver_rpc.sql	69	High	Sensitive wording near auth/database/profile/config boundary	Manual secret review; if real secret exists, stop and rotate before any merge
Secrets Review	POSSIBLE_SECRET_WORDING	supabase/migrations/20260709_vvip_tiger_atomic_profile_resolver_rpc.sql	70	High	Sensitive wording near auth/database/profile/config boundary	Manual secret review; if real secret exists, stop and rotate before any merge
Secrets Review	POSSIBLE_SECRET_WORDING	supabase/migrations/20260709_vvip_tiger_atomic_profile_resolver_rpc.sql	73	High	Sensitive wording near auth/database/profile/config boundary	Manual secret review; if real secret exists, stop and rotate before any merge
Secrets Review	POSSIBLE_SECRET_WORDING	supabase/migrations/20260709_vvip_tiger_profiles_clerk_jwt_rls_bridge.sql	1	High	Sensitive wording near auth/database/profile/config boundary	Manual secret review; if real secret exists, stop and rotate before any merge
Secrets Review	POSSIBLE_SECRET_WORDING	supabase/migrations/20260709_vvip_tiger_profiles_clerk_jwt_rls_bridge.sql	3	High	Sensitive wording near auth/database/profile/config boundary	Manual secret review; if real secret exists, stop and rotate before any merge
Secrets Review	POSSIBLE_SECRET_WORDING	supabase/migrations/20260709_vvip_tiger_profiles_clerk_jwt_rls_bridge.sql	17	High	Sensitive wording near auth/database/profile/config boundary	Manual secret review; if real secret exists, stop and rotate before any merge
Secrets Review	POSSIBLE_SECRET_WORDING	supabase/migrations/20260709_vvip_tiger_profiles_clerk_jwt_rls_bridge.sql	23	High	Sensitive wording near auth/database/profile/config boundary	Manual secret review; if real secret exists, stop and rotate before any merge
Secrets Review	POSSIBLE_SECRET_WORDING	supabase/migrations/20260709_vvip_tiger_profiles_clerk_jwt_rls_bridge.sql	29	High	Sensitive wording near auth/database/profile/config boundary	Manual secret review; if real secret exists, stop and rotate before any merge
Secrets Review	POSSIBLE_SECRET_WORDING	supabase/migrations/20260709_vvip_tiger_profiles_clerk_jwt_rls_bridge.sql	30	High	Sensitive wording near auth/database/profile/config boundary	Manual secret review; if real secret exists, stop and rotate before any merge
Secrets Review	POSSIBLE_SECRET_WORDING	sw.js	9	High	Potential secret/token/key wording in runtime-adjacent file	Manual review without printing value; redact and rotate if real
Secrets Review	POSSIBLE_SECRET_WORDING	sw.js	17	High	Potential secret/token/key wording in runtime-adjacent file	Manual review without printing value; redact and rotate if real
Secrets Review	POSSIBLE_SECRET_WORDING	vvip-identity.css	31	High	Potential secret/token/key wording in runtime-adjacent file	Manual review without printing value; redact and rotate if real
Logging Review	CONSOLE_LOGGING	ACCOUNT-CHOOSER-SPEC.md	102	Medium	Runtime logging may expose internals or user data	Review log intent; later reduce or guard logs if needed
Logging Review	CONSOLE_LOGGING	ACCOUNT-CHOOSER-SPEC.md	111	Medium	Runtime logging may expose internals or user data	Review log intent; later reduce or guard logs if needed
Logging Review	CONSOLE_LOGGING	ADMIN-ROLE-SPEC.md	180	Medium	Runtime logging may expose internals or user data	Review log intent; later reduce or guard logs if needed
Logging Review	CONSOLE_LOGGING	ADMIN-ROLE-SPEC.md	190	Medium	Runtime logging may expose internals or user data	Review log intent; later reduce or guard logs if needed
Logging Review	CONSOLE_LOGGING	EMAIL-VERIFICATION-SETUP.md	232	Medium	Runtime logging may expose internals or user data	Review log intent; later reduce or guard logs if needed
Logging Review	CONSOLE_LOGGING	EMAIL-VERIFICATION-SETUP.md	234	Medium	Runtime logging may expose internals or user data	Review log intent; later reduce or guard logs if needed
Logging Review	CONSOLE_LOGGING	EMAIL-VERIFICATION-SETUP.md	247	Medium	Runtime logging may expose internals or user data	Review log intent; later reduce or guard logs if needed
Logging Review	CONSOLE_LOGGING	RLS-IMPLEMENTATION-GUIDE.md	70	Medium	Runtime logging may expose internals or user data	Review log intent; later reduce or guard logs if needed
Logging Review	CONSOLE_LOGGING	RLS-IMPLEMENTATION-GUIDE.md	85	Medium	Runtime logging may expose internals or user data	Review log intent; later reduce or guard logs if needed
Logging Review	CONSOLE_LOGGING	RLS-IMPLEMENTATION-GUIDE.md	99	Medium	Runtime logging may expose internals or user data	Review log intent; later reduce or guard logs if needed
Logging Review	CONSOLE_LOGGING	RLS-IMPLEMENTATION-GUIDE.md	115	Medium	Runtime logging may expose internals or user data	Review log intent; later reduce or guard logs if needed
Logging Review	CONSOLE_LOGGING	RLS-IMPLEMENTATION-GUIDE.md	129	Medium	Runtime logging may expose internals or user data	Review log intent; later reduce or guard logs if needed
Logging Review	CONSOLE_LOGGING	approved/auth-clerk-index-before-profile-button-fix-20260707.js	5	High	Logging near identity/profile/session boundary	Review logs; later replace with admin-safe diagnostics if needed
Logging Review	CONSOLE_LOGGING	approved/auth-clerk-index-before-profile-button-fix-20260707.js	88	High	Logging near identity/profile/session boundary	Review logs; later replace with admin-safe diagnostics if needed
Logging Review	CONSOLE_LOGGING	approved/auth-clerk-index-before-vvip-gate-login-20260707.js	5	High	Logging near identity/profile/session boundary	Review logs; later replace with admin-safe diagnostics if needed
Logging Review	CONSOLE_LOGGING	approved/auth-clerk-index-before-vvip-gate-login-20260707.js	110	High	Logging near identity/profile/session boundary	Review logs; later replace with admin-safe diagnostics if needed
Logging Review	CONSOLE_LOGGING	approved/clerk-private-profile-before-official-ui-20260707.html	306	High	Logging near identity/profile/session boundary	Review logs; later replace with admin-safe diagnostics if needed
Logging Review	CONSOLE_LOGGING	approved/clerk-private-profile-before-supabase-bridge-20260707.html	170	High	Logging near identity/profile/session boundary	Review logs; later replace with admin-safe diagnostics if needed
Logging Review	CONSOLE_LOGGING	approved/clerk-private-profile-before-tiger-care-card-20260707.html	824	High	Logging near identity/profile/session boundary	Review logs; later replace with admin-safe diagnostics if needed
Logging Review	CONSOLE_LOGGING	approved/clerk-private-profile-before-vip-membership-center-20260707.html	707	High	Logging near identity/profile/session boundary	Review logs; later replace with admin-safe diagnostics if needed
Logging Review	CONSOLE_LOGGING	approved/legacy-auth-audit-7-1/clerk-private-profile-before-linkrel-fix-20260708.html	1032	High	Logging near identity/profile/session boundary	Review logs; later replace with admin-safe diagnostics if needed
Logging Review	CONSOLE_LOGGING	approved/require-auth-approved.js	6	High	Logging near identity/profile/session boundary	Review logs; later replace with admin-safe diagnostics if needed
Logging Review	CONSOLE_LOGGING	approved/require-auth-approved.js	14	High	Logging near identity/profile/session boundary	Review logs; later replace with admin-safe diagnostics if needed
Logging Review	CONSOLE_LOGGING	approved/require-auth-approved.js	20	High	Logging near identity/profile/session boundary	Review logs; later replace with admin-safe diagnostics if needed
Logging Review	CONSOLE_LOGGING	approved/require-auth-approved.js	25	High	Logging near identity/profile/session boundary	Review logs; later replace with admin-safe diagnostics if needed
Logging Review	CONSOLE_LOGGING	approved/require-auth-approved.js	27	High	Logging near identity/profile/session boundary	Review logs; later replace with admin-safe diagnostics if needed
Logging Review	CONSOLE_LOGGING	approved/require-auth-final.js	6	High	Logging near identity/profile/session boundary	Review logs; later replace with admin-safe diagnostics if needed
Logging Review	CONSOLE_LOGGING	approved/require-auth-final.js	14	High	Logging near identity/profile/session boundary	Review logs; later replace with admin-safe diagnostics if needed
Logging Review	CONSOLE_LOGGING	approved/require-auth-final.js	20	High	Logging near identity/profile/session boundary	Review logs; later replace with admin-safe diagnostics if needed
Logging Review	CONSOLE_LOGGING	approved/require-auth-final.js	25	High	Logging near identity/profile/session boundary	Review logs; later replace with admin-safe diagnostics if needed
Logging Review	CONSOLE_LOGGING	approved/require-auth-final.js	27	High	Logging near identity/profile/session boundary	Review logs; later replace with admin-safe diagnostics if needed
Logging Review	CONSOLE_LOGGING	approved/supabase-auth-bridge-approved.js	117	High	Logging near identity/profile/session boundary	Review logs; later replace with admin-safe diagnostics if needed
Logging Review	CONSOLE_LOGGING	approved/supabase-auth-bridge-approved.js	120	High	Logging near identity/profile/session boundary	Review logs; later replace with admin-safe diagnostics if needed
Logging Review	CONSOLE_LOGGING	approved/supabase-auth-bridge-approved.js	163	High	Logging near identity/profile/session boundary	Review logs; later replace with admin-safe diagnostics if needed
Logging Review	CONSOLE_LOGGING	approved/supabase-auth-bridge-final.js	117	High	Logging near identity/profile/session boundary	Review logs; later replace with admin-safe diagnostics if needed
Logging Review	CONSOLE_LOGGING	approved/supabase-auth-bridge-final.js	120	High	Logging near identity/profile/session boundary	Review logs; later replace with admin-safe diagnostics if needed
Logging Review	CONSOLE_LOGGING	approved/supabase-auth-bridge-final.js	163	High	Logging near identity/profile/session boundary	Review logs; later replace with admin-safe diagnostics if needed
Logging Review	CONSOLE_LOGGING	approved/visual-identity-pass-7-1/clerk-private-profile-before-visual-identity-20260708.html	1031	High	Logging near identity/profile/session boundary	Review logs; later replace with admin-safe diagnostics if needed
Logging Review	CONSOLE_LOGGING	auth-clerk-index.js	5	High	Logging near identity/profile/session boundary	Review logs; later replace with admin-safe diagnostics if needed
Logging Review	CONSOLE_LOGGING	auth-clerk-index.js	122	High	Logging near identity/profile/session boundary	Review logs; later replace with admin-safe diagnostics if needed
Logging Review	CONSOLE_LOGGING	auth-supabase.js	145	High	Logging near identity/profile/session boundary	Review logs; later replace with admin-safe diagnostics if needed
Logging Review	CONSOLE_LOGGING	auth.js	340	High	Logging near identity/profile/session boundary	Review logs; later replace with admin-safe diagnostics if needed
Logging Review	CONSOLE_LOGGING	auth.js	363	High	Logging near identity/profile/session boundary	Review logs; later replace with admin-safe diagnostics if needed
Logging Review	CONSOLE_LOGGING	auth.js	442	High	Logging near identity/profile/session boundary	Review logs; later replace with admin-safe diagnostics if needed
Logging Review	CONSOLE_LOGGING	auth.js	448	High	Logging near identity/profile/session boundary	Review logs; later replace with admin-safe diagnostics if needed
Logging Review	CONSOLE_LOGGING	backups/clerk-private-profile.before-atomic-profile-resolver.html	707	High	Logging near identity/profile/session boundary	Review logs; later replace with admin-safe diagnostics if needed
Logging Review	CONSOLE_LOGGING	backups/clerk-private-profile.before-atomic-profile-resolver.html	713	High	Logging near identity/profile/session boundary	Review logs; later replace with admin-safe diagnostics if needed
Logging Review	CONSOLE_LOGGING	backups/clerk-private-profile.before-atomic-profile-resolver.html	716	High	Logging near identity/profile/session boundary	Review logs; later replace with admin-safe diagnostics if needed
Logging Review	CONSOLE_LOGGING	backups/clerk-private-profile.before-atomic-profile-resolver.html	1056	High	Logging near identity/profile/session boundary	Review logs; later replace with admin-safe diagnostics if needed
Logging Review	CONSOLE_LOGGING	backups/clerk-private-profile.before-atomic-profile-resolver.html	1081	High	Logging near identity/profile/session boundary	Review logs; later replace with admin-safe diagnostics if needed
Logging Review	CONSOLE_LOGGING	backups/clerk-private-profile.before-atomic-profile-resolver.html	1103	High	Logging near identity/profile/session boundary	Review logs; later replace with admin-safe diagnostics if needed
Logging Review	CONSOLE_LOGGING	backups/clerk-private-profile.before-atomic-profile-resolver.html	1128	High	Logging near identity/profile/session boundary	Review logs; later replace with admin-safe diagnostics if needed
Logging Review	CONSOLE_LOGGING	backups/clerk-private-profile.before-atomic-profile-resolver.html	1233	High	Logging near identity/profile/session boundary	Review logs; later replace with admin-safe diagnostics if needed
Logging Review	CONSOLE_LOGGING	backups/clerk-private-profile.before-atomic-profile-resolver.html	1270	High	Logging near identity/profile/session boundary	Review logs; later replace with admin-safe diagnostics if needed
Logging Review	CONSOLE_LOGGING	backups/clerk-private-profile.before-atomic-profile-resolver.html	1337	High	Logging near identity/profile/session boundary	Review logs; later replace with admin-safe diagnostics if needed
Logging Review	CONSOLE_LOGGING	backups/clerk-private-profile.before-atomic-profile-resolver.html	1345	High	Logging near identity/profile/session boundary	Review logs; later replace with admin-safe diagnostics if needed
Logging Review	CONSOLE_LOGGING	backups/clerk-private-profile.before-atomic-profile-resolver.html	1369	High	Logging near identity/profile/session boundary	Review logs; later replace with admin-safe diagnostics if needed
Logging Review	CONSOLE_LOGGING	backups/clerk-private-profile.before-jwt-rls-bridge.html	923	High	Logging near identity/profile/session boundary	Review logs; later replace with admin-safe diagnostics if needed
Logging Review	CONSOLE_LOGGING	backups/clerk-private-profile.before-jwt-rls-bridge.html	935	High	Logging near identity/profile/session boundary	Review logs; later replace with admin-safe diagnostics if needed
Logging Review	CONSOLE_LOGGING	backups/clerk-private-profile.before-jwt-rls-bridge.html	957	High	Logging near identity/profile/session boundary	Review logs; later replace with admin-safe diagnostics if needed
Logging Review	CONSOLE_LOGGING	backups/clerk-private-profile.before-jwt-rls-bridge.html	970	High	Logging near identity/profile/session boundary	Review logs; later replace with admin-safe diagnostics if needed
Logging Review	CONSOLE_LOGGING	backups/clerk-private-profile.before-jwt-rls-bridge.html	1075	High	Logging near identity/profile/session boundary	Review logs; later replace with admin-safe diagnostics if needed
Logging Review	CONSOLE_LOGGING	backups/clerk-private-profile.before-jwt-rls-bridge.html	1109	High	Logging near identity/profile/session boundary	Review logs; later replace with admin-safe diagnostics if needed
Logging Review	CONSOLE_LOGGING	backups/clerk-private-profile.before-jwt-rls-bridge.html	1172	High	Logging near identity/profile/session boundary	Review logs; later replace with admin-safe diagnostics if needed
Logging Review	CONSOLE_LOGGING	backups/clerk-private-profile.before-jwt-rls-bridge.html	1180	High	Logging near identity/profile/session boundary	Review logs; later replace with admin-safe diagnostics if needed
Logging Review	CONSOLE_LOGGING	backups/clerk-private-profile.before-jwt-rls-bridge.html	1195	High	Logging near identity/profile/session boundary	Review logs; later replace with admin-safe diagnostics if needed
Logging Review	CONSOLE_LOGGING	backups/clerk-private-profile.before-profile-resilience-shell.html	708	High	Logging near identity/profile/session boundary	Review logs; later replace with admin-safe diagnostics if needed
Logging Review	CONSOLE_LOGGING	backups/clerk-private-profile.before-profile-resilience-shell.html	714	High	Logging near identity/profile/session boundary	Review logs; later replace with admin-safe diagnostics if needed
Logging Review	CONSOLE_LOGGING	backups/clerk-private-profile.before-profile-resilience-shell.html	717	High	Logging near identity/profile/session boundary	Review logs; later replace with admin-safe diagnostics if needed
Logging Review	CONSOLE_LOGGING	backups/clerk-private-profile.before-profile-resilience-shell.html	1061	High	Logging near identity/profile/session boundary	Review logs; later replace with admin-safe diagnostics if needed
Logging Review	CONSOLE_LOGGING	backups/clerk-private-profile.before-profile-resilience-shell.html	1086	High	Logging near identity/profile/session boundary	Review logs; later replace with admin-safe diagnostics if needed
Logging Review	CONSOLE_LOGGING	backups/clerk-private-profile.before-profile-resilience-shell.html	1108	High	Logging near identity/profile/session boundary	Review logs; later replace with admin-safe diagnostics if needed
Logging Review	CONSOLE_LOGGING	backups/clerk-private-profile.before-profile-resilience-shell.html	1133	High	Logging near identity/profile/session boundary	Review logs; later replace with admin-safe diagnostics if needed
Logging Review	CONSOLE_LOGGING	backups/clerk-private-profile.before-profile-resilience-shell.html	1178	High	Logging near identity/profile/session boundary	Review logs; later replace with admin-safe diagnostics if needed
Logging Review	CONSOLE_LOGGING	backups/clerk-private-profile.before-profile-resilience-shell.html	1203	High	Logging near identity/profile/session boundary	Review logs; later replace with admin-safe diagnostics if needed
Logging Review	CONSOLE_LOGGING	backups/clerk-private-profile.before-profile-resilience-shell.html	1305	High	Logging near identity/profile/session boundary	Review logs; later replace with admin-safe diagnostics if needed
Logging Review	CONSOLE_LOGGING	backups/clerk-private-profile.before-profile-resilience-shell.html	1342	High	Logging near identity/profile/session boundary	Review logs; later replace with admin-safe diagnostics if needed
Logging Review	CONSOLE_LOGGING	backups/clerk-private-profile.before-profile-resilience-shell.html	1405	High	Logging near identity/profile/session boundary	Review logs; later replace with admin-safe diagnostics if needed
Logging Review	CONSOLE_LOGGING	backups/clerk-private-profile.before-profile-resilience-shell.html	1413	High	Logging near identity/profile/session boundary	Review logs; later replace with admin-safe diagnostics if needed
Logging Review	CONSOLE_LOGGING	backups/clerk-private-profile.before-profile-resilience-shell.html	1432	High	Logging near identity/profile/session boundary	Review logs; later replace with admin-safe diagnostics if needed
Logging Review	CONSOLE_LOGGING	backups/clerk-private-profile.before-profile-resilience-shell.html	1456	High	Logging near identity/profile/session boundary	Review logs; later replace with admin-safe diagnostics if needed
Logging Review	CONSOLE_LOGGING	backups/clerk-private-profile.before-self-healing-profile-gateway.html	1058	High	Logging near identity/profile/session boundary	Review logs; later replace with admin-safe diagnostics if needed
Logging Review	CONSOLE_LOGGING	clerk-private-profile.html	709	High	Logging near identity/profile/session boundary	Review logs; later replace with admin-safe diagnostics if needed
Logging Review	CONSOLE_LOGGING	clerk-private-profile.html	715	High	Logging near identity/profile/session boundary	Review logs; later replace with admin-safe diagnostics if needed
Logging Review	CONSOLE_LOGGING	clerk-private-profile.html	718	High	Logging near identity/profile/session boundary	Review logs; later replace with admin-safe diagnostics if needed
Logging Review	CONSOLE_LOGGING	clerk-private-profile.html	1219	High	Logging near identity/profile/session boundary	Review logs; later replace with admin-safe diagnostics if needed
Logging Review	CONSOLE_LOGGING	clerk-private-profile.html	1244	High	Logging near identity/profile/session boundary	Review logs; later replace with admin-safe diagnostics if needed
Logging Review	CONSOLE_LOGGING	clerk-private-profile.html	1266	High	Logging near identity/profile/session boundary	Review logs; later replace with admin-safe diagnostics if needed
Logging Review	CONSOLE_LOGGING	clerk-private-profile.html	1291	High	Logging near identity/profile/session boundary	Review logs; later replace with admin-safe diagnostics if needed
Logging Review	CONSOLE_LOGGING	clerk-private-profile.html	1336	High	Logging near identity/profile/session boundary	Review logs; later replace with admin-safe diagnostics if needed
Logging Review	CONSOLE_LOGGING	clerk-private-profile.html	1361	High	Logging near identity/profile/session boundary	Review logs; later replace with admin-safe diagnostics if needed
Logging Review	CONSOLE_LOGGING	clerk-private-profile.html	1463	High	Logging near identity/profile/session boundary	Review logs; later replace with admin-safe diagnostics if needed
Logging Review	CONSOLE_LOGGING	clerk-private-profile.html	1500	High	Logging near identity/profile/session boundary	Review logs; later replace with admin-safe diagnostics if needed
Logging Review	CONSOLE_LOGGING	clerk-private-profile.html	1620	High	Logging near identity/profile/session boundary	Review logs; later replace with admin-safe diagnostics if needed
Logging Review	CONSOLE_LOGGING	clerk-private-profile.html	1622	High	Logging near identity/profile/session boundary	Review logs; later replace with admin-safe diagnostics if needed
Logging Review	CONSOLE_LOGGING	clerk-test.html	244	High	Logging near identity/profile/session boundary	Review logs; later replace with admin-safe diagnostics if needed
Logging Review	CONSOLE_LOGGING	scripts/profile-loader.js	193	High	Logging near identity/profile/session boundary	Review logs; later replace with admin-safe diagnostics if needed
Logging Review	CONSOLE_LOGGING	scripts/profile-loader.js	215	High	Logging near identity/profile/session boundary	Review logs; later replace with admin-safe diagnostics if needed
Logging Review	CONSOLE_LOGGING	scripts/profile-loader.js	223	High	Logging near identity/profile/session boundary	Review logs; later replace with admin-safe diagnostics if needed
Logging Review	CONSOLE_LOGGING	scripts/require-auth.js	6	High	Logging near identity/profile/session boundary	Review logs; later replace with admin-safe diagnostics if needed
Logging Review	CONSOLE_LOGGING	scripts/require-auth.js	14	High	Logging near identity/profile/session boundary	Review logs; later replace with admin-safe diagnostics if needed
Logging Review	CONSOLE_LOGGING	scripts/require-auth.js	20	High	Logging near identity/profile/session boundary	Review logs; later replace with admin-safe diagnostics if needed
Logging Review	CONSOLE_LOGGING	scripts/require-auth.js	25	High	Logging near identity/profile/session boundary	Review logs; later replace with admin-safe diagnostics if needed
Logging Review	CONSOLE_LOGGING	scripts/require-auth.js	27	High	Logging near identity/profile/session boundary	Review logs; later replace with admin-safe diagnostics if needed
Logging Review	CONSOLE_LOGGING	scripts/supabase-auth-bridge.js	117	High	Logging near identity/profile/session boundary	Review logs; later replace with admin-safe diagnostics if needed
Logging Review	CONSOLE_LOGGING	scripts/supabase-auth-bridge.js	120	High	Logging near identity/profile/session boundary	Review logs; later replace with admin-safe diagnostics if needed
Logging Review	CONSOLE_LOGGING	scripts/supabase-auth-bridge.js	163	High	Logging near identity/profile/session boundary	Review logs; later replace with admin-safe diagnostics if needed
Logging Review	CONSOLE_LOGGING	supabase/functions/send-verification-email/index.ts	38	High	Logging near identity/profile/session boundary	Review logs; later replace with admin-safe diagnostics if needed
Logging Review	CONSOLE_LOGGING	supabase/functions/send-verification-email/index.ts	65	High	Logging near identity/profile/session boundary	Review logs; later replace with admin-safe diagnostics if needed
Logging Review	CONSOLE_LOGGING	supabase/functions/send-verification-email/index.ts	69	High	Logging near identity/profile/session boundary	Review logs; later replace with admin-safe diagnostics if needed
Logging Review	CONSOLE_LOGGING	supabase/functions/send-verification-email/index.ts	86	High	Logging near identity/profile/session boundary	Review logs; later replace with admin-safe diagnostics if needed
Logging Review	CONSOLE_LOGGING	supabase/functions/send-verification-email/index.ts	154	High	Logging near identity/profile/session boundary	Review logs; later replace with admin-safe diagnostics if needed
Logging Review	CONSOLE_LOGGING	supabase/functions/send-verification-email/index.ts	158	High	Logging near identity/profile/session boundary	Review logs; later replace with admin-safe diagnostics if needed
Logging Review	CONSOLE_LOGGING	supabase/functions/send-verification-email/index.ts	359	High	Logging near identity/profile/session boundary	Review logs; later replace with admin-safe diagnostics if needed
Logging Review	CONSOLE_LOGGING	supabase/functions/send-verification-email/index.ts	380	High	Logging near identity/profile/session boundary	Review logs; later replace with admin-safe diagnostics if needed
Logging Review	CONSOLE_LOGGING	supabase/functions/send-verification-email/index.ts	453	High	Logging near identity/profile/session boundary	Review logs; later replace with admin-safe diagnostics if needed
