file	line	indicator	note
approved/auth-clerk-index-before-profile-button-fix-20260707.js	1	REVIEW_REQUIRED	Potential launch navigation/action point; source content intentionally not copied
approved/auth-clerk-index-before-profile-button-fix-20260707.js	2	REVIEW_REQUIRED	Potential launch navigation/action point; source content intentionally not copied
approved/auth-clerk-index-before-profile-button-fix-20260707.js	43	REVIEW_REQUIRED	Potential launch navigation/action point; source content intentionally not copied
approved/auth-clerk-index-before-profile-button-fix-20260707.js	44	REVIEW_REQUIRED	Potential launch navigation/action point; source content intentionally not copied
approved/auth-clerk-index-before-profile-button-fix-20260707.js	45	REVIEW_REQUIRED	Potential launch navigation/action point; source content intentionally not copied
approved/auth-clerk-index-before-profile-button-fix-20260707.js	57	REVIEW_REQUIRED	Potential launch navigation/action point; source content intentionally not copied
approved/auth-clerk-index-before-profile-button-fix-20260707.js	59	REVIEW_REQUIRED	Potential launch navigation/action point; source content intentionally not copied
approved/auth-clerk-index-before-profile-button-fix-20260707.js	69	REVIEW_REQUIRED	Potential launch navigation/action point; source content intentionally not copied
approved/auth-clerk-index-before-vvip-gate-login-20260707.js	1	REVIEW_REQUIRED	Potential launch navigation/action point; source content intentionally not copied
approved/auth-clerk-index-before-vvip-gate-login-20260707.js	2	REVIEW_REQUIRED	Potential launch navigation/action point; source content intentionally not copied
approved/auth-clerk-index-before-vvip-gate-login-20260707.js	44	REVIEW_REQUIRED	Potential launch navigation/action point; source content intentionally not copied
approved/auth-clerk-index-before-vvip-gate-login-20260707.js	53	REVIEW_REQUIRED	Potential launch navigation/action point; source content intentionally not copied
approved/auth-clerk-index-before-vvip-gate-login-20260707.js	61	REVIEW_REQUIRED	Potential launch navigation/action point; source content intentionally not copied
approved/auth-clerk-index-before-vvip-gate-login-20260707.js	79	REVIEW_REQUIRED	Potential launch navigation/action point; source content intentionally not copied
approved/auth-clerk-index-before-vvip-gate-login-20260707.js	81	REVIEW_REQUIRED	Potential launch navigation/action point; source content intentionally not copied
approved/auth-clerk-index-before-vvip-gate-login-20260707.js	91	REVIEW_REQUIRED	Potential launch navigation/action point; source content intentionally not copied
approved/clerk-private-profile-before-official-ui-20260707.html	269	REVIEW_REQUIRED	Potential launch navigation/action point; source content intentionally not copied
approved/clerk-private-profile-before-official-ui-20260707.html	270	REVIEW_REQUIRED	Potential launch navigation/action point; source content intentionally not copied
approved/clerk-private-profile-before-official-ui-20260707.html	271	REVIEW_REQUIRED	Potential launch navigation/action point; source content intentionally not copied
approved/clerk-private-profile-before-official-ui-20260707.html	275	REVIEW_REQUIRED	Potential launch navigation/action point; source content intentionally not copied
approved/clerk-private-profile-before-official-ui-20260707.html	277	REVIEW_REQUIRED	Potential launch navigation/action point; source content intentionally not copied
approved/clerk-private-profile-before-official-ui-20260707.html	281	REVIEW_REQUIRED	Potential launch navigation/action point; source content intentionally not copied
approved/clerk-private-profile-before-official-ui-20260707.html	296	REVIEW_REQUIRED	Potential launch navigation/action point; source content intentionally not copied
approved/clerk-private-profile-before-official-ui-20260707.html	311	REVIEW_REQUIRED	Potential launch navigation/action point; source content intentionally not copied
approved/clerk-private-profile-before-supabase-bridge-20260707.html	118	REVIEW_REQUIRED	Potential launch navigation/action point; source content intentionally not copied
approved/clerk-private-profile-before-supabase-bridge-20260707.html	129	REVIEW_REQUIRED	Potential launch navigation/action point; source content intentionally not copied
approved/clerk-private-profile-before-supabase-bridge-20260707.html	160	REVIEW_REQUIRED	Potential launch navigation/action point; source content intentionally not copied
approved/clerk-private-profile-before-supabase-bridge-20260707.html	161	REVIEW_REQUIRED	Potential launch navigation/action point; source content intentionally not copied
approved/clerk-private-profile-before-supabase-bridge-20260707.html	165	REVIEW_REQUIRED	Potential launch navigation/action point; source content intentionally not copied
approved/clerk-private-profile-before-supabase-bridge-20260707.html	167	REVIEW_REQUIRED	Potential launch navigation/action point; source content intentionally not copied
approved/clerk-private-profile-before-supabase-bridge-20260707.html	175	REVIEW_REQUIRED	Potential launch navigation/action point; source content intentionally not copied
approved/clerk-private-profile-before-tiger-care-card-20260707.html	610	REVIEW_REQUIRED	Potential launch navigation/action point; source content intentionally not copied
approved/clerk-private-profile-before-tiger-care-card-20260707.html	611	REVIEW_REQUIRED	Potential launch navigation/action point; source content intentionally not copied
approved/clerk-private-profile-before-tiger-care-card-20260707.html	750	REVIEW_REQUIRED	Potential launch navigation/action point; source content intentionally not copied
approved/clerk-private-profile-before-tiger-care-card-20260707.html	751	REVIEW_REQUIRED	Potential launch navigation/action point; source content intentionally not copied
approved/clerk-private-profile-before-tiger-care-card-20260707.html	752	REVIEW_REQUIRED	Potential launch navigation/action point; source content intentionally not copied
approved/clerk-private-profile-before-tiger-care-card-20260707.html	792	REVIEW_REQUIRED	Potential launch navigation/action point; source content intentionally not copied
approved/clerk-private-profile-before-tiger-care-card-20260707.html	794	REVIEW_REQUIRED	Potential launch navigation/action point; source content intentionally not copied
approved/clerk-private-profile-before-tiger-care-card-20260707.html	799	REVIEW_REQUIRED	Potential launch navigation/action point; source content intentionally not copied
approved/clerk-private-profile-before-tiger-care-card-20260707.html	814	REVIEW_REQUIRED	Potential launch navigation/action point; source content intentionally not copied
approved/clerk-private-profile-before-tiger-care-card-20260707.html	829	REVIEW_REQUIRED	Potential launch navigation/action point; source content intentionally not copied
approved/clerk-private-profile-before-vip-membership-center-20260707.html	536	REVIEW_REQUIRED	Potential launch navigation/action point; source content intentionally not copied
approved/clerk-private-profile-before-vip-membership-center-20260707.html	537	REVIEW_REQUIRED	Potential launch navigation/action point; source content intentionally not copied
approved/clerk-private-profile-before-vip-membership-center-20260707.html	633	REVIEW_REQUIRED	Potential launch navigation/action point; source content intentionally not copied
approved/clerk-private-profile-before-vip-membership-center-20260707.html	634	REVIEW_REQUIRED	Potential launch navigation/action point; source content intentionally not copied
approved/clerk-private-profile-before-vip-membership-center-20260707.html	635	REVIEW_REQUIRED	Potential launch navigation/action point; source content intentionally not copied
approved/clerk-private-profile-before-vip-membership-center-20260707.html	675	REVIEW_REQUIRED	Potential launch navigation/action point; source content intentionally not copied
approved/clerk-private-profile-before-vip-membership-center-20260707.html	677	REVIEW_REQUIRED	Potential launch navigation/action point; source content intentionally not copied
approved/clerk-private-profile-before-vip-membership-center-20260707.html	682	REVIEW_REQUIRED	Potential launch navigation/action point; source content intentionally not copied
approved/clerk-private-profile-before-vip-membership-center-20260707.html	697	REVIEW_REQUIRED	Potential launch navigation/action point; source content intentionally not copied
approved/clerk-private-profile-before-vip-membership-center-20260707.html	712	REVIEW_REQUIRED	Potential launch navigation/action point; source content intentionally not copied
approved/index-before-supabase-auth-20260704-191914.html	10	REVIEW_REQUIRED	Potential launch navigation/action point; source content intentionally not copied
approved/index-before-supabase-auth-20260704-191914.html	11	REVIEW_REQUIRED	Potential launch navigation/action point; source content intentionally not copied
approved/index-before-supabase-auth-20260704-191914.html	12	REVIEW_REQUIRED	Potential launch navigation/action point; source content intentionally not copied
approved/index-before-supabase-auth-20260704-191914.html	13	REVIEW_REQUIRED	Potential launch navigation/action point; source content intentionally not copied
approved/index-before-supabase-auth-20260704-191914.html	14	REVIEW_REQUIRED	Potential launch navigation/action point; source content intentionally not copied
approved/index-before-supabase-auth-20260704-191914.html	36	REVIEW_REQUIRED	Potential launch navigation/action point; source content intentionally not copied
approved/index-before-supabase-auth-20260704-191914.html	37	REVIEW_REQUIRED	Potential launch navigation/action point; source content intentionally not copied
approved/index-before-supabase-auth-20260704-191914.html	64	REVIEW_REQUIRED	Potential launch navigation/action point; source content intentionally not copied
approved/index-before-supabase-auth-20260704-191914.html	67	REVIEW_REQUIRED	Potential launch navigation/action point; source content intentionally not copied
approved/index-before-supabase-auth-20260704-191914.html	74	REVIEW_REQUIRED	Potential launch navigation/action point; source content intentionally not copied
approved/index-before-supabase-auth-20260704-191914.html	83	REVIEW_REQUIRED	Potential launch navigation/action point; source content intentionally not copied
approved/index-before-supabase-auth-20260704-191914.html	97	REVIEW_REQUIRED	Potential launch navigation/action point; source content intentionally not copied
approved/index-before-supabase-auth-20260704-191914.html	99	REVIEW_REQUIRED	Potential launch navigation/action point; source content intentionally not copied
approved/index-before-supabase-auth-20260704-191914.html	102	REVIEW_REQUIRED	Potential launch navigation/action point; source content intentionally not copied
approved/index-before-supabase-auth-20260704-191914.html	108	REVIEW_REQUIRED	Potential launch navigation/action point; source content intentionally not copied
approved/index-before-supabase-auth-20260704-191914.html	109	REVIEW_REQUIRED	Potential launch navigation/action point; source content intentionally not copied
approved/index-before-supabase-auth-20260704-191914.html	110	REVIEW_REQUIRED	Potential launch navigation/action point; source content intentionally not copied
approved/index-before-supabase-auth-20260704-191914.html	111	REVIEW_REQUIRED	Potential launch navigation/action point; source content intentionally not copied
approved/index-before-supabase-auth-20260704-191914.html	122	REVIEW_REQUIRED	Potential launch navigation/action point; source content intentionally not copied
approved/index-before-supabase-auth-20260704-191914.html	123	REVIEW_REQUIRED	Potential launch navigation/action point; source content intentionally not copied
approved/index-before-supabase-auth-20260704-191914.html	124	REVIEW_REQUIRED	Potential launch navigation/action point; source content intentionally not copied
approved/index-before-supabase-auth-20260704-191914.html	135	REVIEW_REQUIRED	Potential launch navigation/action point; source content intentionally not copied
approved/index-before-supabase-auth-20260704-191914.html	145	REVIEW_REQUIRED	Potential launch navigation/action point; source content intentionally not copied
approved/index-before-supabase-auth-20260704-191914.html	146	REVIEW_REQUIRED	Potential launch navigation/action point; source content intentionally not copied
approved/index-before-supabase-auth-20260704-192024.html	10	REVIEW_REQUIRED	Potential launch navigation/action point; source content intentionally not copied
approved/index-before-supabase-auth-20260704-192024.html	11	REVIEW_REQUIRED	Potential launch navigation/action point; source content intentionally not copied
approved/index-before-supabase-auth-20260704-192024.html	12	REVIEW_REQUIRED	Potential launch navigation/action point; source content intentionally not copied
approved/index-before-supabase-auth-20260704-192024.html	13	REVIEW_REQUIRED	Potential launch navigation/action point; source content intentionally not copied
approved/index-before-supabase-auth-20260704-192024.html	14	REVIEW_REQUIRED	Potential launch navigation/action point; source content intentionally not copied
approved/index-before-supabase-auth-20260704-192024.html	36	REVIEW_REQUIRED	Potential launch navigation/action point; source content intentionally not copied
approved/index-before-supabase-auth-20260704-192024.html	37	REVIEW_REQUIRED	Potential launch navigation/action point; source content intentionally not copied
approved/index-before-supabase-auth-20260704-192024.html	64	REVIEW_REQUIRED	Potential launch navigation/action point; source content intentionally not copied
approved/index-before-supabase-auth-20260704-192024.html	67	REVIEW_REQUIRED	Potential launch navigation/action point; source content intentionally not copied
approved/index-before-supabase-auth-20260704-192024.html	74	REVIEW_REQUIRED	Potential launch navigation/action point; source content intentionally not copied
approved/index-before-supabase-auth-20260704-192024.html	83	REVIEW_REQUIRED	Potential launch navigation/action point; source content intentionally not copied
approved/index-before-supabase-auth-20260704-192024.html	97	REVIEW_REQUIRED	Potential launch navigation/action point; source content intentionally not copied
approved/index-before-supabase-auth-20260704-192024.html	99	REVIEW_REQUIRED	Potential launch navigation/action point; source content intentionally not copied
approved/index-before-supabase-auth-20260704-192024.html	102	REVIEW_REQUIRED	Potential launch navigation/action point; source content intentionally not copied
approved/index-before-supabase-auth-20260704-192024.html	108	REVIEW_REQUIRED	Potential launch navigation/action point; source content intentionally not copied
approved/index-before-supabase-auth-20260704-192024.html	109	REVIEW_REQUIRED	Potential launch navigation/action point; source content intentionally not copied
approved/index-before-supabase-auth-20260704-192024.html	110	REVIEW_REQUIRED	Potential launch navigation/action point; source content intentionally not copied
approved/index-before-supabase-auth-20260704-192024.html	111	REVIEW_REQUIRED	Potential launch navigation/action point; source content intentionally not copied
approved/index-before-supabase-auth-20260704-192024.html	122	REVIEW_REQUIRED	Potential launch navigation/action point; source content intentionally not copied
approved/index-before-supabase-auth-20260704-192024.html	123	REVIEW_REQUIRED	Potential launch navigation/action point; source content intentionally not copied
approved/index-before-supabase-auth-20260704-192024.html	124	REVIEW_REQUIRED	Potential launch navigation/action point; source content intentionally not copied
approved/index-before-supabase-auth-20260704-192024.html	135	REVIEW_REQUIRED	Potential launch navigation/action point; source content intentionally not copied
approved/index-before-supabase-auth-20260704-192024.html	145	REVIEW_REQUIRED	Potential launch navigation/action point; source content intentionally not copied
approved/index-before-supabase-auth-20260704-192024.html	146	REVIEW_REQUIRED	Potential launch navigation/action point; source content intentionally not copied
approved/index-before-vvip-gate-login-20260707.html	10	REVIEW_REQUIRED	Potential launch navigation/action point; source content intentionally not copied
approved/index-before-vvip-gate-login-20260707.html	11	REVIEW_REQUIRED	Potential launch navigation/action point; source content intentionally not copied
approved/index-before-vvip-gate-login-20260707.html	12	REVIEW_REQUIRED	Potential launch navigation/action point; source content intentionally not copied
approved/index-before-vvip-gate-login-20260707.html	13	REVIEW_REQUIRED	Potential launch navigation/action point; source content intentionally not copied
approved/index-before-vvip-gate-login-20260707.html	14	REVIEW_REQUIRED	Potential launch navigation/action point; source content intentionally not copied
approved/index-before-vvip-gate-login-20260707.html	36	REVIEW_REQUIRED	Potential launch navigation/action point; source content intentionally not copied
approved/index-before-vvip-gate-login-20260707.html	37	REVIEW_REQUIRED	Potential launch navigation/action point; source content intentionally not copied
approved/index-before-vvip-gate-login-20260707.html	64	REVIEW_REQUIRED	Potential launch navigation/action point; source content intentionally not copied
approved/index-before-vvip-gate-login-20260707.html	67	REVIEW_REQUIRED	Potential launch navigation/action point; source content intentionally not copied
approved/index-before-vvip-gate-login-20260707.html	74	REVIEW_REQUIRED	Potential launch navigation/action point; source content intentionally not copied
approved/index-before-vvip-gate-login-20260707.html	83	REVIEW_REQUIRED	Potential launch navigation/action point; source content intentionally not copied
approved/index-before-vvip-gate-login-20260707.html	97	REVIEW_REQUIRED	Potential launch navigation/action point; source content intentionally not copied
approved/index-before-vvip-gate-login-20260707.html	99	REVIEW_REQUIRED	Potential launch navigation/action point; source content intentionally not copied
approved/index-before-vvip-gate-login-20260707.html	102	REVIEW_REQUIRED	Potential launch navigation/action point; source content intentionally not copied
approved/index-before-vvip-gate-login-20260707.html	108	REVIEW_REQUIRED	Potential launch navigation/action point; source content intentionally not copied
approved/index-before-vvip-gate-login-20260707.html	109	REVIEW_REQUIRED	Potential launch navigation/action point; source content intentionally not copied
approved/index-before-vvip-gate-login-20260707.html	110	REVIEW_REQUIRED	Potential launch navigation/action point; source content intentionally not copied
approved/index-before-vvip-gate-login-20260707.html	111	REVIEW_REQUIRED	Potential launch navigation/action point; source content intentionally not copied
approved/index-before-vvip-gate-login-20260707.html	122	REVIEW_REQUIRED	Potential launch navigation/action point; source content intentionally not copied
approved/index-before-vvip-gate-login-20260707.html	123	REVIEW_REQUIRED	Potential launch navigation/action point; source content intentionally not copied
approved/index-before-vvip-gate-login-20260707.html	124	REVIEW_REQUIRED	Potential launch navigation/action point; source content intentionally not copied
approved/index-before-vvip-gate-login-20260707.html	135	REVIEW_REQUIRED	Potential launch navigation/action point; source content intentionally not copied
approved/index-before-vvip-gate-login-20260707.html	145	REVIEW_REQUIRED	Potential launch navigation/action point; source content intentionally not copied
approved/index-before-vvip-gate-login-20260707.html	146	REVIEW_REQUIRED	Potential launch navigation/action point; source content intentionally not copied
approved/index-supabase-auth-approved.html	10	REVIEW_REQUIRED	Potential launch navigation/action point; source content intentionally not copied
approved/index-supabase-auth-approved.html	11	REVIEW_REQUIRED	Potential launch navigation/action point; source content intentionally not copied
approved/index-supabase-auth-approved.html	12	REVIEW_REQUIRED	Potential launch navigation/action point; source content intentionally not copied
approved/index-supabase-auth-approved.html	13	REVIEW_REQUIRED	Potential launch navigation/action point; source content intentionally not copied
approved/index-supabase-auth-approved.html	14	REVIEW_REQUIRED	Potential launch navigation/action point; source content intentionally not copied
approved/index-supabase-auth-approved.html	36	REVIEW_REQUIRED	Potential launch navigation/action point; source content intentionally not copied
approved/index-supabase-auth-approved.html	37	REVIEW_REQUIRED	Potential launch navigation/action point; source content intentionally not copied
approved/index-supabase-auth-approved.html	64	REVIEW_REQUIRED	Potential launch navigation/action point; source content intentionally not copied
approved/index-supabase-auth-approved.html	67	REVIEW_REQUIRED	Potential launch navigation/action point; source content intentionally not copied
approved/index-supabase-auth-approved.html	74	REVIEW_REQUIRED	Potential launch navigation/action point; source content intentionally not copied
approved/index-supabase-auth-approved.html	83	REVIEW_REQUIRED	Potential launch navigation/action point; source content intentionally not copied
approved/index-supabase-auth-approved.html	97	REVIEW_REQUIRED	Potential launch navigation/action point; source content intentionally not copied
approved/index-supabase-auth-approved.html	99	REVIEW_REQUIRED	Potential launch navigation/action point; source content intentionally not copied
approved/index-supabase-auth-approved.html	102	REVIEW_REQUIRED	Potential launch navigation/action point; source content intentionally not copied
approved/index-supabase-auth-approved.html	108	REVIEW_REQUIRED	Potential launch navigation/action point; source content intentionally not copied
approved/index-supabase-auth-approved.html	109	REVIEW_REQUIRED	Potential launch navigation/action point; source content intentionally not copied
approved/index-supabase-auth-approved.html	110	REVIEW_REQUIRED	Potential launch navigation/action point; source content intentionally not copied
approved/index-supabase-auth-approved.html	111	REVIEW_REQUIRED	Potential launch navigation/action point; source content intentionally not copied
approved/index-supabase-auth-approved.html	122	REVIEW_REQUIRED	Potential launch navigation/action point; source content intentionally not copied
approved/index-supabase-auth-approved.html	123	REVIEW_REQUIRED	Potential launch navigation/action point; source content intentionally not copied
approved/index-supabase-auth-approved.html	124	REVIEW_REQUIRED	Potential launch navigation/action point; source content intentionally not copied
approved/index-supabase-auth-approved.html	135	REVIEW_REQUIRED	Potential launch navigation/action point; source content intentionally not copied
approved/index-supabase-auth-approved.html	145	REVIEW_REQUIRED	Potential launch navigation/action point; source content intentionally not copied
approved/index-supabase-auth-approved.html	146	REVIEW_REQUIRED	Potential launch navigation/action point; source content intentionally not copied
approved/index-supabase-auth-final.html	10	REVIEW_REQUIRED	Potential launch navigation/action point; source content intentionally not copied
approved/index-supabase-auth-final.html	11	REVIEW_REQUIRED	Potential launch navigation/action point; source content intentionally not copied
approved/index-supabase-auth-final.html	12	REVIEW_REQUIRED	Potential launch navigation/action point; source content intentionally not copied
approved/index-supabase-auth-final.html	13	REVIEW_REQUIRED	Potential launch navigation/action point; source content intentionally not copied
approved/index-supabase-auth-final.html	14	REVIEW_REQUIRED	Potential launch navigation/action point; source content intentionally not copied
approved/index-supabase-auth-final.html	36	REVIEW_REQUIRED	Potential launch navigation/action point; source content intentionally not copied
approved/index-supabase-auth-final.html	37	REVIEW_REQUIRED	Potential launch navigation/action point; source content intentionally not copied
approved/index-supabase-auth-final.html	64	REVIEW_REQUIRED	Potential launch navigation/action point; source content intentionally not copied
approved/index-supabase-auth-final.html	67	REVIEW_REQUIRED	Potential launch navigation/action point; source content intentionally not copied
approved/index-supabase-auth-final.html	74	REVIEW_REQUIRED	Potential launch navigation/action point; source content intentionally not copied
approved/index-supabase-auth-final.html	83	REVIEW_REQUIRED	Potential launch navigation/action point; source content intentionally not copied
approved/index-supabase-auth-final.html	97	REVIEW_REQUIRED	Potential launch navigation/action point; source content intentionally not copied
approved/index-supabase-auth-final.html	99	REVIEW_REQUIRED	Potential launch navigation/action point; source content intentionally not copied
approved/index-supabase-auth-final.html	102	REVIEW_REQUIRED	Potential launch navigation/action point; source content intentionally not copied
approved/index-supabase-auth-final.html	108	REVIEW_REQUIRED	Potential launch navigation/action point; source content intentionally not copied
approved/index-supabase-auth-final.html	109	REVIEW_REQUIRED	Potential launch navigation/action point; source content intentionally not copied
approved/index-supabase-auth-final.html	110	REVIEW_REQUIRED	Potential launch navigation/action point; source content intentionally not copied
approved/index-supabase-auth-final.html	111	REVIEW_REQUIRED	Potential launch navigation/action point; source content intentionally not copied
approved/index-supabase-auth-final.html	122	REVIEW_REQUIRED	Potential launch navigation/action point; source content intentionally not copied
approved/index-supabase-auth-final.html	123	REVIEW_REQUIRED	Potential launch navigation/action point; source content intentionally not copied
approved/index-supabase-auth-final.html	124	REVIEW_REQUIRED	Potential launch navigation/action point; source content intentionally not copied
approved/index-supabase-auth-final.html	135	REVIEW_REQUIRED	Potential launch navigation/action point; source content intentionally not copied
approved/index-supabase-auth-final.html	145	REVIEW_REQUIRED	Potential launch navigation/action point; source content intentionally not copied
approved/index-supabase-auth-final.html	146	REVIEW_REQUIRED	Potential launch navigation/action point; source content intentionally not copied
approved/legacy-auth-audit-7-1/clerk-private-profile-before-linkrel-fix-20260708.html	619	REVIEW_REQUIRED	Potential launch navigation/action point; source content intentionally not copied
approved/legacy-auth-audit-7-1/clerk-private-profile-before-linkrel-fix-20260708.html	741	REVIEW_REQUIRED	Potential launch navigation/action point; source content intentionally not copied
approved/legacy-auth-audit-7-1/clerk-private-profile-before-linkrel-fix-20260708.html	742	REVIEW_REQUIRED	Potential launch navigation/action point; source content intentionally not copied
approved/legacy-auth-audit-7-1/clerk-private-profile-before-linkrel-fix-20260708.html	929	REVIEW_REQUIRED	Potential launch navigation/action point; source content intentionally not copied
approved/legacy-auth-audit-7-1/clerk-private-profile-before-linkrel-fix-20260708.html	947	REVIEW_REQUIRED	Potential launch navigation/action point; source content intentionally not copied
approved/legacy-auth-audit-7-1/clerk-private-profile-before-linkrel-fix-20260708.html	948	REVIEW_REQUIRED	Potential launch navigation/action point; source content intentionally not copied
approved/legacy-auth-audit-7-1/clerk-private-profile-before-linkrel-fix-20260708.html	949	REVIEW_REQUIRED	Potential launch navigation/action point; source content intentionally not copied
approved/legacy-auth-audit-7-1/clerk-private-profile-before-linkrel-fix-20260708.html	991	REVIEW_REQUIRED	Potential launch navigation/action point; source content intentionally not copied
approved/legacy-auth-audit-7-1/clerk-private-profile-before-linkrel-fix-20260708.html	1000	REVIEW_REQUIRED	Potential launch navigation/action point; source content intentionally not copied
approved/legacy-auth-audit-7-1/clerk-private-profile-before-linkrel-fix-20260708.html	1002	REVIEW_REQUIRED	Potential launch navigation/action point; source content intentionally not copied
approved/legacy-auth-audit-7-1/clerk-private-profile-before-linkrel-fix-20260708.html	1007	REVIEW_REQUIRED	Potential launch navigation/action point; source content intentionally not copied
approved/legacy-auth-audit-7-1/clerk-private-profile-before-linkrel-fix-20260708.html	1022	REVIEW_REQUIRED	Potential launch navigation/action point; source content intentionally not copied
approved/legacy-auth-audit-7-1/clerk-private-profile-before-linkrel-fix-20260708.html	1037	REVIEW_REQUIRED	Potential launch navigation/action point; source content intentionally not copied
approved/legacy-auth-redirect-7-1/private-profile-before-redirect-20260708.html	8	REVIEW_REQUIRED	Potential launch navigation/action point; source content intentionally not copied
approved/legacy-auth-redirect-7-1/private-profile-before-redirect-20260708.html	9	REVIEW_REQUIRED	Potential launch navigation/action point; source content intentionally not copied
approved/legacy-auth-redirect-7-1/private-profile-before-redirect-20260708.html	10	REVIEW_REQUIRED	Potential launch navigation/action point; source content intentionally not copied
approved/legacy-auth-redirect-7-1/private-profile-before-redirect-20260708.html	11	REVIEW_REQUIRED	Potential launch navigation/action point; source content intentionally not copied
approved/legacy-auth-redirect-7-1/private-profile-before-redirect-20260708.html	22	REVIEW_REQUIRED	Potential launch navigation/action point; source content intentionally not copied
approved/legacy-auth-redirect-7-1/private-profile-before-redirect-20260708.html	25	REVIEW_REQUIRED	Potential launch navigation/action point; source content intentionally not copied
approved/legacy-auth-redirect-7-1/private-profile-before-redirect-20260708.html	28	REVIEW_REQUIRED	Potential launch navigation/action point; source content intentionally not copied
approved/legacy-auth-redirect-7-1/private-profile-before-redirect-20260708.html	31	REVIEW_REQUIRED	Potential launch navigation/action point; source content intentionally not copied
approved/legacy-auth-redirect-7-1/private-profile-before-redirect-20260708.html	36	REVIEW_REQUIRED	Potential launch navigation/action point; source content intentionally not copied
approved/legacy-auth-redirect-7-1/private-profile-before-redirect-20260708.html	37	REVIEW_REQUIRED	Potential launch navigation/action point; source content intentionally not copied
approved/legacy-auth-redirect-7-1/private-profile-before-redirect-20260708.html	45	REVIEW_REQUIRED	Potential launch navigation/action point; source content intentionally not copied
approved/legacy-auth-redirect-7-1/private-profile-before-redirect-20260708.html	47	REVIEW_REQUIRED	Potential launch navigation/action point; source content intentionally not copied
approved/legacy-auth-redirect-7-1/private-profile-before-redirect-20260708.html	48	REVIEW_REQUIRED	Potential launch navigation/action point; source content intentionally not copied
approved/legacy-auth-redirect-7-1/private-profile-before-redirect-20260708.html	55	REVIEW_REQUIRED	Potential launch navigation/action point; source content intentionally not copied
approved/legacy-auth-redirect-7-1/private-profile-before-redirect-20260708.html	67	REVIEW_REQUIRED	Potential launch navigation/action point; source content intentionally not copied
approved/legacy-auth-redirect-7-1/private-profile-before-redirect-20260708.html	68	REVIEW_REQUIRED	Potential launch navigation/action point; source content intentionally not copied
approved/legacy-auth-redirect-7-1/private-profile-before-redirect-20260708.html	69	REVIEW_REQUIRED	Potential launch navigation/action point; source content intentionally not copied
approved/legacy-auth-redirect-7-1/private-profile-before-redirect-20260708.html	72	REVIEW_REQUIRED	Potential launch navigation/action point; source content intentionally not copied
approved/legacy-auth-redirect-7-1/private-profile-before-redirect-20260708.html	73	REVIEW_REQUIRED	Potential launch navigation/action point; source content intentionally not copied
approved/legacy-auth-redirect-7-1/private-profile-before-redirect-20260708.html	74	REVIEW_REQUIRED	Potential launch navigation/action point; source content intentionally not copied
approved/legacy-auth-redirect-7-1/private-profile-before-redirect-20260708.html	80	REVIEW_REQUIRED	Potential launch navigation/action point; source content intentionally not copied
approved/legacy-auth-redirect-7-1/private-profile-before-redirect-20260708.html	81	REVIEW_REQUIRED	Potential launch navigation/action point; source content intentionally not copied
approved/legacy-auth-redirect-7-1/private-profile-before-redirect-20260708.html	82	REVIEW_REQUIRED	Potential launch navigation/action point; source content intentionally not copied
approved/legacy-auth-redirect-7-1/private-profile-before-redirect-20260708.html	83	REVIEW_REQUIRED	Potential launch navigation/action point; source content intentionally not copied
approved/legacy-auth-redirect-7-1/private-profile-before-redirect-20260708.html	84	REVIEW_REQUIRED	Potential launch navigation/action point; source content intentionally not copied
approved/legacy-auth-redirect-7-1/private-profile-before-redirect-20260708.html	85	REVIEW_REQUIRED	Potential launch navigation/action point; source content intentionally not copied
approved/legacy-auth-redirect-7-1/private-profile-before-redirect-20260708.html	140	REVIEW_REQUIRED	Potential launch navigation/action point; source content intentionally not copied
approved/legacy-auth-redirect-7-1/private-profile-before-redirect-20260708.html	176	REVIEW_REQUIRED	Potential launch navigation/action point; source content intentionally not copied
approved/legacy-auth-redirect-7-1/private-profile-before-redirect-20260708.html	178	REVIEW_REQUIRED	Potential launch navigation/action point; source content intentionally not copied
approved/legacy-auth-redirect-7-1/private-profile-before-redirect-20260708.html	182	REVIEW_REQUIRED	Potential launch navigation/action point; source content intentionally not copied
approved/legacy-auth-redirect-7-1/private-profile-before-redirect-20260708.html	189	REVIEW_REQUIRED	Potential launch navigation/action point; source content intentionally not copied
approved/legacy-auth-redirect-7-1/private-profile-before-redirect-20260708.html	213	REVIEW_REQUIRED	Potential launch navigation/action point; source content intentionally not copied
approved/legacy-auth-redirect-7-1/private-profile-before-redirect-20260708.html	214	REVIEW_REQUIRED	Potential launch navigation/action point; source content intentionally not copied
approved/legacy-auth-redirect-7-1/private-profile-before-redirect-20260708.html	215	REVIEW_REQUIRED	Potential launch navigation/action point; source content intentionally not copied
approved/legacy-auth-redirect-7-1/private-profile-before-redirect-20260708.html	216	REVIEW_REQUIRED	Potential launch navigation/action point; source content intentionally not copied
approved/legacy-auth-redirect-7-1/private-profile-before-redirect-20260708.html	217	REVIEW_REQUIRED	Potential launch navigation/action point; source content intentionally not copied
approved/legacy-auth-redirect-7-1/private-profile-before-redirect-20260708.html	224	REVIEW_REQUIRED	Potential launch navigation/action point; source content intentionally not copied
approved/legacy-auth-redirect-7-1/private-profile-before-redirect-20260708.html	238	REVIEW_REQUIRED	Potential launch navigation/action point; source content intentionally not copied
approved/legacy-auth-redirect-7-1/private-profile-before-redirect-20260708.html	372	REVIEW_REQUIRED	Potential launch navigation/action point; source content intentionally not copied
approved/legacy-auth-redirect-7-1/private-profile-before-redirect-20260708.html	377	REVIEW_REQUIRED	Potential launch navigation/action point; source content intentionally not copied
approved/legacy-auth-redirect-7-1/private-profile-before-redirect-20260708.html	391	REVIEW_REQUIRED	Potential launch navigation/action point; source content intentionally not copied
approved/legacy-auth-redirect-7-1/private-profile-before-redirect-20260708.html	436	REVIEW_REQUIRED	Potential launch navigation/action point; source content intentionally not copied
approved/legacy-auth-redirect-7-1/private-profile-before-redirect-20260708.html	450	REVIEW_REQUIRED	Potential launch navigation/action point; source content intentionally not copied
approved/legacy-auth-redirect-7-1/private-profile-before-redirect-20260708.html	454	REVIEW_REQUIRED	Potential launch navigation/action point; source content intentionally not copied
approved/legacy-auth-redirect-7-1/sw-before-legacy-auth-audit-20260708.js	20	REVIEW_REQUIRED	Potential launch navigation/action point; source content intentionally not copied
approved/legacy-auth-redirect-7-1/sw-before-legacy-auth-audit-20260708.js	25	REVIEW_REQUIRED	Potential launch navigation/action point; source content intentionally not copied
approved/legacy-auth-redirect-7-1/sw-before-legacy-auth-audit-20260708.js	32	REVIEW_REQUIRED	Potential launch navigation/action point; source content intentionally not copied
approved/nav-cleanup-7-1/public-profile-before-private-link-cleanup-20260708.html	9	REVIEW_REQUIRED	Potential launch navigation/action point; source content intentionally not copied
approved/nav-cleanup-7-1/public-profile-before-private-link-cleanup-20260708.html	10	REVIEW_REQUIRED	Potential launch navigation/action point; source content intentionally not copied
approved/nav-cleanup-7-1/public-profile-before-private-link-cleanup-20260708.html	11	REVIEW_REQUIRED	Potential launch navigation/action point; source content intentionally not copied
approved/nav-cleanup-7-1/public-profile-before-private-link-cleanup-20260708.html	12	REVIEW_REQUIRED	Potential launch navigation/action point; source content intentionally not copied
approved/nav-cleanup-7-1/public-profile-before-private-link-cleanup-20260708.html	13	REVIEW_REQUIRED	Potential launch navigation/action point; source content intentionally not copied
approved/nav-cleanup-7-1/public-profile-before-private-link-cleanup-20260708.html	680	REVIEW_REQUIRED	Potential launch navigation/action point; source content intentionally not copied
approved/nav-cleanup-7-1/public-profile-before-private-link-cleanup-20260708.html	699	REVIEW_REQUIRED	Potential launch navigation/action point; source content intentionally not copied
approved/nav-cleanup-7-1/public-profile-before-private-link-cleanup-20260708.html	700	REVIEW_REQUIRED	Potential launch navigation/action point; source content intentionally not copied
approved/nav-cleanup-7-1/public-profile-before-private-link-cleanup-20260708.html	701	REVIEW_REQUIRED	Potential launch navigation/action point; source content intentionally not copied
approved/nav-cleanup-7-1/public-profile-before-private-link-cleanup-20260708.html	702	REVIEW_REQUIRED	Potential launch navigation/action point; source content intentionally not copied
approved/nav-cleanup-7-1/public-profile-before-private-link-cleanup-20260708.html	703	REVIEW_REQUIRED	Potential launch navigation/action point; source content intentionally not copied
approved/nav-cleanup-7-1/public-profile-before-private-link-cleanup-20260708.html	706	REVIEW_REQUIRED	Potential launch navigation/action point; source content intentionally not copied
approved/nav-cleanup-7-1/public-profile-before-private-link-cleanup-20260708.html	707	REVIEW_REQUIRED	Potential launch navigation/action point; source content intentionally not copied
approved/nav-cleanup-7-1/public-profile-before-private-link-cleanup-20260708.html	708	REVIEW_REQUIRED	Potential launch navigation/action point; source content intentionally not copied
approved/nav-cleanup-7-1/public-profile-before-private-link-cleanup-20260708.html	712	REVIEW_REQUIRED	Potential launch navigation/action point; source content intentionally not copied
approved/nav-cleanup-7-1/public-profile-before-private-link-cleanup-20260708.html	713	REVIEW_REQUIRED	Potential launch navigation/action point; source content intentionally not copied
approved/nav-cleanup-7-1/public-profile-before-private-link-cleanup-20260708.html	714	REVIEW_REQUIRED	Potential launch navigation/action point; source content intentionally not copied
approved/nav-cleanup-7-1/public-profile-before-private-link-cleanup-20260708.html	715	REVIEW_REQUIRED	Potential launch navigation/action point; source content intentionally not copied
approved/nav-cleanup-7-1/public-profile-before-private-link-cleanup-20260708.html	716	REVIEW_REQUIRED	Potential launch navigation/action point; source content intentionally not copied
approved/nav-cleanup-7-1/public-profile-before-private-link-cleanup-20260708.html	725	REVIEW_REQUIRED	Potential launch navigation/action point; source content intentionally not copied
approved/nav-cleanup-7-1/public-profile-before-private-link-cleanup-20260708.html	768	REVIEW_REQUIRED	Potential launch navigation/action point; source content intentionally not copied
approved/nav-cleanup-7-1/public-profile-before-private-link-cleanup-20260708.html	830	REVIEW_REQUIRED	Potential launch navigation/action point; source content intentionally not copied
approved/nav-cleanup-7-1/public-profile-before-private-link-cleanup-20260708.html	831	REVIEW_REQUIRED	Potential launch navigation/action point; source content intentionally not copied
approved/nav-cleanup-7-1/public-profile-before-private-link-cleanup-20260708.html	832	REVIEW_REQUIRED	Potential launch navigation/action point; source content intentionally not copied
approved/nav-cleanup-7-1/public-profile-before-private-link-cleanup-20260708.html	833	REVIEW_REQUIRED	Potential launch navigation/action point; source content intentionally not copied
approved/nav-cleanup-7-1/public-profile-before-private-link-cleanup-20260708.html	847	REVIEW_REQUIRED	Potential launch navigation/action point; source content intentionally not copied
approved/nav-cleanup-7-1/public-profile-before-private-link-cleanup-20260708.html	852	REVIEW_REQUIRED	Potential launch navigation/action point; source content intentionally not copied
approved/nav-cleanup-7-1/public-profile-before-private-link-cleanup-20260708.html	853	REVIEW_REQUIRED	Potential launch navigation/action point; source content intentionally not copied
approved/nav-cleanup-7-1/public-profile-before-private-link-cleanup-20260708.html	854	REVIEW_REQUIRED	Potential launch navigation/action point; source content intentionally not copied
approved/nav-cleanup-7-1/public-profile-before-private-link-cleanup-20260708.html	859	REVIEW_REQUIRED	Potential launch navigation/action point; source content intentionally not copied
approved/nav-cleanup-7-1/public-profile-before-private-link-cleanup-20260708.html	873	REVIEW_REQUIRED	Potential launch navigation/action point; source content intentionally not copied
approved/nav-cleanup-7-1/public-profile-before-private-link-cleanup-20260708.html	877	REVIEW_REQUIRED	Potential launch navigation/action point; source content intentionally not copied
approved/nav-cleanup-7-1/public-profile-before-private-link-cleanup-20260708.html	878	REVIEW_REQUIRED	Potential launch navigation/action point; source content intentionally not copied
approved/nav-cleanup-7-1/public-profile-before-private-link-cleanup-20260708.html	879	REVIEW_REQUIRED	Potential launch navigation/action point; source content intentionally not copied
approved/nav-cleanup-7-1/public-profile-before-private-link-cleanup-20260708.html	884	REVIEW_REQUIRED	Potential launch navigation/action point; source content intentionally not copied
approved/nav-cleanup-7-1/public-profile-before-private-link-cleanup-20260708.html	895	REVIEW_REQUIRED	Potential launch navigation/action point; source content intentionally not copied
approved/nav-cleanup-7-1/public-profile-before-private-link-cleanup-20260708.html	898	REVIEW_REQUIRED	Potential launch navigation/action point; source content intentionally not copied
approved/nav-cleanup-7-1/public-profile-before-private-link-cleanup-20260708.html	899	REVIEW_REQUIRED	Potential launch navigation/action point; source content intentionally not copied
approved/nav-cleanup-7-1/public-profile-before-private-link-cleanup-20260708.html	900	REVIEW_REQUIRED	Potential launch navigation/action point; source content intentionally not copied
approved/nav-cleanup-7-1/public-profile-before-private-link-cleanup-20260708.html	901	REVIEW_REQUIRED	Potential launch navigation/action point; source content intentionally not copied
approved/nav-cleanup-7-1/public-profile-before-private-link-cleanup-20260708.html	927	REVIEW_REQUIRED	Potential launch navigation/action point; source content intentionally not copied
approved/nav-cleanup-7-1/public-profile-before-private-link-cleanup-20260708.html	930	REVIEW_REQUIRED	Potential launch navigation/action point; source content intentionally not copied
approved/nav-cleanup-7-1/public-profile-before-private-link-cleanup-20260708.html	933	REVIEW_REQUIRED	Potential launch navigation/action point; source content intentionally not copied
approved/nav-cleanup-7-1/public-profile-before-private-link-cleanup-20260708.html	936	REVIEW_REQUIRED	Potential launch navigation/action point; source content intentionally not copied
approved/nav-cleanup-7-1/public-profile-before-private-link-cleanup-20260708.html	941	REVIEW_REQUIRED	Potential launch navigation/action point; source content intentionally not copied
approved/nav-cleanup-7-1/public-profile-before-private-link-cleanup-20260708.html	942	REVIEW_REQUIRED	Potential launch navigation/action point; source content intentionally not copied
approved/nav-cleanup-7-1/public-profile-before-private-link-cleanup-20260708.html	945	REVIEW_REQUIRED	Potential launch navigation/action point; source content intentionally not copied
approved/nav-cleanup-7-1/public-profile-before-private-link-cleanup-20260708.html	947	REVIEW_REQUIRED	Potential launch navigation/action point; source content intentionally not copied
approved/nav-cleanup-7-1/public-profile-before-private-link-cleanup-20260708.html	948	REVIEW_REQUIRED	Potential launch navigation/action point; source content intentionally not copied
approved/nav-cleanup-7-1/public-profile-before-private-link-cleanup-20260708.html	949	REVIEW_REQUIRED	Potential launch navigation/action point; source content intentionally not copied
approved/nav-cleanup-7-1/public-profile-before-private-link-cleanup-20260708.html	950	REVIEW_REQUIRED	Potential launch navigation/action point; source content intentionally not copied
approved/nav-cleanup-7-1/public-profile-before-private-link-cleanup-20260708.html	959	REVIEW_REQUIRED	Potential launch navigation/action point; source content intentionally not copied
approved/nav-cleanup-7-1/public-profile-before-private-link-cleanup-20260708.html	960	REVIEW_REQUIRED	Potential launch navigation/action point; source content intentionally not copied
approved/nav-cleanup-7-1/public-profile-before-private-link-cleanup-20260708.html	963	REVIEW_REQUIRED	Potential launch navigation/action point; source content intentionally not copied
approved/nav-cleanup-7-1/public-profile-before-private-link-cleanup-20260708.html	966	REVIEW_REQUIRED	Potential launch navigation/action point; source content intentionally not copied
approved/nav-cleanup-7-1/public-profile-before-private-link-cleanup-20260708.html	969	REVIEW_REQUIRED	Potential launch navigation/action point; source content intentionally not copied
approved/nav-cleanup-7-1/public-profile-before-private-link-cleanup-20260708.html	972	REVIEW_REQUIRED	Potential launch navigation/action point; source content intentionally not copied
approved/nav-cleanup-7-1/public-profile-before-private-link-cleanup-20260708.html	979	REVIEW_REQUIRED	Potential launch navigation/action point; source content intentionally not copied
approved/nav-cleanup-7-1/public-profile-before-private-link-cleanup-20260708.html	1007	REVIEW_REQUIRED	Potential launch navigation/action point; source content intentionally not copied
approved/nav-cleanup-7-1/public-profile-before-private-link-cleanup-20260708.html	1050	REVIEW_REQUIRED	Potential launch navigation/action point; source content intentionally not copied
approved/nav-cleanup-7-1/public-profile-before-private-link-cleanup-20260708.html	1084	REVIEW_REQUIRED	Potential launch navigation/action point; source content intentionally not copied
approved/nav-cleanup-7-1/public-profile-before-private-link-cleanup-20260708.html	1093	REVIEW_REQUIRED	Potential launch navigation/action point; source content intentionally not copied
approved/nav-cleanup-7-1/public-profile-before-private-link-cleanup-20260708.html	1097	REVIEW_REQUIRED	Potential launch navigation/action point; source content intentionally not copied
approved/nav-cleanup-7-1/public-profile-before-private-link-cleanup-20260708.html	1101	REVIEW_REQUIRED	Potential launch navigation/action point; source content intentionally not copied
approved/nav-cleanup-7-1/public-profile-before-private-link-cleanup-20260708.html	1105	REVIEW_REQUIRED	Potential launch navigation/action point; source content intentionally not copied
approved/nav-cleanup-7-1/public-profile-before-private-link-cleanup-20260708.html	1121	REVIEW_REQUIRED	Potential launch navigation/action point; source content intentionally not copied
approved/nav-cleanup-7-1/public-profile-before-private-link-cleanup-20260708.html	1130	REVIEW_REQUIRED	Potential launch navigation/action point; source content intentionally not copied
approved/nav-cleanup-7-1/public-profile-before-private-link-cleanup-20260708.html	1134	REVIEW_REQUIRED	Potential launch navigation/action point; source content intentionally not copied
approved/nav-cleanup-7-1/public-profile-before-private-link-cleanup-20260708.html	1138	REVIEW_REQUIRED	Potential launch navigation/action point; source content intentionally not copied
approved/nav-cleanup-7-1/public-profile-before-private-link-cleanup-20260708.html	1142	REVIEW_REQUIRED	Potential launch navigation/action point; source content intentionally not copied
approved/nav-cleanup-7-1/public-profile-before-private-link-cleanup-20260708.html	1151	REVIEW_REQUIRED	Potential launch navigation/action point; source content intentionally not copied
approved/nav-cleanup-7-1/public-profile-before-private-link-cleanup-20260708.html	1154	REVIEW_REQUIRED	Potential launch navigation/action point; source content intentionally not copied
approved/nav-cleanup-7-1/public-profile-before-private-link-cleanup-20260708.html	1155	REVIEW_REQUIRED	Potential launch navigation/action point; source content intentionally not copied
approved/nav-cleanup-7-1/public-profile-before-private-link-cleanup-20260708.html	1156	REVIEW_REQUIRED	Potential launch navigation/action point; source content intentionally not copied
approved/nav-cleanup-7-1/public-profile-before-private-link-cleanup-20260708.html	1157	REVIEW_REQUIRED	Potential launch navigation/action point; source content intentionally not copied
approved/nav-cleanup-7-1/public-profile-before-private-link-cleanup-20260708.html	1158	REVIEW_REQUIRED	Potential launch navigation/action point; source content intentionally not copied
approved/nav-cleanup-7-1/public-profile-before-private-link-cleanup-20260708.html	1166	REVIEW_REQUIRED	Potential launch navigation/action point; source content intentionally not copied
approved/nav-cleanup-7-1/public-profile-before-private-link-cleanup-20260708.html	1180	REVIEW_REQUIRED	Potential launch navigation/action point; source content intentionally not copied
approved/nav-cleanup-7-1/public-profile-before-private-link-cleanup-20260708.html	1190	REVIEW_REQUIRED	Potential launch navigation/action point; source content intentionally not copied
approved/nav-cleanup-7-1/public-profile-before-private-link-cleanup-20260708.html	1191	REVIEW_REQUIRED	Potential launch navigation/action point; source content intentionally not copied
approved/nav-cleanup-7-1/public-profile-before-private-link-cleanup-20260708.html	1202	REVIEW_REQUIRED	Potential launch navigation/action point; source content intentionally not copied
approved/nav-cleanup-7-1/public-profile-before-private-link-cleanup-20260708.html	1207	REVIEW_REQUIRED	Potential launch navigation/action point; source content intentionally not copied
approved/nav-cleanup-7-1/public-profile-before-private-link-cleanup-20260708.html	1208	REVIEW_REQUIRED	Potential launch navigation/action point; source content intentionally not copied
approved/nav-cleanup-7-1/public-profile-before-private-link-cleanup-20260708.html	1209	REVIEW_REQUIRED	Potential launch navigation/action point; source content intentionally not copied
approved/nav-cleanup-7-1/public-profile-before-private-link-cleanup-20260708.html	1344	REVIEW_REQUIRED	Potential launch navigation/action point; source content intentionally not copied
approved/nav-cleanup-7-1/public-profile-before-private-link-cleanup-20260708.html	1349	REVIEW_REQUIRED	Potential launch navigation/action point; source content intentionally not copied
approved/nav-cleanup-7-1/public-profile-before-private-link-cleanup-20260708.html	1363	REVIEW_REQUIRED	Potential launch navigation/action point; source content intentionally not copied
approved/private-profile-auth-guard-approved.html	8	REVIEW_REQUIRED	Potential launch navigation/action point; source content intentionally not copied
approved/private-profile-auth-guard-approved.html	9	REVIEW_REQUIRED	Potential launch navigation/action point; source content intentionally not copied
approved/private-profile-auth-guard-approved.html	10	REVIEW_REQUIRED	Potential launch navigation/action point; source content intentionally not copied
approved/private-profile-auth-guard-approved.html	11	REVIEW_REQUIRED	Potential launch navigation/action point; source content intentionally not copied
approved/private-profile-auth-guard-approved.html	22	REVIEW_REQUIRED	Potential launch navigation/action point; source content intentionally not copied
approved/private-profile-auth-guard-approved.html	25	REVIEW_REQUIRED	Potential launch navigation/action point; source content intentionally not copied
approved/private-profile-auth-guard-approved.html	28	REVIEW_REQUIRED	Potential launch navigation/action point; source content intentionally not copied
approved/private-profile-auth-guard-approved.html	31	REVIEW_REQUIRED	Potential launch navigation/action point; source content intentionally not copied
approved/private-profile-auth-guard-approved.html	36	REVIEW_REQUIRED	Potential launch navigation/action point; source content intentionally not copied
approved/private-profile-auth-guard-approved.html	37	REVIEW_REQUIRED	Potential launch navigation/action point; source content intentionally not copied
approved/private-profile-auth-guard-approved.html	45	REVIEW_REQUIRED	Potential launch navigation/action point; source content intentionally not copied
approved/private-profile-auth-guard-approved.html	47	REVIEW_REQUIRED	Potential launch navigation/action point; source content intentionally not copied
approved/private-profile-auth-guard-approved.html	48	REVIEW_REQUIRED	Potential launch navigation/action point; source content intentionally not copied
approved/private-profile-auth-guard-approved.html	55	REVIEW_REQUIRED	Potential launch navigation/action point; source content intentionally not copied
approved/private-profile-auth-guard-approved.html	67	REVIEW_REQUIRED	Potential launch navigation/action point; source content intentionally not copied
approved/private-profile-auth-guard-approved.html	68	REVIEW_REQUIRED	Potential launch navigation/action point; source content intentionally not copied
approved/private-profile-auth-guard-approved.html	69	REVIEW_REQUIRED	Potential launch navigation/action point; source content intentionally not copied
approved/private-profile-auth-guard-approved.html	72	REVIEW_REQUIRED	Potential launch navigation/action point; source content intentionally not copied
approved/private-profile-auth-guard-approved.html	73	REVIEW_REQUIRED	Potential launch navigation/action point; source content intentionally not copied
approved/private-profile-auth-guard-approved.html	74	REVIEW_REQUIRED	Potential launch navigation/action point; source content intentionally not copied
approved/private-profile-auth-guard-approved.html	80	REVIEW_REQUIRED	Potential launch navigation/action point; source content intentionally not copied
approved/private-profile-auth-guard-approved.html	81	REVIEW_REQUIRED	Potential launch navigation/action point; source content intentionally not copied
approved/private-profile-auth-guard-approved.html	82	REVIEW_REQUIRED	Potential launch navigation/action point; source content intentionally not copied
approved/private-profile-auth-guard-approved.html	83	REVIEW_REQUIRED	Potential launch navigation/action point; source content intentionally not copied
approved/private-profile-auth-guard-approved.html	84	REVIEW_REQUIRED	Potential launch navigation/action point; source content intentionally not copied
approved/private-profile-auth-guard-approved.html	85	REVIEW_REQUIRED	Potential launch navigation/action point; source content intentionally not copied
approved/private-profile-auth-guard-approved.html	140	REVIEW_REQUIRED	Potential launch navigation/action point; source content intentionally not copied
approved/private-profile-auth-guard-approved.html	176	REVIEW_REQUIRED	Potential launch navigation/action point; source content intentionally not copied
approved/private-profile-auth-guard-approved.html	178	REVIEW_REQUIRED	Potential launch navigation/action point; source content intentionally not copied
approved/private-profile-auth-guard-approved.html	182	REVIEW_REQUIRED	Potential launch navigation/action point; source content intentionally not copied
approved/private-profile-auth-guard-approved.html	189	REVIEW_REQUIRED	Potential launch navigation/action point; source content intentionally not copied
approved/private-profile-auth-guard-approved.html	213	REVIEW_REQUIRED	Potential launch navigation/action point; source content intentionally not copied
approved/private-profile-auth-guard-approved.html	214	REVIEW_REQUIRED	Potential launch navigation/action point; source content intentionally not copied
approved/private-profile-auth-guard-approved.html	215	REVIEW_REQUIRED	Potential launch navigation/action point; source content intentionally not copied
approved/private-profile-auth-guard-approved.html	216	REVIEW_REQUIRED	Potential launch navigation/action point; source content intentionally not copied
approved/private-profile-auth-guard-approved.html	217	REVIEW_REQUIRED	Potential launch navigation/action point; source content intentionally not copied
approved/private-profile-auth-guard-approved.html	224	REVIEW_REQUIRED	Potential launch navigation/action point; source content intentionally not copied
approved/private-profile-auth-guard-approved.html	238	REVIEW_REQUIRED	Potential launch navigation/action point; source content intentionally not copied
approved/private-profile-auth-guard-approved.html	372	REVIEW_REQUIRED	Potential launch navigation/action point; source content intentionally not copied
approved/private-profile-auth-guard-approved.html	377	REVIEW_REQUIRED	Potential launch navigation/action point; source content intentionally not copied
approved/private-profile-auth-guard-approved.html	391	REVIEW_REQUIRED	Potential launch navigation/action point; source content intentionally not copied
approved/private-profile-auth-guard-approved.html	436	REVIEW_REQUIRED	Potential launch navigation/action point; source content intentionally not copied
approved/private-profile-auth-guard-approved.html	450	REVIEW_REQUIRED	Potential launch navigation/action point; source content intentionally not copied
approved/private-profile-auth-guard-approved.html	454	REVIEW_REQUIRED	Potential launch navigation/action point; source content intentionally not copied
approved/private-profile-auth-guard-final.html	8	REVIEW_REQUIRED	Potential launch navigation/action point; source content intentionally not copied
approved/private-profile-auth-guard-final.html	9	REVIEW_REQUIRED	Potential launch navigation/action point; source content intentionally not copied
approved/private-profile-auth-guard-final.html	10	REVIEW_REQUIRED	Potential launch navigation/action point; source content intentionally not copied
approved/private-profile-auth-guard-final.html	11	REVIEW_REQUIRED	Potential launch navigation/action point; source content intentionally not copied
approved/private-profile-auth-guard-final.html	22	REVIEW_REQUIRED	Potential launch navigation/action point; source content intentionally not copied
approved/private-profile-auth-guard-final.html	25	REVIEW_REQUIRED	Potential launch navigation/action point; source content intentionally not copied
approved/private-profile-auth-guard-final.html	28	REVIEW_REQUIRED	Potential launch navigation/action point; source content intentionally not copied
approved/private-profile-auth-guard-final.html	31	REVIEW_REQUIRED	Potential launch navigation/action point; source content intentionally not copied
approved/private-profile-auth-guard-final.html	36	REVIEW_REQUIRED	Potential launch navigation/action point; source content intentionally not copied
approved/private-profile-auth-guard-final.html	37	REVIEW_REQUIRED	Potential launch navigation/action point; source content intentionally not copied
approved/private-profile-auth-guard-final.html	45	REVIEW_REQUIRED	Potential launch navigation/action point; source content intentionally not copied
approved/private-profile-auth-guard-final.html	47	REVIEW_REQUIRED	Potential launch navigation/action point; source content intentionally not copied
approved/private-profile-auth-guard-final.html	48	REVIEW_REQUIRED	Potential launch navigation/action point; source content intentionally not copied
approved/private-profile-auth-guard-final.html	55	REVIEW_REQUIRED	Potential launch navigation/action point; source content intentionally not copied
approved/private-profile-auth-guard-final.html	67	REVIEW_REQUIRED	Potential launch navigation/action point; source content intentionally not copied
approved/private-profile-auth-guard-final.html	68	REVIEW_REQUIRED	Potential launch navigation/action point; source content intentionally not copied
approved/private-profile-auth-guard-final.html	69	REVIEW_REQUIRED	Potential launch navigation/action point; source content intentionally not copied
approved/private-profile-auth-guard-final.html	72	REVIEW_REQUIRED	Potential launch navigation/action point; source content intentionally not copied
approved/private-profile-auth-guard-final.html	73	REVIEW_REQUIRED	Potential launch navigation/action point; source content intentionally not copied
approved/private-profile-auth-guard-final.html	74	REVIEW_REQUIRED	Potential launch navigation/action point; source content intentionally not copied
approved/private-profile-auth-guard-final.html	80	REVIEW_REQUIRED	Potential launch navigation/action point; source content intentionally not copied
approved/private-profile-auth-guard-final.html	81	REVIEW_REQUIRED	Potential launch navigation/action point; source content intentionally not copied
approved/private-profile-auth-guard-final.html	82	REVIEW_REQUIRED	Potential launch navigation/action point; source content intentionally not copied
approved/private-profile-auth-guard-final.html	83	REVIEW_REQUIRED	Potential launch navigation/action point; source content intentionally not copied
approved/private-profile-auth-guard-final.html	84	REVIEW_REQUIRED	Potential launch navigation/action point; source content intentionally not copied
approved/private-profile-auth-guard-final.html	85	REVIEW_REQUIRED	Potential launch navigation/action point; source content intentionally not copied
approved/private-profile-auth-guard-final.html	140	REVIEW_REQUIRED	Potential launch navigation/action point; source content intentionally not copied
approved/private-profile-auth-guard-final.html	176	REVIEW_REQUIRED	Potential launch navigation/action point; source content intentionally not copied
approved/private-profile-auth-guard-final.html	178	REVIEW_REQUIRED	Potential launch navigation/action point; source content intentionally not copied
approved/private-profile-auth-guard-final.html	182	REVIEW_REQUIRED	Potential launch navigation/action point; source content intentionally not copied
approved/private-profile-auth-guard-final.html	189	REVIEW_REQUIRED	Potential launch navigation/action point; source content intentionally not copied
approved/private-profile-auth-guard-final.html	213	REVIEW_REQUIRED	Potential launch navigation/action point; source content intentionally not copied
approved/private-profile-auth-guard-final.html	214	REVIEW_REQUIRED	Potential launch navigation/action point; source content intentionally not copied
approved/private-profile-auth-guard-final.html	215	REVIEW_REQUIRED	Potential launch navigation/action point; source content intentionally not copied
approved/private-profile-auth-guard-final.html	216	REVIEW_REQUIRED	Potential launch navigation/action point; source content intentionally not copied
approved/private-profile-auth-guard-final.html	217	REVIEW_REQUIRED	Potential launch navigation/action point; source content intentionally not copied
approved/private-profile-auth-guard-final.html	224	REVIEW_REQUIRED	Potential launch navigation/action point; source content intentionally not copied
approved/private-profile-auth-guard-final.html	238	REVIEW_REQUIRED	Potential launch navigation/action point; source content intentionally not copied
approved/private-profile-auth-guard-final.html	372	REVIEW_REQUIRED	Potential launch navigation/action point; source content intentionally not copied
approved/private-profile-auth-guard-final.html	377	REVIEW_REQUIRED	Potential launch navigation/action point; source content intentionally not copied
approved/private-profile-auth-guard-final.html	391	REVIEW_REQUIRED	Potential launch navigation/action point; source content intentionally not copied
approved/private-profile-auth-guard-final.html	436	REVIEW_REQUIRED	Potential launch navigation/action point; source content intentionally not copied
approved/private-profile-auth-guard-final.html	450	REVIEW_REQUIRED	Potential launch navigation/action point; source content intentionally not copied
approved/private-profile-auth-guard-final.html	454	REVIEW_REQUIRED	Potential launch navigation/action point; source content intentionally not copied
approved/private-profile-before-auth-guard.html	8	REVIEW_REQUIRED	Potential launch navigation/action point; source content intentionally not copied
approved/private-profile-before-auth-guard.html	9	REVIEW_REQUIRED	Potential launch navigation/action point; source content intentionally not copied
approved/private-profile-before-auth-guard.html	10	REVIEW_REQUIRED	Potential launch navigation/action point; source content intentionally not copied
approved/private-profile-before-auth-guard.html	11	REVIEW_REQUIRED	Potential launch navigation/action point; source content intentionally not copied
approved/private-profile-before-auth-guard.html	22	REVIEW_REQUIRED	Potential launch navigation/action point; source content intentionally not copied
approved/private-profile-before-auth-guard.html	25	REVIEW_REQUIRED	Potential launch navigation/action point; source content intentionally not copied
approved/private-profile-before-auth-guard.html	28	REVIEW_REQUIRED	Potential launch navigation/action point; source content intentionally not copied
approved/private-profile-before-auth-guard.html	31	REVIEW_REQUIRED	Potential launch navigation/action point; source content intentionally not copied
approved/private-profile-before-auth-guard.html	36	REVIEW_REQUIRED	Potential launch navigation/action point; source content intentionally not copied
approved/private-profile-before-auth-guard.html	37	REVIEW_REQUIRED	Potential launch navigation/action point; source content intentionally not copied
approved/private-profile-before-auth-guard.html	45	REVIEW_REQUIRED	Potential launch navigation/action point; source content intentionally not copied
approved/private-profile-before-auth-guard.html	47	REVIEW_REQUIRED	Potential launch navigation/action point; source content intentionally not copied
approved/private-profile-before-auth-guard.html	48	REVIEW_REQUIRED	Potential launch navigation/action point; source content intentionally not copied
approved/private-profile-before-auth-guard.html	55	REVIEW_REQUIRED	Potential launch navigation/action point; source content intentionally not copied
approved/private-profile-before-auth-guard.html	67	REVIEW_REQUIRED	Potential launch navigation/action point; source content intentionally not copied
approved/private-profile-before-auth-guard.html	68	REVIEW_REQUIRED	Potential launch navigation/action point; source content intentionally not copied
approved/private-profile-before-auth-guard.html	69	REVIEW_REQUIRED	Potential launch navigation/action point; source content intentionally not copied
approved/private-profile-before-auth-guard.html	72	REVIEW_REQUIRED	Potential launch navigation/action point; source content intentionally not copied
approved/private-profile-before-auth-guard.html	73	REVIEW_REQUIRED	Potential launch navigation/action point; source content intentionally not copied
approved/private-profile-before-auth-guard.html	74	REVIEW_REQUIRED	Potential launch navigation/action point; source content intentionally not copied
approved/private-profile-before-auth-guard.html	80	REVIEW_REQUIRED	Potential launch navigation/action point; source content intentionally not copied
approved/private-profile-before-auth-guard.html	81	REVIEW_REQUIRED	Potential launch navigation/action point; source content intentionally not copied
approved/private-profile-before-auth-guard.html	82	REVIEW_REQUIRED	Potential launch navigation/action point; source content intentionally not copied
approved/private-profile-before-auth-guard.html	83	REVIEW_REQUIRED	Potential launch navigation/action point; source content intentionally not copied
approved/private-profile-before-auth-guard.html	84	REVIEW_REQUIRED	Potential launch navigation/action point; source content intentionally not copied
approved/private-profile-before-auth-guard.html	85	REVIEW_REQUIRED	Potential launch navigation/action point; source content intentionally not copied
approved/private-profile-before-auth-guard.html	140	REVIEW_REQUIRED	Potential launch navigation/action point; source content intentionally not copied
approved/private-profile-before-auth-guard.html	176	REVIEW_REQUIRED	Potential launch navigation/action point; source content intentionally not copied
approved/private-profile-before-auth-guard.html	178	REVIEW_REQUIRED	Potential launch navigation/action point; source content intentionally not copied
approved/private-profile-before-auth-guard.html	182	REVIEW_REQUIRED	Potential launch navigation/action point; source content intentionally not copied
approved/private-profile-before-auth-guard.html	189	REVIEW_REQUIRED	Potential launch navigation/action point; source content intentionally not copied
approved/private-profile-before-auth-guard.html	213	REVIEW_REQUIRED	Potential launch navigation/action point; source content intentionally not copied
approved/private-profile-before-auth-guard.html	214	REVIEW_REQUIRED	Potential launch navigation/action point; source content intentionally not copied
approved/private-profile-before-auth-guard.html	215	REVIEW_REQUIRED	Potential launch navigation/action point; source content intentionally not copied
approved/private-profile-before-auth-guard.html	216	REVIEW_REQUIRED	Potential launch navigation/action point; source content intentionally not copied
approved/private-profile-before-auth-guard.html	217	REVIEW_REQUIRED	Potential launch navigation/action point; source content intentionally not copied
approved/private-profile-before-auth-guard.html	224	REVIEW_REQUIRED	Potential launch navigation/action point; source content intentionally not copied
approved/private-profile-before-auth-guard.html	238	REVIEW_REQUIRED	Potential launch navigation/action point; source content intentionally not copied
approved/private-profile-before-auth-guard.html	372	REVIEW_REQUIRED	Potential launch navigation/action point; source content intentionally not copied
approved/private-profile-before-auth-guard.html	377	REVIEW_REQUIRED	Potential launch navigation/action point; source content intentionally not copied
approved/private-profile-before-auth-guard.html	391	REVIEW_REQUIRED	Potential launch navigation/action point; source content intentionally not copied
approved/private-profile-before-auth-guard.html	436	REVIEW_REQUIRED	Potential launch navigation/action point; source content intentionally not copied
approved/private-profile-before-auth-guard.html	450	REVIEW_REQUIRED	Potential launch navigation/action point; source content intentionally not copied
approved/private-profile-before-auth-guard.html	454	REVIEW_REQUIRED	Potential launch navigation/action point; source content intentionally not copied
approved/private-profile.desktop-approved.html	8	REVIEW_REQUIRED	Potential launch navigation/action point; source content intentionally not copied
approved/private-profile.desktop-approved.html	9	REVIEW_REQUIRED	Potential launch navigation/action point; source content intentionally not copied
approved/private-profile.desktop-approved.html	10	REVIEW_REQUIRED	Potential launch navigation/action point; source content intentionally not copied
approved/private-profile.desktop-approved.html	11	REVIEW_REQUIRED	Potential launch navigation/action point; source content intentionally not copied
approved/private-profile.desktop-approved.html	22	REVIEW_REQUIRED	Potential launch navigation/action point; source content intentionally not copied
approved/private-profile.desktop-approved.html	25	REVIEW_REQUIRED	Potential launch navigation/action point; source content intentionally not copied
approved/private-profile.desktop-approved.html	28	REVIEW_REQUIRED	Potential launch navigation/action point; source content intentionally not copied
approved/private-profile.desktop-approved.html	31	REVIEW_REQUIRED	Potential launch navigation/action point; source content intentionally not copied
approved/private-profile.desktop-approved.html	36	REVIEW_REQUIRED	Potential launch navigation/action point; source content intentionally not copied
approved/private-profile.desktop-approved.html	37	REVIEW_REQUIRED	Potential launch navigation/action point; source content intentionally not copied
approved/private-profile.desktop-approved.html	45	REVIEW_REQUIRED	Potential launch navigation/action point; source content intentionally not copied
approved/private-profile.desktop-approved.html	47	REVIEW_REQUIRED	Potential launch navigation/action point; source content intentionally not copied
approved/private-profile.desktop-approved.html	48	REVIEW_REQUIRED	Potential launch navigation/action point; source content intentionally not copied
approved/private-profile.desktop-approved.html	55	REVIEW_REQUIRED	Potential launch navigation/action point; source content intentionally not copied
approved/private-profile.desktop-approved.html	67	REVIEW_REQUIRED	Potential launch navigation/action point; source content intentionally not copied
approved/private-profile.desktop-approved.html	68	REVIEW_REQUIRED	Potential launch navigation/action point; source content intentionally not copied
approved/private-profile.desktop-approved.html	69	REVIEW_REQUIRED	Potential launch navigation/action point; source content intentionally not copied
approved/private-profile.desktop-approved.html	72	REVIEW_REQUIRED	Potential launch navigation/action point; source content intentionally not copied
approved/private-profile.desktop-approved.html	73	REVIEW_REQUIRED	Potential launch navigation/action point; source content intentionally not copied
approved/private-profile.desktop-approved.html	74	REVIEW_REQUIRED	Potential launch navigation/action point; source content intentionally not copied
approved/private-profile.desktop-approved.html	80	REVIEW_REQUIRED	Potential launch navigation/action point; source content intentionally not copied
approved/private-profile.desktop-approved.html	81	REVIEW_REQUIRED	Potential launch navigation/action point; source content intentionally not copied
approved/private-profile.desktop-approved.html	82	REVIEW_REQUIRED	Potential launch navigation/action point; source content intentionally not copied
approved/private-profile.desktop-approved.html	83	REVIEW_REQUIRED	Potential launch navigation/action point; source content intentionally not copied
approved/private-profile.desktop-approved.html	84	REVIEW_REQUIRED	Potential launch navigation/action point; source content intentionally not copied
approved/private-profile.desktop-approved.html	85	REVIEW_REQUIRED	Potential launch navigation/action point; source content intentionally not copied
approved/private-profile.desktop-approved.html	140	REVIEW_REQUIRED	Potential launch navigation/action point; source content intentionally not copied
approved/private-profile.desktop-approved.html	176	REVIEW_REQUIRED	Potential launch navigation/action point; source content intentionally not copied
approved/private-profile.desktop-approved.html	178	REVIEW_REQUIRED	Potential launch navigation/action point; source content intentionally not copied
approved/private-profile.desktop-approved.html	182	REVIEW_REQUIRED	Potential launch navigation/action point; source content intentionally not copied
approved/private-profile.desktop-approved.html	189	REVIEW_REQUIRED	Potential launch navigation/action point; source content intentionally not copied
approved/private-profile.desktop-approved.html	213	REVIEW_REQUIRED	Potential launch navigation/action point; source content intentionally not copied
approved/private-profile.desktop-approved.html	214	REVIEW_REQUIRED	Potential launch navigation/action point; source content intentionally not copied
approved/private-profile.desktop-approved.html	215	REVIEW_REQUIRED	Potential launch navigation/action point; source content intentionally not copied
approved/private-profile.desktop-approved.html	216	REVIEW_REQUIRED	Potential launch navigation/action point; source content intentionally not copied
approved/private-profile.desktop-approved.html	217	REVIEW_REQUIRED	Potential launch navigation/action point; source content intentionally not copied
approved/private-profile.desktop-approved.html	224	REVIEW_REQUIRED	Potential launch navigation/action point; source content intentionally not copied
approved/private-profile.desktop-approved.html	238	REVIEW_REQUIRED	Potential launch navigation/action point; source content intentionally not copied
approved/private-profile.desktop-approved.html	372	REVIEW_REQUIRED	Potential launch navigation/action point; source content intentionally not copied
approved/private-profile.desktop-approved.html	377	REVIEW_REQUIRED	Potential launch navigation/action point; source content intentionally not copied
approved/private-profile.desktop-approved.html	391	REVIEW_REQUIRED	Potential launch navigation/action point; source content intentionally not copied
approved/private-profile.desktop-approved.html	436	REVIEW_REQUIRED	Potential launch navigation/action point; source content intentionally not copied
approved/private-profile.desktop-approved.html	450	REVIEW_REQUIRED	Potential launch navigation/action point; source content intentionally not copied
approved/private-profile.desktop-approved.html	454	REVIEW_REQUIRED	Potential launch navigation/action point; source content intentionally not copied
approved/private-profile.final-approved.html	8	REVIEW_REQUIRED	Potential launch navigation/action point; source content intentionally not copied
approved/private-profile.final-approved.html	9	REVIEW_REQUIRED	Potential launch navigation/action point; source content intentionally not copied
approved/private-profile.final-approved.html	10	REVIEW_REQUIRED	Potential launch navigation/action point; source content intentionally not copied
approved/private-profile.final-approved.html	11	REVIEW_REQUIRED	Potential launch navigation/action point; source content intentionally not copied
approved/private-profile.final-approved.html	22	REVIEW_REQUIRED	Potential launch navigation/action point; source content intentionally not copied
approved/private-profile.final-approved.html	25	REVIEW_REQUIRED	Potential launch navigation/action point; source content intentionally not copied
approved/private-profile.final-approved.html	28	REVIEW_REQUIRED	Potential launch navigation/action point; source content intentionally not copied
approved/private-profile.final-approved.html	31	REVIEW_REQUIRED	Potential launch navigation/action point; source content intentionally not copied
approved/private-profile.final-approved.html	36	REVIEW_REQUIRED	Potential launch navigation/action point; source content intentionally not copied
approved/private-profile.final-approved.html	37	REVIEW_REQUIRED	Potential launch navigation/action point; source content intentionally not copied
approved/private-profile.final-approved.html	45	REVIEW_REQUIRED	Potential launch navigation/action point; source content intentionally not copied
approved/private-profile.final-approved.html	47	REVIEW_REQUIRED	Potential launch navigation/action point; source content intentionally not copied
approved/private-profile.final-approved.html	48	REVIEW_REQUIRED	Potential launch navigation/action point; source content intentionally not copied
approved/private-profile.final-approved.html	55	REVIEW_REQUIRED	Potential launch navigation/action point; source content intentionally not copied
approved/private-profile.final-approved.html	67	REVIEW_REQUIRED	Potential launch navigation/action point; source content intentionally not copied
approved/private-profile.final-approved.html	68	REVIEW_REQUIRED	Potential launch navigation/action point; source content intentionally not copied
approved/private-profile.final-approved.html	69	REVIEW_REQUIRED	Potential launch navigation/action point; source content intentionally not copied
approved/private-profile.final-approved.html	72	REVIEW_REQUIRED	Potential launch navigation/action point; source content intentionally not copied
approved/private-profile.final-approved.html	73	REVIEW_REQUIRED	Potential launch navigation/action point; source content intentionally not copied
approved/private-profile.final-approved.html	74	REVIEW_REQUIRED	Potential launch navigation/action point; source content intentionally not copied
approved/private-profile.final-approved.html	80	REVIEW_REQUIRED	Potential launch navigation/action point; source content intentionally not copied
approved/private-profile.final-approved.html	81	REVIEW_REQUIRED	Potential launch navigation/action point; source content intentionally not copied
approved/private-profile.final-approved.html	82	REVIEW_REQUIRED	Potential launch navigation/action point; source content intentionally not copied
approved/private-profile.final-approved.html	83	REVIEW_REQUIRED	Potential launch navigation/action point; source content intentionally not copied
approved/private-profile.final-approved.html	84	REVIEW_REQUIRED	Potential launch navigation/action point; source content intentionally not copied
approved/private-profile.final-approved.html	85	REVIEW_REQUIRED	Potential launch navigation/action point; source content intentionally not copied
approved/private-profile.final-approved.html	140	REVIEW_REQUIRED	Potential launch navigation/action point; source content intentionally not copied
approved/private-profile.final-approved.html	176	REVIEW_REQUIRED	Potential launch navigation/action point; source content intentionally not copied
approved/private-profile.final-approved.html	178	REVIEW_REQUIRED	Potential launch navigation/action point; source content intentionally not copied
approved/private-profile.final-approved.html	182	REVIEW_REQUIRED	Potential launch navigation/action point; source content intentionally not copied
approved/private-profile.final-approved.html	189	REVIEW_REQUIRED	Potential launch navigation/action point; source content intentionally not copied
approved/private-profile.final-approved.html	213	REVIEW_REQUIRED	Potential launch navigation/action point; source content intentionally not copied
approved/private-profile.final-approved.html	214	REVIEW_REQUIRED	Potential launch navigation/action point; source content intentionally not copied
approved/private-profile.final-approved.html	215	REVIEW_REQUIRED	Potential launch navigation/action point; source content intentionally not copied
approved/private-profile.final-approved.html	216	REVIEW_REQUIRED	Potential launch navigation/action point; source content intentionally not copied
approved/private-profile.final-approved.html	217	REVIEW_REQUIRED	Potential launch navigation/action point; source content intentionally not copied
approved/private-profile.final-approved.html	224	REVIEW_REQUIRED	Potential launch navigation/action point; source content intentionally not copied
approved/private-profile.final-approved.html	238	REVIEW_REQUIRED	Potential launch navigation/action point; source content intentionally not copied
approved/private-profile.final-approved.html	372	REVIEW_REQUIRED	Potential launch navigation/action point; source content intentionally not copied
approved/private-profile.final-approved.html	377	REVIEW_REQUIRED	Potential launch navigation/action point; source content intentionally not copied
approved/private-profile.final-approved.html	391	REVIEW_REQUIRED	Potential launch navigation/action point; source content intentionally not copied
approved/private-profile.final-approved.html	436	REVIEW_REQUIRED	Potential launch navigation/action point; source content intentionally not copied
approved/private-profile.final-approved.html	450	REVIEW_REQUIRED	Potential launch navigation/action point; source content intentionally not copied
approved/private-profile.final-approved.html	454	REVIEW_REQUIRED	Potential launch navigation/action point; source content intentionally not copied
approved/public-profile.final-approved.html	9	REVIEW_REQUIRED	Potential launch navigation/action point; source content intentionally not copied
approved/public-profile.final-approved.html	10	REVIEW_REQUIRED	Potential launch navigation/action point; source content intentionally not copied
approved/public-profile.final-approved.html	11	REVIEW_REQUIRED	Potential launch navigation/action point; source content intentionally not copied
approved/public-profile.final-approved.html	12	REVIEW_REQUIRED	Potential launch navigation/action point; source content intentionally not copied
approved/public-profile.final-approved.html	13	REVIEW_REQUIRED	Potential launch navigation/action point; source content intentionally not copied
approved/public-profile.final-approved.html	698	REVIEW_REQUIRED	Potential launch navigation/action point; source content intentionally not copied
approved/public-profile.final-approved.html	699	REVIEW_REQUIRED	Potential launch navigation/action point; source content intentionally not copied
approved/public-profile.final-approved.html	700	REVIEW_REQUIRED	Potential launch navigation/action point; source content intentionally not copied
approved/public-profile.final-approved.html	701	REVIEW_REQUIRED	Potential launch navigation/action point; source content intentionally not copied
approved/public-profile.final-approved.html	702	REVIEW_REQUIRED	Potential launch navigation/action point; source content intentionally not copied
approved/public-profile.final-approved.html	705	REVIEW_REQUIRED	Potential launch navigation/action point; source content intentionally not copied
approved/public-profile.final-approved.html	706	REVIEW_REQUIRED	Potential launch navigation/action point; source content intentionally not copied
approved/public-profile.final-approved.html	707	REVIEW_REQUIRED	Potential launch navigation/action point; source content intentionally not copied
approved/public-profile.final-approved.html	711	REVIEW_REQUIRED	Potential launch navigation/action point; source content intentionally not copied
approved/public-profile.final-approved.html	712	REVIEW_REQUIRED	Potential launch navigation/action point; source content intentionally not copied
approved/public-profile.final-approved.html	713	REVIEW_REQUIRED	Potential launch navigation/action point; source content intentionally not copied
approved/public-profile.final-approved.html	714	REVIEW_REQUIRED	Potential launch navigation/action point; source content intentionally not copied
approved/public-profile.final-approved.html	715	REVIEW_REQUIRED	Potential launch navigation/action point; source content intentionally not copied
approved/public-profile.final-approved.html	724	REVIEW_REQUIRED	Potential launch navigation/action point; source content intentionally not copied
approved/public-profile.final-approved.html	767	REVIEW_REQUIRED	Potential launch navigation/action point; source content intentionally not copied
approved/public-profile.final-approved.html	829	REVIEW_REQUIRED	Potential launch navigation/action point; source content intentionally not copied
approved/public-profile.final-approved.html	830	REVIEW_REQUIRED	Potential launch navigation/action point; source content intentionally not copied
approved/public-profile.final-approved.html	831	REVIEW_REQUIRED	Potential launch navigation/action point; source content intentionally not copied
approved/public-profile.final-approved.html	832	REVIEW_REQUIRED	Potential launch navigation/action point; source content intentionally not copied
approved/public-profile.final-approved.html	846	REVIEW_REQUIRED	Potential launch navigation/action point; source content intentionally not copied
approved/public-profile.final-approved.html	851	REVIEW_REQUIRED	Potential launch navigation/action point; source content intentionally not copied
approved/public-profile.final-approved.html	852	REVIEW_REQUIRED	Potential launch navigation/action point; source content intentionally not copied
approved/public-profile.final-approved.html	853	REVIEW_REQUIRED	Potential launch navigation/action point; source content intentionally not copied
approved/public-profile.final-approved.html	858	REVIEW_REQUIRED	Potential launch navigation/action point; source content intentionally not copied
approved/public-profile.final-approved.html	872	REVIEW_REQUIRED	Potential launch navigation/action point; source content intentionally not copied
approved/public-profile.final-approved.html	876	REVIEW_REQUIRED	Potential launch navigation/action point; source content intentionally not copied
approved/public-profile.final-approved.html	877	REVIEW_REQUIRED	Potential launch navigation/action point; source content intentionally not copied
approved/public-profile.final-approved.html	878	REVIEW_REQUIRED	Potential launch navigation/action point; source content intentionally not copied
approved/public-profile.final-approved.html	883	REVIEW_REQUIRED	Potential launch navigation/action point; source content intentionally not copied
approved/public-profile.final-approved.html	894	REVIEW_REQUIRED	Potential launch navigation/action point; source content intentionally not copied
approved/public-profile.final-approved.html	897	REVIEW_REQUIRED	Potential launch navigation/action point; source content intentionally not copied
approved/public-profile.final-approved.html	898	REVIEW_REQUIRED	Potential launch navigation/action point; source content intentionally not copied
approved/public-profile.final-approved.html	899	REVIEW_REQUIRED	Potential launch navigation/action point; source content intentionally not copied
approved/public-profile.final-approved.html	900	REVIEW_REQUIRED	Potential launch navigation/action point; source content intentionally not copied
approved/public-profile.final-approved.html	926	REVIEW_REQUIRED	Potential launch navigation/action point; source content intentionally not copied
approved/public-profile.final-approved.html	929	REVIEW_REQUIRED	Potential launch navigation/action point; source content intentionally not copied
approved/public-profile.final-approved.html	932	REVIEW_REQUIRED	Potential launch navigation/action point; source content intentionally not copied
approved/public-profile.final-approved.html	935	REVIEW_REQUIRED	Potential launch navigation/action point; source content intentionally not copied
approved/public-profile.final-approved.html	940	REVIEW_REQUIRED	Potential launch navigation/action point; source content intentionally not copied
approved/public-profile.final-approved.html	941	REVIEW_REQUIRED	Potential launch navigation/action point; source content intentionally not copied
approved/public-profile.final-approved.html	944	REVIEW_REQUIRED	Potential launch navigation/action point; source content intentionally not copied
approved/public-profile.final-approved.html	946	REVIEW_REQUIRED	Potential launch navigation/action point; source content intentionally not copied
approved/public-profile.final-approved.html	947	REVIEW_REQUIRED	Potential launch navigation/action point; source content intentionally not copied
approved/public-profile.final-approved.html	948	REVIEW_REQUIRED	Potential launch navigation/action point; source content intentionally not copied
approved/public-profile.final-approved.html	949	REVIEW_REQUIRED	Potential launch navigation/action point; source content intentionally not copied
approved/public-profile.final-approved.html	958	REVIEW_REQUIRED	Potential launch navigation/action point; source content intentionally not copied
approved/public-profile.final-approved.html	959	REVIEW_REQUIRED	Potential launch navigation/action point; source content intentionally not copied
approved/public-profile.final-approved.html	962	REVIEW_REQUIRED	Potential launch navigation/action point; source content intentionally not copied
approved/public-profile.final-approved.html	965	REVIEW_REQUIRED	Potential launch navigation/action point; source content intentionally not copied
approved/public-profile.final-approved.html	968	REVIEW_REQUIRED	Potential launch navigation/action point; source content intentionally not copied
approved/public-profile.final-approved.html	971	REVIEW_REQUIRED	Potential launch navigation/action point; source content intentionally not copied
approved/public-profile.final-approved.html	978	REVIEW_REQUIRED	Potential launch navigation/action point; source content intentionally not copied
approved/public-profile.final-approved.html	1006	REVIEW_REQUIRED	Potential launch navigation/action point; source content intentionally not copied
approved/public-profile.final-approved.html	1049	REVIEW_REQUIRED	Potential launch navigation/action point; source content intentionally not copied
approved/public-profile.final-approved.html	1083	REVIEW_REQUIRED	Potential launch navigation/action point; source content intentionally not copied
approved/public-profile.final-approved.html	1092	REVIEW_REQUIRED	Potential launch navigation/action point; source content intentionally not copied
approved/public-profile.final-approved.html	1096	REVIEW_REQUIRED	Potential launch navigation/action point; source content intentionally not copied
approved/public-profile.final-approved.html	1100	REVIEW_REQUIRED	Potential launch navigation/action point; source content intentionally not copied
approved/public-profile.final-approved.html	1104	REVIEW_REQUIRED	Potential launch navigation/action point; source content intentionally not copied
approved/public-profile.final-approved.html	1120	REVIEW_REQUIRED	Potential launch navigation/action point; source content intentionally not copied
approved/public-profile.final-approved.html	1129	REVIEW_REQUIRED	Potential launch navigation/action point; source content intentionally not copied
approved/public-profile.final-approved.html	1133	REVIEW_REQUIRED	Potential launch navigation/action point; source content intentionally not copied
approved/public-profile.final-approved.html	1137	REVIEW_REQUIRED	Potential launch navigation/action point; source content intentionally not copied
approved/public-profile.final-approved.html	1141	REVIEW_REQUIRED	Potential launch navigation/action point; source content intentionally not copied
approved/public-profile.final-approved.html	1150	REVIEW_REQUIRED	Potential launch navigation/action point; source content intentionally not copied
approved/public-profile.final-approved.html	1153	REVIEW_REQUIRED	Potential launch navigation/action point; source content intentionally not copied
approved/public-profile.final-approved.html	1154	REVIEW_REQUIRED	Potential launch navigation/action point; source content intentionally not copied
approved/public-profile.final-approved.html	1155	REVIEW_REQUIRED	Potential launch navigation/action point; source content intentionally not copied
approved/public-profile.final-approved.html	1156	REVIEW_REQUIRED	Potential launch navigation/action point; source content intentionally not copied
approved/public-profile.final-approved.html	1157	REVIEW_REQUIRED	Potential launch navigation/action point; source content intentionally not copied
approved/public-profile.final-approved.html	1165	REVIEW_REQUIRED	Potential launch navigation/action point; source content intentionally not copied
approved/public-profile.final-approved.html	1179	REVIEW_REQUIRED	Potential launch navigation/action point; source content intentionally not copied
approved/public-profile.final-approved.html	1189	REVIEW_REQUIRED	Potential launch navigation/action point; source content intentionally not copied
approved/public-profile.final-approved.html	1190	REVIEW_REQUIRED	Potential launch navigation/action point; source content intentionally not copied
approved/public-profile.final-approved.html	1201	REVIEW_REQUIRED	Potential launch navigation/action point; source content intentionally not copied
approved/public-profile.final-approved.html	1206	REVIEW_REQUIRED	Potential launch navigation/action point; source content intentionally not copied
approved/public-profile.final-approved.html	1207	REVIEW_REQUIRED	Potential launch navigation/action point; source content intentionally not copied
approved/public-profile.final-approved.html	1208	REVIEW_REQUIRED	Potential launch navigation/action point; source content intentionally not copied
approved/public-profile.final-approved.html	1343	REVIEW_REQUIRED	Potential launch navigation/action point; source content intentionally not copied
approved/public-profile.final-approved.html	1348	REVIEW_REQUIRED	Potential launch navigation/action point; source content intentionally not copied
approved/public-profile.final-approved.html	1362	REVIEW_REQUIRED	Potential launch navigation/action point; source content intentionally not copied
approved/public-profile.mobile-approved.html	9	REVIEW_REQUIRED	Potential launch navigation/action point; source content intentionally not copied
approved/public-profile.mobile-approved.html	10	REVIEW_REQUIRED	Potential launch navigation/action point; source content intentionally not copied
approved/public-profile.mobile-approved.html	11	REVIEW_REQUIRED	Potential launch navigation/action point; source content intentionally not copied
approved/public-profile.mobile-approved.html	12	REVIEW_REQUIRED	Potential launch navigation/action point; source content intentionally not copied
approved/public-profile.mobile-approved.html	13	REVIEW_REQUIRED	Potential launch navigation/action point; source content intentionally not copied
approved/public-profile.mobile-approved.html	698	REVIEW_REQUIRED	Potential launch navigation/action point; source content intentionally not copied
approved/public-profile.mobile-approved.html	699	REVIEW_REQUIRED	Potential launch navigation/action point; source content intentionally not copied
approved/public-profile.mobile-approved.html	700	REVIEW_REQUIRED	Potential launch navigation/action point; source content intentionally not copied
approved/public-profile.mobile-approved.html	701	REVIEW_REQUIRED	Potential launch navigation/action point; source content intentionally not copied
approved/public-profile.mobile-approved.html	702	REVIEW_REQUIRED	Potential launch navigation/action point; source content intentionally not copied
approved/public-profile.mobile-approved.html	705	REVIEW_REQUIRED	Potential launch navigation/action point; source content intentionally not copied
approved/public-profile.mobile-approved.html	706	REVIEW_REQUIRED	Potential launch navigation/action point; source content intentionally not copied
approved/public-profile.mobile-approved.html	707	REVIEW_REQUIRED	Potential launch navigation/action point; source content intentionally not copied
approved/public-profile.mobile-approved.html	711	REVIEW_REQUIRED	Potential launch navigation/action point; source content intentionally not copied
approved/public-profile.mobile-approved.html	712	REVIEW_REQUIRED	Potential launch navigation/action point; source content intentionally not copied
approved/public-profile.mobile-approved.html	713	REVIEW_REQUIRED	Potential launch navigation/action point; source content intentionally not copied
approved/public-profile.mobile-approved.html	714	REVIEW_REQUIRED	Potential launch navigation/action point; source content intentionally not copied
approved/public-profile.mobile-approved.html	715	REVIEW_REQUIRED	Potential launch navigation/action point; source content intentionally not copied
approved/public-profile.mobile-approved.html	724	REVIEW_REQUIRED	Potential launch navigation/action point; source content intentionally not copied
approved/public-profile.mobile-approved.html	767	REVIEW_REQUIRED	Potential launch navigation/action point; source content intentionally not copied
approved/public-profile.mobile-approved.html	829	REVIEW_REQUIRED	Potential launch navigation/action point; source content intentionally not copied
approved/public-profile.mobile-approved.html	830	REVIEW_REQUIRED	Potential launch navigation/action point; source content intentionally not copied
approved/public-profile.mobile-approved.html	831	REVIEW_REQUIRED	Potential launch navigation/action point; source content intentionally not copied
approved/public-profile.mobile-approved.html	832	REVIEW_REQUIRED	Potential launch navigation/action point; source content intentionally not copied
approved/public-profile.mobile-approved.html	846	REVIEW_REQUIRED	Potential launch navigation/action point; source content intentionally not copied
approved/public-profile.mobile-approved.html	851	REVIEW_REQUIRED	Potential launch navigation/action point; source content intentionally not copied
approved/public-profile.mobile-approved.html	852	REVIEW_REQUIRED	Potential launch navigation/action point; source content intentionally not copied
approved/public-profile.mobile-approved.html	853	REVIEW_REQUIRED	Potential launch navigation/action point; source content intentionally not copied
approved/public-profile.mobile-approved.html	858	REVIEW_REQUIRED	Potential launch navigation/action point; source content intentionally not copied
approved/public-profile.mobile-approved.html	872	REVIEW_REQUIRED	Potential launch navigation/action point; source content intentionally not copied
approved/public-profile.mobile-approved.html	876	REVIEW_REQUIRED	Potential launch navigation/action point; source content intentionally not copied
approved/public-profile.mobile-approved.html	877	REVIEW_REQUIRED	Potential launch navigation/action point; source content intentionally not copied
approved/public-profile.mobile-approved.html	878	REVIEW_REQUIRED	Potential launch navigation/action point; source content intentionally not copied
approved/public-profile.mobile-approved.html	883	REVIEW_REQUIRED	Potential launch navigation/action point; source content intentionally not copied
approved/public-profile.mobile-approved.html	894	REVIEW_REQUIRED	Potential launch navigation/action point; source content intentionally not copied
approved/public-profile.mobile-approved.html	897	REVIEW_REQUIRED	Potential launch navigation/action point; source content intentionally not copied
approved/public-profile.mobile-approved.html	898	REVIEW_REQUIRED	Potential launch navigation/action point; source content intentionally not copied
approved/public-profile.mobile-approved.html	899	REVIEW_REQUIRED	Potential launch navigation/action point; source content intentionally not copied
approved/public-profile.mobile-approved.html	900	REVIEW_REQUIRED	Potential launch navigation/action point; source content intentionally not copied
approved/public-profile.mobile-approved.html	926	REVIEW_REQUIRED	Potential launch navigation/action point; source content intentionally not copied
approved/public-profile.mobile-approved.html	929	REVIEW_REQUIRED	Potential launch navigation/action point; source content intentionally not copied
approved/public-profile.mobile-approved.html	932	REVIEW_REQUIRED	Potential launch navigation/action point; source content intentionally not copied
approved/public-profile.mobile-approved.html	935	REVIEW_REQUIRED	Potential launch navigation/action point; source content intentionally not copied
approved/public-profile.mobile-approved.html	940	REVIEW_REQUIRED	Potential launch navigation/action point; source content intentionally not copied
approved/public-profile.mobile-approved.html	941	REVIEW_REQUIRED	Potential launch navigation/action point; source content intentionally not copied
approved/public-profile.mobile-approved.html	944	REVIEW_REQUIRED	Potential launch navigation/action point; source content intentionally not copied
approved/public-profile.mobile-approved.html	946	REVIEW_REQUIRED	Potential launch navigation/action point; source content intentionally not copied
approved/public-profile.mobile-approved.html	947	REVIEW_REQUIRED	Potential launch navigation/action point; source content intentionally not copied
approved/public-profile.mobile-approved.html	948	REVIEW_REQUIRED	Potential launch navigation/action point; source content intentionally not copied
approved/public-profile.mobile-approved.html	949	REVIEW_REQUIRED	Potential launch navigation/action point; source content intentionally not copied
approved/public-profile.mobile-approved.html	958	REVIEW_REQUIRED	Potential launch navigation/action point; source content intentionally not copied
approved/public-profile.mobile-approved.html	959	REVIEW_REQUIRED	Potential launch navigation/action point; source content intentionally not copied
approved/public-profile.mobile-approved.html	962	REVIEW_REQUIRED	Potential launch navigation/action point; source content intentionally not copied
approved/public-profile.mobile-approved.html	965	REVIEW_REQUIRED	Potential launch navigation/action point; source content intentionally not copied
approved/public-profile.mobile-approved.html	968	REVIEW_REQUIRED	Potential launch navigation/action point; source content intentionally not copied
approved/public-profile.mobile-approved.html	971	REVIEW_REQUIRED	Potential launch navigation/action point; source content intentionally not copied
approved/public-profile.mobile-approved.html	978	REVIEW_REQUIRED	Potential launch navigation/action point; source content intentionally not copied
approved/public-profile.mobile-approved.html	1006	REVIEW_REQUIRED	Potential launch navigation/action point; source content intentionally not copied
approved/public-profile.mobile-approved.html	1049	REVIEW_REQUIRED	Potential launch navigation/action point; source content intentionally not copied
approved/public-profile.mobile-approved.html	1083	REVIEW_REQUIRED	Potential launch navigation/action point; source content intentionally not copied
approved/public-profile.mobile-approved.html	1092	REVIEW_REQUIRED	Potential launch navigation/action point; source content intentionally not copied
approved/public-profile.mobile-approved.html	1096	REVIEW_REQUIRED	Potential launch navigation/action point; source content intentionally not copied
approved/public-profile.mobile-approved.html	1100	REVIEW_REQUIRED	Potential launch navigation/action point; source content intentionally not copied
approved/public-profile.mobile-approved.html	1104	REVIEW_REQUIRED	Potential launch navigation/action point; source content intentionally not copied
approved/public-profile.mobile-approved.html	1120	REVIEW_REQUIRED	Potential launch navigation/action point; source content intentionally not copied
approved/public-profile.mobile-approved.html	1129	REVIEW_REQUIRED	Potential launch navigation/action point; source content intentionally not copied
approved/public-profile.mobile-approved.html	1133	REVIEW_REQUIRED	Potential launch navigation/action point; source content intentionally not copied
approved/public-profile.mobile-approved.html	1137	REVIEW_REQUIRED	Potential launch navigation/action point; source content intentionally not copied
approved/public-profile.mobile-approved.html	1141	REVIEW_REQUIRED	Potential launch navigation/action point; source content intentionally not copied
approved/public-profile.mobile-approved.html	1150	REVIEW_REQUIRED	Potential launch navigation/action point; source content intentionally not copied
approved/public-profile.mobile-approved.html	1153	REVIEW_REQUIRED	Potential launch navigation/action point; source content intentionally not copied
approved/public-profile.mobile-approved.html	1154	REVIEW_REQUIRED	Potential launch navigation/action point; source content intentionally not copied
approved/public-profile.mobile-approved.html	1155	REVIEW_REQUIRED	Potential launch navigation/action point; source content intentionally not copied
approved/public-profile.mobile-approved.html	1156	REVIEW_REQUIRED	Potential launch navigation/action point; source content intentionally not copied
approved/public-profile.mobile-approved.html	1157	REVIEW_REQUIRED	Potential launch navigation/action point; source content intentionally not copied
approved/public-profile.mobile-approved.html	1165	REVIEW_REQUIRED	Potential launch navigation/action point; source content intentionally not copied
approved/public-profile.mobile-approved.html	1179	REVIEW_REQUIRED	Potential launch navigation/action point; source content intentionally not copied
approved/public-profile.mobile-approved.html	1189	REVIEW_REQUIRED	Potential launch navigation/action point; source content intentionally not copied
approved/public-profile.mobile-approved.html	1190	REVIEW_REQUIRED	Potential launch navigation/action point; source content intentionally not copied
approved/public-profile.mobile-approved.html	1201	REVIEW_REQUIRED	Potential launch navigation/action point; source content intentionally not copied
approved/public-profile.mobile-approved.html	1206	REVIEW_REQUIRED	Potential launch navigation/action point; source content intentionally not copied
approved/public-profile.mobile-approved.html	1207	REVIEW_REQUIRED	Potential launch navigation/action point; source content intentionally not copied
approved/public-profile.mobile-approved.html	1208	REVIEW_REQUIRED	Potential launch navigation/action point; source content intentionally not copied
approved/public-profile.mobile-approved.html	1343	REVIEW_REQUIRED	Potential launch navigation/action point; source content intentionally not copied
approved/public-profile.mobile-approved.html	1348	REVIEW_REQUIRED	Potential launch navigation/action point; source content intentionally not copied
approved/public-profile.mobile-approved.html	1362	REVIEW_REQUIRED	Potential launch navigation/action point; source content intentionally not copied
approved/require-auth-approved.js	3	REVIEW_REQUIRED	Potential launch navigation/action point; source content intentionally not copied
approved/require-auth-approved.js	7	REVIEW_REQUIRED	Potential launch navigation/action point; source content intentionally not copied
approved/require-auth-approved.js	15	REVIEW_REQUIRED	Potential launch navigation/action point; source content intentionally not copied
approved/require-auth-approved.js	21	REVIEW_REQUIRED	Potential launch navigation/action point; source content intentionally not copied
approved/require-auth-approved.js	28	REVIEW_REQUIRED	Potential launch navigation/action point; source content intentionally not copied
approved/require-auth-final.js	3	REVIEW_REQUIRED	Potential launch navigation/action point; source content intentionally not copied
approved/require-auth-final.js	7	REVIEW_REQUIRED	Potential launch navigation/action point; source content intentionally not copied
approved/require-auth-final.js	15	REVIEW_REQUIRED	Potential launch navigation/action point; source content intentionally not copied
approved/require-auth-final.js	21	REVIEW_REQUIRED	Potential launch navigation/action point; source content intentionally not copied
approved/require-auth-final.js	28	REVIEW_REQUIRED	Potential launch navigation/action point; source content intentionally not copied
approved/service-worker-clerk-cache-7-1/sw-before-clerk-cache-cleanup-20260708.js	20	REVIEW_REQUIRED	Potential launch navigation/action point; source content intentionally not copied
approved/service-worker-clerk-cache-7-1/sw-before-clerk-cache-cleanup-20260708.js	25	REVIEW_REQUIRED	Potential launch navigation/action point; source content intentionally not copied
approved/service-worker-clerk-cache-7-1/sw-before-clerk-cache-cleanup-20260708.js	32	REVIEW_REQUIRED	Potential launch navigation/action point; source content intentionally not copied
approved/social-ui-before-force-post-options-menu-20260708.js	266	REVIEW_REQUIRED	Potential launch navigation/action point; source content intentionally not copied
approved/social-ui-before-force-post-options-menu-20260708.js	358	REVIEW_REQUIRED	Potential launch navigation/action point; source content intentionally not copied
approved/social-ui-before-force-post-options-menu-20260708.js	379	REVIEW_REQUIRED	Potential launch navigation/action point; source content intentionally not copied
approved/social-ui-before-force-post-options-menu-20260708.js	381	REVIEW_REQUIRED	Potential launch navigation/action point; source content intentionally not copied
approved/social-ui-before-force-post-options-menu-20260708.js	387	REVIEW_REQUIRED	Potential launch navigation/action point; source content intentionally not copied
approved/social-ui-before-force-post-options-menu-20260708.js	400	REVIEW_REQUIRED	Potential launch navigation/action point; source content intentionally not copied
approved/social-ui-before-force-post-options-menu-20260708.js	409	REVIEW_REQUIRED	Potential launch navigation/action point; source content intentionally not copied
approved/social-ui-before-force-post-options-menu-20260708.js	410	REVIEW_REQUIRED	Potential launch navigation/action point; source content intentionally not copied
approved/social-ui-before-force-post-options-menu-20260708.js	411	REVIEW_REQUIRED	Potential launch navigation/action point; source content intentionally not copied
approved/social-ui-before-force-post-options-menu-20260708.js	412	REVIEW_REQUIRED	Potential launch navigation/action point; source content intentionally not copied
approved/social-ui-before-force-post-options-menu-20260708.js	413	REVIEW_REQUIRED	Potential launch navigation/action point; source content intentionally not copied
approved/social-ui-before-force-post-options-menu-20260708.js	414	REVIEW_REQUIRED	Potential launch navigation/action point; source content intentionally not copied
approved/social-ui-before-force-post-options-menu-20260708.js	415	REVIEW_REQUIRED	Potential launch navigation/action point; source content intentionally not copied
approved/social-ui-before-force-post-options-menu-20260708.js	482	REVIEW_REQUIRED	Potential launch navigation/action point; source content intentionally not copied
approved/social-ui-before-force-post-options-menu-20260708.js	518	REVIEW_REQUIRED	Potential launch navigation/action point; source content intentionally not copied
approved/social-ui-before-force-post-options-menu-20260708.js	519	REVIEW_REQUIRED	Potential launch navigation/action point; source content intentionally not copied
approved/social-ui-before-force-post-options-menu-20260708.js	520	REVIEW_REQUIRED	Potential launch navigation/action point; source content intentionally not copied
approved/social-ui-before-force-post-options-menu-20260708.js	521	REVIEW_REQUIRED	Potential launch navigation/action point; source content intentionally not copied
approved/social-ui-before-force-post-options-menu-20260708.js	522	REVIEW_REQUIRED	Potential launch navigation/action point; source content intentionally not copied
approved/social-ui-before-force-post-options-menu-20260708.js	523	REVIEW_REQUIRED	Potential launch navigation/action point; source content intentionally not copied
approved/social-ui-before-force-post-options-menu-20260708.js	537	REVIEW_REQUIRED	Potential launch navigation/action point; source content intentionally not copied
approved/social-ui-before-force-post-options-menu-20260708.js	554	REVIEW_REQUIRED	Potential launch navigation/action point; source content intentionally not copied
approved/social-ui-before-force-post-options-menu-20260708.js	606	REVIEW_REQUIRED	Potential launch navigation/action point; source content intentionally not copied
approved/social-ui-before-force-post-options-menu-20260708.js	616	REVIEW_REQUIRED	Potential launch navigation/action point; source content intentionally not copied
approved/social-ui-before-force-post-options-menu-20260708.js	656	REVIEW_REQUIRED	Potential launch navigation/action point; source content intentionally not copied
approved/social-ui-before-force-post-options-menu-20260708.js	662	REVIEW_REQUIRED	Potential launch navigation/action point; source content intentionally not copied
approved/social-ui-before-force-post-options-menu-20260708.js	663	REVIEW_REQUIRED	Potential launch navigation/action point; source content intentionally not copied
approved/social-ui-before-force-post-options-menu-20260708.js	678	REVIEW_REQUIRED	Potential launch navigation/action point; source content intentionally not copied
approved/social-ui-before-force-post-options-menu-20260708.js	685	REVIEW_REQUIRED	Potential launch navigation/action point; source content intentionally not copied
approved/social-ui-before-force-post-options-menu-20260708.js	691	REVIEW_REQUIRED	Potential launch navigation/action point; source content intentionally not copied
approved/social-ui-before-force-post-options-menu-20260708.js	692	REVIEW_REQUIRED	Potential launch navigation/action point; source content intentionally not copied
approved/social-ui-before-force-post-options-menu-20260708.js	699	REVIEW_REQUIRED	Potential launch navigation/action point; source content intentionally not copied
approved/social-ui-before-force-post-options-menu-20260708.js	700	REVIEW_REQUIRED	Potential launch navigation/action point; source content intentionally not copied
approved/social-ui-before-force-post-options-menu-20260708.js	707	REVIEW_REQUIRED	Potential launch navigation/action point; source content intentionally not copied
approved/social-ui-before-force-post-options-menu-20260708.js	713	REVIEW_REQUIRED	Potential launch navigation/action point; source content intentionally not copied
approved/social-ui-before-force-post-options-menu-20260708.js	714	REVIEW_REQUIRED	Potential launch navigation/action point; source content intentionally not copied
approved/social-ui-before-force-post-options-menu-20260708.js	720	REVIEW_REQUIRED	Potential launch navigation/action point; source content intentionally not copied
approved/social-ui-before-force-post-options-menu-20260708.js	726	REVIEW_REQUIRED	Potential launch navigation/action point; source content intentionally not copied
approved/social-ui-before-force-post-options-menu-20260708.js	1216	REVIEW_REQUIRED	Potential launch navigation/action point; source content intentionally not copied
approved/social-ui-before-force-post-options-menu-20260708.js	1217	REVIEW_REQUIRED	Potential launch navigation/action point; source content intentionally not copied
approved/social-ui-before-force-post-options-menu-20260708.js	1231	REVIEW_REQUIRED	Potential launch navigation/action point; source content intentionally not copied
approved/social-ui-before-force-post-options-menu-20260708.js	1232	REVIEW_REQUIRED	Potential launch navigation/action point; source content intentionally not copied
approved/social-ui-before-force-post-options-menu-20260708.js	1233	REVIEW_REQUIRED	Potential launch navigation/action point; source content intentionally not copied
approved/social-ui-before-force-post-options-menu-20260708.js	1237	REVIEW_REQUIRED	Potential launch navigation/action point; source content intentionally not copied
approved/social-ui-before-force-post-options-menu-20260708.js	1252	REVIEW_REQUIRED	Potential launch navigation/action point; source content intentionally not copied
approved/social-ui-before-force-post-options-menu-20260708.js	1348	REVIEW_REQUIRED	Potential launch navigation/action point; source content intentionally not copied
approved/social-ui-before-force-post-options-menu-20260708.js	1353	REVIEW_REQUIRED	Potential launch navigation/action point; source content intentionally not copied
approved/social-ui-before-force-post-options-menu-20260708.js	1354	REVIEW_REQUIRED	Potential launch navigation/action point; source content intentionally not copied
approved/social-ui-before-force-post-options-menu-20260708.js	1355	REVIEW_REQUIRED	Potential launch navigation/action point; source content intentionally not copied
approved/social-ui-before-force-post-options-menu-20260708.js	1356	REVIEW_REQUIRED	Potential launch navigation/action point; source content intentionally not copied
approved/social-ui-before-force-post-options-menu-20260708.js	1398	REVIEW_REQUIRED	Potential launch navigation/action point; source content intentionally not copied
approved/social-ui-before-force-post-options-menu-20260708.js	1404	REVIEW_REQUIRED	Potential launch navigation/action point; source content intentionally not copied
approved/social-ui-before-force-post-options-menu-20260708.js	1415	REVIEW_REQUIRED	Potential launch navigation/action point; source content intentionally not copied
approved/social-ui-before-force-post-options-menu-20260708.js	1417	REVIEW_REQUIRED	Potential launch navigation/action point; source content intentionally not copied
approved/social-ui-before-force-post-options-menu-20260708.js	1432	REVIEW_REQUIRED	Potential launch navigation/action point; source content intentionally not copied
approved/social-ui-before-force-post-options-menu-20260708.js	1456	REVIEW_REQUIRED	Potential launch navigation/action point; source content intentionally not copied
approved/social-ui-before-force-post-options-menu-20260708.js	1457	REVIEW_REQUIRED	Potential launch navigation/action point; source content intentionally not copied
approved/social-ui-before-force-post-options-menu-20260708.js	1493	REVIEW_REQUIRED	Potential launch navigation/action point; source content intentionally not copied
approved/social-ui-before-force-post-options-menu-20260708.js	1496	REVIEW_REQUIRED	Potential launch navigation/action point; source content intentionally not copied
approved/social-ui-before-force-post-options-menu-20260708.js	1511	REVIEW_REQUIRED	Potential launch navigation/action point; source content intentionally not copied
approved/social-ui-before-force-post-options-menu-20260708.js	1513	REVIEW_REQUIRED	Potential launch navigation/action point; source content intentionally not copied
approved/social-ui-before-force-post-options-menu-20260708.js	1583	REVIEW_REQUIRED	Potential launch navigation/action point; source content intentionally not copied
approved/social-ui-before-force-post-options-menu-20260708.js	1668	REVIEW_REQUIRED	Potential launch navigation/action point; source content intentionally not copied
approved/social-ui-before-force-post-options-menu-20260708.js	1669	REVIEW_REQUIRED	Potential launch navigation/action point; source content intentionally not copied
approved/social-ui-before-force-post-options-menu-20260708.js	1745	REVIEW_REQUIRED	Potential launch navigation/action point; source content intentionally not copied
approved/social-ui-before-force-post-options-menu-20260708.js	1797	REVIEW_REQUIRED	Potential launch navigation/action point; source content intentionally not copied
approved/social-ui-before-force-post-options-menu-20260708.js	1802	REVIEW_REQUIRED	Potential launch navigation/action point; source content intentionally not copied
approved/social-ui-before-force-post-options-menu-20260708.js	1803	REVIEW_REQUIRED	Potential launch navigation/action point; source content intentionally not copied
approved/social-ui-before-force-post-options-menu-20260708.js	1804	REVIEW_REQUIRED	Potential launch navigation/action point; source content intentionally not copied
approved/social-ui-before-force-post-options-menu-20260708.js	1809	REVIEW_REQUIRED	Potential launch navigation/action point; source content intentionally not copied
approved/social-ui-before-force-post-options-menu-20260708.js	1835	REVIEW_REQUIRED	Potential launch navigation/action point; source content intentionally not copied
approved/social-ui-before-force-post-options-menu-20260708.js	1836	REVIEW_REQUIRED	Potential launch navigation/action point; source content intentionally not copied
approved/social-ui-before-force-post-options-menu-20260708.js	1851	REVIEW_REQUIRED	Potential launch navigation/action point; source content intentionally not copied
approved/social-ui-before-force-post-options-menu-20260708.js	1965	REVIEW_REQUIRED	Potential launch navigation/action point; source content intentionally not copied
approved/social-ui-before-force-post-options-menu-20260708.js	2180	REVIEW_REQUIRED	Potential launch navigation/action point; source content intentionally not copied
approved/social-ui-before-force-post-options-menu-20260708.js	2228	REVIEW_REQUIRED	Potential launch navigation/action point; source content intentionally not copied
approved/social-ui-before-force-post-options-menu-20260708.js	2236	REVIEW_REQUIRED	Potential launch navigation/action point; source content intentionally not copied
approved/social-ui-before-force-post-options-menu-20260708.js	2255	REVIEW_REQUIRED	Potential launch navigation/action point; source content intentionally not copied
approved/social-ui-before-force-post-options-menu-20260708.js	2262	REVIEW_REQUIRED	Potential launch navigation/action point; source content intentionally not copied
approved/social-ui-before-force-post-options-menu-20260708.js	2268	REVIEW_REQUIRED	Potential launch navigation/action point; source content intentionally not copied
approved/social-ui-before-force-post-options-menu-20260708.js	2274	REVIEW_REQUIRED	Potential launch navigation/action point; source content intentionally not copied
approved/social-ui-before-force-post-options-menu-20260708.js	2280	REVIEW_REQUIRED	Potential launch navigation/action point; source content intentionally not copied
approved/social-ui-before-force-post-options-menu-20260708.js	2287	REVIEW_REQUIRED	Potential launch navigation/action point; source content intentionally not copied
approved/social-ui-before-force-post-options-menu-20260708.js	2288	REVIEW_REQUIRED	Potential launch navigation/action point; source content intentionally not copied
approved/social-ui-before-force-post-options-menu-20260708.js	2300	REVIEW_REQUIRED	Potential launch navigation/action point; source content intentionally not copied
approved/social-ui-before-force-post-options-menu-20260708.js	2319	REVIEW_REQUIRED	Potential launch navigation/action point; source content intentionally not copied
approved/social-ui-before-force-post-options-menu-20260708.js	2323	REVIEW_REQUIRED	Potential launch navigation/action point; source content intentionally not copied
approved/social-ui-before-force-post-options-menu-20260708.js	2329	REVIEW_REQUIRED	Potential launch navigation/action point; source content intentionally not copied
approved/social-ui-before-force-post-options-menu-20260708.js	2332	REVIEW_REQUIRED	Potential launch navigation/action point; source content intentionally not copied
approved/social-ui-before-force-post-options-menu-20260708.js	2340	REVIEW_REQUIRED	Potential launch navigation/action point; source content intentionally not copied
approved/social-ui-before-force-post-options-menu-20260708.js	2347	REVIEW_REQUIRED	Potential launch navigation/action point; source content intentionally not copied
approved/social-ui-before-force-post-options-menu-20260708.js	2353	REVIEW_REQUIRED	Potential launch navigation/action point; source content intentionally not copied
approved/social-ui-before-force-post-options-menu-20260708.js	2359	REVIEW_REQUIRED	Potential launch navigation/action point; source content intentionally not copied
approved/social-ui-before-force-post-options-menu-20260708.js	2365	REVIEW_REQUIRED	Potential launch navigation/action point; source content intentionally not copied
approved/social-ui-before-force-post-options-menu-20260708.js	2371	REVIEW_REQUIRED	Potential launch navigation/action point; source content intentionally not copied
approved/social-ui-before-force-post-options-menu-20260708.js	2377	REVIEW_REQUIRED	Potential launch navigation/action point; source content intentionally not copied
approved/social-ui-before-force-post-options-menu-20260708.js	2384	REVIEW_REQUIRED	Potential launch navigation/action point; source content intentionally not copied
approved/social-ui-before-force-post-options-menu-20260708.js	2405	REVIEW_REQUIRED	Potential launch navigation/action point; source content intentionally not copied
approved/social-ui-before-force-post-options-menu-20260708.js	2406	REVIEW_REQUIRED	Potential launch navigation/action point; source content intentionally not copied
approved/social-ui-before-force-post-options-menu-20260708.js	2414	REVIEW_REQUIRED	Potential launch navigation/action point; source content intentionally not copied
approved/social-ui-before-force-post-options-menu-20260708.js	2424	REVIEW_REQUIRED	Potential launch navigation/action point; source content intentionally not copied
approved/social-ui-before-force-post-options-menu-20260708.js	2434	REVIEW_REQUIRED	Potential launch navigation/action point; source content intentionally not copied
approved/social-ui-before-force-post-options-menu-20260708.js	2440	REVIEW_REQUIRED	Potential launch navigation/action point; source content intentionally not copied
approved/social-ui-before-force-post-options-menu-20260708.js	2468	REVIEW_REQUIRED	Potential launch navigation/action point; source content intentionally not copied
approved/social-ui-before-force-post-options-menu-20260708.js	2474	REVIEW_REQUIRED	Potential launch navigation/action point; source content intentionally not copied
approved/social-ui-before-force-post-options-menu-20260708.js	2481	REVIEW_REQUIRED	Potential launch navigation/action point; source content intentionally not copied
approved/social-ui-before-force-post-options-menu-20260708.js	2494	REVIEW_REQUIRED	Potential launch navigation/action point; source content intentionally not copied
approved/social-ui-before-force-post-options-menu-20260708.js	2503	REVIEW_REQUIRED	Potential launch navigation/action point; source content intentionally not copied
approved/social-ui-before-force-post-options-menu-20260708.js	2512	REVIEW_REQUIRED	Potential launch navigation/action point; source content intentionally not copied
approved/social-ui-before-force-post-options-menu-20260708.js	2519	REVIEW_REQUIRED	Potential launch navigation/action point; source content intentionally not copied
approved/social-ui-before-force-post-options-menu-20260708.js	2521	REVIEW_REQUIRED	Potential launch navigation/action point; source content intentionally not copied
approved/social-ui-before-force-post-options-menu-20260708.js	2526	REVIEW_REQUIRED	Potential launch navigation/action point; source content intentionally not copied
approved/social-ui-before-force-post-options-menu-20260708.js	2533	REVIEW_REQUIRED	Potential launch navigation/action point; source content intentionally not copied
approved/social-ui-before-force-post-options-menu-20260708.js	2541	REVIEW_REQUIRED	Potential launch navigation/action point; source content intentionally not copied
approved/social-ui-before-force-post-options-menu-20260708.js	2558	REVIEW_REQUIRED	Potential launch navigation/action point; source content intentionally not copied
approved/social-ui-before-force-post-options-menu-20260708.js	2565	REVIEW_REQUIRED	Potential launch navigation/action point; source content intentionally not copied
approved/social-ui-before-force-post-options-menu-20260708.js	2574	REVIEW_REQUIRED	Potential launch navigation/action point; source content intentionally not copied
approved/social-ui-before-force-post-options-menu-20260708.js	2585	REVIEW_REQUIRED	Potential launch navigation/action point; source content intentionally not copied
approved/social-ui-before-force-post-options-menu-20260708.js	2595	REVIEW_REQUIRED	Potential launch navigation/action point; source content intentionally not copied
approved/social-ui-before-force-post-options-menu-20260708.js	2602	REVIEW_REQUIRED	Potential launch navigation/action point; source content intentionally not copied
approved/social-ui-before-force-post-options-menu-20260708.js	2611	REVIEW_REQUIRED	Potential launch navigation/action point; source content intentionally not copied
approved/social-ui-before-force-post-options-menu-20260708.js	2692	REVIEW_REQUIRED	Potential launch navigation/action point; source content intentionally not copied
approved/social-ui-before-force-post-options-menu-20260708.js	2974	REVIEW_REQUIRED	Potential launch navigation/action point; source content intentionally not copied
approved/social-ui-before-force-post-options-menu-20260708.js	2975	REVIEW_REQUIRED	Potential launch navigation/action point; source content intentionally not copied
approved/social-ui-before-force-post-options-menu-20260708.js	2978	REVIEW_REQUIRED	Potential launch navigation/action point; source content intentionally not copied
approved/social-ui-before-force-post-options-menu-20260708.js	3028	REVIEW_REQUIRED	Potential launch navigation/action point; source content intentionally not copied
approved/social-ui-before-force-post-options-menu-20260708.js	3040	REVIEW_REQUIRED	Potential launch navigation/action point; source content intentionally not copied
approved/social-ui-before-force-post-options-menu-20260708.js	3049	REVIEW_REQUIRED	Potential launch navigation/action point; source content intentionally not copied
approved/social-ui-before-force-post-options-menu-20260708.js	3073	REVIEW_REQUIRED	Potential launch navigation/action point; source content intentionally not copied
approved/social-ui-before-force-post-options-menu-20260708.js	3115	REVIEW_REQUIRED	Potential launch navigation/action point; source content intentionally not copied
approved/social-ui-before-force-post-options-menu-20260708.js	3116	REVIEW_REQUIRED	Potential launch navigation/action point; source content intentionally not copied
approved/social-ui-before-force-post-options-menu-20260708.js	3117	REVIEW_REQUIRED	Potential launch navigation/action point; source content intentionally not copied
approved/social-ui-before-force-post-options-menu-20260708.js	3134	REVIEW_REQUIRED	Potential launch navigation/action point; source content intentionally not copied
approved/social-ui-before-force-post-options-menu-20260708.js	3162	REVIEW_REQUIRED	Potential launch navigation/action point; source content intentionally not copied
approved/social-ui-before-force-post-options-menu-20260708.js	3190	REVIEW_REQUIRED	Potential launch navigation/action point; source content intentionally not copied
approved/social-ui-before-force-post-options-menu-20260708.js	3196	REVIEW_REQUIRED	Potential launch navigation/action point; source content intentionally not copied
approved/social-ui-before-force-post-options-menu-20260708.js	3202	REVIEW_REQUIRED	Potential launch navigation/action point; source content intentionally not copied
approved/social-ui-before-force-post-options-menu-20260708.js	3208	REVIEW_REQUIRED	Potential launch navigation/action point; source content intentionally not copied
approved/social-ui-before-force-post-options-menu-20260708.js	3214	REVIEW_REQUIRED	Potential launch navigation/action point; source content intentionally not copied
approved/social-ui-before-post-options-menu-tiger-care-20260707.js	266	REVIEW_REQUIRED	Potential launch navigation/action point; source content intentionally not copied
approved/social-ui-before-post-options-menu-tiger-care-20260707.js	358	REVIEW_REQUIRED	Potential launch navigation/action point; source content intentionally not copied
approved/social-ui-before-post-options-menu-tiger-care-20260707.js	379	REVIEW_REQUIRED	Potential launch navigation/action point; source content intentionally not copied
approved/social-ui-before-post-options-menu-tiger-care-20260707.js	381	REVIEW_REQUIRED	Potential launch navigation/action point; source content intentionally not copied
approved/social-ui-before-post-options-menu-tiger-care-20260707.js	387	REVIEW_REQUIRED	Potential launch navigation/action point; source content intentionally not copied
approved/social-ui-before-post-options-menu-tiger-care-20260707.js	400	REVIEW_REQUIRED	Potential launch navigation/action point; source content intentionally not copied
approved/social-ui-before-post-options-menu-tiger-care-20260707.js	409	REVIEW_REQUIRED	Potential launch navigation/action point; source content intentionally not copied
approved/social-ui-before-post-options-menu-tiger-care-20260707.js	410	REVIEW_REQUIRED	Potential launch navigation/action point; source content intentionally not copied
approved/social-ui-before-post-options-menu-tiger-care-20260707.js	411	REVIEW_REQUIRED	Potential launch navigation/action point; source content intentionally not copied
approved/social-ui-before-post-options-menu-tiger-care-20260707.js	412	REVIEW_REQUIRED	Potential launch navigation/action point; source content intentionally not copied
approved/social-ui-before-post-options-menu-tiger-care-20260707.js	413	REVIEW_REQUIRED	Potential launch navigation/action point; source content intentionally not copied
approved/social-ui-before-post-options-menu-tiger-care-20260707.js	414	REVIEW_REQUIRED	Potential launch navigation/action point; source content intentionally not copied
approved/social-ui-before-post-options-menu-tiger-care-20260707.js	415	REVIEW_REQUIRED	Potential launch navigation/action point; source content intentionally not copied
approved/social-ui-before-post-options-menu-tiger-care-20260707.js	436	REVIEW_REQUIRED	Potential launch navigation/action point; source content intentionally not copied
approved/social-ui-before-post-options-menu-tiger-care-20260707.js	459	REVIEW_REQUIRED	Potential launch navigation/action point; source content intentionally not copied
approved/social-ui-before-post-options-menu-tiger-care-20260707.js	466	REVIEW_REQUIRED	Potential launch navigation/action point; source content intentionally not copied
approved/social-ui-before-post-options-menu-tiger-care-20260707.js	472	REVIEW_REQUIRED	Potential launch navigation/action point; source content intentionally not copied
approved/social-ui-before-post-options-menu-tiger-care-20260707.js	473	REVIEW_REQUIRED	Potential launch navigation/action point; source content intentionally not copied
approved/social-ui-before-post-options-menu-tiger-care-20260707.js	480	REVIEW_REQUIRED	Potential launch navigation/action point; source content intentionally not copied
approved/social-ui-before-post-options-menu-tiger-care-20260707.js	481	REVIEW_REQUIRED	Potential launch navigation/action point; source content intentionally not copied
approved/social-ui-before-post-options-menu-tiger-care-20260707.js	488	REVIEW_REQUIRED	Potential launch navigation/action point; source content intentionally not copied
approved/social-ui-before-post-options-menu-tiger-care-20260707.js	494	REVIEW_REQUIRED	Potential launch navigation/action point; source content intentionally not copied
approved/social-ui-before-post-options-menu-tiger-care-20260707.js	495	REVIEW_REQUIRED	Potential launch navigation/action point; source content intentionally not copied
approved/social-ui-before-post-options-menu-tiger-care-20260707.js	501	REVIEW_REQUIRED	Potential launch navigation/action point; source content intentionally not copied
approved/social-ui-before-post-options-menu-tiger-care-20260707.js	507	REVIEW_REQUIRED	Potential launch navigation/action point; source content intentionally not copied
approved/social-ui-before-post-options-menu-tiger-care-20260707.js	997	REVIEW_REQUIRED	Potential launch navigation/action point; source content intentionally not copied
approved/social-ui-before-post-options-menu-tiger-care-20260707.js	998	REVIEW_REQUIRED	Potential launch navigation/action point; source content intentionally not copied
approved/social-ui-before-post-options-menu-tiger-care-20260707.js	1012	REVIEW_REQUIRED	Potential launch navigation/action point; source content intentionally not copied
approved/social-ui-before-post-options-menu-tiger-care-20260707.js	1013	REVIEW_REQUIRED	Potential launch navigation/action point; source content intentionally not copied
approved/social-ui-before-post-options-menu-tiger-care-20260707.js	1014	REVIEW_REQUIRED	Potential launch navigation/action point; source content intentionally not copied
approved/social-ui-before-post-options-menu-tiger-care-20260707.js	1018	REVIEW_REQUIRED	Potential launch navigation/action point; source content intentionally not copied
approved/social-ui-before-post-options-menu-tiger-care-20260707.js	1033	REVIEW_REQUIRED	Potential launch navigation/action point; source content intentionally not copied
approved/social-ui-before-post-options-menu-tiger-care-20260707.js	1129	REVIEW_REQUIRED	Potential launch navigation/action point; source content intentionally not copied
approved/social-ui-before-post-options-menu-tiger-care-20260707.js	1134	REVIEW_REQUIRED	Potential launch navigation/action point; source content intentionally not copied
approved/social-ui-before-post-options-menu-tiger-care-20260707.js	1135	REVIEW_REQUIRED	Potential launch navigation/action point; source content intentionally not copied
approved/social-ui-before-post-options-menu-tiger-care-20260707.js	1136	REVIEW_REQUIRED	Potential launch navigation/action point; source content intentionally not copied
approved/social-ui-before-post-options-menu-tiger-care-20260707.js	1137	REVIEW_REQUIRED	Potential launch navigation/action point; source content intentionally not copied
approved/social-ui-before-post-options-menu-tiger-care-20260707.js	1179	REVIEW_REQUIRED	Potential launch navigation/action point; source content intentionally not copied
approved/social-ui-before-post-options-menu-tiger-care-20260707.js	1185	REVIEW_REQUIRED	Potential launch navigation/action point; source content intentionally not copied
approved/social-ui-before-post-options-menu-tiger-care-20260707.js	1196	REVIEW_REQUIRED	Potential launch navigation/action point; source content intentionally not copied
approved/social-ui-before-post-options-menu-tiger-care-20260707.js	1198	REVIEW_REQUIRED	Potential launch navigation/action point; source content intentionally not copied
approved/social-ui-before-post-options-menu-tiger-care-20260707.js	1213	REVIEW_REQUIRED	Potential launch navigation/action point; source content intentionally not copied
approved/social-ui-before-post-options-menu-tiger-care-20260707.js	1237	REVIEW_REQUIRED	Potential launch navigation/action point; source content intentionally not copied
approved/social-ui-before-post-options-menu-tiger-care-20260707.js	1238	REVIEW_REQUIRED	Potential launch navigation/action point; source content intentionally not copied
approved/social-ui-before-post-options-menu-tiger-care-20260707.js	1274	REVIEW_REQUIRED	Potential launch navigation/action point; source content intentionally not copied
approved/social-ui-before-post-options-menu-tiger-care-20260707.js	1277	REVIEW_REQUIRED	Potential launch navigation/action point; source content intentionally not copied
approved/social-ui-before-post-options-menu-tiger-care-20260707.js	1292	REVIEW_REQUIRED	Potential launch navigation/action point; source content intentionally not copied
approved/social-ui-before-post-options-menu-tiger-care-20260707.js	1294	REVIEW_REQUIRED	Potential launch navigation/action point; source content intentionally not copied
approved/social-ui-before-post-options-menu-tiger-care-20260707.js	1364	REVIEW_REQUIRED	Potential launch navigation/action point; source content intentionally not copied
approved/social-ui-before-post-options-menu-tiger-care-20260707.js	1449	REVIEW_REQUIRED	Potential launch navigation/action point; source content intentionally not copied
approved/social-ui-before-post-options-menu-tiger-care-20260707.js	1450	REVIEW_REQUIRED	Potential launch navigation/action point; source content intentionally not copied
approved/social-ui-before-post-options-menu-tiger-care-20260707.js	1526	REVIEW_REQUIRED	Potential launch navigation/action point; source content intentionally not copied
approved/social-ui-before-post-options-menu-tiger-care-20260707.js	1578	REVIEW_REQUIRED	Potential launch navigation/action point; source content intentionally not copied
approved/social-ui-before-post-options-menu-tiger-care-20260707.js	1583	REVIEW_REQUIRED	Potential launch navigation/action point; source content intentionally not copied
approved/social-ui-before-post-options-menu-tiger-care-20260707.js	1584	REVIEW_REQUIRED	Potential launch navigation/action point; source content intentionally not copied
approved/social-ui-before-post-options-menu-tiger-care-20260707.js	1585	REVIEW_REQUIRED	Potential launch navigation/action point; source content intentionally not copied
approved/social-ui-before-post-options-menu-tiger-care-20260707.js	1590	REVIEW_REQUIRED	Potential launch navigation/action point; source content intentionally not copied
approved/social-ui-before-post-options-menu-tiger-care-20260707.js	1616	REVIEW_REQUIRED	Potential launch navigation/action point; source content intentionally not copied
approved/social-ui-before-post-options-menu-tiger-care-20260707.js	1617	REVIEW_REQUIRED	Potential launch navigation/action point; source content intentionally not copied
approved/social-ui-before-post-options-menu-tiger-care-20260707.js	1632	REVIEW_REQUIRED	Potential launch navigation/action point; source content intentionally not copied
approved/social-ui-before-post-options-menu-tiger-care-20260707.js	1746	REVIEW_REQUIRED	Potential launch navigation/action point; source content intentionally not copied
approved/social-ui-before-post-options-menu-tiger-care-20260707.js	1961	REVIEW_REQUIRED	Potential launch navigation/action point; source content intentionally not copied
approved/social-ui-before-post-options-menu-tiger-care-20260707.js	2009	REVIEW_REQUIRED	Potential launch navigation/action point; source content intentionally not copied
approved/social-ui-before-post-options-menu-tiger-care-20260707.js	2017	REVIEW_REQUIRED	Potential launch navigation/action point; source content intentionally not copied
approved/social-ui-before-post-options-menu-tiger-care-20260707.js	2036	REVIEW_REQUIRED	Potential launch navigation/action point; source content intentionally not copied
approved/social-ui-before-post-options-menu-tiger-care-20260707.js	2043	REVIEW_REQUIRED	Potential launch navigation/action point; source content intentionally not copied
approved/social-ui-before-post-options-menu-tiger-care-20260707.js	2049	REVIEW_REQUIRED	Potential launch navigation/action point; source content intentionally not copied
approved/social-ui-before-post-options-menu-tiger-care-20260707.js	2055	REVIEW_REQUIRED	Potential launch navigation/action point; source content intentionally not copied
approved/social-ui-before-post-options-menu-tiger-care-20260707.js	2061	REVIEW_REQUIRED	Potential launch navigation/action point; source content intentionally not copied
approved/social-ui-before-post-options-menu-tiger-care-20260707.js	2068	REVIEW_REQUIRED	Potential launch navigation/action point; source content intentionally not copied
approved/social-ui-before-post-options-menu-tiger-care-20260707.js	2069	REVIEW_REQUIRED	Potential launch navigation/action point; source content intentionally not copied
approved/social-ui-before-post-options-menu-tiger-care-20260707.js	2081	REVIEW_REQUIRED	Potential launch navigation/action point; source content intentionally not copied
approved/social-ui-before-post-options-menu-tiger-care-20260707.js	2100	REVIEW_REQUIRED	Potential launch navigation/action point; source content intentionally not copied
approved/social-ui-before-post-options-menu-tiger-care-20260707.js	2104	REVIEW_REQUIRED	Potential launch navigation/action point; source content intentionally not copied
approved/social-ui-before-post-options-menu-tiger-care-20260707.js	2110	REVIEW_REQUIRED	Potential launch navigation/action point; source content intentionally not copied
approved/social-ui-before-post-options-menu-tiger-care-20260707.js	2113	REVIEW_REQUIRED	Potential launch navigation/action point; source content intentionally not copied
approved/social-ui-before-post-options-menu-tiger-care-20260707.js	2121	REVIEW_REQUIRED	Potential launch navigation/action point; source content intentionally not copied
approved/social-ui-before-post-options-menu-tiger-care-20260707.js	2128	REVIEW_REQUIRED	Potential launch navigation/action point; source content intentionally not copied
approved/social-ui-before-post-options-menu-tiger-care-20260707.js	2134	REVIEW_REQUIRED	Potential launch navigation/action point; source content intentionally not copied
approved/social-ui-before-post-options-menu-tiger-care-20260707.js	2140	REVIEW_REQUIRED	Potential launch navigation/action point; source content intentionally not copied
approved/social-ui-before-post-options-menu-tiger-care-20260707.js	2146	REVIEW_REQUIRED	Potential launch navigation/action point; source content intentionally not copied
approved/social-ui-before-post-options-menu-tiger-care-20260707.js	2152	REVIEW_REQUIRED	Potential launch navigation/action point; source content intentionally not copied
approved/social-ui-before-post-options-menu-tiger-care-20260707.js	2158	REVIEW_REQUIRED	Potential launch navigation/action point; source content intentionally not copied
approved/social-ui-before-post-options-menu-tiger-care-20260707.js	2165	REVIEW_REQUIRED	Potential launch navigation/action point; source content intentionally not copied
approved/social-ui-before-post-options-menu-tiger-care-20260707.js	2186	REVIEW_REQUIRED	Potential launch navigation/action point; source content intentionally not copied
approved/social-ui-before-post-options-menu-tiger-care-20260707.js	2187	REVIEW_REQUIRED	Potential launch navigation/action point; source content intentionally not copied
approved/social-ui-before-post-options-menu-tiger-care-20260707.js	2195	REVIEW_REQUIRED	Potential launch navigation/action point; source content intentionally not copied
approved/social-ui-before-post-options-menu-tiger-care-20260707.js	2205	REVIEW_REQUIRED	Potential launch navigation/action point; source content intentionally not copied
approved/social-ui-before-post-options-menu-tiger-care-20260707.js	2215	REVIEW_REQUIRED	Potential launch navigation/action point; source content intentionally not copied
approved/social-ui-before-post-options-menu-tiger-care-20260707.js	2221	REVIEW_REQUIRED	Potential launch navigation/action point; source content intentionally not copied
approved/social-ui-before-post-options-menu-tiger-care-20260707.js	2249	REVIEW_REQUIRED	Potential launch navigation/action point; source content intentionally not copied
approved/social-ui-before-post-options-menu-tiger-care-20260707.js	2255	REVIEW_REQUIRED	Potential launch navigation/action point; source content intentionally not copied
approved/social-ui-before-post-options-menu-tiger-care-20260707.js	2262	REVIEW_REQUIRED	Potential launch navigation/action point; source content intentionally not copied
approved/social-ui-before-post-options-menu-tiger-care-20260707.js	2275	REVIEW_REQUIRED	Potential launch navigation/action point; source content intentionally not copied
approved/social-ui-before-post-options-menu-tiger-care-20260707.js	2284	REVIEW_REQUIRED	Potential launch navigation/action point; source content intentionally not copied
approved/social-ui-before-post-options-menu-tiger-care-20260707.js	2293	REVIEW_REQUIRED	Potential launch navigation/action point; source content intentionally not copied
approved/social-ui-before-post-options-menu-tiger-care-20260707.js	2300	REVIEW_REQUIRED	Potential launch navigation/action point; source content intentionally not copied
approved/social-ui-before-post-options-menu-tiger-care-20260707.js	2302	REVIEW_REQUIRED	Potential launch navigation/action point; source content intentionally not copied
approved/social-ui-before-post-options-menu-tiger-care-20260707.js	2307	REVIEW_REQUIRED	Potential launch navigation/action point; source content intentionally not copied
approved/social-ui-before-post-options-menu-tiger-care-20260707.js	2314	REVIEW_REQUIRED	Potential launch navigation/action point; source content intentionally not copied
approved/social-ui-before-post-options-menu-tiger-care-20260707.js	2322	REVIEW_REQUIRED	Potential launch navigation/action point; source content intentionally not copied
approved/social-ui-before-post-options-menu-tiger-care-20260707.js	2339	REVIEW_REQUIRED	Potential launch navigation/action point; source content intentionally not copied
approved/social-ui-before-post-options-menu-tiger-care-20260707.js	2346	REVIEW_REQUIRED	Potential launch navigation/action point; source content intentionally not copied
approved/social-ui-before-post-options-menu-tiger-care-20260707.js	2355	REVIEW_REQUIRED	Potential launch navigation/action point; source content intentionally not copied
approved/social-ui-before-post-options-menu-tiger-care-20260707.js	2366	REVIEW_REQUIRED	Potential launch navigation/action point; source content intentionally not copied
approved/social-ui-before-post-options-menu-tiger-care-20260707.js	2376	REVIEW_REQUIRED	Potential launch navigation/action point; source content intentionally not copied
approved/social-ui-before-post-options-menu-tiger-care-20260707.js	2383	REVIEW_REQUIRED	Potential launch navigation/action point; source content intentionally not copied
approved/social-ui-before-post-options-menu-tiger-care-20260707.js	2392	REVIEW_REQUIRED	Potential launch navigation/action point; source content intentionally not copied
approved/social-ui-before-post-options-menu-tiger-care-20260707.js	2473	REVIEW_REQUIRED	Potential launch navigation/action point; source content intentionally not copied
approved/social-ui-before-post-options-menu-tiger-care-20260707.js	2755	REVIEW_REQUIRED	Potential launch navigation/action point; source content intentionally not copied
approved/social-ui-before-post-options-menu-tiger-care-20260707.js	2756	REVIEW_REQUIRED	Potential launch navigation/action point; source content intentionally not copied
approved/social-ui-before-post-options-menu-tiger-care-20260707.js	2759	REVIEW_REQUIRED	Potential launch navigation/action point; source content intentionally not copied
approved/social-ui-before-post-options-menu-tiger-care-20260707.js	2809	REVIEW_REQUIRED	Potential launch navigation/action point; source content intentionally not copied
approved/social-ui-before-post-options-menu-tiger-care-20260707.js	2821	REVIEW_REQUIRED	Potential launch navigation/action point; source content intentionally not copied
approved/social-ui-before-post-options-menu-tiger-care-20260707.js	2830	REVIEW_REQUIRED	Potential launch navigation/action point; source content intentionally not copied
approved/social-ui-before-post-options-menu-tiger-care-20260707.js	2854	REVIEW_REQUIRED	Potential launch navigation/action point; source content intentionally not copied
approved/social-ui-before-post-options-menu-tiger-care-20260707.js	2896	REVIEW_REQUIRED	Potential launch navigation/action point; source content intentionally not copied
approved/social-ui-before-post-options-menu-tiger-care-20260707.js	2897	REVIEW_REQUIRED	Potential launch navigation/action point; source content intentionally not copied
approved/social-ui-before-post-options-menu-tiger-care-20260707.js	2898	REVIEW_REQUIRED	Potential launch navigation/action point; source content intentionally not copied
approved/social-ui-before-post-options-menu-tiger-care-20260707.js	2915	REVIEW_REQUIRED	Potential launch navigation/action point; source content intentionally not copied
approved/social-ui-before-post-options-menu-tiger-care-20260707.js	2943	REVIEW_REQUIRED	Potential launch navigation/action point; source content intentionally not copied
approved/social-ui-before-post-options-menu-tiger-care-20260707.js	2971	REVIEW_REQUIRED	Potential launch navigation/action point; source content intentionally not copied
approved/social-ui-before-post-options-menu-tiger-care-20260707.js	2977	REVIEW_REQUIRED	Potential launch navigation/action point; source content intentionally not copied
approved/social-ui-before-post-options-menu-tiger-care-20260707.js	2983	REVIEW_REQUIRED	Potential launch navigation/action point; source content intentionally not copied
approved/social-ui-before-post-options-menu-tiger-care-20260707.js	2989	REVIEW_REQUIRED	Potential launch navigation/action point; source content intentionally not copied
approved/social-ui-before-post-options-menu-tiger-care-20260707.js	2995	REVIEW_REQUIRED	Potential launch navigation/action point; source content intentionally not copied
approved/social-ui-before-tiger-care-feedback-fix-20260708.js	266	REVIEW_REQUIRED	Potential launch navigation/action point; source content intentionally not copied
approved/social-ui-before-tiger-care-feedback-fix-20260708.js	358	REVIEW_REQUIRED	Potential launch navigation/action point; source content intentionally not copied
approved/social-ui-before-tiger-care-feedback-fix-20260708.js	379	REVIEW_REQUIRED	Potential launch navigation/action point; source content intentionally not copied
approved/social-ui-before-tiger-care-feedback-fix-20260708.js	381	REVIEW_REQUIRED	Potential launch navigation/action point; source content intentionally not copied
approved/social-ui-before-tiger-care-feedback-fix-20260708.js	387	REVIEW_REQUIRED	Potential launch navigation/action point; source content intentionally not copied
approved/social-ui-before-tiger-care-feedback-fix-20260708.js	400	REVIEW_REQUIRED	Potential launch navigation/action point; source content intentionally not copied
approved/social-ui-before-tiger-care-feedback-fix-20260708.js	409	REVIEW_REQUIRED	Potential launch navigation/action point; source content intentionally not copied
approved/social-ui-before-tiger-care-feedback-fix-20260708.js	410	REVIEW_REQUIRED	Potential launch navigation/action point; source content intentionally not copied
approved/social-ui-before-tiger-care-feedback-fix-20260708.js	411	REVIEW_REQUIRED	Potential launch navigation/action point; source content intentionally not copied
approved/social-ui-before-tiger-care-feedback-fix-20260708.js	412	REVIEW_REQUIRED	Potential launch navigation/action point; source content intentionally not copied
approved/social-ui-before-tiger-care-feedback-fix-20260708.js	413	REVIEW_REQUIRED	Potential launch navigation/action point; source content intentionally not copied
approved/social-ui-before-tiger-care-feedback-fix-20260708.js	414	REVIEW_REQUIRED	Potential launch navigation/action point; source content intentionally not copied
approved/social-ui-before-tiger-care-feedback-fix-20260708.js	415	REVIEW_REQUIRED	Potential launch navigation/action point; source content intentionally not copied
approved/social-ui-before-tiger-care-feedback-fix-20260708.js	482	REVIEW_REQUIRED	Potential launch navigation/action point; source content intentionally not copied
approved/social-ui-before-tiger-care-feedback-fix-20260708.js	518	REVIEW_REQUIRED	Potential launch navigation/action point; source content intentionally not copied
approved/social-ui-before-tiger-care-feedback-fix-20260708.js	519	REVIEW_REQUIRED	Potential launch navigation/action point; source content intentionally not copied
approved/social-ui-before-tiger-care-feedback-fix-20260708.js	520	REVIEW_REQUIRED	Potential launch navigation/action point; source content intentionally not copied
approved/social-ui-before-tiger-care-feedback-fix-20260708.js	521	REVIEW_REQUIRED	Potential launch navigation/action point; source content intentionally not copied
approved/social-ui-before-tiger-care-feedback-fix-20260708.js	522	REVIEW_REQUIRED	Potential launch navigation/action point; source content intentionally not copied
approved/social-ui-before-tiger-care-feedback-fix-20260708.js	523	REVIEW_REQUIRED	Potential launch navigation/action point; source content intentionally not copied
approved/social-ui-before-tiger-care-feedback-fix-20260708.js	537	REVIEW_REQUIRED	Potential launch navigation/action point; source content intentionally not copied
approved/social-ui-before-tiger-care-feedback-fix-20260708.js	554	REVIEW_REQUIRED	Potential launch navigation/action point; source content intentionally not copied
approved/social-ui-before-tiger-care-feedback-fix-20260708.js	606	REVIEW_REQUIRED	Potential launch navigation/action point; source content intentionally not copied
approved/social-ui-before-tiger-care-feedback-fix-20260708.js	633	REVIEW_REQUIRED	Potential launch navigation/action point; source content intentionally not copied
approved/social-ui-before-tiger-care-feedback-fix-20260708.js	643	REVIEW_REQUIRED	Potential launch navigation/action point; source content intentionally not copied
approved/social-ui-before-tiger-care-feedback-fix-20260708.js	686	REVIEW_REQUIRED	Potential launch navigation/action point; source content intentionally not copied
approved/social-ui-before-tiger-care-feedback-fix-20260708.js	692	REVIEW_REQUIRED	Potential launch navigation/action point; source content intentionally not copied
approved/social-ui-before-tiger-care-feedback-fix-20260708.js	693	REVIEW_REQUIRED	Potential launch navigation/action point; source content intentionally not copied
approved/social-ui-before-tiger-care-feedback-fix-20260708.js	708	REVIEW_REQUIRED	Potential launch navigation/action point; source content intentionally not copied
approved/social-ui-before-tiger-care-feedback-fix-20260708.js	715	REVIEW_REQUIRED	Potential launch navigation/action point; source content intentionally not copied
approved/social-ui-before-tiger-care-feedback-fix-20260708.js	721	REVIEW_REQUIRED	Potential launch navigation/action point; source content intentionally not copied
approved/social-ui-before-tiger-care-feedback-fix-20260708.js	722	REVIEW_REQUIRED	Potential launch navigation/action point; source content intentionally not copied
approved/social-ui-before-tiger-care-feedback-fix-20260708.js	729	REVIEW_REQUIRED	Potential launch navigation/action point; source content intentionally not copied
approved/social-ui-before-tiger-care-feedback-fix-20260708.js	730	REVIEW_REQUIRED	Potential launch navigation/action point; source content intentionally not copied
approved/social-ui-before-tiger-care-feedback-fix-20260708.js	737	REVIEW_REQUIRED	Potential launch navigation/action point; source content intentionally not copied
approved/social-ui-before-tiger-care-feedback-fix-20260708.js	743	REVIEW_REQUIRED	Potential launch navigation/action point; source content intentionally not copied
approved/social-ui-before-tiger-care-feedback-fix-20260708.js	744	REVIEW_REQUIRED	Potential launch navigation/action point; source content intentionally not copied
approved/social-ui-before-tiger-care-feedback-fix-20260708.js	750	REVIEW_REQUIRED	Potential launch navigation/action point; source content intentionally not copied
approved/social-ui-before-tiger-care-feedback-fix-20260708.js	756	REVIEW_REQUIRED	Potential launch navigation/action point; source content intentionally not copied
approved/social-ui-before-tiger-care-feedback-fix-20260708.js	1246	REVIEW_REQUIRED	Potential launch navigation/action point; source content intentionally not copied
approved/social-ui-before-tiger-care-feedback-fix-20260708.js	1247	REVIEW_REQUIRED	Potential launch navigation/action point; source content intentionally not copied
approved/social-ui-before-tiger-care-feedback-fix-20260708.js	1261	REVIEW_REQUIRED	Potential launch navigation/action point; source content intentionally not copied
approved/social-ui-before-tiger-care-feedback-fix-20260708.js	1262	REVIEW_REQUIRED	Potential launch navigation/action point; source content intentionally not copied
approved/social-ui-before-tiger-care-feedback-fix-20260708.js	1263	REVIEW_REQUIRED	Potential launch navigation/action point; source content intentionally not copied
approved/social-ui-before-tiger-care-feedback-fix-20260708.js	1267	REVIEW_REQUIRED	Potential launch navigation/action point; source content intentionally not copied
approved/social-ui-before-tiger-care-feedback-fix-20260708.js	1282	REVIEW_REQUIRED	Potential launch navigation/action point; source content intentionally not copied
approved/social-ui-before-tiger-care-feedback-fix-20260708.js	1378	REVIEW_REQUIRED	Potential launch navigation/action point; source content intentionally not copied
approved/social-ui-before-tiger-care-feedback-fix-20260708.js	1383	REVIEW_REQUIRED	Potential launch navigation/action point; source content intentionally not copied
approved/social-ui-before-tiger-care-feedback-fix-20260708.js	1384	REVIEW_REQUIRED	Potential launch navigation/action point; source content intentionally not copied
approved/social-ui-before-tiger-care-feedback-fix-20260708.js	1385	REVIEW_REQUIRED	Potential launch navigation/action point; source content intentionally not copied
approved/social-ui-before-tiger-care-feedback-fix-20260708.js	1386	REVIEW_REQUIRED	Potential launch navigation/action point; source content intentionally not copied
approved/social-ui-before-tiger-care-feedback-fix-20260708.js	1428	REVIEW_REQUIRED	Potential launch navigation/action point; source content intentionally not copied
approved/social-ui-before-tiger-care-feedback-fix-20260708.js	1434	REVIEW_REQUIRED	Potential launch navigation/action point; source content intentionally not copied
approved/social-ui-before-tiger-care-feedback-fix-20260708.js	1445	REVIEW_REQUIRED	Potential launch navigation/action point; source content intentionally not copied
approved/social-ui-before-tiger-care-feedback-fix-20260708.js	1447	REVIEW_REQUIRED	Potential launch navigation/action point; source content intentionally not copied
approved/social-ui-before-tiger-care-feedback-fix-20260708.js	1462	REVIEW_REQUIRED	Potential launch navigation/action point; source content intentionally not copied
approved/social-ui-before-tiger-care-feedback-fix-20260708.js	1486	REVIEW_REQUIRED	Potential launch navigation/action point; source content intentionally not copied
approved/social-ui-before-tiger-care-feedback-fix-20260708.js	1487	REVIEW_REQUIRED	Potential launch navigation/action point; source content intentionally not copied
approved/social-ui-before-tiger-care-feedback-fix-20260708.js	1523	REVIEW_REQUIRED	Potential launch navigation/action point; source content intentionally not copied
approved/social-ui-before-tiger-care-feedback-fix-20260708.js	1526	REVIEW_REQUIRED	Potential launch navigation/action point; source content intentionally not copied
approved/social-ui-before-tiger-care-feedback-fix-20260708.js	1541	REVIEW_REQUIRED	Potential launch navigation/action point; source content intentionally not copied
approved/social-ui-before-tiger-care-feedback-fix-20260708.js	1543	REVIEW_REQUIRED	Potential launch navigation/action point; source content intentionally not copied
approved/social-ui-before-tiger-care-feedback-fix-20260708.js	1613	REVIEW_REQUIRED	Potential launch navigation/action point; source content intentionally not copied
approved/social-ui-before-tiger-care-feedback-fix-20260708.js	1698	REVIEW_REQUIRED	Potential launch navigation/action point; source content intentionally not copied
approved/social-ui-before-tiger-care-feedback-fix-20260708.js	1699	REVIEW_REQUIRED	Potential launch navigation/action point; source content intentionally not copied
approved/social-ui-before-tiger-care-feedback-fix-20260708.js	1775	REVIEW_REQUIRED	Potential launch navigation/action point; source content intentionally not copied
approved/social-ui-before-tiger-care-feedback-fix-20260708.js	1827	REVIEW_REQUIRED	Potential launch navigation/action point; source content intentionally not copied
approved/social-ui-before-tiger-care-feedback-fix-20260708.js	1832	REVIEW_REQUIRED	Potential launch navigation/action point; source content intentionally not copied
approved/social-ui-before-tiger-care-feedback-fix-20260708.js	1833	REVIEW_REQUIRED	Potential launch navigation/action point; source content intentionally not copied
approved/social-ui-before-tiger-care-feedback-fix-20260708.js	1834	REVIEW_REQUIRED	Potential launch navigation/action point; source content intentionally not copied
approved/social-ui-before-tiger-care-feedback-fix-20260708.js	1839	REVIEW_REQUIRED	Potential launch navigation/action point; source content intentionally not copied
approved/social-ui-before-tiger-care-feedback-fix-20260708.js	1865	REVIEW_REQUIRED	Potential launch navigation/action point; source content intentionally not copied
approved/social-ui-before-tiger-care-feedback-fix-20260708.js	1866	REVIEW_REQUIRED	Potential launch navigation/action point; source content intentionally not copied
approved/social-ui-before-tiger-care-feedback-fix-20260708.js	1881	REVIEW_REQUIRED	Potential launch navigation/action point; source content intentionally not copied
approved/social-ui-before-tiger-care-feedback-fix-20260708.js	1995	REVIEW_REQUIRED	Potential launch navigation/action point; source content intentionally not copied
approved/social-ui-before-tiger-care-feedback-fix-20260708.js	2210	REVIEW_REQUIRED	Potential launch navigation/action point; source content intentionally not copied
approved/social-ui-before-tiger-care-feedback-fix-20260708.js	2258	REVIEW_REQUIRED	Potential launch navigation/action point; source content intentionally not copied
approved/social-ui-before-tiger-care-feedback-fix-20260708.js	2266	REVIEW_REQUIRED	Potential launch navigation/action point; source content intentionally not copied
approved/social-ui-before-tiger-care-feedback-fix-20260708.js	2285	REVIEW_REQUIRED	Potential launch navigation/action point; source content intentionally not copied
approved/social-ui-before-tiger-care-feedback-fix-20260708.js	2292	REVIEW_REQUIRED	Potential launch navigation/action point; source content intentionally not copied
approved/social-ui-before-tiger-care-feedback-fix-20260708.js	2298	REVIEW_REQUIRED	Potential launch navigation/action point; source content intentionally not copied
approved/social-ui-before-tiger-care-feedback-fix-20260708.js	2304	REVIEW_REQUIRED	Potential launch navigation/action point; source content intentionally not copied
approved/social-ui-before-tiger-care-feedback-fix-20260708.js	2310	REVIEW_REQUIRED	Potential launch navigation/action point; source content intentionally not copied
approved/social-ui-before-tiger-care-feedback-fix-20260708.js	2317	REVIEW_REQUIRED	Potential launch navigation/action point; source content intentionally not copied
approved/social-ui-before-tiger-care-feedback-fix-20260708.js	2318	REVIEW_REQUIRED	Potential launch navigation/action point; source content intentionally not copied
approved/social-ui-before-tiger-care-feedback-fix-20260708.js	2330	REVIEW_REQUIRED	Potential launch navigation/action point; source content intentionally not copied
approved/social-ui-before-tiger-care-feedback-fix-20260708.js	2349	REVIEW_REQUIRED	Potential launch navigation/action point; source content intentionally not copied
approved/social-ui-before-tiger-care-feedback-fix-20260708.js	2353	REVIEW_REQUIRED	Potential launch navigation/action point; source content intentionally not copied
approved/social-ui-before-tiger-care-feedback-fix-20260708.js	2359	REVIEW_REQUIRED	Potential launch navigation/action point; source content intentionally not copied
approved/social-ui-before-tiger-care-feedback-fix-20260708.js	2362	REVIEW_REQUIRED	Potential launch navigation/action point; source content intentionally not copied
approved/social-ui-before-tiger-care-feedback-fix-20260708.js	2370	REVIEW_REQUIRED	Potential launch navigation/action point; source content intentionally not copied
approved/social-ui-before-tiger-care-feedback-fix-20260708.js	2377	REVIEW_REQUIRED	Potential launch navigation/action point; source content intentionally not copied
approved/social-ui-before-tiger-care-feedback-fix-20260708.js	2383	REVIEW_REQUIRED	Potential launch navigation/action point; source content intentionally not copied
approved/social-ui-before-tiger-care-feedback-fix-20260708.js	2389	REVIEW_REQUIRED	Potential launch navigation/action point; source content intentionally not copied
approved/social-ui-before-tiger-care-feedback-fix-20260708.js	2395	REVIEW_REQUIRED	Potential launch navigation/action point; source content intentionally not copied
approved/social-ui-before-tiger-care-feedback-fix-20260708.js	2401	REVIEW_REQUIRED	Potential launch navigation/action point; source content intentionally not copied
approved/social-ui-before-tiger-care-feedback-fix-20260708.js	2407	REVIEW_REQUIRED	Potential launch navigation/action point; source content intentionally not copied
approved/social-ui-before-tiger-care-feedback-fix-20260708.js	2414	REVIEW_REQUIRED	Potential launch navigation/action point; source content intentionally not copied
approved/social-ui-before-tiger-care-feedback-fix-20260708.js	2435	REVIEW_REQUIRED	Potential launch navigation/action point; source content intentionally not copied
approved/social-ui-before-tiger-care-feedback-fix-20260708.js	2436	REVIEW_REQUIRED	Potential launch navigation/action point; source content intentionally not copied
approved/social-ui-before-tiger-care-feedback-fix-20260708.js	2444	REVIEW_REQUIRED	Potential launch navigation/action point; source content intentionally not copied
approved/social-ui-before-tiger-care-feedback-fix-20260708.js	2454	REVIEW_REQUIRED	Potential launch navigation/action point; source content intentionally not copied
approved/social-ui-before-tiger-care-feedback-fix-20260708.js	2464	REVIEW_REQUIRED	Potential launch navigation/action point; source content intentionally not copied
approved/social-ui-before-tiger-care-feedback-fix-20260708.js	2470	REVIEW_REQUIRED	Potential launch navigation/action point; source content intentionally not copied
approved/social-ui-before-tiger-care-feedback-fix-20260708.js	2498	REVIEW_REQUIRED	Potential launch navigation/action point; source content intentionally not copied
approved/social-ui-before-tiger-care-feedback-fix-20260708.js	2504	REVIEW_REQUIRED	Potential launch navigation/action point; source content intentionally not copied
approved/social-ui-before-tiger-care-feedback-fix-20260708.js	2511	REVIEW_REQUIRED	Potential launch navigation/action point; source content intentionally not copied
approved/social-ui-before-tiger-care-feedback-fix-20260708.js	2524	REVIEW_REQUIRED	Potential launch navigation/action point; source content intentionally not copied
approved/social-ui-before-tiger-care-feedback-fix-20260708.js	2533	REVIEW_REQUIRED	Potential launch navigation/action point; source content intentionally not copied
approved/social-ui-before-tiger-care-feedback-fix-20260708.js	2542	REVIEW_REQUIRED	Potential launch navigation/action point; source content intentionally not copied
approved/social-ui-before-tiger-care-feedback-fix-20260708.js	2549	REVIEW_REQUIRED	Potential launch navigation/action point; source content intentionally not copied
approved/social-ui-before-tiger-care-feedback-fix-20260708.js	2551	REVIEW_REQUIRED	Potential launch navigation/action point; source content intentionally not copied
approved/social-ui-before-tiger-care-feedback-fix-20260708.js	2556	REVIEW_REQUIRED	Potential launch navigation/action point; source content intentionally not copied
approved/social-ui-before-tiger-care-feedback-fix-20260708.js	2563	REVIEW_REQUIRED	Potential launch navigation/action point; source content intentionally not copied
approved/social-ui-before-tiger-care-feedback-fix-20260708.js	2571	REVIEW_REQUIRED	Potential launch navigation/action point; source content intentionally not copied
approved/social-ui-before-tiger-care-feedback-fix-20260708.js	2588	REVIEW_REQUIRED	Potential launch navigation/action point; source content intentionally not copied
approved/social-ui-before-tiger-care-feedback-fix-20260708.js	2595	REVIEW_REQUIRED	Potential launch navigation/action point; source content intentionally not copied
approved/social-ui-before-tiger-care-feedback-fix-20260708.js	2604	REVIEW_REQUIRED	Potential launch navigation/action point; source content intentionally not copied
approved/social-ui-before-tiger-care-feedback-fix-20260708.js	2615	REVIEW_REQUIRED	Potential launch navigation/action point; source content intentionally not copied
approved/social-ui-before-tiger-care-feedback-fix-20260708.js	2625	REVIEW_REQUIRED	Potential launch navigation/action point; source content intentionally not copied
approved/social-ui-before-tiger-care-feedback-fix-20260708.js	2632	REVIEW_REQUIRED	Potential launch navigation/action point; source content intentionally not copied
approved/social-ui-before-tiger-care-feedback-fix-20260708.js	2641	REVIEW_REQUIRED	Potential launch navigation/action point; source content intentionally not copied
approved/social-ui-before-tiger-care-feedback-fix-20260708.js	2722	REVIEW_REQUIRED	Potential launch navigation/action point; source content intentionally not copied
approved/social-ui-before-tiger-care-feedback-fix-20260708.js	3004	REVIEW_REQUIRED	Potential launch navigation/action point; source content intentionally not copied
approved/social-ui-before-tiger-care-feedback-fix-20260708.js	3005	REVIEW_REQUIRED	Potential launch navigation/action point; source content intentionally not copied
approved/social-ui-before-tiger-care-feedback-fix-20260708.js	3008	REVIEW_REQUIRED	Potential launch navigation/action point; source content intentionally not copied
approved/social-ui-before-tiger-care-feedback-fix-20260708.js	3058	REVIEW_REQUIRED	Potential launch navigation/action point; source content intentionally not copied
approved/social-ui-before-tiger-care-feedback-fix-20260708.js	3070	REVIEW_REQUIRED	Potential launch navigation/action point; source content intentionally not copied
approved/social-ui-before-tiger-care-feedback-fix-20260708.js	3079	REVIEW_REQUIRED	Potential launch navigation/action point; source content intentionally not copied
approved/social-ui-before-tiger-care-feedback-fix-20260708.js	3103	REVIEW_REQUIRED	Potential launch navigation/action point; source content intentionally not copied
approved/social-ui-before-tiger-care-feedback-fix-20260708.js	3145	REVIEW_REQUIRED	Potential launch navigation/action point; source content intentionally not copied
approved/social-ui-before-tiger-care-feedback-fix-20260708.js	3146	REVIEW_REQUIRED	Potential launch navigation/action point; source content intentionally not copied
approved/social-ui-before-tiger-care-feedback-fix-20260708.js	3147	REVIEW_REQUIRED	Potential launch navigation/action point; source content intentionally not copied
approved/social-ui-before-tiger-care-feedback-fix-20260708.js	3164	REVIEW_REQUIRED	Potential launch navigation/action point; source content intentionally not copied
approved/social-ui-before-tiger-care-feedback-fix-20260708.js	3192	REVIEW_REQUIRED	Potential launch navigation/action point; source content intentionally not copied
approved/social-ui-before-tiger-care-feedback-fix-20260708.js	3220	REVIEW_REQUIRED	Potential launch navigation/action point; source content intentionally not copied
approved/social-ui-before-tiger-care-feedback-fix-20260708.js	3226	REVIEW_REQUIRED	Potential launch navigation/action point; source content intentionally not copied
approved/social-ui-before-tiger-care-feedback-fix-20260708.js	3232	REVIEW_REQUIRED	Potential launch navigation/action point; source content intentionally not copied
approved/social-ui-before-tiger-care-feedback-fix-20260708.js	3238	REVIEW_REQUIRED	Potential launch navigation/action point; source content intentionally not copied
approved/social-ui-before-tiger-care-feedback-fix-20260708.js	3244	REVIEW_REQUIRED	Potential launch navigation/action point; source content intentionally not copied
approved/supabase-auth-bridge-approved.js	33	REVIEW_REQUIRED	Potential launch navigation/action point; source content intentionally not copied
approved/supabase-auth-bridge-approved.js	118	REVIEW_REQUIRED	Potential launch navigation/action point; source content intentionally not copied
approved/supabase-auth-bridge-approved.js	132	REVIEW_REQUIRED	Potential launch navigation/action point; source content intentionally not copied
approved/supabase-auth-bridge-approved.js	146	REVIEW_REQUIRED	Potential launch navigation/action point; source content intentionally not copied
approved/supabase-auth-bridge-approved.js	153	REVIEW_REQUIRED	Potential launch navigation/action point; source content intentionally not copied
approved/supabase-auth-bridge-final.js	33	REVIEW_REQUIRED	Potential launch navigation/action point; source content intentionally not copied
approved/supabase-auth-bridge-final.js	118	REVIEW_REQUIRED	Potential launch navigation/action point; source content intentionally not copied
approved/supabase-auth-bridge-final.js	132	REVIEW_REQUIRED	Potential launch navigation/action point; source content intentionally not copied
approved/supabase-auth-bridge-final.js	146	REVIEW_REQUIRED	Potential launch navigation/action point; source content intentionally not copied
approved/supabase-auth-bridge-final.js	153	REVIEW_REQUIRED	Potential launch navigation/action point; source content intentionally not copied
approved/sw-before-post-options-cache-fix-20260708.js	20	REVIEW_REQUIRED	Potential launch navigation/action point; source content intentionally not copied
approved/sw-before-post-options-cache-fix-20260708.js	25	REVIEW_REQUIRED	Potential launch navigation/action point; source content intentionally not copied
approved/sw-before-post-options-cache-fix-20260708.js	32	REVIEW_REQUIRED	Potential launch navigation/action point; source content intentionally not copied
approved/visual-identity-pass-7-1/clerk-private-profile-before-visual-identity-20260708.html	740	REVIEW_REQUIRED	Potential launch navigation/action point; source content intentionally not copied
approved/visual-identity-pass-7-1/clerk-private-profile-before-visual-identity-20260708.html	741	REVIEW_REQUIRED	Potential launch navigation/action point; source content intentionally not copied
approved/visual-identity-pass-7-1/clerk-private-profile-before-visual-identity-20260708.html	928	REVIEW_REQUIRED	Potential launch navigation/action point; source content intentionally not copied
approved/visual-identity-pass-7-1/clerk-private-profile-before-visual-identity-20260708.html	946	REVIEW_REQUIRED	Potential launch navigation/action point; source content intentionally not copied
approved/visual-identity-pass-7-1/clerk-private-profile-before-visual-identity-20260708.html	947	REVIEW_REQUIRED	Potential launch navigation/action point; source content intentionally not copied
approved/visual-identity-pass-7-1/clerk-private-profile-before-visual-identity-20260708.html	948	REVIEW_REQUIRED	Potential launch navigation/action point; source content intentionally not copied
approved/visual-identity-pass-7-1/clerk-private-profile-before-visual-identity-20260708.html	990	REVIEW_REQUIRED	Potential launch navigation/action point; source content intentionally not copied
approved/visual-identity-pass-7-1/clerk-private-profile-before-visual-identity-20260708.html	999	REVIEW_REQUIRED	Potential launch navigation/action point; source content intentionally not copied
approved/visual-identity-pass-7-1/clerk-private-profile-before-visual-identity-20260708.html	1001	REVIEW_REQUIRED	Potential launch navigation/action point; source content intentionally not copied
approved/visual-identity-pass-7-1/clerk-private-profile-before-visual-identity-20260708.html	1006	REVIEW_REQUIRED	Potential launch navigation/action point; source content intentionally not copied
approved/visual-identity-pass-7-1/clerk-private-profile-before-visual-identity-20260708.html	1021	REVIEW_REQUIRED	Potential launch navigation/action point; source content intentionally not copied
approved/visual-identity-pass-7-1/clerk-private-profile-before-visual-identity-20260708.html	1036	REVIEW_REQUIRED	Potential launch navigation/action point; source content intentionally not copied
approved/visual-identity-pass-7-1/index-before-visual-identity-20260708.html	10	REVIEW_REQUIRED	Potential launch navigation/action point; source content intentionally not copied
approved/visual-identity-pass-7-1/index-before-visual-identity-20260708.html	11	REVIEW_REQUIRED	Potential launch navigation/action point; source content intentionally not copied
approved/visual-identity-pass-7-1/index-before-visual-identity-20260708.html	12	REVIEW_REQUIRED	Potential launch navigation/action point; source content intentionally not copied
approved/visual-identity-pass-7-1/index-before-visual-identity-20260708.html	13	REVIEW_REQUIRED	Potential launch navigation/action point; source content intentionally not copied
approved/visual-identity-pass-7-1/index-before-visual-identity-20260708.html	14	REVIEW_REQUIRED	Potential launch navigation/action point; source content intentionally not copied
approved/visual-identity-pass-7-1/index-before-visual-identity-20260708.html	36	REVIEW_REQUIRED	Potential launch navigation/action point; source content intentionally not copied
approved/visual-identity-pass-7-1/index-before-visual-identity-20260708.html	37	REVIEW_REQUIRED	Potential launch navigation/action point; source content intentionally not copied
approved/visual-identity-pass-7-1/index-before-visual-identity-20260708.html	87	REVIEW_REQUIRED	Potential launch navigation/action point; source content intentionally not copied
approved/visual-identity-pass-7-1/index-before-visual-identity-20260708.html	90	REVIEW_REQUIRED	Potential launch navigation/action point; source content intentionally not copied
approved/visual-identity-pass-7-1/index-before-visual-identity-20260708.html	97	REVIEW_REQUIRED	Potential launch navigation/action point; source content intentionally not copied
approved/visual-identity-pass-7-1/index-before-visual-identity-20260708.html	106	REVIEW_REQUIRED	Potential launch navigation/action point; source content intentionally not copied
approved/visual-identity-pass-7-1/index-before-visual-identity-20260708.html	120	REVIEW_REQUIRED	Potential launch navigation/action point; source content intentionally not copied
approved/visual-identity-pass-7-1/index-before-visual-identity-20260708.html	122	REVIEW_REQUIRED	Potential launch navigation/action point; source content intentionally not copied
approved/visual-identity-pass-7-1/index-before-visual-identity-20260708.html	125	REVIEW_REQUIRED	Potential launch navigation/action point; source content intentionally not copied
approved/visual-identity-pass-7-1/index-before-visual-identity-20260708.html	131	REVIEW_REQUIRED	Potential launch navigation/action point; source content intentionally not copied
approved/visual-identity-pass-7-1/index-before-visual-identity-20260708.html	132	REVIEW_REQUIRED	Potential launch navigation/action point; source content intentionally not copied
approved/visual-identity-pass-7-1/index-before-visual-identity-20260708.html	133	REVIEW_REQUIRED	Potential launch navigation/action point; source content intentionally not copied
approved/visual-identity-pass-7-1/index-before-visual-identity-20260708.html	134	REVIEW_REQUIRED	Potential launch navigation/action point; source content intentionally not copied
approved/visual-identity-pass-7-1/index-before-visual-identity-20260708.html	145	REVIEW_REQUIRED	Potential launch navigation/action point; source content intentionally not copied
approved/visual-identity-pass-7-1/index-before-visual-identity-20260708.html	146	REVIEW_REQUIRED	Potential launch navigation/action point; source content intentionally not copied
approved/visual-identity-pass-7-1/index-before-visual-identity-20260708.html	147	REVIEW_REQUIRED	Potential launch navigation/action point; source content intentionally not copied
approved/visual-identity-pass-7-1/index-before-visual-identity-20260708.html	158	REVIEW_REQUIRED	Potential launch navigation/action point; source content intentionally not copied
approved/visual-identity-pass-7-1/index-before-visual-identity-20260708.html	168	REVIEW_REQUIRED	Potential launch navigation/action point; source content intentionally not copied
approved/visual-identity-pass-7-1/index-before-visual-identity-20260708.html	169	REVIEW_REQUIRED	Potential launch navigation/action point; source content intentionally not copied
approved/visual-identity-pass-7-1/public-profile-before-visual-identity-20260708.html	9	REVIEW_REQUIRED	Potential launch navigation/action point; source content intentionally not copied
approved/visual-identity-pass-7-1/public-profile-before-visual-identity-20260708.html	10	REVIEW_REQUIRED	Potential launch navigation/action point; source content intentionally not copied
approved/visual-identity-pass-7-1/public-profile-before-visual-identity-20260708.html	11	REVIEW_REQUIRED	Potential launch navigation/action point; source content intentionally not copied
approved/visual-identity-pass-7-1/public-profile-before-visual-identity-20260708.html	12	REVIEW_REQUIRED	Potential launch navigation/action point; source content intentionally not copied
approved/visual-identity-pass-7-1/public-profile-before-visual-identity-20260708.html	13	REVIEW_REQUIRED	Potential launch navigation/action point; source content intentionally not copied
approved/visual-identity-pass-7-1/public-profile-before-visual-identity-20260708.html	698	REVIEW_REQUIRED	Potential launch navigation/action point; source content intentionally not copied
approved/visual-identity-pass-7-1/public-profile-before-visual-identity-20260708.html	699	REVIEW_REQUIRED	Potential launch navigation/action point; source content intentionally not copied
approved/visual-identity-pass-7-1/public-profile-before-visual-identity-20260708.html	700	REVIEW_REQUIRED	Potential launch navigation/action point; source content intentionally not copied
approved/visual-identity-pass-7-1/public-profile-before-visual-identity-20260708.html	701	REVIEW_REQUIRED	Potential launch navigation/action point; source content intentionally not copied
approved/visual-identity-pass-7-1/public-profile-before-visual-identity-20260708.html	702	REVIEW_REQUIRED	Potential launch navigation/action point; source content intentionally not copied
approved/visual-identity-pass-7-1/public-profile-before-visual-identity-20260708.html	705	REVIEW_REQUIRED	Potential launch navigation/action point; source content intentionally not copied
approved/visual-identity-pass-7-1/public-profile-before-visual-identity-20260708.html	706	REVIEW_REQUIRED	Potential launch navigation/action point; source content intentionally not copied
approved/visual-identity-pass-7-1/public-profile-before-visual-identity-20260708.html	707	REVIEW_REQUIRED	Potential launch navigation/action point; source content intentionally not copied
approved/visual-identity-pass-7-1/public-profile-before-visual-identity-20260708.html	711	REVIEW_REQUIRED	Potential launch navigation/action point; source content intentionally not copied
approved/visual-identity-pass-7-1/public-profile-before-visual-identity-20260708.html	712	REVIEW_REQUIRED	Potential launch navigation/action point; source content intentionally not copied
approved/visual-identity-pass-7-1/public-profile-before-visual-identity-20260708.html	713	REVIEW_REQUIRED	Potential launch navigation/action point; source content intentionally not copied
approved/visual-identity-pass-7-1/public-profile-before-visual-identity-20260708.html	714	REVIEW_REQUIRED	Potential launch navigation/action point; source content intentionally not copied
approved/visual-identity-pass-7-1/public-profile-before-visual-identity-20260708.html	715	REVIEW_REQUIRED	Potential launch navigation/action point; source content intentionally not copied
approved/visual-identity-pass-7-1/public-profile-before-visual-identity-20260708.html	724	REVIEW_REQUIRED	Potential launch navigation/action point; source content intentionally not copied
approved/visual-identity-pass-7-1/public-profile-before-visual-identity-20260708.html	767	REVIEW_REQUIRED	Potential launch navigation/action point; source content intentionally not copied
approved/visual-identity-pass-7-1/public-profile-before-visual-identity-20260708.html	829	REVIEW_REQUIRED	Potential launch navigation/action point; source content intentionally not copied
approved/visual-identity-pass-7-1/public-profile-before-visual-identity-20260708.html	830	REVIEW_REQUIRED	Potential launch navigation/action point; source content intentionally not copied
approved/visual-identity-pass-7-1/public-profile-before-visual-identity-20260708.html	831	REVIEW_REQUIRED	Potential launch navigation/action point; source content intentionally not copied
approved/visual-identity-pass-7-1/public-profile-before-visual-identity-20260708.html	832	REVIEW_REQUIRED	Potential launch navigation/action point; source content intentionally not copied
approved/visual-identity-pass-7-1/public-profile-before-visual-identity-20260708.html	846	REVIEW_REQUIRED	Potential launch navigation/action point; source content intentionally not copied
approved/visual-identity-pass-7-1/public-profile-before-visual-identity-20260708.html	851	REVIEW_REQUIRED	Potential launch navigation/action point; source content intentionally not copied
approved/visual-identity-pass-7-1/public-profile-before-visual-identity-20260708.html	852	REVIEW_REQUIRED	Potential launch navigation/action point; source content intentionally not copied
approved/visual-identity-pass-7-1/public-profile-before-visual-identity-20260708.html	853	REVIEW_REQUIRED	Potential launch navigation/action point; source content intentionally not copied
approved/visual-identity-pass-7-1/public-profile-before-visual-identity-20260708.html	858	REVIEW_REQUIRED	Potential launch navigation/action point; source content intentionally not copied
approved/visual-identity-pass-7-1/public-profile-before-visual-identity-20260708.html	872	REVIEW_REQUIRED	Potential launch navigation/action point; source content intentionally not copied
approved/visual-identity-pass-7-1/public-profile-before-visual-identity-20260708.html	876	REVIEW_REQUIRED	Potential launch navigation/action point; source content intentionally not copied
approved/visual-identity-pass-7-1/public-profile-before-visual-identity-20260708.html	877	REVIEW_REQUIRED	Potential launch navigation/action point; source content intentionally not copied
approved/visual-identity-pass-7-1/public-profile-before-visual-identity-20260708.html	878	REVIEW_REQUIRED	Potential launch navigation/action point; source content intentionally not copied
approved/visual-identity-pass-7-1/public-profile-before-visual-identity-20260708.html	883	REVIEW_REQUIRED	Potential launch navigation/action point; source content intentionally not copied
approved/visual-identity-pass-7-1/public-profile-before-visual-identity-20260708.html	894	REVIEW_REQUIRED	Potential launch navigation/action point; source content intentionally not copied
approved/visual-identity-pass-7-1/public-profile-before-visual-identity-20260708.html	897	REVIEW_REQUIRED	Potential launch navigation/action point; source content intentionally not copied
approved/visual-identity-pass-7-1/public-profile-before-visual-identity-20260708.html	898	REVIEW_REQUIRED	Potential launch navigation/action point; source content intentionally not copied
approved/visual-identity-pass-7-1/public-profile-before-visual-identity-20260708.html	899	REVIEW_REQUIRED	Potential launch navigation/action point; source content intentionally not copied
approved/visual-identity-pass-7-1/public-profile-before-visual-identity-20260708.html	900	REVIEW_REQUIRED	Potential launch navigation/action point; source content intentionally not copied
approved/visual-identity-pass-7-1/public-profile-before-visual-identity-20260708.html	926	REVIEW_REQUIRED	Potential launch navigation/action point; source content intentionally not copied
approved/visual-identity-pass-7-1/public-profile-before-visual-identity-20260708.html	929	REVIEW_REQUIRED	Potential launch navigation/action point; source content intentionally not copied
approved/visual-identity-pass-7-1/public-profile-before-visual-identity-20260708.html	932	REVIEW_REQUIRED	Potential launch navigation/action point; source content intentionally not copied
approved/visual-identity-pass-7-1/public-profile-before-visual-identity-20260708.html	935	REVIEW_REQUIRED	Potential launch navigation/action point; source content intentionally not copied
approved/visual-identity-pass-7-1/public-profile-before-visual-identity-20260708.html	940	REVIEW_REQUIRED	Potential launch navigation/action point; source content intentionally not copied
approved/visual-identity-pass-7-1/public-profile-before-visual-identity-20260708.html	941	REVIEW_REQUIRED	Potential launch navigation/action point; source content intentionally not copied
approved/visual-identity-pass-7-1/public-profile-before-visual-identity-20260708.html	944	REVIEW_REQUIRED	Potential launch navigation/action point; source content intentionally not copied
approved/visual-identity-pass-7-1/public-profile-before-visual-identity-20260708.html	946	REVIEW_REQUIRED	Potential launch navigation/action point; source content intentionally not copied
approved/visual-identity-pass-7-1/public-profile-before-visual-identity-20260708.html	947	REVIEW_REQUIRED	Potential launch navigation/action point; source content intentionally not copied
approved/visual-identity-pass-7-1/public-profile-before-visual-identity-20260708.html	948	REVIEW_REQUIRED	Potential launch navigation/action point; source content intentionally not copied
approved/visual-identity-pass-7-1/public-profile-before-visual-identity-20260708.html	949	REVIEW_REQUIRED	Potential launch navigation/action point; source content intentionally not copied
approved/visual-identity-pass-7-1/public-profile-before-visual-identity-20260708.html	958	REVIEW_REQUIRED	Potential launch navigation/action point; source content intentionally not copied
approved/visual-identity-pass-7-1/public-profile-before-visual-identity-20260708.html	959	REVIEW_REQUIRED	Potential launch navigation/action point; source content intentionally not copied
approved/visual-identity-pass-7-1/public-profile-before-visual-identity-20260708.html	962	REVIEW_REQUIRED	Potential launch navigation/action point; source content intentionally not copied
approved/visual-identity-pass-7-1/public-profile-before-visual-identity-20260708.html	965	REVIEW_REQUIRED	Potential launch navigation/action point; source content intentionally not copied
approved/visual-identity-pass-7-1/public-profile-before-visual-identity-20260708.html	968	REVIEW_REQUIRED	Potential launch navigation/action point; source content intentionally not copied
approved/visual-identity-pass-7-1/public-profile-before-visual-identity-20260708.html	971	REVIEW_REQUIRED	Potential launch navigation/action point; source content intentionally not copied
approved/visual-identity-pass-7-1/public-profile-before-visual-identity-20260708.html	978	REVIEW_REQUIRED	Potential launch navigation/action point; source content intentionally not copied
approved/visual-identity-pass-7-1/public-profile-before-visual-identity-20260708.html	1006	REVIEW_REQUIRED	Potential launch navigation/action point; source content intentionally not copied
approved/visual-identity-pass-7-1/public-profile-before-visual-identity-20260708.html	1049	REVIEW_REQUIRED	Potential launch navigation/action point; source content intentionally not copied
approved/visual-identity-pass-7-1/public-profile-before-visual-identity-20260708.html	1083	REVIEW_REQUIRED	Potential launch navigation/action point; source content intentionally not copied
approved/visual-identity-pass-7-1/public-profile-before-visual-identity-20260708.html	1092	REVIEW_REQUIRED	Potential launch navigation/action point; source content intentionally not copied
approved/visual-identity-pass-7-1/public-profile-before-visual-identity-20260708.html	1096	REVIEW_REQUIRED	Potential launch navigation/action point; source content intentionally not copied
approved/visual-identity-pass-7-1/public-profile-before-visual-identity-20260708.html	1100	REVIEW_REQUIRED	Potential launch navigation/action point; source content intentionally not copied
approved/visual-identity-pass-7-1/public-profile-before-visual-identity-20260708.html	1104	REVIEW_REQUIRED	Potential launch navigation/action point; source content intentionally not copied
approved/visual-identity-pass-7-1/public-profile-before-visual-identity-20260708.html	1120	REVIEW_REQUIRED	Potential launch navigation/action point; source content intentionally not copied
approved/visual-identity-pass-7-1/public-profile-before-visual-identity-20260708.html	1129	REVIEW_REQUIRED	Potential launch navigation/action point; source content intentionally not copied
approved/visual-identity-pass-7-1/public-profile-before-visual-identity-20260708.html	1133	REVIEW_REQUIRED	Potential launch navigation/action point; source content intentionally not copied
approved/visual-identity-pass-7-1/public-profile-before-visual-identity-20260708.html	1137	REVIEW_REQUIRED	Potential launch navigation/action point; source content intentionally not copied
approved/visual-identity-pass-7-1/public-profile-before-visual-identity-20260708.html	1141	REVIEW_REQUIRED	Potential launch navigation/action point; source content intentionally not copied
approved/visual-identity-pass-7-1/public-profile-before-visual-identity-20260708.html	1150	REVIEW_REQUIRED	Potential launch navigation/action point; source content intentionally not copied
approved/visual-identity-pass-7-1/public-profile-before-visual-identity-20260708.html	1153	REVIEW_REQUIRED	Potential launch navigation/action point; source content intentionally not copied
approved/visual-identity-pass-7-1/public-profile-before-visual-identity-20260708.html	1154	REVIEW_REQUIRED	Potential launch navigation/action point; source content intentionally not copied
approved/visual-identity-pass-7-1/public-profile-before-visual-identity-20260708.html	1155	REVIEW_REQUIRED	Potential launch navigation/action point; source content intentionally not copied
approved/visual-identity-pass-7-1/public-profile-before-visual-identity-20260708.html	1156	REVIEW_REQUIRED	Potential launch navigation/action point; source content intentionally not copied
approved/visual-identity-pass-7-1/public-profile-before-visual-identity-20260708.html	1157	REVIEW_REQUIRED	Potential launch navigation/action point; source content intentionally not copied
approved/visual-identity-pass-7-1/public-profile-before-visual-identity-20260708.html	1165	REVIEW_REQUIRED	Potential launch navigation/action point; source content intentionally not copied
approved/visual-identity-pass-7-1/public-profile-before-visual-identity-20260708.html	1179	REVIEW_REQUIRED	Potential launch navigation/action point; source content intentionally not copied
approved/visual-identity-pass-7-1/public-profile-before-visual-identity-20260708.html	1189	REVIEW_REQUIRED	Potential launch navigation/action point; source content intentionally not copied
approved/visual-identity-pass-7-1/public-profile-before-visual-identity-20260708.html	1190	REVIEW_REQUIRED	Potential launch navigation/action point; source content intentionally not copied
approved/visual-identity-pass-7-1/public-profile-before-visual-identity-20260708.html	1201	REVIEW_REQUIRED	Potential launch navigation/action point; source content intentionally not copied
approved/visual-identity-pass-7-1/public-profile-before-visual-identity-20260708.html	1206	REVIEW_REQUIRED	Potential launch navigation/action point; source content intentionally not copied
approved/visual-identity-pass-7-1/public-profile-before-visual-identity-20260708.html	1207	REVIEW_REQUIRED	Potential launch navigation/action point; source content intentionally not copied
approved/visual-identity-pass-7-1/public-profile-before-visual-identity-20260708.html	1208	REVIEW_REQUIRED	Potential launch navigation/action point; source content intentionally not copied
approved/visual-identity-pass-7-1/public-profile-before-visual-identity-20260708.html	1343	REVIEW_REQUIRED	Potential launch navigation/action point; source content intentionally not copied
approved/visual-identity-pass-7-1/public-profile-before-visual-identity-20260708.html	1348	REVIEW_REQUIRED	Potential launch navigation/action point; source content intentionally not copied
approved/visual-identity-pass-7-1/public-profile-before-visual-identity-20260708.html	1362	REVIEW_REQUIRED	Potential launch navigation/action point; source content intentionally not copied
auth-clerk-index.js	1	REVIEW_REQUIRED	Potential launch navigation/action point; source content intentionally not copied
auth-clerk-index.js	2	REVIEW_REQUIRED	Potential launch navigation/action point; source content intentionally not copied
auth-clerk-index.js	49	REVIEW_REQUIRED	Potential launch navigation/action point; source content intentionally not copied
auth-clerk-index.js	58	REVIEW_REQUIRED	Potential launch navigation/action point; source content intentionally not copied
auth-clerk-index.js	66	REVIEW_REQUIRED	Potential launch navigation/action point; source content intentionally not copied
auth-clerk-index.js	84	REVIEW_REQUIRED	Potential launch navigation/action point; source content intentionally not copied
auth-clerk-index.js	86	REVIEW_REQUIRED	Potential launch navigation/action point; source content intentionally not copied
auth-clerk-index.js	103	REVIEW_REQUIRED	Potential launch navigation/action point; source content intentionally not copied
auth-flow.html	9	REVIEW_REQUIRED	Potential launch navigation/action point; source content intentionally not copied
auth-flow.html	11	REVIEW_REQUIRED	Potential launch navigation/action point; source content intentionally not copied
auth-supabase.js	142	REVIEW_REQUIRED	Potential launch navigation/action point; source content intentionally not copied
auth-supabase.js	159	REVIEW_REQUIRED	Potential launch navigation/action point; source content intentionally not copied
auth-supabase.js	183	REVIEW_REQUIRED	Potential launch navigation/action point; source content intentionally not copied
auth-supabase.js	190	REVIEW_REQUIRED	Potential launch navigation/action point; source content intentionally not copied
auth-supabase.js	200	REVIEW_REQUIRED	Potential launch navigation/action point; source content intentionally not copied
auth-supabase.js	206	REVIEW_REQUIRED	Potential launch navigation/action point; source content intentionally not copied
auth-supabase.js	214	REVIEW_REQUIRED	Potential launch navigation/action point; source content intentionally not copied
auth-supabase.js	223	REVIEW_REQUIRED	Potential launch navigation/action point; source content intentionally not copied
auth.js	3	REVIEW_REQUIRED	Potential launch navigation/action point; source content intentionally not copied
auth.js	4	REVIEW_REQUIRED	Potential launch navigation/action point; source content intentionally not copied
auth.js	6	REVIEW_REQUIRED	Potential launch navigation/action point; source content intentionally not copied
auth.js	134	REVIEW_REQUIRED	Potential launch navigation/action point; source content intentionally not copied
auth.js	167	REVIEW_REQUIRED	Potential launch navigation/action point; source content intentionally not copied
auth.js	177	REVIEW_REQUIRED	Potential launch navigation/action point; source content intentionally not copied
auth.js	179	REVIEW_REQUIRED	Potential launch navigation/action point; source content intentionally not copied
auth.js	181	REVIEW_REQUIRED	Potential launch navigation/action point; source content intentionally not copied
auth.js	183	REVIEW_REQUIRED	Potential launch navigation/action point; source content intentionally not copied
auth.js	186	REVIEW_REQUIRED	Potential launch navigation/action point; source content intentionally not copied
auth.js	189	REVIEW_REQUIRED	Potential launch navigation/action point; source content intentionally not copied
auth.js	191	REVIEW_REQUIRED	Potential launch navigation/action point; source content intentionally not copied
auth.js	204	REVIEW_REQUIRED	Potential launch navigation/action point; source content intentionally not copied
auth.js	241	REVIEW_REQUIRED	Potential launch navigation/action point; source content intentionally not copied
auth.js	291	REVIEW_REQUIRED	Potential launch navigation/action point; source content intentionally not copied
auth.js	292	REVIEW_REQUIRED	Potential launch navigation/action point; source content intentionally not copied
auth.js	315	REVIEW_REQUIRED	Potential launch navigation/action point; source content intentionally not copied
auth.js	363	REVIEW_REQUIRED	Potential launch navigation/action point; source content intentionally not copied
auth.js	380	REVIEW_REQUIRED	Potential launch navigation/action point; source content intentionally not copied
auth.js	403	REVIEW_REQUIRED	Potential launch navigation/action point; source content intentionally not copied
auth.js	409	REVIEW_REQUIRED	Potential launch navigation/action point; source content intentionally not copied
auth.js	431	REVIEW_REQUIRED	Potential launch navigation/action point; source content intentionally not copied
auth.js	437	REVIEW_REQUIRED	Potential launch navigation/action point; source content intentionally not copied
auth.js	474	REVIEW_REQUIRED	Potential launch navigation/action point; source content intentionally not copied
auth.js	479	REVIEW_REQUIRED	Potential launch navigation/action point; source content intentionally not copied
auth.js	484	REVIEW_REQUIRED	Potential launch navigation/action point; source content intentionally not copied
auth.js	490	REVIEW_REQUIRED	Potential launch navigation/action point; source content intentionally not copied
auth.js	496	REVIEW_REQUIRED	Potential launch navigation/action point; source content intentionally not copied
auth.js	513	REVIEW_REQUIRED	Potential launch navigation/action point; source content intentionally not copied
auth.js	517	REVIEW_REQUIRED	Potential launch navigation/action point; source content intentionally not copied
auth.js	525	REVIEW_REQUIRED	Potential launch navigation/action point; source content intentionally not copied
auth.js	526	REVIEW_REQUIRED	Potential launch navigation/action point; source content intentionally not copied
auth.js	531	REVIEW_REQUIRED	Potential launch navigation/action point; source content intentionally not copied
auth.js	532	REVIEW_REQUIRED	Potential launch navigation/action point; source content intentionally not copied
auth.js	537	REVIEW_REQUIRED	Potential launch navigation/action point; source content intentionally not copied
backups/clerk-private-profile.before-atomic-profile-resolver.html	619	REVIEW_REQUIRED	Potential launch navigation/action point; source content intentionally not copied
backups/clerk-private-profile.before-atomic-profile-resolver.html	1222	REVIEW_REQUIRED	Potential launch navigation/action point; source content intentionally not copied
backups/clerk-private-profile.before-atomic-profile-resolver.html	1246	REVIEW_REQUIRED	Potential launch navigation/action point; source content intentionally not copied
backups/clerk-private-profile.before-atomic-profile-resolver.html	1247	REVIEW_REQUIRED	Potential launch navigation/action point; source content intentionally not copied
backups/clerk-private-profile.before-atomic-profile-resolver.html	1260	REVIEW_REQUIRED	Potential launch navigation/action point; source content intentionally not copied
backups/clerk-private-profile.before-atomic-profile-resolver.html	1261	REVIEW_REQUIRED	Potential launch navigation/action point; source content intentionally not copied
backups/clerk-private-profile.before-atomic-profile-resolver.html	1262	REVIEW_REQUIRED	Potential launch navigation/action point; source content intentionally not copied
backups/clerk-private-profile.before-atomic-profile-resolver.html	1263	REVIEW_REQUIRED	Potential launch navigation/action point; source content intentionally not copied
backups/clerk-private-profile.before-atomic-profile-resolver.html	1290	REVIEW_REQUIRED	Potential launch navigation/action point; source content intentionally not copied
backups/clerk-private-profile.before-atomic-profile-resolver.html	1291	REVIEW_REQUIRED	Potential launch navigation/action point; source content intentionally not copied
backups/clerk-private-profile.before-atomic-profile-resolver.html	1304	REVIEW_REQUIRED	Potential launch navigation/action point; source content intentionally not copied
backups/clerk-private-profile.before-atomic-profile-resolver.html	1305	REVIEW_REQUIRED	Potential launch navigation/action point; source content intentionally not copied
backups/clerk-private-profile.before-atomic-profile-resolver.html	1306	REVIEW_REQUIRED	Potential launch navigation/action point; source content intentionally not copied
backups/clerk-private-profile.before-atomic-profile-resolver.html	1307	REVIEW_REQUIRED	Potential launch navigation/action point; source content intentionally not copied
backups/clerk-private-profile.before-atomic-profile-resolver.html	1432	REVIEW_REQUIRED	Potential launch navigation/action point; source content intentionally not copied
backups/clerk-private-profile.before-atomic-profile-resolver.html	1433	REVIEW_REQUIRED	Potential launch navigation/action point; source content intentionally not copied
backups/clerk-private-profile.before-atomic-profile-resolver.html	1620	REVIEW_REQUIRED	Potential launch navigation/action point; source content intentionally not copied
backups/clerk-private-profile.before-atomic-profile-resolver.html	1638	REVIEW_REQUIRED	Potential launch navigation/action point; source content intentionally not copied
backups/clerk-private-profile.before-atomic-profile-resolver.html	1639	REVIEW_REQUIRED	Potential launch navigation/action point; source content intentionally not copied
backups/clerk-private-profile.before-atomic-profile-resolver.html	1640	REVIEW_REQUIRED	Potential launch navigation/action point; source content intentionally not copied
backups/clerk-private-profile.before-atomic-profile-resolver.html	1682	REVIEW_REQUIRED	Potential launch navigation/action point; source content intentionally not copied
backups/clerk-private-profile.before-atomic-profile-resolver.html	1691	REVIEW_REQUIRED	Potential launch navigation/action point; source content intentionally not copied
backups/clerk-private-profile.before-atomic-profile-resolver.html	1693	REVIEW_REQUIRED	Potential launch navigation/action point; source content intentionally not copied
backups/clerk-private-profile.before-atomic-profile-resolver.html	1698	REVIEW_REQUIRED	Potential launch navigation/action point; source content intentionally not copied
backups/clerk-private-profile.before-jwt-rls-bridge.html	619	REVIEW_REQUIRED	Potential launch navigation/action point; source content intentionally not copied
backups/clerk-private-profile.before-jwt-rls-bridge.html	1064	REVIEW_REQUIRED	Potential launch navigation/action point; source content intentionally not copied
backups/clerk-private-profile.before-jwt-rls-bridge.html	1085	REVIEW_REQUIRED	Potential launch navigation/action point; source content intentionally not copied
backups/clerk-private-profile.before-jwt-rls-bridge.html	1086	REVIEW_REQUIRED	Potential launch navigation/action point; source content intentionally not copied
backups/clerk-private-profile.before-jwt-rls-bridge.html	1099	REVIEW_REQUIRED	Potential launch navigation/action point; source content intentionally not copied
backups/clerk-private-profile.before-jwt-rls-bridge.html	1100	REVIEW_REQUIRED	Potential launch navigation/action point; source content intentionally not copied
backups/clerk-private-profile.before-jwt-rls-bridge.html	1101	REVIEW_REQUIRED	Potential launch navigation/action point; source content intentionally not copied
backups/clerk-private-profile.before-jwt-rls-bridge.html	1102	REVIEW_REQUIRED	Potential launch navigation/action point; source content intentionally not copied
backups/clerk-private-profile.before-jwt-rls-bridge.html	1126	REVIEW_REQUIRED	Potential launch navigation/action point; source content intentionally not copied
backups/clerk-private-profile.before-jwt-rls-bridge.html	1127	REVIEW_REQUIRED	Potential launch navigation/action point; source content intentionally not copied
backups/clerk-private-profile.before-jwt-rls-bridge.html	1140	REVIEW_REQUIRED	Potential launch navigation/action point; source content intentionally not copied
backups/clerk-private-profile.before-jwt-rls-bridge.html	1141	REVIEW_REQUIRED	Potential launch navigation/action point; source content intentionally not copied
backups/clerk-private-profile.before-jwt-rls-bridge.html	1142	REVIEW_REQUIRED	Potential launch navigation/action point; source content intentionally not copied
backups/clerk-private-profile.before-jwt-rls-bridge.html	1143	REVIEW_REQUIRED	Potential launch navigation/action point; source content intentionally not copied
backups/clerk-private-profile.before-jwt-rls-bridge.html	1243	REVIEW_REQUIRED	Potential launch navigation/action point; source content intentionally not copied
backups/clerk-private-profile.before-jwt-rls-bridge.html	1244	REVIEW_REQUIRED	Potential launch navigation/action point; source content intentionally not copied
backups/clerk-private-profile.before-jwt-rls-bridge.html	1431	REVIEW_REQUIRED	Potential launch navigation/action point; source content intentionally not copied
backups/clerk-private-profile.before-jwt-rls-bridge.html	1449	REVIEW_REQUIRED	Potential launch navigation/action point; source content intentionally not copied
backups/clerk-private-profile.before-jwt-rls-bridge.html	1450	REVIEW_REQUIRED	Potential launch navigation/action point; source content intentionally not copied
backups/clerk-private-profile.before-jwt-rls-bridge.html	1451	REVIEW_REQUIRED	Potential launch navigation/action point; source content intentionally not copied
backups/clerk-private-profile.before-jwt-rls-bridge.html	1493	REVIEW_REQUIRED	Potential launch navigation/action point; source content intentionally not copied
backups/clerk-private-profile.before-jwt-rls-bridge.html	1502	REVIEW_REQUIRED	Potential launch navigation/action point; source content intentionally not copied
backups/clerk-private-profile.before-jwt-rls-bridge.html	1504	REVIEW_REQUIRED	Potential launch navigation/action point; source content intentionally not copied
backups/clerk-private-profile.before-jwt-rls-bridge.html	1509	REVIEW_REQUIRED	Potential launch navigation/action point; source content intentionally not copied
backups/clerk-private-profile.before-pr15-launch-hardening.html	619	REVIEW_REQUIRED	Potential launch navigation/action point; source content intentionally not copied
backups/clerk-private-profile.before-pr15-launch-hardening.html	620	REVIEW_REQUIRED	Potential launch navigation/action point; source content intentionally not copied
backups/clerk-private-profile.before-pr15-launch-hardening.html	935	REVIEW_REQUIRED	Potential launch navigation/action point; source content intentionally not copied
backups/clerk-private-profile.before-pr15-launch-hardening.html	940	REVIEW_REQUIRED	Potential launch navigation/action point; source content intentionally not copied
backups/clerk-private-profile.before-pr15-launch-hardening.html	945	REVIEW_REQUIRED	Potential launch navigation/action point; source content intentionally not copied
backups/clerk-private-profile.before-pr15-launch-hardening.html	1452	REVIEW_REQUIRED	Potential launch navigation/action point; source content intentionally not copied
backups/clerk-private-profile.before-pr15-launch-hardening.html	1476	REVIEW_REQUIRED	Potential launch navigation/action point; source content intentionally not copied
backups/clerk-private-profile.before-pr15-launch-hardening.html	1477	REVIEW_REQUIRED	Potential launch navigation/action point; source content intentionally not copied
backups/clerk-private-profile.before-pr15-launch-hardening.html	1490	REVIEW_REQUIRED	Potential launch navigation/action point; source content intentionally not copied
backups/clerk-private-profile.before-pr15-launch-hardening.html	1491	REVIEW_REQUIRED	Potential launch navigation/action point; source content intentionally not copied
backups/clerk-private-profile.before-pr15-launch-hardening.html	1492	REVIEW_REQUIRED	Potential launch navigation/action point; source content intentionally not copied
backups/clerk-private-profile.before-pr15-launch-hardening.html	1493	REVIEW_REQUIRED	Potential launch navigation/action point; source content intentionally not copied
backups/clerk-private-profile.before-pr15-launch-hardening.html	1520	REVIEW_REQUIRED	Potential launch navigation/action point; source content intentionally not copied
backups/clerk-private-profile.before-pr15-launch-hardening.html	1521	REVIEW_REQUIRED	Potential launch navigation/action point; source content intentionally not copied
backups/clerk-private-profile.before-pr15-launch-hardening.html	1534	REVIEW_REQUIRED	Potential launch navigation/action point; source content intentionally not copied
backups/clerk-private-profile.before-pr15-launch-hardening.html	1535	REVIEW_REQUIRED	Potential launch navigation/action point; source content intentionally not copied
backups/clerk-private-profile.before-pr15-launch-hardening.html	1536	REVIEW_REQUIRED	Potential launch navigation/action point; source content intentionally not copied
backups/clerk-private-profile.before-pr15-launch-hardening.html	1537	REVIEW_REQUIRED	Potential launch navigation/action point; source content intentionally not copied
backups/clerk-private-profile.before-pr15-launch-hardening.html	1705	REVIEW_REQUIRED	Potential launch navigation/action point; source content intentionally not copied
backups/clerk-private-profile.before-pr15-launch-hardening.html	1706	REVIEW_REQUIRED	Potential launch navigation/action point; source content intentionally not copied
backups/clerk-private-profile.before-pr15-launch-hardening.html	1893	REVIEW_REQUIRED	Potential launch navigation/action point; source content intentionally not copied
backups/clerk-private-profile.before-pr15-launch-hardening.html	1911	REVIEW_REQUIRED	Potential launch navigation/action point; source content intentionally not copied
backups/clerk-private-profile.before-pr15-launch-hardening.html	1912	REVIEW_REQUIRED	Potential launch navigation/action point; source content intentionally not copied
backups/clerk-private-profile.before-pr15-launch-hardening.html	1913	REVIEW_REQUIRED	Potential launch navigation/action point; source content intentionally not copied
backups/clerk-private-profile.before-pr15-launch-hardening.html	1955	REVIEW_REQUIRED	Potential launch navigation/action point; source content intentionally not copied
backups/clerk-private-profile.before-pr15-launch-hardening.html	1964	REVIEW_REQUIRED	Potential launch navigation/action point; source content intentionally not copied
backups/clerk-private-profile.before-pr15-launch-hardening.html	1966	REVIEW_REQUIRED	Potential launch navigation/action point; source content intentionally not copied
backups/clerk-private-profile.before-pr15-launch-hardening.html	1971	REVIEW_REQUIRED	Potential launch navigation/action point; source content intentionally not copied
backups/clerk-private-profile.before-profile-resilience-shell.html	619	REVIEW_REQUIRED	Potential launch navigation/action point; source content intentionally not copied
backups/clerk-private-profile.before-profile-resilience-shell.html	1294	REVIEW_REQUIRED	Potential launch navigation/action point; source content intentionally not copied
backups/clerk-private-profile.before-profile-resilience-shell.html	1318	REVIEW_REQUIRED	Potential launch navigation/action point; source content intentionally not copied
backups/clerk-private-profile.before-profile-resilience-shell.html	1319	REVIEW_REQUIRED	Potential launch navigation/action point; source content intentionally not copied
backups/clerk-private-profile.before-profile-resilience-shell.html	1332	REVIEW_REQUIRED	Potential launch navigation/action point; source content intentionally not copied
backups/clerk-private-profile.before-profile-resilience-shell.html	1333	REVIEW_REQUIRED	Potential launch navigation/action point; source content intentionally not copied
backups/clerk-private-profile.before-profile-resilience-shell.html	1334	REVIEW_REQUIRED	Potential launch navigation/action point; source content intentionally not copied
backups/clerk-private-profile.before-profile-resilience-shell.html	1335	REVIEW_REQUIRED	Potential launch navigation/action point; source content intentionally not copied
backups/clerk-private-profile.before-profile-resilience-shell.html	1362	REVIEW_REQUIRED	Potential launch navigation/action point; source content intentionally not copied
backups/clerk-private-profile.before-profile-resilience-shell.html	1363	REVIEW_REQUIRED	Potential launch navigation/action point; source content intentionally not copied
backups/clerk-private-profile.before-profile-resilience-shell.html	1376	REVIEW_REQUIRED	Potential launch navigation/action point; source content intentionally not copied
backups/clerk-private-profile.before-profile-resilience-shell.html	1377	REVIEW_REQUIRED	Potential launch navigation/action point; source content intentionally not copied
backups/clerk-private-profile.before-profile-resilience-shell.html	1378	REVIEW_REQUIRED	Potential launch navigation/action point; source content intentionally not copied
backups/clerk-private-profile.before-profile-resilience-shell.html	1379	REVIEW_REQUIRED	Potential launch navigation/action point; source content intentionally not copied
backups/clerk-private-profile.before-profile-resilience-shell.html	1519	REVIEW_REQUIRED	Potential launch navigation/action point; source content intentionally not copied
backups/clerk-private-profile.before-profile-resilience-shell.html	1520	REVIEW_REQUIRED	Potential launch navigation/action point; source content intentionally not copied
backups/clerk-private-profile.before-profile-resilience-shell.html	1707	REVIEW_REQUIRED	Potential launch navigation/action point; source content intentionally not copied
backups/clerk-private-profile.before-profile-resilience-shell.html	1725	REVIEW_REQUIRED	Potential launch navigation/action point; source content intentionally not copied
backups/clerk-private-profile.before-profile-resilience-shell.html	1726	REVIEW_REQUIRED	Potential launch navigation/action point; source content intentionally not copied
backups/clerk-private-profile.before-profile-resilience-shell.html	1727	REVIEW_REQUIRED	Potential launch navigation/action point; source content intentionally not copied
backups/clerk-private-profile.before-profile-resilience-shell.html	1769	REVIEW_REQUIRED	Potential launch navigation/action point; source content intentionally not copied
backups/clerk-private-profile.before-profile-resilience-shell.html	1778	REVIEW_REQUIRED	Potential launch navigation/action point; source content intentionally not copied
backups/clerk-private-profile.before-profile-resilience-shell.html	1780	REVIEW_REQUIRED	Potential launch navigation/action point; source content intentionally not copied
backups/clerk-private-profile.before-profile-resilience-shell.html	1785	REVIEW_REQUIRED	Potential launch navigation/action point; source content intentionally not copied
backups/clerk-private-profile.before-self-healing-profile-gateway.html	619	REVIEW_REQUIRED	Potential launch navigation/action point; source content intentionally not copied
backups/clerk-private-profile.before-self-healing-profile-gateway.html	767	REVIEW_REQUIRED	Potential launch navigation/action point; source content intentionally not copied
backups/clerk-private-profile.before-self-healing-profile-gateway.html	768	REVIEW_REQUIRED	Potential launch navigation/action point; source content intentionally not copied
backups/clerk-private-profile.before-self-healing-profile-gateway.html	955	REVIEW_REQUIRED	Potential launch navigation/action point; source content intentionally not copied
backups/clerk-private-profile.before-self-healing-profile-gateway.html	973	REVIEW_REQUIRED	Potential launch navigation/action point; source content intentionally not copied
backups/clerk-private-profile.before-self-healing-profile-gateway.html	974	REVIEW_REQUIRED	Potential launch navigation/action point; source content intentionally not copied
backups/clerk-private-profile.before-self-healing-profile-gateway.html	975	REVIEW_REQUIRED	Potential launch navigation/action point; source content intentionally not copied
backups/clerk-private-profile.before-self-healing-profile-gateway.html	1017	REVIEW_REQUIRED	Potential launch navigation/action point; source content intentionally not copied
backups/clerk-private-profile.before-self-healing-profile-gateway.html	1026	REVIEW_REQUIRED	Potential launch navigation/action point; source content intentionally not copied
backups/clerk-private-profile.before-self-healing-profile-gateway.html	1028	REVIEW_REQUIRED	Potential launch navigation/action point; source content intentionally not copied
backups/clerk-private-profile.before-self-healing-profile-gateway.html	1033	REVIEW_REQUIRED	Potential launch navigation/action point; source content intentionally not copied
backups/clerk-private-profile.before-self-healing-profile-gateway.html	1048	REVIEW_REQUIRED	Potential launch navigation/action point; source content intentionally not copied
backups/clerk-private-profile.before-self-healing-profile-gateway.html	1063	REVIEW_REQUIRED	Potential launch navigation/action point; source content intentionally not copied
backups/visual-trust-layer/phase-2-2/public-profile.before-readable-lock.20260709-184736.html	9	REVIEW_REQUIRED	Potential launch navigation/action point; source content intentionally not copied
backups/visual-trust-layer/phase-2-2/public-profile.before-readable-lock.20260709-184736.html	10	REVIEW_REQUIRED	Potential launch navigation/action point; source content intentionally not copied
backups/visual-trust-layer/phase-2-2/public-profile.before-readable-lock.20260709-184736.html	11	REVIEW_REQUIRED	Potential launch navigation/action point; source content intentionally not copied
backups/visual-trust-layer/phase-2-2/public-profile.before-readable-lock.20260709-184736.html	12	REVIEW_REQUIRED	Potential launch navigation/action point; source content intentionally not copied
backups/visual-trust-layer/phase-2-2/public-profile.before-readable-lock.20260709-184736.html	13	REVIEW_REQUIRED	Potential launch navigation/action point; source content intentionally not copied
backups/visual-trust-layer/phase-2-2/public-profile.before-readable-lock.20260709-184736.html	680	REVIEW_REQUIRED	Potential launch navigation/action point; source content intentionally not copied
backups/visual-trust-layer/phase-2-2/public-profile.before-readable-lock.20260709-184736.html	681	REVIEW_REQUIRED	Potential launch navigation/action point; source content intentionally not copied
backups/visual-trust-layer/phase-2-2/public-profile.before-readable-lock.20260709-184736.html	700	REVIEW_REQUIRED	Potential launch navigation/action point; source content intentionally not copied
backups/visual-trust-layer/phase-2-2/public-profile.before-readable-lock.20260709-184736.html	701	REVIEW_REQUIRED	Potential launch navigation/action point; source content intentionally not copied
backups/visual-trust-layer/phase-2-2/public-profile.before-readable-lock.20260709-184736.html	702	REVIEW_REQUIRED	Potential launch navigation/action point; source content intentionally not copied
backups/visual-trust-layer/phase-2-2/public-profile.before-readable-lock.20260709-184736.html	703	REVIEW_REQUIRED	Potential launch navigation/action point; source content intentionally not copied
backups/visual-trust-layer/phase-2-2/public-profile.before-readable-lock.20260709-184736.html	704	REVIEW_REQUIRED	Potential launch navigation/action point; source content intentionally not copied
backups/visual-trust-layer/phase-2-2/public-profile.before-readable-lock.20260709-184736.html	707	REVIEW_REQUIRED	Potential launch navigation/action point; source content intentionally not copied
backups/visual-trust-layer/phase-2-2/public-profile.before-readable-lock.20260709-184736.html	708	REVIEW_REQUIRED	Potential launch navigation/action point; source content intentionally not copied
backups/visual-trust-layer/phase-2-2/public-profile.before-readable-lock.20260709-184736.html	709	REVIEW_REQUIRED	Potential launch navigation/action point; source content intentionally not copied
backups/visual-trust-layer/phase-2-2/public-profile.before-readable-lock.20260709-184736.html	713	REVIEW_REQUIRED	Potential launch navigation/action point; source content intentionally not copied
backups/visual-trust-layer/phase-2-2/public-profile.before-readable-lock.20260709-184736.html	714	REVIEW_REQUIRED	Potential launch navigation/action point; source content intentionally not copied
backups/visual-trust-layer/phase-2-2/public-profile.before-readable-lock.20260709-184736.html	715	REVIEW_REQUIRED	Potential launch navigation/action point; source content intentionally not copied
backups/visual-trust-layer/phase-2-2/public-profile.before-readable-lock.20260709-184736.html	716	REVIEW_REQUIRED	Potential launch navigation/action point; source content intentionally not copied
backups/visual-trust-layer/phase-2-2/public-profile.before-readable-lock.20260709-184736.html	717	REVIEW_REQUIRED	Potential launch navigation/action point; source content intentionally not copied
backups/visual-trust-layer/phase-2-2/public-profile.before-readable-lock.20260709-184736.html	726	REVIEW_REQUIRED	Potential launch navigation/action point; source content intentionally not copied
backups/visual-trust-layer/phase-2-2/public-profile.before-readable-lock.20260709-184736.html	769	REVIEW_REQUIRED	Potential launch navigation/action point; source content intentionally not copied
backups/visual-trust-layer/phase-2-2/public-profile.before-readable-lock.20260709-184736.html	831	REVIEW_REQUIRED	Potential launch navigation/action point; source content intentionally not copied
backups/visual-trust-layer/phase-2-2/public-profile.before-readable-lock.20260709-184736.html	832	REVIEW_REQUIRED	Potential launch navigation/action point; source content intentionally not copied
backups/visual-trust-layer/phase-2-2/public-profile.before-readable-lock.20260709-184736.html	833	REVIEW_REQUIRED	Potential launch navigation/action point; source content intentionally not copied
backups/visual-trust-layer/phase-2-2/public-profile.before-readable-lock.20260709-184736.html	834	REVIEW_REQUIRED	Potential launch navigation/action point; source content intentionally not copied
backups/visual-trust-layer/phase-2-2/public-profile.before-readable-lock.20260709-184736.html	848	REVIEW_REQUIRED	Potential launch navigation/action point; source content intentionally not copied
backups/visual-trust-layer/phase-2-2/public-profile.before-readable-lock.20260709-184736.html	853	REVIEW_REQUIRED	Potential launch navigation/action point; source content intentionally not copied
backups/visual-trust-layer/phase-2-2/public-profile.before-readable-lock.20260709-184736.html	854	REVIEW_REQUIRED	Potential launch navigation/action point; source content intentionally not copied
backups/visual-trust-layer/phase-2-2/public-profile.before-readable-lock.20260709-184736.html	855	REVIEW_REQUIRED	Potential launch navigation/action point; source content intentionally not copied
backups/visual-trust-layer/phase-2-2/public-profile.before-readable-lock.20260709-184736.html	860	REVIEW_REQUIRED	Potential launch navigation/action point; source content intentionally not copied
backups/visual-trust-layer/phase-2-2/public-profile.before-readable-lock.20260709-184736.html	874	REVIEW_REQUIRED	Potential launch navigation/action point; source content intentionally not copied
backups/visual-trust-layer/phase-2-2/public-profile.before-readable-lock.20260709-184736.html	878	REVIEW_REQUIRED	Potential launch navigation/action point; source content intentionally not copied
backups/visual-trust-layer/phase-2-2/public-profile.before-readable-lock.20260709-184736.html	879	REVIEW_REQUIRED	Potential launch navigation/action point; source content intentionally not copied
backups/visual-trust-layer/phase-2-2/public-profile.before-readable-lock.20260709-184736.html	880	REVIEW_REQUIRED	Potential launch navigation/action point; source content intentionally not copied
backups/visual-trust-layer/phase-2-2/public-profile.before-readable-lock.20260709-184736.html	885	REVIEW_REQUIRED	Potential launch navigation/action point; source content intentionally not copied
backups/visual-trust-layer/phase-2-2/public-profile.before-readable-lock.20260709-184736.html	896	REVIEW_REQUIRED	Potential launch navigation/action point; source content intentionally not copied
backups/visual-trust-layer/phase-2-2/public-profile.before-readable-lock.20260709-184736.html	899	REVIEW_REQUIRED	Potential launch navigation/action point; source content intentionally not copied
backups/visual-trust-layer/phase-2-2/public-profile.before-readable-lock.20260709-184736.html	900	REVIEW_REQUIRED	Potential launch navigation/action point; source content intentionally not copied
backups/visual-trust-layer/phase-2-2/public-profile.before-readable-lock.20260709-184736.html	901	REVIEW_REQUIRED	Potential launch navigation/action point; source content intentionally not copied
backups/visual-trust-layer/phase-2-2/public-profile.before-readable-lock.20260709-184736.html	902	REVIEW_REQUIRED	Potential launch navigation/action point; source content intentionally not copied
backups/visual-trust-layer/phase-2-2/public-profile.before-readable-lock.20260709-184736.html	928	REVIEW_REQUIRED	Potential launch navigation/action point; source content intentionally not copied
backups/visual-trust-layer/phase-2-2/public-profile.before-readable-lock.20260709-184736.html	931	REVIEW_REQUIRED	Potential launch navigation/action point; source content intentionally not copied
backups/visual-trust-layer/phase-2-2/public-profile.before-readable-lock.20260709-184736.html	934	REVIEW_REQUIRED	Potential launch navigation/action point; source content intentionally not copied
backups/visual-trust-layer/phase-2-2/public-profile.before-readable-lock.20260709-184736.html	937	REVIEW_REQUIRED	Potential launch navigation/action point; source content intentionally not copied
backups/visual-trust-layer/phase-2-2/public-profile.before-readable-lock.20260709-184736.html	942	REVIEW_REQUIRED	Potential launch navigation/action point; source content intentionally not copied
backups/visual-trust-layer/phase-2-2/public-profile.before-readable-lock.20260709-184736.html	943	REVIEW_REQUIRED	Potential launch navigation/action point; source content intentionally not copied
backups/visual-trust-layer/phase-2-2/public-profile.before-readable-lock.20260709-184736.html	946	REVIEW_REQUIRED	Potential launch navigation/action point; source content intentionally not copied
backups/visual-trust-layer/phase-2-2/public-profile.before-readable-lock.20260709-184736.html	948	REVIEW_REQUIRED	Potential launch navigation/action point; source content intentionally not copied
backups/visual-trust-layer/phase-2-2/public-profile.before-readable-lock.20260709-184736.html	949	REVIEW_REQUIRED	Potential launch navigation/action point; source content intentionally not copied
backups/visual-trust-layer/phase-2-2/public-profile.before-readable-lock.20260709-184736.html	950	REVIEW_REQUIRED	Potential launch navigation/action point; source content intentionally not copied
backups/visual-trust-layer/phase-2-2/public-profile.before-readable-lock.20260709-184736.html	951	REVIEW_REQUIRED	Potential launch navigation/action point; source content intentionally not copied
backups/visual-trust-layer/phase-2-2/public-profile.before-readable-lock.20260709-184736.html	960	REVIEW_REQUIRED	Potential launch navigation/action point; source content intentionally not copied
backups/visual-trust-layer/phase-2-2/public-profile.before-readable-lock.20260709-184736.html	961	REVIEW_REQUIRED	Potential launch navigation/action point; source content intentionally not copied
backups/visual-trust-layer/phase-2-2/public-profile.before-readable-lock.20260709-184736.html	964	REVIEW_REQUIRED	Potential launch navigation/action point; source content intentionally not copied
backups/visual-trust-layer/phase-2-2/public-profile.before-readable-lock.20260709-184736.html	967	REVIEW_REQUIRED	Potential launch navigation/action point; source content intentionally not copied
backups/visual-trust-layer/phase-2-2/public-profile.before-readable-lock.20260709-184736.html	970	REVIEW_REQUIRED	Potential launch navigation/action point; source content intentionally not copied
backups/visual-trust-layer/phase-2-2/public-profile.before-readable-lock.20260709-184736.html	973	REVIEW_REQUIRED	Potential launch navigation/action point; source content intentionally not copied
backups/visual-trust-layer/phase-2-2/public-profile.before-readable-lock.20260709-184736.html	980	REVIEW_REQUIRED	Potential launch navigation/action point; source content intentionally not copied
backups/visual-trust-layer/phase-2-2/public-profile.before-readable-lock.20260709-184736.html	1008	REVIEW_REQUIRED	Potential launch navigation/action point; source content intentionally not copied
backups/visual-trust-layer/phase-2-2/public-profile.before-readable-lock.20260709-184736.html	1051	REVIEW_REQUIRED	Potential launch navigation/action point; source content intentionally not copied
backups/visual-trust-layer/phase-2-2/public-profile.before-readable-lock.20260709-184736.html	1085	REVIEW_REQUIRED	Potential launch navigation/action point; source content intentionally not copied
backups/visual-trust-layer/phase-2-2/public-profile.before-readable-lock.20260709-184736.html	1094	REVIEW_REQUIRED	Potential launch navigation/action point; source content intentionally not copied
backups/visual-trust-layer/phase-2-2/public-profile.before-readable-lock.20260709-184736.html	1098	REVIEW_REQUIRED	Potential launch navigation/action point; source content intentionally not copied
backups/visual-trust-layer/phase-2-2/public-profile.before-readable-lock.20260709-184736.html	1102	REVIEW_REQUIRED	Potential launch navigation/action point; source content intentionally not copied
backups/visual-trust-layer/phase-2-2/public-profile.before-readable-lock.20260709-184736.html	1106	REVIEW_REQUIRED	Potential launch navigation/action point; source content intentionally not copied
backups/visual-trust-layer/phase-2-2/public-profile.before-readable-lock.20260709-184736.html	1122	REVIEW_REQUIRED	Potential launch navigation/action point; source content intentionally not copied
backups/visual-trust-layer/phase-2-2/public-profile.before-readable-lock.20260709-184736.html	1131	REVIEW_REQUIRED	Potential launch navigation/action point; source content intentionally not copied
backups/visual-trust-layer/phase-2-2/public-profile.before-readable-lock.20260709-184736.html	1135	REVIEW_REQUIRED	Potential launch navigation/action point; source content intentionally not copied
backups/visual-trust-layer/phase-2-2/public-profile.before-readable-lock.20260709-184736.html	1139	REVIEW_REQUIRED	Potential launch navigation/action point; source content intentionally not copied
backups/visual-trust-layer/phase-2-2/public-profile.before-readable-lock.20260709-184736.html	1143	REVIEW_REQUIRED	Potential launch navigation/action point; source content intentionally not copied
backups/visual-trust-layer/phase-2-2/public-profile.before-readable-lock.20260709-184736.html	1152	REVIEW_REQUIRED	Potential launch navigation/action point; source content intentionally not copied
backups/visual-trust-layer/phase-2-2/public-profile.before-readable-lock.20260709-184736.html	1155	REVIEW_REQUIRED	Potential launch navigation/action point; source content intentionally not copied
backups/visual-trust-layer/phase-2-2/public-profile.before-readable-lock.20260709-184736.html	1156	REVIEW_REQUIRED	Potential launch navigation/action point; source content intentionally not copied
backups/visual-trust-layer/phase-2-2/public-profile.before-readable-lock.20260709-184736.html	1157	REVIEW_REQUIRED	Potential launch navigation/action point; source content intentionally not copied
backups/visual-trust-layer/phase-2-2/public-profile.before-readable-lock.20260709-184736.html	1158	REVIEW_REQUIRED	Potential launch navigation/action point; source content intentionally not copied
backups/visual-trust-layer/phase-2-2/public-profile.before-readable-lock.20260709-184736.html	1159	REVIEW_REQUIRED	Potential launch navigation/action point; source content intentionally not copied
backups/visual-trust-layer/phase-2-2/public-profile.before-readable-lock.20260709-184736.html	1167	REVIEW_REQUIRED	Potential launch navigation/action point; source content intentionally not copied
backups/visual-trust-layer/phase-2-2/public-profile.before-readable-lock.20260709-184736.html	1181	REVIEW_REQUIRED	Potential launch navigation/action point; source content intentionally not copied
backups/visual-trust-layer/phase-2-2/public-profile.before-readable-lock.20260709-184736.html	1191	REVIEW_REQUIRED	Potential launch navigation/action point; source content intentionally not copied
backups/visual-trust-layer/phase-2-2/public-profile.before-readable-lock.20260709-184736.html	1192	REVIEW_REQUIRED	Potential launch navigation/action point; source content intentionally not copied
backups/visual-trust-layer/phase-2-2/public-profile.before-readable-lock.20260709-184736.html	1203	REVIEW_REQUIRED	Potential launch navigation/action point; source content intentionally not copied
backups/visual-trust-layer/phase-2-2/public-profile.before-readable-lock.20260709-184736.html	1208	REVIEW_REQUIRED	Potential launch navigation/action point; source content intentionally not copied
backups/visual-trust-layer/phase-2-2/public-profile.before-readable-lock.20260709-184736.html	1209	REVIEW_REQUIRED	Potential launch navigation/action point; source content intentionally not copied
backups/visual-trust-layer/phase-2-2/public-profile.before-readable-lock.20260709-184736.html	1210	REVIEW_REQUIRED	Potential launch navigation/action point; source content intentionally not copied
backups/visual-trust-layer/phase-2-2/public-profile.before-readable-lock.20260709-184736.html	1345	REVIEW_REQUIRED	Potential launch navigation/action point; source content intentionally not copied
backups/visual-trust-layer/phase-2-2/public-profile.before-readable-lock.20260709-184736.html	1350	REVIEW_REQUIRED	Potential launch navigation/action point; source content intentionally not copied
backups/visual-trust-layer/phase-2-2/public-profile.before-readable-lock.20260709-184736.html	1364	REVIEW_REQUIRED	Potential launch navigation/action point; source content intentionally not copied
clerk-private-profile.html	129	REVIEW_REQUIRED	Potential launch navigation/action point; source content intentionally not copied
clerk-private-profile.html	130	REVIEW_REQUIRED	Potential launch navigation/action point; source content intentionally not copied
clerk-private-profile.html	166	REVIEW_REQUIRED	Potential launch navigation/action point; source content intentionally not copied
clerk-private-profile.html	172	REVIEW_REQUIRED	Potential launch navigation/action point; source content intentionally not copied
clerk-private-profile.html	685	REVIEW_REQUIRED	Potential launch navigation/action point; source content intentionally not copied
clerk-private-profile.html	686	REVIEW_REQUIRED	Potential launch navigation/action point; source content intentionally not copied
clerk-private-profile.html	1001	REVIEW_REQUIRED	Potential launch navigation/action point; source content intentionally not copied
clerk-private-profile.html	1006	REVIEW_REQUIRED	Potential launch navigation/action point; source content intentionally not copied
clerk-private-profile.html	1011	REVIEW_REQUIRED	Potential launch navigation/action point; source content intentionally not copied
clerk-private-profile.html	1518	REVIEW_REQUIRED	Potential launch navigation/action point; source content intentionally not copied
clerk-private-profile.html	1542	REVIEW_REQUIRED	Potential launch navigation/action point; source content intentionally not copied
clerk-private-profile.html	1543	REVIEW_REQUIRED	Potential launch navigation/action point; source content intentionally not copied
clerk-private-profile.html	1556	REVIEW_REQUIRED	Potential launch navigation/action point; source content intentionally not copied
clerk-private-profile.html	1557	REVIEW_REQUIRED	Potential launch navigation/action point; source content intentionally not copied
clerk-private-profile.html	1558	REVIEW_REQUIRED	Potential launch navigation/action point; source content intentionally not copied
clerk-private-profile.html	1559	REVIEW_REQUIRED	Potential launch navigation/action point; source content intentionally not copied
clerk-private-profile.html	1586	REVIEW_REQUIRED	Potential launch navigation/action point; source content intentionally not copied
clerk-private-profile.html	1587	REVIEW_REQUIRED	Potential launch navigation/action point; source content intentionally not copied
clerk-private-profile.html	1600	REVIEW_REQUIRED	Potential launch navigation/action point; source content intentionally not copied
clerk-private-profile.html	1601	REVIEW_REQUIRED	Potential launch navigation/action point; source content intentionally not copied
clerk-private-profile.html	1602	REVIEW_REQUIRED	Potential launch navigation/action point; source content intentionally not copied
clerk-private-profile.html	1603	REVIEW_REQUIRED	Potential launch navigation/action point; source content intentionally not copied
clerk-private-profile.html	1771	REVIEW_REQUIRED	Potential launch navigation/action point; source content intentionally not copied
clerk-private-profile.html	1772	REVIEW_REQUIRED	Potential launch navigation/action point; source content intentionally not copied
clerk-private-profile.html	1959	REVIEW_REQUIRED	Potential launch navigation/action point; source content intentionally not copied
clerk-private-profile.html	1977	REVIEW_REQUIRED	Potential launch navigation/action point; source content intentionally not copied
clerk-private-profile.html	1978	REVIEW_REQUIRED	Potential launch navigation/action point; source content intentionally not copied
clerk-private-profile.html	1979	REVIEW_REQUIRED	Potential launch navigation/action point; source content intentionally not copied
clerk-private-profile.html	2021	REVIEW_REQUIRED	Potential launch navigation/action point; source content intentionally not copied
clerk-private-profile.html	2030	REVIEW_REQUIRED	Potential launch navigation/action point; source content intentionally not copied
clerk-private-profile.html	2032	REVIEW_REQUIRED	Potential launch navigation/action point; source content intentionally not copied
clerk-private-profile.html	2037	REVIEW_REQUIRED	Potential launch navigation/action point; source content intentionally not copied
clerk-test.html	149	REVIEW_REQUIRED	Potential launch navigation/action point; source content intentionally not copied
clerk-test.html	154	REVIEW_REQUIRED	Potential launch navigation/action point; source content intentionally not copied
clerk-test.html	177	REVIEW_REQUIRED	Potential launch navigation/action point; source content intentionally not copied
clerk-test.html	196	REVIEW_REQUIRED	Potential launch navigation/action point; source content intentionally not copied
clerk-test.html	197	REVIEW_REQUIRED	Potential launch navigation/action point; source content intentionally not copied
clerk-test.html	214	REVIEW_REQUIRED	Potential launch navigation/action point; source content intentionally not copied
clerk-test.html	216	REVIEW_REQUIRED	Potential launch navigation/action point; source content intentionally not copied
clerk-test.html	225	REVIEW_REQUIRED	Potential launch navigation/action point; source content intentionally not copied
data-deletion.html	48	REVIEW_REQUIRED	Potential launch navigation/action point; source content intentionally not copied
email-templates/confirm-email-en.html	262	REVIEW_REQUIRED	Potential launch navigation/action point; source content intentionally not copied
email-templates/confirm-email-en.html	270	REVIEW_REQUIRED	Potential launch navigation/action point; source content intentionally not copied
email-templates/confirm-email-en.html	288	REVIEW_REQUIRED	Potential launch navigation/action point; source content intentionally not copied
email-templates/confirm-email-en.html	289	REVIEW_REQUIRED	Potential launch navigation/action point; source content intentionally not copied
email-templates/confirm-email-en.html	290	REVIEW_REQUIRED	Potential launch navigation/action point; source content intentionally not copied
email-templates/confirm-email.html	276	REVIEW_REQUIRED	Potential launch navigation/action point; source content intentionally not copied
email-templates/confirm-email.html	284	REVIEW_REQUIRED	Potential launch navigation/action point; source content intentionally not copied
email-templates/confirm-email.html	302	REVIEW_REQUIRED	Potential launch navigation/action point; source content intentionally not copied
email-templates/confirm-email.html	303	REVIEW_REQUIRED	Potential launch navigation/action point; source content intentionally not copied
email-templates/confirm-email.html	304	REVIEW_REQUIRED	Potential launch navigation/action point; source content intentionally not copied
index.html	10	REVIEW_REQUIRED	Potential launch navigation/action point; source content intentionally not copied
index.html	11	REVIEW_REQUIRED	Potential launch navigation/action point; source content intentionally not copied
index.html	12	REVIEW_REQUIRED	Potential launch navigation/action point; source content intentionally not copied
index.html	13	REVIEW_REQUIRED	Potential launch navigation/action point; source content intentionally not copied
index.html	14	REVIEW_REQUIRED	Potential launch navigation/action point; source content intentionally not copied
index.html	29	REVIEW_REQUIRED	Potential launch navigation/action point; source content intentionally not copied
index.html	30	REVIEW_REQUIRED	Potential launch navigation/action point; source content intentionally not copied
index.html	38	REVIEW_REQUIRED	Potential launch navigation/action point; source content intentionally not copied
index.html	39	REVIEW_REQUIRED	Potential launch navigation/action point; source content intentionally not copied
index.html	89	REVIEW_REQUIRED	Potential launch navigation/action point; source content intentionally not copied
index.html	92	REVIEW_REQUIRED	Potential launch navigation/action point; source content intentionally not copied
index.html	99	REVIEW_REQUIRED	Potential launch navigation/action point; source content intentionally not copied
index.html	108	REVIEW_REQUIRED	Potential launch navigation/action point; source content intentionally not copied
index.html	122	REVIEW_REQUIRED	Potential launch navigation/action point; source content intentionally not copied
index.html	124	REVIEW_REQUIRED	Potential launch navigation/action point; source content intentionally not copied
index.html	127	REVIEW_REQUIRED	Potential launch navigation/action point; source content intentionally not copied
index.html	133	REVIEW_REQUIRED	Potential launch navigation/action point; source content intentionally not copied
index.html	134	REVIEW_REQUIRED	Potential launch navigation/action point; source content intentionally not copied
index.html	135	REVIEW_REQUIRED	Potential launch navigation/action point; source content intentionally not copied
index.html	136	REVIEW_REQUIRED	Potential launch navigation/action point; source content intentionally not copied
index.html	147	REVIEW_REQUIRED	Potential launch navigation/action point; source content intentionally not copied
index.html	148	REVIEW_REQUIRED	Potential launch navigation/action point; source content intentionally not copied
index.html	149	REVIEW_REQUIRED	Potential launch navigation/action point; source content intentionally not copied
index.html	160	REVIEW_REQUIRED	Potential launch navigation/action point; source content intentionally not copied
index.html	170	REVIEW_REQUIRED	Potential launch navigation/action point; source content intentionally not copied
index.html	171	REVIEW_REQUIRED	Potential launch navigation/action point; source content intentionally not copied
privacy-policy.html	48	REVIEW_REQUIRED	Potential launch navigation/action point; source content intentionally not copied
private-profile.html	10	REVIEW_REQUIRED	Potential launch navigation/action point; source content intentionally not copied
private-profile.html	11	REVIEW_REQUIRED	Potential launch navigation/action point; source content intentionally not copied
private-profile.html	82	REVIEW_REQUIRED	Potential launch navigation/action point; source content intentionally not copied
private-profile.html	86	REVIEW_REQUIRED	Potential launch navigation/action point; source content intentionally not copied
private-profile.html	87	REVIEW_REQUIRED	Potential launch navigation/action point; source content intentionally not copied
private-profile.html	88	REVIEW_REQUIRED	Potential launch navigation/action point; source content intentionally not copied
private-profile.html	98	REVIEW_REQUIRED	Potential launch navigation/action point; source content intentionally not copied
private-profile.html	107	REVIEW_REQUIRED	Potential launch navigation/action point; source content intentionally not copied
private-profile.html	108	REVIEW_REQUIRED	Potential launch navigation/action point; source content intentionally not copied
private-profile.html	111	REVIEW_REQUIRED	Potential launch navigation/action point; source content intentionally not copied
private-profile.html	112	REVIEW_REQUIRED	Potential launch navigation/action point; source content intentionally not copied
private-profile.html	125	REVIEW_REQUIRED	Potential launch navigation/action point; source content intentionally not copied
private-profile.html	135	REVIEW_REQUIRED	Potential launch navigation/action point; source content intentionally not copied
private-profile.html	152	REVIEW_REQUIRED	Potential launch navigation/action point; source content intentionally not copied
public-profile.html	9	REVIEW_REQUIRED	Potential launch navigation/action point; source content intentionally not copied
public-profile.html	10	REVIEW_REQUIRED	Potential launch navigation/action point; source content intentionally not copied
public-profile.html	11	REVIEW_REQUIRED	Potential launch navigation/action point; source content intentionally not copied
public-profile.html	12	REVIEW_REQUIRED	Potential launch navigation/action point; source content intentionally not copied
public-profile.html	13	REVIEW_REQUIRED	Potential launch navigation/action point; source content intentionally not copied
public-profile.html	680	REVIEW_REQUIRED	Potential launch navigation/action point; source content intentionally not copied
public-profile.html	681	REVIEW_REQUIRED	Potential launch navigation/action point; source content intentionally not copied
public-profile.html	700	REVIEW_REQUIRED	Potential launch navigation/action point; source content intentionally not copied
public-profile.html	701	REVIEW_REQUIRED	Potential launch navigation/action point; source content intentionally not copied
public-profile.html	702	REVIEW_REQUIRED	Potential launch navigation/action point; source content intentionally not copied
public-profile.html	703	REVIEW_REQUIRED	Potential launch navigation/action point; source content intentionally not copied
public-profile.html	704	REVIEW_REQUIRED	Potential launch navigation/action point; source content intentionally not copied
public-profile.html	707	REVIEW_REQUIRED	Potential launch navigation/action point; source content intentionally not copied
public-profile.html	708	REVIEW_REQUIRED	Potential launch navigation/action point; source content intentionally not copied
public-profile.html	709	REVIEW_REQUIRED	Potential launch navigation/action point; source content intentionally not copied
public-profile.html	713	REVIEW_REQUIRED	Potential launch navigation/action point; source content intentionally not copied
public-profile.html	714	REVIEW_REQUIRED	Potential launch navigation/action point; source content intentionally not copied
public-profile.html	715	REVIEW_REQUIRED	Potential launch navigation/action point; source content intentionally not copied
public-profile.html	716	REVIEW_REQUIRED	Potential launch navigation/action point; source content intentionally not copied
public-profile.html	717	REVIEW_REQUIRED	Potential launch navigation/action point; source content intentionally not copied
public-profile.html	726	REVIEW_REQUIRED	Potential launch navigation/action point; source content intentionally not copied
public-profile.html	769	REVIEW_REQUIRED	Potential launch navigation/action point; source content intentionally not copied
public-profile.html	831	REVIEW_REQUIRED	Potential launch navigation/action point; source content intentionally not copied
public-profile.html	832	REVIEW_REQUIRED	Potential launch navigation/action point; source content intentionally not copied
public-profile.html	833	REVIEW_REQUIRED	Potential launch navigation/action point; source content intentionally not copied
public-profile.html	834	REVIEW_REQUIRED	Potential launch navigation/action point; source content intentionally not copied
public-profile.html	848	REVIEW_REQUIRED	Potential launch navigation/action point; source content intentionally not copied
public-profile.html	853	REVIEW_REQUIRED	Potential launch navigation/action point; source content intentionally not copied
public-profile.html	854	REVIEW_REQUIRED	Potential launch navigation/action point; source content intentionally not copied
public-profile.html	855	REVIEW_REQUIRED	Potential launch navigation/action point; source content intentionally not copied
public-profile.html	860	REVIEW_REQUIRED	Potential launch navigation/action point; source content intentionally not copied
public-profile.html	874	REVIEW_REQUIRED	Potential launch navigation/action point; source content intentionally not copied
public-profile.html	878	REVIEW_REQUIRED	Potential launch navigation/action point; source content intentionally not copied
public-profile.html	879	REVIEW_REQUIRED	Potential launch navigation/action point; source content intentionally not copied
public-profile.html	880	REVIEW_REQUIRED	Potential launch navigation/action point; source content intentionally not copied
public-profile.html	885	REVIEW_REQUIRED	Potential launch navigation/action point; source content intentionally not copied
public-profile.html	896	REVIEW_REQUIRED	Potential launch navigation/action point; source content intentionally not copied
public-profile.html	899	REVIEW_REQUIRED	Potential launch navigation/action point; source content intentionally not copied
public-profile.html	900	REVIEW_REQUIRED	Potential launch navigation/action point; source content intentionally not copied
public-profile.html	901	REVIEW_REQUIRED	Potential launch navigation/action point; source content intentionally not copied
public-profile.html	902	REVIEW_REQUIRED	Potential launch navigation/action point; source content intentionally not copied
public-profile.html	928	REVIEW_REQUIRED	Potential launch navigation/action point; source content intentionally not copied
public-profile.html	931	REVIEW_REQUIRED	Potential launch navigation/action point; source content intentionally not copied
public-profile.html	934	REVIEW_REQUIRED	Potential launch navigation/action point; source content intentionally not copied
public-profile.html	937	REVIEW_REQUIRED	Potential launch navigation/action point; source content intentionally not copied
public-profile.html	942	REVIEW_REQUIRED	Potential launch navigation/action point; source content intentionally not copied
public-profile.html	943	REVIEW_REQUIRED	Potential launch navigation/action point; source content intentionally not copied
public-profile.html	946	REVIEW_REQUIRED	Potential launch navigation/action point; source content intentionally not copied
public-profile.html	948	REVIEW_REQUIRED	Potential launch navigation/action point; source content intentionally not copied
public-profile.html	949	REVIEW_REQUIRED	Potential launch navigation/action point; source content intentionally not copied
public-profile.html	950	REVIEW_REQUIRED	Potential launch navigation/action point; source content intentionally not copied
public-profile.html	951	REVIEW_REQUIRED	Potential launch navigation/action point; source content intentionally not copied
public-profile.html	960	REVIEW_REQUIRED	Potential launch navigation/action point; source content intentionally not copied
public-profile.html	961	REVIEW_REQUIRED	Potential launch navigation/action point; source content intentionally not copied
public-profile.html	964	REVIEW_REQUIRED	Potential launch navigation/action point; source content intentionally not copied
public-profile.html	967	REVIEW_REQUIRED	Potential launch navigation/action point; source content intentionally not copied
public-profile.html	970	REVIEW_REQUIRED	Potential launch navigation/action point; source content intentionally not copied
public-profile.html	973	REVIEW_REQUIRED	Potential launch navigation/action point; source content intentionally not copied
public-profile.html	980	REVIEW_REQUIRED	Potential launch navigation/action point; source content intentionally not copied
public-profile.html	1008	REVIEW_REQUIRED	Potential launch navigation/action point; source content intentionally not copied
public-profile.html	1051	REVIEW_REQUIRED	Potential launch navigation/action point; source content intentionally not copied
public-profile.html	1085	REVIEW_REQUIRED	Potential launch navigation/action point; source content intentionally not copied
public-profile.html	1094	REVIEW_REQUIRED	Potential launch navigation/action point; source content intentionally not copied
public-profile.html	1098	REVIEW_REQUIRED	Potential launch navigation/action point; source content intentionally not copied
public-profile.html	1102	REVIEW_REQUIRED	Potential launch navigation/action point; source content intentionally not copied
public-profile.html	1106	REVIEW_REQUIRED	Potential launch navigation/action point; source content intentionally not copied
public-profile.html	1122	REVIEW_REQUIRED	Potential launch navigation/action point; source content intentionally not copied
public-profile.html	1131	REVIEW_REQUIRED	Potential launch navigation/action point; source content intentionally not copied
public-profile.html	1135	REVIEW_REQUIRED	Potential launch navigation/action point; source content intentionally not copied
public-profile.html	1139	REVIEW_REQUIRED	Potential launch navigation/action point; source content intentionally not copied
public-profile.html	1143	REVIEW_REQUIRED	Potential launch navigation/action point; source content intentionally not copied
public-profile.html	1152	REVIEW_REQUIRED	Potential launch navigation/action point; source content intentionally not copied
public-profile.html	1155	REVIEW_REQUIRED	Potential launch navigation/action point; source content intentionally not copied
public-profile.html	1156	REVIEW_REQUIRED	Potential launch navigation/action point; source content intentionally not copied
public-profile.html	1157	REVIEW_REQUIRED	Potential launch navigation/action point; source content intentionally not copied
public-profile.html	1158	REVIEW_REQUIRED	Potential launch navigation/action point; source content intentionally not copied
public-profile.html	1159	REVIEW_REQUIRED	Potential launch navigation/action point; source content intentionally not copied
public-profile.html	1167	REVIEW_REQUIRED	Potential launch navigation/action point; source content intentionally not copied
public-profile.html	1181	REVIEW_REQUIRED	Potential launch navigation/action point; source content intentionally not copied
public-profile.html	1191	REVIEW_REQUIRED	Potential launch navigation/action point; source content intentionally not copied
public-profile.html	1192	REVIEW_REQUIRED	Potential launch navigation/action point; source content intentionally not copied
public-profile.html	1203	REVIEW_REQUIRED	Potential launch navigation/action point; source content intentionally not copied
public-profile.html	1208	REVIEW_REQUIRED	Potential launch navigation/action point; source content intentionally not copied
public-profile.html	1209	REVIEW_REQUIRED	Potential launch navigation/action point; source content intentionally not copied
public-profile.html	1210	REVIEW_REQUIRED	Potential launch navigation/action point; source content intentionally not copied
public-profile.html	1345	REVIEW_REQUIRED	Potential launch navigation/action point; source content intentionally not copied
public-profile.html	1350	REVIEW_REQUIRED	Potential launch navigation/action point; source content intentionally not copied
public-profile.html	1364	REVIEW_REQUIRED	Potential launch navigation/action point; source content intentionally not copied
reset-password.html	7	REVIEW_REQUIRED	Potential launch navigation/action point; source content intentionally not copied
reset-password.html	8	REVIEW_REQUIRED	Potential launch navigation/action point; source content intentionally not copied
reset-password.html	9	REVIEW_REQUIRED	Potential launch navigation/action point; source content intentionally not copied
reset-password.html	10	REVIEW_REQUIRED	Potential launch navigation/action point; source content intentionally not copied
reset-password.html	25	REVIEW_REQUIRED	Potential launch navigation/action point; source content intentionally not copied
reset-password.html	36	REVIEW_REQUIRED	Potential launch navigation/action point; source content intentionally not copied
reset-password.html	40	REVIEW_REQUIRED	Potential launch navigation/action point; source content intentionally not copied
reset-password.js	2	REVIEW_REQUIRED	Potential launch navigation/action point; source content intentionally not copied
reset-password.js	3	REVIEW_REQUIRED	Potential launch navigation/action point; source content intentionally not copied
reset-password.js	5	REVIEW_REQUIRED	Potential launch navigation/action point; source content intentionally not copied
reset-password.js	52	REVIEW_REQUIRED	Potential launch navigation/action point; source content intentionally not copied
reset-password.js	69	REVIEW_REQUIRED	Potential launch navigation/action point; source content intentionally not copied
scripts/profile-loader.js	88	REVIEW_REQUIRED	Potential launch navigation/action point; source content intentionally not copied
scripts/profile-loader.js	202	REVIEW_REQUIRED	Potential launch navigation/action point; source content intentionally not copied
scripts/profile-loader.js	229	REVIEW_REQUIRED	Potential launch navigation/action point; source content intentionally not copied
scripts/require-auth.js	3	REVIEW_REQUIRED	Potential launch navigation/action point; source content intentionally not copied
scripts/require-auth.js	7	REVIEW_REQUIRED	Potential launch navigation/action point; source content intentionally not copied
scripts/require-auth.js	15	REVIEW_REQUIRED	Potential launch navigation/action point; source content intentionally not copied
scripts/require-auth.js	21	REVIEW_REQUIRED	Potential launch navigation/action point; source content intentionally not copied
scripts/require-auth.js	28	REVIEW_REQUIRED	Potential launch navigation/action point; source content intentionally not copied
scripts/supabase-auth-bridge.js	33	REVIEW_REQUIRED	Potential launch navigation/action point; source content intentionally not copied
scripts/supabase-auth-bridge.js	118	REVIEW_REQUIRED	Potential launch navigation/action point; source content intentionally not copied
scripts/supabase-auth-bridge.js	132	REVIEW_REQUIRED	Potential launch navigation/action point; source content intentionally not copied
scripts/supabase-auth-bridge.js	146	REVIEW_REQUIRED	Potential launch navigation/action point; source content intentionally not copied
scripts/supabase-auth-bridge.js	153	REVIEW_REQUIRED	Potential launch navigation/action point; source content intentionally not copied
scripts/vvip-safe-ux-guard.js	62	REVIEW_REQUIRED	Potential launch navigation/action point; source content intentionally not copied
scripts/vvip-safe-ux-guard.js	68	REVIEW_REQUIRED	Potential launch navigation/action point; source content intentionally not copied
scripts/vvip-safe-ux-guard.js	116	REVIEW_REQUIRED	Potential launch navigation/action point; source content intentionally not copied
social-ui.js	266	REVIEW_REQUIRED	Potential launch navigation/action point; source content intentionally not copied
social-ui.js	358	REVIEW_REQUIRED	Potential launch navigation/action point; source content intentionally not copied
social-ui.js	379	REVIEW_REQUIRED	Potential launch navigation/action point; source content intentionally not copied
social-ui.js	381	REVIEW_REQUIRED	Potential launch navigation/action point; source content intentionally not copied
social-ui.js	387	REVIEW_REQUIRED	Potential launch navigation/action point; source content intentionally not copied
social-ui.js	400	REVIEW_REQUIRED	Potential launch navigation/action point; source content intentionally not copied
social-ui.js	409	REVIEW_REQUIRED	Potential launch navigation/action point; source content intentionally not copied
social-ui.js	410	REVIEW_REQUIRED	Potential launch navigation/action point; source content intentionally not copied
social-ui.js	411	REVIEW_REQUIRED	Potential launch navigation/action point; source content intentionally not copied
social-ui.js	412	REVIEW_REQUIRED	Potential launch navigation/action point; source content intentionally not copied
social-ui.js	413	REVIEW_REQUIRED	Potential launch navigation/action point; source content intentionally not copied
social-ui.js	414	REVIEW_REQUIRED	Potential launch navigation/action point; source content intentionally not copied
social-ui.js	415	REVIEW_REQUIRED	Potential launch navigation/action point; source content intentionally not copied
social-ui.js	482	REVIEW_REQUIRED	Potential launch navigation/action point; source content intentionally not copied
social-ui.js	539	REVIEW_REQUIRED	Potential launch navigation/action point; source content intentionally not copied
social-ui.js	540	REVIEW_REQUIRED	Potential launch navigation/action point; source content intentionally not copied
social-ui.js	541	REVIEW_REQUIRED	Potential launch navigation/action point; source content intentionally not copied
social-ui.js	542	REVIEW_REQUIRED	Potential launch navigation/action point; source content intentionally not copied
social-ui.js	543	REVIEW_REQUIRED	Potential launch navigation/action point; source content intentionally not copied
social-ui.js	544	REVIEW_REQUIRED	Potential launch navigation/action point; source content intentionally not copied
social-ui.js	558	REVIEW_REQUIRED	Potential launch navigation/action point; source content intentionally not copied
social-ui.js	575	REVIEW_REQUIRED	Potential launch navigation/action point; source content intentionally not copied
social-ui.js	629	REVIEW_REQUIRED	Potential launch navigation/action point; source content intentionally not copied
social-ui.js	656	REVIEW_REQUIRED	Potential launch navigation/action point; source content intentionally not copied
social-ui.js	666	REVIEW_REQUIRED	Potential launch navigation/action point; source content intentionally not copied
social-ui.js	709	REVIEW_REQUIRED	Potential launch navigation/action point; source content intentionally not copied
social-ui.js	715	REVIEW_REQUIRED	Potential launch navigation/action point; source content intentionally not copied
social-ui.js	716	REVIEW_REQUIRED	Potential launch navigation/action point; source content intentionally not copied
social-ui.js	731	REVIEW_REQUIRED	Potential launch navigation/action point; source content intentionally not copied
social-ui.js	738	REVIEW_REQUIRED	Potential launch navigation/action point; source content intentionally not copied
social-ui.js	744	REVIEW_REQUIRED	Potential launch navigation/action point; source content intentionally not copied
social-ui.js	745	REVIEW_REQUIRED	Potential launch navigation/action point; source content intentionally not copied
social-ui.js	752	REVIEW_REQUIRED	Potential launch navigation/action point; source content intentionally not copied
social-ui.js	753	REVIEW_REQUIRED	Potential launch navigation/action point; source content intentionally not copied
social-ui.js	760	REVIEW_REQUIRED	Potential launch navigation/action point; source content intentionally not copied
social-ui.js	766	REVIEW_REQUIRED	Potential launch navigation/action point; source content intentionally not copied
social-ui.js	767	REVIEW_REQUIRED	Potential launch navigation/action point; source content intentionally not copied
social-ui.js	773	REVIEW_REQUIRED	Potential launch navigation/action point; source content intentionally not copied
social-ui.js	779	REVIEW_REQUIRED	Potential launch navigation/action point; source content intentionally not copied
social-ui.js	1269	REVIEW_REQUIRED	Potential launch navigation/action point; source content intentionally not copied
social-ui.js	1270	REVIEW_REQUIRED	Potential launch navigation/action point; source content intentionally not copied
social-ui.js	1284	REVIEW_REQUIRED	Potential launch navigation/action point; source content intentionally not copied
social-ui.js	1285	REVIEW_REQUIRED	Potential launch navigation/action point; source content intentionally not copied
social-ui.js	1286	REVIEW_REQUIRED	Potential launch navigation/action point; source content intentionally not copied
social-ui.js	1290	REVIEW_REQUIRED	Potential launch navigation/action point; source content intentionally not copied
social-ui.js	1305	REVIEW_REQUIRED	Potential launch navigation/action point; source content intentionally not copied
social-ui.js	1401	REVIEW_REQUIRED	Potential launch navigation/action point; source content intentionally not copied
social-ui.js	1406	REVIEW_REQUIRED	Potential launch navigation/action point; source content intentionally not copied
social-ui.js	1407	REVIEW_REQUIRED	Potential launch navigation/action point; source content intentionally not copied
social-ui.js	1408	REVIEW_REQUIRED	Potential launch navigation/action point; source content intentionally not copied
social-ui.js	1409	REVIEW_REQUIRED	Potential launch navigation/action point; source content intentionally not copied
social-ui.js	1451	REVIEW_REQUIRED	Potential launch navigation/action point; source content intentionally not copied
social-ui.js	1457	REVIEW_REQUIRED	Potential launch navigation/action point; source content intentionally not copied
social-ui.js	1468	REVIEW_REQUIRED	Potential launch navigation/action point; source content intentionally not copied
social-ui.js	1470	REVIEW_REQUIRED	Potential launch navigation/action point; source content intentionally not copied
social-ui.js	1485	REVIEW_REQUIRED	Potential launch navigation/action point; source content intentionally not copied
social-ui.js	1509	REVIEW_REQUIRED	Potential launch navigation/action point; source content intentionally not copied
social-ui.js	1510	REVIEW_REQUIRED	Potential launch navigation/action point; source content intentionally not copied
social-ui.js	1546	REVIEW_REQUIRED	Potential launch navigation/action point; source content intentionally not copied
social-ui.js	1549	REVIEW_REQUIRED	Potential launch navigation/action point; source content intentionally not copied
social-ui.js	1564	REVIEW_REQUIRED	Potential launch navigation/action point; source content intentionally not copied
social-ui.js	1566	REVIEW_REQUIRED	Potential launch navigation/action point; source content intentionally not copied
social-ui.js	1636	REVIEW_REQUIRED	Potential launch navigation/action point; source content intentionally not copied
social-ui.js	1721	REVIEW_REQUIRED	Potential launch navigation/action point; source content intentionally not copied
social-ui.js	1722	REVIEW_REQUIRED	Potential launch navigation/action point; source content intentionally not copied
social-ui.js	1798	REVIEW_REQUIRED	Potential launch navigation/action point; source content intentionally not copied
social-ui.js	1850	REVIEW_REQUIRED	Potential launch navigation/action point; source content intentionally not copied
social-ui.js	1855	REVIEW_REQUIRED	Potential launch navigation/action point; source content intentionally not copied
social-ui.js	1856	REVIEW_REQUIRED	Potential launch navigation/action point; source content intentionally not copied
social-ui.js	1857	REVIEW_REQUIRED	Potential launch navigation/action point; source content intentionally not copied
social-ui.js	1862	REVIEW_REQUIRED	Potential launch navigation/action point; source content intentionally not copied
social-ui.js	1888	REVIEW_REQUIRED	Potential launch navigation/action point; source content intentionally not copied
social-ui.js	1889	REVIEW_REQUIRED	Potential launch navigation/action point; source content intentionally not copied
social-ui.js	1904	REVIEW_REQUIRED	Potential launch navigation/action point; source content intentionally not copied
social-ui.js	2018	REVIEW_REQUIRED	Potential launch navigation/action point; source content intentionally not copied
social-ui.js	2233	REVIEW_REQUIRED	Potential launch navigation/action point; source content intentionally not copied
social-ui.js	2281	REVIEW_REQUIRED	Potential launch navigation/action point; source content intentionally not copied
social-ui.js	2289	REVIEW_REQUIRED	Potential launch navigation/action point; source content intentionally not copied
social-ui.js	2308	REVIEW_REQUIRED	Potential launch navigation/action point; source content intentionally not copied
social-ui.js	2315	REVIEW_REQUIRED	Potential launch navigation/action point; source content intentionally not copied
social-ui.js	2321	REVIEW_REQUIRED	Potential launch navigation/action point; source content intentionally not copied
social-ui.js	2327	REVIEW_REQUIRED	Potential launch navigation/action point; source content intentionally not copied
social-ui.js	2333	REVIEW_REQUIRED	Potential launch navigation/action point; source content intentionally not copied
social-ui.js	2340	REVIEW_REQUIRED	Potential launch navigation/action point; source content intentionally not copied
social-ui.js	2341	REVIEW_REQUIRED	Potential launch navigation/action point; source content intentionally not copied
social-ui.js	2353	REVIEW_REQUIRED	Potential launch navigation/action point; source content intentionally not copied
social-ui.js	2372	REVIEW_REQUIRED	Potential launch navigation/action point; source content intentionally not copied
social-ui.js	2376	REVIEW_REQUIRED	Potential launch navigation/action point; source content intentionally not copied
social-ui.js	2382	REVIEW_REQUIRED	Potential launch navigation/action point; source content intentionally not copied
social-ui.js	2385	REVIEW_REQUIRED	Potential launch navigation/action point; source content intentionally not copied
social-ui.js	2393	REVIEW_REQUIRED	Potential launch navigation/action point; source content intentionally not copied
social-ui.js	2400	REVIEW_REQUIRED	Potential launch navigation/action point; source content intentionally not copied
social-ui.js	2406	REVIEW_REQUIRED	Potential launch navigation/action point; source content intentionally not copied
social-ui.js	2412	REVIEW_REQUIRED	Potential launch navigation/action point; source content intentionally not copied
social-ui.js	2418	REVIEW_REQUIRED	Potential launch navigation/action point; source content intentionally not copied
social-ui.js	2424	REVIEW_REQUIRED	Potential launch navigation/action point; source content intentionally not copied
social-ui.js	2430	REVIEW_REQUIRED	Potential launch navigation/action point; source content intentionally not copied
social-ui.js	2437	REVIEW_REQUIRED	Potential launch navigation/action point; source content intentionally not copied
social-ui.js	2458	REVIEW_REQUIRED	Potential launch navigation/action point; source content intentionally not copied
social-ui.js	2459	REVIEW_REQUIRED	Potential launch navigation/action point; source content intentionally not copied
social-ui.js	2467	REVIEW_REQUIRED	Potential launch navigation/action point; source content intentionally not copied
social-ui.js	2477	REVIEW_REQUIRED	Potential launch navigation/action point; source content intentionally not copied
social-ui.js	2487	REVIEW_REQUIRED	Potential launch navigation/action point; source content intentionally not copied
social-ui.js	2493	REVIEW_REQUIRED	Potential launch navigation/action point; source content intentionally not copied
social-ui.js	2521	REVIEW_REQUIRED	Potential launch navigation/action point; source content intentionally not copied
social-ui.js	2527	REVIEW_REQUIRED	Potential launch navigation/action point; source content intentionally not copied
social-ui.js	2534	REVIEW_REQUIRED	Potential launch navigation/action point; source content intentionally not copied
social-ui.js	2547	REVIEW_REQUIRED	Potential launch navigation/action point; source content intentionally not copied
social-ui.js	2556	REVIEW_REQUIRED	Potential launch navigation/action point; source content intentionally not copied
social-ui.js	2565	REVIEW_REQUIRED	Potential launch navigation/action point; source content intentionally not copied
social-ui.js	2572	REVIEW_REQUIRED	Potential launch navigation/action point; source content intentionally not copied
social-ui.js	2574	REVIEW_REQUIRED	Potential launch navigation/action point; source content intentionally not copied
social-ui.js	2579	REVIEW_REQUIRED	Potential launch navigation/action point; source content intentionally not copied
social-ui.js	2586	REVIEW_REQUIRED	Potential launch navigation/action point; source content intentionally not copied
social-ui.js	2594	REVIEW_REQUIRED	Potential launch navigation/action point; source content intentionally not copied
social-ui.js	2611	REVIEW_REQUIRED	Potential launch navigation/action point; source content intentionally not copied
social-ui.js	2618	REVIEW_REQUIRED	Potential launch navigation/action point; source content intentionally not copied
social-ui.js	2627	REVIEW_REQUIRED	Potential launch navigation/action point; source content intentionally not copied
social-ui.js	2638	REVIEW_REQUIRED	Potential launch navigation/action point; source content intentionally not copied
social-ui.js	2648	REVIEW_REQUIRED	Potential launch navigation/action point; source content intentionally not copied
social-ui.js	2655	REVIEW_REQUIRED	Potential launch navigation/action point; source content intentionally not copied
social-ui.js	2664	REVIEW_REQUIRED	Potential launch navigation/action point; source content intentionally not copied
social-ui.js	2745	REVIEW_REQUIRED	Potential launch navigation/action point; source content intentionally not copied
social-ui.js	3027	REVIEW_REQUIRED	Potential launch navigation/action point; source content intentionally not copied
social-ui.js	3028	REVIEW_REQUIRED	Potential launch navigation/action point; source content intentionally not copied
social-ui.js	3031	REVIEW_REQUIRED	Potential launch navigation/action point; source content intentionally not copied
social-ui.js	3081	REVIEW_REQUIRED	Potential launch navigation/action point; source content intentionally not copied
social-ui.js	3093	REVIEW_REQUIRED	Potential launch navigation/action point; source content intentionally not copied
social-ui.js	3102	REVIEW_REQUIRED	Potential launch navigation/action point; source content intentionally not copied
social-ui.js	3126	REVIEW_REQUIRED	Potential launch navigation/action point; source content intentionally not copied
social-ui.js	3168	REVIEW_REQUIRED	Potential launch navigation/action point; source content intentionally not copied
social-ui.js	3169	REVIEW_REQUIRED	Potential launch navigation/action point; source content intentionally not copied
social-ui.js	3170	REVIEW_REQUIRED	Potential launch navigation/action point; source content intentionally not copied
social-ui.js	3187	REVIEW_REQUIRED	Potential launch navigation/action point; source content intentionally not copied
social-ui.js	3215	REVIEW_REQUIRED	Potential launch navigation/action point; source content intentionally not copied
social-ui.js	3243	REVIEW_REQUIRED	Potential launch navigation/action point; source content intentionally not copied
social-ui.js	3249	REVIEW_REQUIRED	Potential launch navigation/action point; source content intentionally not copied
social-ui.js	3255	REVIEW_REQUIRED	Potential launch navigation/action point; source content intentionally not copied
social-ui.js	3261	REVIEW_REQUIRED	Potential launch navigation/action point; source content intentionally not copied
social-ui.js	3267	REVIEW_REQUIRED	Potential launch navigation/action point; source content intentionally not copied
sw.js	26	REVIEW_REQUIRED	Potential launch navigation/action point; source content intentionally not copied
sw.js	33	REVIEW_REQUIRED	Potential launch navigation/action point; source content intentionally not copied
sw.js	46	REVIEW_REQUIRED	Potential launch navigation/action point; source content intentionally not copied
terms-of-service.html	48	REVIEW_REQUIRED	Potential launch navigation/action point; source content intentionally not copied
